transaction_id,customer_name,category,price,quantity,total_amount,rating,country,created_date
TXN-0003038,James Taylor,Automotive,1380.6,8,11044.8,4.6,Japan,2023-02-05 21:24:52
TXN-0011322,Joseph Thompson,Books,1295.26,2,2590.52,3.6,Brazil,2024-09-01 11:35:42
TXN-0004464,John Thompson,Toys & Games,1498.35,6,8990.1,2.3,Canada,2023-06-21 00:00:00
TXN-0007969,Robert Lee,Automotive,366.87,4,1467.48,4.8,France,2024-07-08 12:51:38
TXN-0000263,Patricia Jones,Home & Kitchen,649.31,7,4545.17,1.4,United Kingdom,2023-03-11 14:36:58
TXN-0000394,Christopher White,Books,1041.82,6,6250.92,2.2,Germany,2023-03-21 18:37:12
TXN-0010989,Charles Gonzalez,Apparel,546.36,5,2731.8,4.0,Canada,2023-01-27 03:02:18
TXN-0008553,Charles Thompson,Sports & Outdoors,1196.17,2,2392.34,3.9,United States,2024-04-25 03:02:00
TXN-0000818,Joseph Hernandez,Books,850.57,4,3402.28,2.4,Netherlands,2023-08-10 00:07:33
TXN-0009710,Linda Martin,Toys & Games,1135.66,3,3406.98,2.5,Germany,2024-03-15 00:00:00
TXN-0012191,Lisa Lopez,Home & Kitchen,1225.71,7,8579.97,4.0,Canada,2023-09-16 01:20:15
TXN-0004625,Lisa Williams,Apparel,621.82,5,3109.1,4.4,Japan,2024-05-09 12:53:25
TXN-0006175,Christopher White,Automotive,729.77,6,4378.62,1.6,United Kingdom,2024-06-17 19:11:36
TXN-0000839,Thomas Miller,Apparel,812.96,3,2438.88,4.1,Australia,2024-02-22 12:23:25
TXN-0006069,Barbara Williams,Automotive,1377.17,2,2754.34,1.3,United Kingdom,2023-04-14 16:20:48
TXN-0001980,Christopher Perez,Sports & Outdoors,952.41,6,5714.46,1.1,India,2023-08-08 00:00:00
TXN-0006453,Daniel Williams,Toys & Games,395.15,3,1185.45,3.2,Japan,2023-01-03 20:19:38
TXN-0002768,James Hernandez,Home & Kitchen,41.01,6,246.06,2.1,Netherlands,2024-10-01 00:00:00
TXN-0006147,Thomas Gonzalez,Books,1405.35,2,2810.7,2.0,United Kingdom,2023-06-26 03:24:57
TXN-0000552,Joseph Johnson,Books,1029.61,3,3088.83,4.0,Germany,2024-10-24 00:00:00
TXN-0000693,Mary Jones,Home & Kitchen,42.07,4,168.28,2.8,France,2023-03-13 19:58:23
TXN-0000779,John Smith,Books,585.81,7,4100.67,2.1,United Kingdom,2024-08-07 12:42:30
TXN-0005610,Robert Perez,Toys & Games,270.09,5,1350.45,3.0,Japan,2023-11-29 19:16:13
TXN-0011059,Charles Jones,Apparel,679.84,6,4079.04,3.6,United States,2023-10-15 09:53:29
TXN-0000986,Daniel Wilson,Beauty & Personal Care,1491.36,1,1491.36,3.4,Germany,2023-05-11 21:40:13
TXN-0008024,Richard Rodriguez,Beauty & Personal Care,1469.52,5,7347.6,4.1,Brazil,2024-09-14 07:01:44
TXN-0003408,David Perez,Automotive,1469.86,4,5879.44,2.0,United States,2024-08-29 12:53:25
TXN-0001745,Charles Thompson,Home & Kitchen,432.22,3,1296.66,4.7,France,2024-07-09 02:05:35
TXN-0006030,Jessica Jackson,Apparel,1199.85,5,5999.25,1.1,Japan,2024-12-12 02:15:58
TXN-0010246,Robert Gonzalez,Apparel,1408.38,8,11267.04,1.8,India,2024-06-10 00:00:00
TXN-0006198,Sarah Rodriguez,Home & Kitchen,1106.48,2,2212.96,3.9,France,2024-07-25 21:15:55
TXN-0004259,John Davis,Beauty & Personal Care,1079.38,6,6476.28,4.9,Netherlands,2024-03-30 00:00:00
TXN-0002838,Christopher Lopez,Electronics,893.7,7,6255.9,2.8,United Kingdom,2023-11-05 00:00:00
TXN-0000120,Patricia Perez,Beauty & Personal Care,1353.04,6,8118.24,1.2,Brazil,2023-08-03 06:48:10
TXN-0010606,Linda White,Toys & Games,450.4,7,3152.8,2.2,Netherlands,2024-03-17 07:23:32
TXN-0006510,John Smith,Automotive,373.97,8,2991.76,2.9,Canada,2024-03-26 22:31:04
TXN-0005641,Charles Johnson,Automotive,527.09,7,3689.63,3.4,United States,2024-07-04 00:00:00
TXN-0000619,Nancy Wilson,Apparel,210.14,7,1470.98,4.4,Canada,2024-11-25 01:35:04
TXN-0009857,Christopher Garcia,Home & Kitchen,987.74,4,3950.96,1.4,United States,2024-04-13 20:18:49
TXN-0002923,Jennifer Perez,Toys & Games,585.25,7,4096.75,2.8,United Kingdom,2023-09-01 05:45:27
TXN-0000200,Richard Johnson,Books,832.07,2,1664.14,2.5,Australia,2023-12-16 19:12:50
TXN-0007036,Barbara Taylor,Toys & Games,835.18,1,835.18,4.7,Germany,2023-02-12 17:07:33
TXN-0011850,Richard Brown,Automotive,37.43,5,187.15,2.3,India,2024-12-30 20:25:21
TXN-0003930,Robert Miller,Apparel,674.65,3,2023.95,3.0,Australia,2024-05-05 21:28:09
TXN-0010625,Mary Lopez,Toys & Games,754.97,5,3774.85,1.1,Germany,2023-08-26 04:08:39
TXN-0011667,David Thompson,Automotive,289.33,4,1157.32,4.5,United States,2024-03-26 22:14:23
TXN-0007327,Thomas Williams,Sports & Outdoors,37.7,5,188.5,2.1,Brazil,2023-10-20 04:12:51
TXN-0004667,Elizabeth Lee,Sports & Outdoors,982.94,5,4914.7,4.2,France,2024-09-12 19:50:09
TXN-0003981,Jennifer Taylor,Toys & Games,1330.91,4,5323.64,2.5,United Kingdom,2023-01-25 23:24:13
TXN-0010915,Richard Moore,Toys & Games,452.35,5,2261.75,2.8,India,2024-11-15 15:14:28
TXN-0005308,Linda Williams,Automotive,910.14,2,1820.28,4.6,Canada,2023-10-23 17:04:50
TXN-0011378,Joseph Thompson,Beauty & Personal Care,1198.54,6,7191.24,2.5,Australia,2024-01-09 20:08:14
TXN-0003498,Thomas Thompson,Home & Kitchen,1322.8,7,9259.6,3.5,United States,2024-03-19 07:00:07
TXN-0008708,John Gonzalez,Beauty & Personal Care,13.21,2,26.42,2.2,Australia,2023-02-17 19:00:07
TXN-0001331,Sarah Moore,Home & Kitchen,672.72,4,2690.88,2.0,United States,2024-09-11 06:11:14
TXN-0004330,Sarah Anderson,Electronics,727.84,6,4367.04,1.9,United Kingdom,2024-03-18 01:57:19
TXN-0010809,Michael Davis,Apparel,573.13,1,573.13,4.5,France,2024-07-14 01:17:12
TXN-0006274,Daniel Lee,Sports & Outdoors,1416.91,4,5667.64,2.6,United Kingdom,2023-12-30 02:07:08
TXN-0011556,Karen Wilson,Automotive,433.49,7,3034.43,2.3,India,2024-01-28 00:36:56
TXN-0011659,Lisa Rodriguez,Apparel,854.43,6,5126.58,1.5,Australia,2024-03-18 00:00:00
TXN-0007192,Susan Martin,Automotive,638.6,8,5108.8,4.2,Germany,2024-05-14 16:52:33
TXN-0008843,Nancy Davis,Apparel,1298.14,3,3894.42,3.3,Canada,2024-03-25 09:01:20
TXN-0001802,Jessica White,Home & Kitchen,1199.21,8,9593.68,4.4,Germany,2023-02-05 13:37:40
TXN-0010061,Richard Jones,Beauty & Personal Care,81.59,2,163.18,3.3,Brazil,2024-11-07 00:00:00
TXN-0004679,Christopher Smith,Toys & Games,1257.35,6,7544.1,1.9,Canada,2024-10-12 11:14:44
TXN-0004632,John Brown,Automotive,324.03,5,1620.15,1.0,Canada,2023-04-25 00:59:02
TXN-0004721,Michael Jones,Automotive,424.81,4,1699.24,4.3,United States,2024-12-31 00:00:00
TXN-0005042,Richard Johnson,Apparel,1422.88,2,2845.76,3.9,India,2023-09-17 16:54:01
TXN-0004944,Susan Taylor,Electronics,750.67,4,3002.68,2.1,Brazil,2023-04-23 14:29:48
TXN-0005604,Elizabeth Martin,Automotive,905.32,4,3621.28,3.8,France,2023-01-06 23:42:12
TXN-0003362,Daniel Lee,Home & Kitchen,176.53,6,1059.18,4.5,India,2024-10-14 07:46:17
TXN-0003504,Robert Thompson,Automotive,514.02,7,3598.14,3.4,France,2023-06-21 05:16:22
TXN-0006773,Patricia Wilson,Sports & Outdoors,1191.54,5,5957.7,4.4,United States,2024-12-04 11:23:05
TXN-0002536,Charles Martin,Automotive,12.38,4,49.52,1.8,France,2023-11-12 18:22:41
TXN-0009385,Richard Wilson,Automotive,95.74,7,670.18,3.1,Netherlands,2024-06-25 04:30:39
TXN-0002926,Joseph White,Automotive,1317.88,1,1317.88,4.8,France,2024-08-31 22:58:17
TXN-0005789,Sarah Miller,Beauty & Personal Care,1204.7,4,4818.8,2.3,Canada,2024-02-06 00:00:00
TXN-0011525,Elizabeth Martin,Automotive,616.35,5,3081.75,3.3,France,2023-09-01 03:41:31
TXN-0002532,Susan Rodriguez,Beauty & Personal Care,999.94,7,6999.58,2.3,India,2024-08-06 18:59:10
TXN-0008870,Charles Davis,Apparel,500.05,2,1000.1,2.8,United Kingdom,2024-11-04 00:00:00
TXN-0008950,Jennifer Garcia,Automotive,1335.2,4,5340.8,1.0,France,2024-10-21 17:51:19
TXN-0001273,David Hernandez,Home & Kitchen,1370.16,5,6850.8,1.7,United Kingdom,2024-02-29 16:40:57
TXN-0001592,John Martin,Electronics,123.49,5,617.45,2.8,France,2023-08-16 00:00:00
TXN-0004096,Karen Anderson,Electronics,43.24,1,43.24,4.9,United States,2024-12-19 00:00:00
TXN-0001652,Barbara Smith,Beauty & Personal Care,1190.03,7,8330.21,1.4,Japan,2024-02-03 00:11:47
TXN-0012378,Charles Miller,Books,164.77,4,659.08,2.6,Germany,2024-09-19 16:39:54
TXN-0001479,Karen Smith,Electronics,574.1,8,4592.8,2.5,France,2023-01-28 22:46:28
TXN-0005122,Christopher Rodriguez,Apparel,28.98,3,86.94,2.1,Netherlands,2024-04-06 02:13:51
TXN-0004746,Joseph Martin,Apparel,101.33,7,709.31,4.5,Australia,2023-05-12 23:06:41
TXN-0008318,Christopher Gonzalez,Automotive,1161.93,6,6971.58,4.5,United States,2024-09-11 08:45:40
TXN-0007516,Sarah White,Toys & Games,810.19,7,5671.33,2.2,Germany,2024-10-12 00:00:00
TXN-0004898,Sarah Taylor,Beauty & Personal Care,822.68,3,2468.04,4.1,India,2024-02-16 03:46:08
TXN-0009101,Thomas Moore,Sports & Outdoors,168.61,3,505.83,2.5,France,2024-05-19 15:58:14
TXN-0006722,David Lee,Home & Kitchen,221.85,7,1552.95,2.0,India,2023-03-01 10:48:49
TXN-0008793,Joseph Anderson,Apparel,107.84,2,215.68,3.7,Netherlands,2024-12-24 11:54:36
TXN-0005263,Jessica Martinez,Apparel,1092.79,1,1092.79,1.3,Brazil,2024-08-23 23:47:59
TXN-0002793,Charles Smith,Toys & Games,520.22,3,1560.66,1.6,Netherlands,2024-10-22 23:27:20
TXN-0001341,Karen Miller,Apparel,238.8,7,1671.6,4.1,Australia,2024-10-24 01:05:29
TXN-0003412,Daniel Brown,Sports & Outdoors,892.91,6,5357.46,2.0,United Kingdom,2024-04-21 04:12:18
TXN-0006016,Mary Davis,Beauty & Personal Care,332.33,4,1329.32,4.6,Germany,2024-04-29 00:00:00
TXN-0002314,Linda Smith,Electronics,1369.75,7,9588.25,3.4,France,2024-09-20 00:00:00
TXN-0007452,Christopher Anderson,Electronics,391.05,5,1955.25,4.2,Germany,2023-03-14 01:17:18
TXN-0006376,Richard Davis,Apparel,1308.29,5,6541.45,2.2,United Kingdom,2023-06-30 22:09:22
TXN-0002817,Elizabeth Lopez,Beauty & Personal Care,1134.92,4,4539.68,3.8,Australia,2024-06-26 00:00:00
TXN-0010618,Susan Anderson,Apparel,755.81,4,3023.24,2.9,Brazil,2024-03-06 18:51:04
TXN-0009978,Elizabeth Gonzalez,Apparel,1118.4,4,4473.6,3.8,France,2023-04-03 03:47:04
TXN-0004905,William Moore,Sports & Outdoors,1493.44,4,5973.76,3.5,India,2023-02-02 00:00:00
TXN-0001584,Nancy Martinez,Toys & Games,1292.04,7,9044.28,2.8,Netherlands,2023-06-30 00:00:00
TXN-0005836,Barbara Anderson,Apparel,618.77,3,1856.31,2.9,Germany,2023-06-26 11:57:43
TXN-0008884,Robert Martinez,Beauty & Personal Care,1379.64,3,4138.92,3.9,Brazil,2023-12-23 17:48:07
TXN-0008544,Lisa Lopez,Apparel,1002.26,5,5011.3,3.5,Netherlands,2024-05-05 21:13:04
TXN-0003673,Daniel Hernandez,Home & Kitchen,499.62,1,499.62,4.6,Japan,2024-03-27 19:19:56
TXN-0007612,William Jones,Toys & Games,938.78,2,1877.56,2.8,Brazil,2023-02-17 00:00:00
TXN-0004548,Richard Thomas,Toys & Games,1331.94,5,6659.7,2.1,Australia,2023-08-14 00:00:00
TXN-0012314,David Johnson,Automotive,353.44,8,2827.52,4.2,Japan,2024-05-15 00:00:00
TXN-0003010,Joseph Taylor,Beauty & Personal Care,385.57,4,1542.28,2.4,Japan,2024-05-18 10:32:12
TXN-0004473,Lisa Rodriguez,Sports & Outdoors,655.98,8,5247.84,5.0,Australia,2024-07-31 23:21:05
TXN-0005269,Linda Miller,Automotive,202.75,5,1013.75,3.7,United States,2023-03-02 02:49:39
TXN-0005532,John Davis,Beauty & Personal Care,327.55,2,655.1,4.7,Netherlands,2024-12-10 21:52:05
TXN-0009033,Elizabeth Hernandez,Books,452.79,6,2716.74,2.6,Germany,2023-04-29 05:57:07
TXN-0008213,David Miller,Sports & Outdoors,97.91,1,97.91,1.7,Brazil,2023-10-02 00:00:00
TXN-0004191,Charles White,Apparel,176.79,8,1414.32,3.8,Australia,2024-09-23 01:07:28
TXN-0002946,James Jones,Beauty & Personal Care,563.96,5,2819.8,4.6,Brazil,2023-11-21 23:41:32
TXN-0001892,Karen Brown,Toys & Games,977.18,4,3908.72,3.8,Australia,2023-08-01 12:16:31
TXN-0008275,Daniel Garcia,Sports & Outdoors,357.52,2,715.04,3.5,Netherlands,2023-10-03 10:58:33
TXN-0009676,Robert Perez,Toys & Games,677.39,4,2709.56,3.2,Australia,2023-07-01 06:15:11
TXN-0007995,Barbara Moore,Apparel,355.25,1,355.25,4.2,Japan,2024-07-03 15:35:28
TXN-0007582,William Perez,Home & Kitchen,215.65,5,1078.25,4.6,Netherlands,2023-07-29 19:11:19
TXN-0011363,Robert Brown,Home & Kitchen,929.42,5,4647.1,2.1,United Kingdom,2023-09-26 19:55:17
TXN-0004292,Barbara Lopez,Apparel,488.13,8,3905.04,3.7,Brazil,2024-11-06 11:00:39
TXN-0005419,Sarah Thompson,Beauty & Personal Care,886.9,2,1773.8,4.4,United States,2024-02-14 01:18:11
TXN-0002812,Patricia Brown,Apparel,986.95,1,986.95,2.1,Germany,2024-11-05 22:09:52
TXN-0003583,Susan Rodriguez,Toys & Games,1119.62,4,4478.48,1.9,Japan,2024-10-27 17:43:13
TXN-0005997,Patricia Thompson,Toys & Games,284.86,5,1424.3,1.8,United Kingdom,2024-10-08 19:28:44
TXN-0001998,James Thompson,Apparel,1361.46,2,2722.92,1.4,United States,2023-09-25 09:19:37
TXN-0007641,Jessica Martinez,Electronics,920.67,4,3682.68,1.6,India,2023-10-15 09:58:01
TXN-0008209,Joseph Martinez,Home & Kitchen,1089.02,1,1089.02,1.1,United Kingdom,2023-05-06 09:12:25
TXN-0004859,Patricia Moore,Books,878.21,5,4391.05,3.4,Australia,2024-06-17 14:35:02
TXN-0008126,Charles Lee,Home & Kitchen,412.48,4,1649.92,2.2,United Kingdom,2023-05-27 07:38:22
TXN-0010313,Jennifer Lopez,Sports & Outdoors,62.3,2,124.6,2.0,France,2024-09-21 10:46:31
TXN-0002629,Sarah Perez,Home & Kitchen,148.79,4,595.16,3.7,Japan,2024-01-24 00:00:00
TXN-0006850,Elizabeth Smith,Beauty & Personal Care,136.72,4,546.88,1.7,Canada,2024-07-21 00:42:09
TXN-0011171,Patricia Taylor,Electronics,472.43,8,3779.44,3.8,Germany,2024-07-28 00:00:00
TXN-0002111,Thomas White,Apparel,730.77,4,2923.08,2.8,Germany,2024-08-20 15:02:47
TXN-0003441,William Anderson,Toys & Games,555.3,3,1665.9,2.4,India,2024-03-09 09:30:03
TXN-0002579,Sarah Lopez,Sports & Outdoors,1493.92,4,5975.68,1.9,United Kingdom,2023-08-22 00:00:00
TXN-0002288,Lisa Wilson,Toys & Games,232.78,2,465.56,1.6,Brazil,2023-09-19 04:41:02
TXN-0012187,Robert Martinez,Sports & Outdoors,1395.2,8,11161.6,4.9,Netherlands,2023-12-23 04:14:50
TXN-0003282,Jennifer Wilson,Electronics,1347.08,3,4041.24,4.5,United States,2024-02-01 20:00:45
TXN-0009850,James Perez,Electronics,821.72,4,3286.88,3.7,United Kingdom,2024-07-14 00:00:00
TXN-0000387,Lisa Moore,Apparel,983.38,4,3933.52,2.4,Australia,2024-08-01 01:04:42
TXN-0001720,James Perez,Home & Kitchen,569.02,7,3983.14,4.2,India,2024-11-01 09:03:19
TXN-0001326,Jessica Martin,Apparel,967.56,6,5805.36,3.1,Australia,2023-10-21 14:02:03
TXN-0006267,Jennifer Miller,Home & Kitchen,915.58,8,7324.64,1.3,France,2023-08-12 11:59:05
TXN-0012244,Mary Miller,Electronics,962.5,6,5775.0,2.6,India,2024-09-23 00:00:00
TXN-0012356,Patricia Perez,Sports & Outdoors,618.51,5,3092.55,1.7,India,2023-06-16 13:18:45
TXN-0002193,Richard Garcia,Toys & Games,1398.55,5,6992.75,1.9,Netherlands,2024-09-23 23:12:41
TXN-0001929,Charles Jackson,Toys & Games,793.9,3,2381.7,4.5,Netherlands,2024-08-16 16:13:18
TXN-0000278,Patricia Anderson,Automotive,105.43,1,105.43,4.2,Australia,2023-03-31 00:00:00
TXN-0007383,Thomas Thomas,Automotive,1173.03,8,9384.24,4.7,Canada,2024-12-14 00:00:00
TXN-0002786,Jessica Gonzalez,Sports & Outdoors,825.82,4,3303.28,4.6,United States,2023-10-14 21:19:22
TXN-0007923,Linda Taylor,Apparel,1026.79,4,4107.16,3.2,United Kingdom,2024-07-03 06:20:53
TXN-0010332,Michael Jones,Electronics,648.23,8,5185.84,2.5,Canada,2023-10-26 21:08:57
TXN-0006986,Karen Moore,Books,1059.78,4,4239.12,2.7,United Kingdom,2023-10-13 21:32:54
TXN-0004140,Susan Garcia,Apparel,414.81,6,2488.86,2.2,Brazil,2023-08-14 07:56:09
TXN-0007671,Karen Perez,Books,250.1,6,1500.6,1.3,Australia,2023-01-01 17:24:15
TXN-0009522,Mary Johnson,Sports & Outdoors,935.6,3,2806.8,2.6,India,2023-10-11 15:10:29
TXN-0004606,Sarah Davis,Books,627.63,6,3765.78,3.2,France,2024-12-13 23:35:59
TXN-0011073,Elizabeth Gonzalez,Books,599.62,8,4796.96,4.1,France,2023-03-12 00:19:59
TXN-0002763,William Gonzalez,Books,1386.57,7,9705.99,4.4,Brazil,2024-06-11 05:21:05
TXN-0011742,John Taylor,Books,142.62,5,713.1,1.4,Canada,2024-05-25 03:21:36
TXN-0008059,Richard Jackson,Beauty & Personal Care,612.78,1,612.78,1.0,France,2023-05-18 13:34:07
TXN-0011299,Thomas Thompson,Apparel,1499.92,7,10499.44,4.3,Germany,2024-08-06 19:18:29
TXN-0004426,Jessica Lee,Home & Kitchen,964.58,5,4822.9,3.6,Germany,2024-07-30 23:21:20
TXN-0011604,Nancy Smith,Sports & Outdoors,1065.03,8,8520.24,2.2,Japan,2023-09-27 19:50:51
TXN-0010278,Barbara White,Apparel,682.87,1,682.87,3.4,Netherlands,2023-09-14 00:00:00
TXN-0004321,Susan Gonzalez,Toys & Games,855.98,8,6847.84,3.0,United States,2023-09-11 03:16:34
TXN-0009470,Joseph White,Sports & Outdoors,906.65,4,3626.6,2.3,Canada,2023-12-13 06:46:45
TXN-0001920,Nancy Martin,Home & Kitchen,660.39,7,4622.73,4.1,India,2023-07-08 15:54:48
TXN-0010979,Joseph Moore,Automotive,1289.56,8,10316.48,1.0,Japan,2024-01-06 00:00:00
TXN-0011224,Richard Martin,Apparel,1085.47,7,7598.29,2.6,United Kingdom,2024-01-10 00:39:22
TXN-0000660,Christopher Martinez,Beauty & Personal Care,11.83,4,47.32,1.8,Japan,2024-02-16 19:37:33
TXN-0009084,Susan Miller,Toys & Games,623.0,6,3738.0,2.6,Australia,2023-10-25 11:48:11
TXN-0011897,Jessica Thompson,Beauty & Personal Care,1063.19,4,4252.76,2.5,Netherlands,2024-01-24 15:25:54
TXN-0008729,Robert Thomas,Electronics,1075.85,2,2151.7,1.5,United Kingdom,2024-03-14 00:00:00
TXN-0007384,Sarah Williams,Beauty & Personal Care,737.9,2,1475.8,1.3,United Kingdom,2024-07-24 18:51:25
TXN-0000929,Mary Lopez,Electronics,395.69,8,3165.52,4.8,United Kingdom,2023-04-25 11:07:38
TXN-0001918,William Martinez,Beauty & Personal Care,980.05,6,5880.3,4.0,France,2024-11-06 15:33:29
TXN-0010817,Jennifer Moore,Sports & Outdoors,663.8,7,4646.6,2.7,Netherlands,2023-02-19 21:12:21
TXN-0007298,Sarah Martinez,Electronics,919.81,6,5518.86,2.4,Netherlands,2024-12-22 10:25:35
TXN-0000099,Richard Perez,Apparel,1447.41,3,4342.23,3.0,India,2024-04-03 09:45:38
TXN-0011127,Lisa Moore,Automotive,1030.68,8,8245.44,2.2,United Kingdom,2023-10-04 14:27:11
TXN-0005399,Karen Smith,Toys & Games,1277.13,3,3831.39,3.0,United States,2023-07-04 00:00:00
TXN-0000223,Richard Perez,Sports & Outdoors,959.87,5,4799.35,2.5,Canada,2023-06-21 12:55:41
TXN-0001144,Thomas Brown,Books,159.89,1,159.89,4.3,Germany,2023-12-11 17:19:39
TXN-0008890,Lisa Thompson,Sports & Outdoors,260.64,4,1042.56,4.2,United Kingdom,2023-03-23 00:15:12
TXN-0009296,James Thompson,Apparel,1428.1,2,2856.2,5.0,France,2024-01-10 10:14:10
TXN-0007627,Nancy Garcia,Toys & Games,91.55,6,549.3,1.6,United States,2023-11-25 22:02:17
TXN-0008031,Elizabeth Garcia,Books,926.35,8,7410.8,1.0,Australia,2023-01-13 18:35:59
TXN-0011670,Daniel Garcia,Automotive,1389.32,4,5557.28,3.3,Japan,2024-12-30 11:38:51
TXN-0000006,John Moore,Sports & Outdoors,1328.75,6,7972.5,3.3,Netherlands,2024-01-07 00:00:00
TXN-0008603,Barbara Taylor,Automotive,876.0,6,5256.0,2.5,United Kingdom,2023-09-30 05:02:35
TXN-0001533,Richard Perez,Toys & Games,60.56,7,423.92,4.3,United States,2023-11-17 08:08:43
TXN-0005673,Michael Miller,Home & Kitchen,127.69,4,510.76,1.3,Australia,2023-06-02 23:52:22
TXN-0008837,Mary Moore,Automotive,386.1,5,1930.5,3.3,United States,2024-05-16 07:54:17
TXN-0003091,Michael Gonzalez,Electronics,78.22,2,156.44,4.5,Japan,2023-09-18 15:32:01
TXN-0010927,Michael Miller,Books,222.35,5,1111.75,4.8,Japan,2024-01-30 21:02:34
TXN-0000853,Sarah Anderson,Beauty & Personal Care,590.83,6,3544.98,1.3,United States,2024-03-20 03:29:24
TXN-0002242,Charles Smith,Electronics,328.2,8,2625.6,1.4,India,2024-08-07 14:08:15
TXN-0001589,James Perez,Books,681.11,1,681.11,2.6,Canada,2023-09-26 02:41:56
TXN-0002679,Charles Martinez,Electronics,1140.54,3,3421.62,3.3,Brazil,2024-07-26 00:00:00
TXN-0003432,James Miller,Automotive,1248.79,1,1248.79,2.8,United States,2024-09-21 17:20:15
TXN-0001580,Lisa Rodriguez,Sports & Outdoors,364.82,4,1459.28,3.5,Japan,2024-03-19 05:04:25
TXN-0010503,Mary White,Home & Kitchen,1399.01,7,9793.07,2.3,Netherlands,2024-04-07 05:38:21
TXN-0001968,Michael White,Beauty & Personal Care,387.77,4,1551.08,2.3,India,2024-12-14 08:08:48
TXN-0007954,James Davis,Automotive,1396.8,6,8380.8,2.2,Germany,2024-10-27 23:04:56
TXN-0008915,Nancy Johnson,Beauty & Personal Care,1191.98,5,5959.9,4.0,Brazil,2023-09-04 15:34:43
TXN-0002352,Karen Johnson,Apparel,1158.61,6,6951.66,4.1,United Kingdom,2023-08-21 11:13:38
TXN-0011083,Elizabeth Smith,Apparel,1341.96,7,9393.72,4.3,India,2023-09-13 17:29:49
TXN-0005196,Linda Taylor,Home & Kitchen,1222.41,7,8556.87,3.0,Japan,2024-06-17 00:00:00
TXN-0007128,Michael Garcia,Toys & Games,1311.49,4,5245.96,2.8,Netherlands,2023-07-18 14:40:45
TXN-0005875,Richard Davis,Home & Kitchen,1093.17,5,5465.85,4.2,United Kingdom,2024-06-17 20:47:46
TXN-0003472,Daniel Davis,Automotive,1323.86,6,7943.16,1.5,Brazil,2024-03-20 00:00:00
TXN-0004700,Elizabeth Martinez,Home & Kitchen,1345.24,7,9416.68,4.5,Japan,2023-10-29 00:00:00
TXN-0009613,Barbara Lee,Electronics,408.42,6,2450.52,3.4,Japan,2024-09-18 12:42:37
TXN-0011757,Michael Gonzalez,Books,298.53,7,2089.71,3.7,Netherlands,2024-08-18 00:00:00
TXN-0006470,Thomas Taylor,Beauty & Personal Care,868.37,5,4341.85,2.8,Brazil,2024-04-10 19:28:29
TXN-0003628,Jennifer Brown,Toys & Games,1434.69,4,5738.76,1.8,Brazil,2024-09-08 23:25:17
TXN-0008642,Robert Miller,Books,410.63,4,1642.52,2.5,Australia,2023-03-05 13:42:01
TXN-0009022,Robert Thomas,Automotive,887.38,5,4436.9,4.2,Japan,2023-05-27 00:00:00
TXN-0009269,Michael Garcia,Electronics,736.97,4,2947.88,4.9,Australia,2023-03-24 02:54:56
TXN-0006017,Jennifer Miller,Sports & Outdoors,1436.71,2,2873.42,2.5,United States,2024-02-19 01:20:27
TXN-0003331,Michael Anderson,Apparel,105.77,7,740.39,3.5,India,2023-05-06 18:59:12
TXN-0006203,David Thomas,Beauty & Personal Care,197.5,3,592.5,2.3,United States,2023-07-13 00:17:47
TXN-0005448,Thomas Williams,Toys & Games,1292.18,3,3876.54,1.4,Germany,2024-04-05 00:12:27
TXN-0005260,Jennifer Jackson,Toys & Games,509.3,7,3565.1,2.4,United States,2023-03-04 14:46:25
TXN-0001272,Nancy Jackson,Electronics,1053.43,6,6320.58,4.5,Australia,2023-01-07 03:14:06
TXN-0012248,Michael White,Electronics,1096.76,7,7677.32,4.2,France,2024-12-28 00:25:25
TXN-0009317,Karen Jackson,Sports & Outdoors,268.13,8,2145.04,2.7,Australia,2024-04-14 08:22:03
TXN-0011851,Christopher White,Apparel,948.86,7,6642.02,1.2,France,2023-09-11 00:00:00
TXN-0008958,Linda Rodriguez,Home & Kitchen,168.03,2,336.06,3.8,Brazil,2024-07-01 07:50:10
TXN-0000914,Linda Smith,Home & Kitchen,358.41,7,2508.87,4.0,France,2024-04-26 00:00:00
TXN-0006118,Michael Anderson,Electronics,599.96,5,2999.8,3.7,Canada,2023-08-28 08:22:54
TXN-0006296,Patricia Smith,Sports & Outdoors,500.87,6,3005.22,5.0,United Kingdom,2023-05-24 22:12:48
TXN-0003846,Elizabeth Martin,Books,1356.86,2,2713.72,2.7,Netherlands,2024-11-13 14:23:29
TXN-0001753,Elizabeth Smith,Beauty & Personal Care,1331.49,2,2662.98,4.9,Japan,2024-12-01 19:07:52
TXN-0004936,Nancy Jackson,Beauty & Personal Care,585.1,7,4095.7,1.1,Canada,2024-07-17 05:39:51
TXN-0003736,Patricia Davis,Toys & Games,1330.94,6,7985.64,4.8,India,2023-03-21 01:20:19
TXN-0011225,Charles Miller,Toys & Games,1131.41,8,9051.28,3.1,Germany,2024-02-29 03:06:56
TXN-0009100,Jessica Garcia,Apparel,759.23,8,6073.84,2.5,Japan,2024-07-12 05:34:45
TXN-0008929,Lisa Hernandez,Home & Kitchen,1284.15,5,6420.75,4.2,Canada,2024-09-05 09:11:41
TXN-0009476,James Taylor,Apparel,1022.7,7,7158.9,3.6,France,2024-05-08 00:00:00
TXN-0004634,Michael Martinez,Automotive,1009.51,5,5047.55,1.3,India,2023-11-16 10:15:26
TXN-0012495,Elizabeth Wilson,Automotive,726.13,6,4356.78,3.7,Australia,2023-08-10 14:10:00
TXN-0010645,James White,Electronics,1466.97,5,7334.85,1.8,United States,2023-11-03 13:39:55
TXN-0000803,Barbara Johnson,Sports & Outdoors,1280.85,2,2561.7,3.8,United Kingdom,2024-12-20 17:40:27
TXN-0008393,Richard White,Books,1006.48,1,1006.48,1.4,India,2024-03-06 01:12:14
TXN-0003825,Sarah Gonzalez,Books,123.79,2,247.58,4.9,Brazil,2023-09-30 00:00:00
TXN-0006464,Robert Davis,Beauty & Personal Care,275.11,1,275.11,3.4,Australia,2023-03-20 18:50:05
TXN-0011898,Daniel White,Beauty & Personal Care,515.04,3,1545.12,1.7,Australia,2024-06-25 03:21:22
TXN-0005294,John Wilson,Electronics,601.48,5,3007.4,4.3,Brazil,2024-08-31 09:09:12
TXN-0000281,Charles Wilson,Toys & Games,1058.58,4,4234.32,2.1,United States,2024-06-30 15:01:56
TXN-0010201,Charles Lopez,Sports & Outdoors,630.32,1,630.32,3.3,India,2023-03-13 22:26:18
TXN-0007246,William Lopez,Beauty & Personal Care,1156.28,5,5781.4,2.1,France,2024-07-23 11:19:39
TXN-0008022,Mary Lee,Home & Kitchen,1019.97,2,2039.94,2.7,Japan,2024-03-25 14:51:34
TXN-0002937,Susan Gonzalez,Toys & Games,1328.73,1,1328.73,4.0,Brazil,2024-07-07 00:00:00
TXN-0008014,John Rodriguez,Beauty & Personal Care,347.18,7,2430.26,1.6,France,2024-08-24 14:56:56
TXN-0001912,Sarah Smith,Home & Kitchen,885.27,7,6196.89,2.9,India,2024-01-20 02:47:09
TXN-0002728,Sarah Miller,Books,637.18,8,5097.44,3.7,Germany,2023-10-23 22:49:59
TXN-0000300,Joseph Anderson,Electronics,307.47,3,922.41,4.5,Japan,2023-08-23 11:10:51
TXN-0005215,Lisa Rodriguez,Apparel,963.41,7,6743.87,3.2,Brazil,2023-11-05 13:19:48
TXN-0000745,John Hernandez,Sports & Outdoors,1351.36,7,9459.52,4.6,Canada,2024-06-05 16:52:29
TXN-0007455,Richard Moore,Beauty & Personal Care,847.97,3,2543.91,3.0,Germany,2024-07-14 12:03:29
TXN-0007306,Mary Jones,Electronics,52.93,4,211.72,2.9,India,2024-11-30 08:19:33
TXN-0008959,Richard Johnson,Toys & Games,491.16,4,1964.64,5.0,United Kingdom,2024-09-10 19:28:28
TXN-0003476,Thomas Jackson,Toys & Games,592.96,3,1778.88,2.1,France,2023-06-22 15:48:39
TXN-0009948,Elizabeth Miller,Home & Kitchen,1223.87,1,1223.87,1.1,Brazil,2024-01-29 04:46:35
TXN-0012079,Thomas Wilson,Toys & Games,899.06,3,2697.18,3.5,Brazil,2023-09-25 08:09:03
TXN-0003350,Charles Wilson,Sports & Outdoors,1304.82,8,10438.56,1.9,Japan,2023-10-31 16:17:12
TXN-0003742,Joseph Thomas,Toys & Games,469.85,3,1409.55,3.5,United States,2024-07-22 08:38:30
TXN-0009270,Charles Rodriguez,Electronics,1123.5,8,8988.0,1.4,United Kingdom,2024-01-09 06:47:05
TXN-0008839,Michael Jones,Electronics,74.4,1,74.4,4.1,Australia,2024-04-06 11:47:44
TXN-0011691,James Martinez,Apparel,812.42,1,812.42,1.7,Netherlands,2024-10-12 02:48:32
TXN-0009426,Barbara Miller,Beauty & Personal Care,1411.51,6,8469.06,1.5,Brazil,2024-01-25 00:00:00
TXN-0005742,Sarah Lee,Home & Kitchen,232.86,7,1630.02,2.6,United Kingdom,2024-12-27 19:34:04
TXN-0000630,Lisa Lee,Apparel,868.75,6,5212.5,1.2,Germany,2023-07-25 08:41:21
TXN-0009351,Nancy Thomas,Automotive,197.07,4,788.28,3.2,United States,2024-09-03 09:42:01
TXN-0011646,Michael Lee,Home & Kitchen,1063.11,5,5315.55,4.7,France,2024-10-24 13:34:56
TXN-0002094,Nancy Perez,Toys & Games,1247.64,1,1247.64,3.2,Brazil,2024-12-01 07:09:49
TXN-0010768,Thomas Thompson,Home & Kitchen,911.07,7,6377.49,3.9,Australia,2024-03-25 00:00:00
TXN-0010343,Thomas Johnson,Toys & Games,844.51,4,3378.04,4.3,United States,2023-03-02 16:46:54
TXN-0005880,Jessica Lopez,Home & Kitchen,85.65,1,85.65,1.8,Netherlands,2023-05-04 01:13:07
TXN-0006678,Jessica Wilson,Electronics,831.4,7,5819.8,3.2,Netherlands,2024-12-07 16:41:48
TXN-0011114,William Williams,Home & Kitchen,1450.09,4,5800.36,1.0,Japan,2024-04-06 18:37:15
TXN-0000656,Sarah Garcia,Automotive,1388.88,1,1388.88,1.5,Germany,2024-09-06 10:17:00
TXN-0000496,Barbara Gonzalez,Sports & Outdoors,273.93,3,821.79,4.9,India,2024-06-16 20:11:20
TXN-0003090,Michael Miller,Electronics,1451.56,8,11612.48,1.6,Netherlands,2023-07-04 18:55:13
TXN-0003880,Linda Smith,Home & Kitchen,1383.06,5,6915.3,3.7,Canada,2023-11-08 01:33:24
TXN-0009565,Robert White,Home & Kitchen,758.85,3,2276.55,3.4,India,2023-06-10 11:06:10
TXN-0007227,John Taylor,Electronics,1089.47,7,7626.29,2.8,Germany,2024-06-29 00:00:00
TXN-0003686,Daniel Lee,Sports & Outdoors,1242.91,6,7457.46,3.3,Australia,2024-12-24 10:28:28
TXN-0008854,Richard White,Home & Kitchen,192.91,1,192.91,1.1,Germany,2024-08-16 00:00:00
TXN-0008633,Sarah Anderson,Electronics,1350.81,5,6754.05,4.7,Australia,2023-04-06 08:59:05
TXN-0007659,James Thompson,Sports & Outdoors,724.58,4,2898.32,4.6,Japan,2024-03-07 23:24:40
TXN-0010749,Daniel Perez,Toys & Games,454.1,8,3632.8,5.0,United Kingdom,2023-08-11 11:50:28
TXN-0000467,Lisa White,Sports & Outdoors,328.81,8,2630.48,4.5,Canada,2023-05-13 11:35:43
TXN-0003204,Patricia Thomas,Toys & Games,958.92,4,3835.68,4.3,Canada,2023-05-01 19:29:17
TXN-0006391,Richard Hernandez,Home & Kitchen,287.36,6,1724.16,4.5,Brazil,2024-04-06 00:00:00
TXN-0011709,Karen Miller,Electronics,117.68,5,588.4,4.7,Netherlands,2024-06-10 10:04:49
TXN-0008166,Susan Jones,Books,483.94,3,1451.82,3.0,United Kingdom,2023-08-03 14:29:17
TXN-0004498,Susan Anderson,Beauty & Personal Care,179.58,6,1077.48,4.4,Netherlands,2023-12-05 16:57:24
TXN-0005320,Christopher Gonzalez,Automotive,1388.79,8,11110.32,2.3,Brazil,2024-06-19 13:35:20
TXN-0011800,Jessica Hernandez,Electronics,554.74,8,4437.92,4.9,Brazil,2023-07-02 22:37:40
TXN-0009151,Susan Wilson,Automotive,217.08,4,868.32,3.8,Canada,2024-02-18 01:04:33
TXN-0003514,Nancy Martinez,Electronics,99.04,6,594.24,4.3,United Kingdom,2024-01-22 05:13:54
TXN-0010036,Lisa Jones,Automotive,391.53,6,2349.18,2.6,Brazil,2024-08-31 15:42:08
TXN-0005662,David Gonzalez,Toys & Games,1141.82,1,1141.82,4.0,Japan,2023-09-17 03:55:11
TXN-0011843,Patricia Johnson,Toys & Games,191.13,6,1146.78,4.9,Brazil,2023-08-30 09:30:11
TXN-0011002,David Wilson,Sports & Outdoors,489.41,7,3425.87,4.1,United States,2024-12-31 00:00:00
TXN-0004921,Charles Martin,Books,796.23,7,5573.61,2.3,India,2023-06-18 17:07:50
TXN-0002573,Mary Miller,Toys & Games,1485.77,2,2971.54,2.3,Brazil,2024-08-05 13:58:57
TXN-0011786,Nancy White,Apparel,25.48,1,25.48,3.8,Australia,2024-11-02 00:00:00
TXN-0002919,Richard Hernandez,Toys & Games,82.15,4,328.6,4.0,United Kingdom,2023-06-17 11:40:15
TXN-0009441,Richard Davis,Home & Kitchen,440.91,3,1322.73,4.3,Netherlands,2024-06-19 03:53:33
TXN-0010903,Karen Johnson,Home & Kitchen,303.28,5,1516.4,3.5,United States,2023-05-26 11:39:47
TXN-0009014,Mary Lopez,Home & Kitchen,782.84,3,2348.52,4.6,Australia,2024-01-29 11:12:52
TXN-0004184,Karen Gonzalez,Electronics,441.84,6,2651.04,3.7,Brazil,2024-03-11 03:59:27
TXN-0001528,James Rodriguez,Electronics,670.37,3,2011.11,1.4,France,2023-10-13 20:56:41
TXN-0005847,James Perez,Automotive,12.19,4,48.76,1.6,United Kingdom,2024-07-22 10:21:13
TXN-0000850,Robert Rodriguez,Books,1094.7,5,5473.5,1.8,Brazil,2024-06-10 14:26:21
TXN-0011687,Elizabeth Garcia,Books,1191.33,1,1191.33,3.2,United Kingdom,2024-05-17 17:05:32
TXN-0007553,Karen Anderson,Books,1043.06,3,3129.18,2.1,Germany,2024-06-01 00:00:00
TXN-0007608,Linda Garcia,Toys & Games,449.93,7,3149.51,2.2,Netherlands,2023-03-18 21:51:24
TXN-0005377,James Hernandez,Apparel,622.18,8,4977.44,1.0,Australia,2024-11-08 18:06:41
TXN-0009182,Thomas Miller,Beauty & Personal Care,699.36,8,5594.88,2.2,Brazil,2023-07-28 00:00:00
TXN-0005607,William White,Toys & Games,311.66,2,623.32,1.9,France,2023-04-27 13:59:27
TXN-0009795,Elizabeth Williams,Beauty & Personal Care,103.48,1,103.48,4.0,Australia,2024-08-29 16:46:30
TXN-0000864,Jessica Martinez,Beauty & Personal Care,556.4,1,556.4,3.1,France,2024-05-25 19:59:03
TXN-0004713,Robert Perez,Books,421.75,5,2108.75,3.8,United Kingdom,2023-03-16 13:38:03
TXN-0002934,Nancy Lopez,Toys & Games,122.6,7,858.2,4.3,Canada,2023-03-04 00:00:00
TXN-0007906,Richard Lee,Automotive,909.06,2,1818.12,3.1,France,2024-01-01 03:12:58
TXN-0003535,Barbara Jones,Toys & Games,532.03,8,4256.24,2.2,France,2024-12-24 13:47:17
TXN-0006473,Richard Thompson,Automotive,177.56,1,177.56,1.8,Brazil,2024-12-31 00:00:00
TXN-0001772,Mary Davis,Automotive,1024.66,2,2049.32,2.6,Germany,2024-02-19 00:00:00
TXN-0002385,Lisa Wilson,Electronics,1463.55,3,4390.65,2.6,India,2023-06-19 15:03:33
TXN-0005882,Joseph Rodriguez,Sports & Outdoors,411.89,4,1647.56,1.3,Japan,2023-02-18 01:14:45
TXN-0004355,Mary Rodriguez,Apparel,1407.05,2,2814.1,2.1,Japan,2024-12-06 10:39:15
TXN-0004550,James Taylor,Electronics,1272.83,2,2545.66,2.3,Australia,2023-04-07 04:53:56
TXN-0008935,Barbara Martinez,Beauty & Personal Care,274.96,8,2199.68,2.4,Japan,2024-01-04 08:46:42
TXN-0009131,John Hernandez,Apparel,133.9,1,133.9,2.1,Brazil,2023-05-29 18:18:52
TXN-0000326,David Smith,Toys & Games,160.4,4,641.6,2.7,France,2023-02-16 12:31:30
TXN-0006911,David Williams,Sports & Outdoors,1339.6,7,9377.2,3.9,Canada,2023-04-25 21:06:27
TXN-0006499,David Rodriguez,Beauty & Personal Care,773.83,1,773.83,2.5,Netherlands,2023-02-09 01:40:43
TXN-0010318,David Perez,Sports & Outdoors,1260.66,8,10085.28,3.6,United States,2024-01-17 14:24:01
TXN-0010404,Michael Thomas,Automotive,722.86,1,722.86,4.2,United Kingdom,2023-03-21 19:42:28
TXN-0000118,Nancy White,Toys & Games,1114.69,3,3344.07,4.5,Netherlands,2024-05-23 00:00:00
TXN-0006964,Sarah Jackson,Apparel,459.15,4,1836.6,3.6,Germany,2024-11-03 07:46:40
TXN-0007017,Elizabeth Martinez,Books,902.9,3,2708.7,3.0,Japan,2023-09-03 00:00:00
TXN-0001252,Robert Taylor,Automotive,998.94,6,5993.64,2.2,Japan,2024-08-13 07:33:55
TXN-0003462,Barbara Miller,Home & Kitchen,92.02,8,736.16,1.9,India,2023-02-11 00:00:00
TXN-0011187,Daniel Davis,Beauty & Personal Care,926.95,8,7415.6,1.3,Australia,2024-08-26 01:46:03
TXN-0012375,James Gonzalez,Electronics,808.93,4,3235.72,4.8,France,2024-01-11 22:00:41
TXN-0003563,Nancy Martin,Home & Kitchen,1471.96,8,11775.68,1.9,Australia,2024-05-28 18:53:28
TXN-0003878,Linda Lee,Toys & Games,56.88,7,398.16,4.2,France,2023-04-19 12:03:33
TXN-0003427,Jessica Miller,Beauty & Personal Care,365.56,8,2924.48,4.9,United Kingdom,2024-03-10 15:06:03
TXN-0007688,Joseph Gonzalez,Electronics,1066.62,8,8532.96,1.1,Japan,2023-04-23 19:21:08
TXN-0004258,Christopher Anderson,Home & Kitchen,1490.53,7,10433.71,1.9,Brazil,2023-11-18 18:27:29
TXN-0011116,Karen Garcia,Sports & Outdoors,433.41,1,433.41,4.5,United Kingdom,2024-12-31 00:00:00
TXN-0010128,Joseph Jackson,Automotive,1300.72,5,6503.6,2.5,United States,2024-10-05 02:49:52
TXN-0000430,Richard Wilson,Beauty & Personal Care,85.43,5,427.15,1.8,Brazil,2024-11-05 20:32:13
TXN-0009158,William Smith,Sports & Outdoors,1286.14,1,1286.14,3.4,Netherlands,2023-12-28 12:33:56
TXN-0011479,Thomas Rodriguez,Electronics,1396.43,4,5585.72,2.3,Japan,2024-06-27 16:36:10
TXN-0009250,Charles Jackson,Books,385.5,8,3084.0,3.6,Brazil,2024-12-31 00:00:00
TXN-0002434,Mary Lopez,Beauty & Personal Care,1049.11,7,7343.77,2.0,Germany,2024-08-08 13:42:01
TXN-0010913,James Williams,Books,94.85,8,758.8,1.4,Canada,2024-08-16 08:11:03
TXN-0011173,Richard Williams,Automotive,989.94,8,7919.52,4.6,Canada,2024-11-11 02:42:13
TXN-0011631,David Jackson,Toys & Games,1244.87,6,7469.22,4.3,India,2023-11-10 00:00:00
TXN-0006436,Thomas Moore,Apparel,1103.25,1,1103.25,1.4,Japan,2023-12-01 00:00:00
TXN-0008163,James Lee,Beauty & Personal Care,933.25,3,2799.75,4.6,United States,2023-02-20 16:52:16
TXN-0008946,Daniel Jackson,Apparel,299.39,3,898.17,4.6,Germany,2023-09-29 10:30:21
TXN-0012343,Karen Miller,Sports & Outdoors,264.34,6,1586.04,4.1,India,2024-02-16 20:55:15
TXN-0010537,Lisa Thomas,Automotive,121.75,7,852.25,3.9,Australia,2023-11-13 15:45:57
TXN-0005400,Daniel Davis,Beauty & Personal Care,988.74,1,988.74,4.7,Canada,2024-08-15 11:40:10
TXN-0003608,Mary Martinez,Home & Kitchen,852.09,1,852.09,4.6,United States,2023-09-27 04:54:31
TXN-0004946,Elizabeth Thomas,Sports & Outdoors,906.04,4,3624.16,1.6,United Kingdom,2024-02-15 07:37:15
TXN-0000045,William Johnson,Toys & Games,782.28,4,3129.12,2.5,United States,2023-02-24 08:24:22
TXN-0008255,Patricia Lee,Automotive,1083.32,3,3249.96,1.4,France,2023-10-09 04:14:14
TXN-0006904,Daniel Miller,Toys & Games,269.32,2,538.64,2.1,Canada,2024-08-11 16:00:40
TXN-0010898,David Davis,Electronics,923.23,4,3692.92,3.2,Canada,2023-08-20 13:00:24
TXN-0011531,David Taylor,Sports & Outdoors,1409.33,2,2818.66,2.6,Australia,2024-03-21 00:00:00
TXN-0002910,Michael Martinez,Books,917.99,7,6425.93,3.3,Australia,2023-12-09 00:00:00
TXN-0008602,Elizabeth Perez,Beauty & Personal Care,1206.61,5,6033.05,3.8,India,2023-10-09 10:52:06
TXN-0007829,John Gonzalez,Beauty & Personal Care,791.51,7,5540.57,2.4,Australia,2023-03-05 08:30:58
TXN-0002214,Richard Gonzalez,Books,733.58,3,2200.74,2.4,Netherlands,2024-09-05 11:56:38
TXN-0001327,Jessica Lee,Apparel,725.67,8,5805.36,4.6,Brazil,2023-01-12 01:18:53
TXN-0006102,Michael Lopez,Beauty & Personal Care,82.44,3,247.32,2.4,Germany,2023-07-16 02:36:57
TXN-0005688,Patricia Perez,Sports & Outdoors,156.99,6,941.94,1.4,Australia,2024-03-28 09:06:07
TXN-0008307,Linda Perez,Electronics,751.66,2,1503.32,3.0,Japan,2023-05-15 17:04:09
TXN-0006372,Barbara Brown,Home & Kitchen,225.99,3,677.97,4.4,India,2024-12-31 00:00:00
TXN-0002445,Daniel Anderson,Toys & Games,1260.91,2,2521.82,4.8,United Kingdom,2023-08-25 20:51:36
TXN-0006543,Daniel Jones,Books,445.46,4,1781.84,2.5,Australia,2024-12-24 05:22:31
TXN-0009960,Jennifer Taylor,Electronics,300.16,4,1200.64,4.6,India,2024-11-06 00:43:53
TXN-0000611,Lisa Thompson,Automotive,890.28,8,7122.24,2.3,Canada,2023-03-17 20:24:02
TXN-0006727,Nancy Perez,Sports & Outdoors,33.42,8,267.36,4.0,United Kingdom,2023-11-06 00:56:28
TXN-0001534,Charles Johnson,Home & Kitchen,1066.3,8,8530.4,1.8,France,2023-07-27 00:00:00
TXN-0002297,Sarah Jackson,Electronics,138.75,5,693.75,1.1,Canada,2023-01-11 06:11:02
TXN-0011203,William Taylor,Apparel,166.01,5,830.05,2.5,France,2024-08-05 20:55:34
TXN-0008380,Richard Moore,Apparel,837.06,6,5022.36,2.4,Germany,2024-06-03 23:07:57
TXN-0007107,Sarah Williams,Automotive,1374.47,2,2748.94,2.4,Australia,2024-04-02 22:41:25
TXN-0011189,Daniel Lopez,Sports & Outdoors,374.85,3,1124.55,3.2,Australia,2024-07-14 17:51:06
TXN-0012431,Mary Anderson,Toys & Games,732.27,5,3661.35,1.6,Japan,2023-08-01 13:13:36
TXN-0007812,Sarah White,Toys & Games,726.81,2,1453.62,3.5,Japan,2023-10-18 18:49:51
TXN-0005557,Robert Perez,Books,768.0,7,5376.0,4.5,United Kingdom,2023-09-19 18:03:25
TXN-0004374,David Davis,Sports & Outdoors,1373.13,4,5492.52,1.8,United States,2023-03-21 01:51:33
TXN-0000111,John Martinez,Beauty & Personal Care,267.58,3,802.74,4.1,Japan,2024-11-11 18:24:34
TXN-0008395,Barbara Thompson,Automotive,106.09,1,106.09,2.4,Japan,2023-04-19 18:15:42
TXN-0001310,Joseph Garcia,Apparel,436.17,6,2617.02,4.1,Japan,2024-05-24 16:16:46
TXN-0009168,Charles Taylor,Home & Kitchen,506.21,3,1518.63,3.2,Germany,2023-07-13 17:16:33
TXN-0008076,Linda Wilson,Electronics,1048.37,4,4193.48,2.1,Japan,2023-10-16 06:08:11
TXN-0008467,Barbara Martinez,Electronics,1309.82,7,9168.74,1.7,Canada,2023-08-07 13:04:56
TXN-0001200,Thomas Jones,Automotive,1350.31,8,10802.48,1.1,Germany,2023-04-04 19:40:02
TXN-0009062,Thomas Wilson,Apparel,1062.37,1,1062.37,1.6,India,2024-01-20 14:11:55
TXN-0008663,Patricia Rodriguez,Books,146.53,5,732.65,1.7,United States,2024-11-17 10:39:11
TXN-0000024,Barbara Wilson,Toys & Games,1296.44,1,1296.44,3.7,India,2024-05-16 00:00:00
TXN-0009858,Thomas Jackson,Toys & Games,548.45,3,1645.35,1.9,Germany,2023-06-26 21:53:43
TXN-0011329,Thomas Thomas,Books,126.49,5,632.45,3.9,United States,2024-03-05 01:02:37
TXN-0003746,Karen Thompson,Automotive,429.07,8,3432.56,4.2,United Kingdom,2023-04-17 20:28:30
TXN-0001055,Thomas Martin,Beauty & Personal Care,129.82,7,908.74,3.0,Australia,2023-07-24 03:27:30
TXN-0008128,Jessica Jones,Automotive,528.56,4,2114.24,1.1,Brazil,2024-07-03 06:55:05
TXN-0007778,Joseph Hernandez,Books,537.38,7,3761.66,2.0,Germany,2024-02-05 12:40:22
TXN-0005855,Nancy White,Home & Kitchen,293.93,8,2351.44,4.4,United States,2024-09-29 06:19:29
TXN-0010389,Jennifer Anderson,Books,594.82,6,3568.92,2.2,Japan,2024-05-17 22:20:38
TXN-0002751,Richard Miller,Electronics,96.91,8,775.28,4.6,Netherlands,2023-04-24 00:00:00
TXN-0004169,David Thomas,Automotive,202.94,7,1420.58,2.7,Australia,2023-08-13 23:49:23
TXN-0010031,Richard Anderson,Beauty & Personal Care,1156.5,4,4626.0,2.8,Germany,2024-04-06 05:52:34
TXN-0000785,Thomas Wilson,Toys & Games,699.66,5,3498.3,2.4,Canada,2024-03-30 19:46:35
TXN-0006905,Daniel Gonzalez,Home & Kitchen,1446.08,2,2892.16,1.5,Brazil,2023-02-19 05:24:36
TXN-0001540,Robert Martin,Beauty & Personal Care,950.88,3,2852.64,4.4,Brazil,2024-03-21 00:00:00
TXN-0009352,Nancy Wilson,Automotive,890.79,1,890.79,3.4,India,2024-12-26 07:00:30
TXN-0008237,Jessica Anderson,Home & Kitchen,1285.09,2,2570.18,3.8,France,2023-01-18 13:21:52
TXN-0006072,Linda Williams,Electronics,64.98,2,129.96,1.1,Canada,2024-06-12 23:18:48
TXN-0006180,Christopher Martin,Automotive,643.51,5,3217.55,4.0,Canada,2023-11-08 02:47:43
TXN-0001042,Sarah Thompson,Sports & Outdoors,755.3,4,3021.2,2.7,Netherlands,2023-05-02 18:58:32
TXN-0007116,Linda Martinez,Apparel,380.95,8,3047.6,2.7,Canada,2023-01-25 04:21:45
TXN-0004760,Jennifer Smith,Home & Kitchen,1466.42,2,2932.84,3.4,Japan,2024-03-01 07:01:16
TXN-0000034,James Perez,Sports & Outdoors,1408.7,3,4226.1,2.1,Canada,2024-11-22 01:26:49
TXN-0000944,Barbara Wilson,Automotive,1102.75,5,5513.75,3.4,Canada,2024-07-06 23:33:37
TXN-0007261,Karen Thompson,Toys & Games,110.82,2,221.64,3.6,Netherlands,2023-10-21 00:39:20
TXN-0009933,Susan Thompson,Books,413.92,1,413.92,1.5,Germany,2023-11-06 14:39:56
TXN-0009242,Michael Taylor,Books,1190.09,4,4760.36,3.3,India,2024-09-15 18:50:22
TXN-0001794,Jennifer Moore,Beauty & Personal Care,270.96,6,1625.76,2.6,India,2024-03-22 23:02:51
TXN-0003588,Joseph Lee,Beauty & Personal Care,1060.19,8,8481.52,3.1,France,2023-06-13 09:38:45
TXN-0006950,Joseph Taylor,Home & Kitchen,1087.41,6,6524.46,2.4,United Kingdom,2024-12-28 22:09:53
TXN-0005071,Lisa Johnson,Automotive,1049.45,2,2098.9,3.9,United Kingdom,2024-09-17 17:31:01
TXN-0000969,Mary Williams,Home & Kitchen,451.37,3,1354.11,2.7,Brazil,2024-05-26 00:00:00
TXN-0000166,Sarah White,Toys & Games,1165.38,4,4661.52,2.2,Canada,2023-02-07 02:06:51
TXN-0008835,Barbara Gonzalez,Toys & Games,281.67,3,845.01,4.0,Canada,2023-08-20 01:57:16
TXN-0011296,Nancy Lee,Electronics,370.88,4,1483.52,2.9,Germany,2024-11-09 14:19:33
TXN-0004425,Charles Hernandez,Electronics,55.43,6,332.58,3.6,Japan,2023-12-08 00:00:00
TXN-0005097,Michael Jackson,Beauty & Personal Care,589.74,7,4128.18,3.6,United States,2024-01-19 02:24:30
TXN-0011369,Michael Thompson,Beauty & Personal Care,245.48,7,1718.36,4.4,Germany,2024-11-12 04:23:06
TXN-0010648,David Wilson,Beauty & Personal Care,597.48,4,2389.92,1.8,Japan,2024-06-20 06:14:17
TXN-0009738,Barbara Lopez,Books,573.88,6,3443.28,1.2,Canada,2024-12-02 00:08:06
TXN-0007817,Elizabeth White,Home & Kitchen,568.02,5,2840.1,4.6,Germany,2023-12-15 20:42:47
TXN-0003196,Richard Johnson,Electronics,1001.88,2,2003.76,3.7,United States,2024-05-08 00:00:00
TXN-0011901,Linda Perez,Beauty & Personal Care,123.07,7,861.49,3.5,Netherlands,2024-05-27 07:59:03
TXN-0005397,Barbara Jackson,Beauty & Personal Care,1454.25,8,11634.0,2.9,Brazil,2023-02-17 20:05:41
TXN-0002810,David Davis,Home & Kitchen,1363.74,5,6818.7,4.1,United Kingdom,2024-06-17 08:21:18
TXN-0008986,Lisa Smith,Sports & Outdoors,713.37,7,4993.59,4.1,Germany,2023-01-20 23:20:26
TXN-0009971,Richard Thompson,Home & Kitchen,876.38,6,5258.28,2.2,Australia,2024-03-22 00:00:00
TXN-0005986,Daniel Smith,Sports & Outdoors,403.36,8,3226.88,3.7,Canada,2023-03-11 22:47:39
TXN-0009422,Daniel Lee,Toys & Games,1312.9,2,2625.8,4.8,Canada,2024-04-02 12:06:02
TXN-0007806,Joseph Jones,Automotive,173.04,5,865.2,3.7,Brazil,2024-07-16 04:06:34
TXN-0005910,Lisa Brown,Electronics,364.18,3,1092.54,1.8,India,2023-05-21 03:42:13
TXN-0003238,Christopher Martinez,Books,1382.24,1,1382.24,4.8,Australia,2024-10-22 20:40:55
TXN-0012332,Barbara Garcia,Automotive,732.52,8,5860.16,1.8,United Kingdom,2023-05-15 12:23:56
TXN-0007981,Mary Wilson,Beauty & Personal Care,1079.66,8,8637.28,3.1,France,2024-07-10 00:00:00
TXN-0005512,James Lopez,Automotive,1131.04,3,3393.12,1.5,Netherlands,2024-09-15 07:17:53
TXN-0009636,Elizabeth Thompson,Books,868.49,1,868.49,3.5,Germany,2023-12-29 19:41:58
TXN-0007190,David Jones,Toys & Games,76.77,7,537.39,3.7,United Kingdom,2024-03-20 17:24:55
TXN-0006648,Jessica Lee,Apparel,181.11,3,543.33,4.8,Canada,2024-03-21 00:00:00
TXN-0010935,James Perez,Books,905.35,6,5432.1,2.9,Japan,2023-09-27 07:13:10
TXN-0004075,Karen Martinez,Home & Kitchen,536.53,4,2146.12,3.0,Brazil,2024-11-29 15:10:05
TXN-0010109,William Williams,Automotive,39.52,2,79.04,3.4,Canada,2024-09-05 01:26:22
TXN-0001728,Patricia Anderson,Toys & Games,1081.83,1,1081.83,1.0,Brazil,2023-05-24 13:27:31
TXN-0000646,David Williams,Automotive,973.45,3,2920.35,3.2,France,2023-10-26 09:19:47
TXN-0011371,Sarah Perez,Electronics,1021.18,7,7148.26,3.5,United States,2023-03-13 02:53:38
TXN-0009428,Lisa Williams,Toys & Games,440.62,6,2643.72,3.5,Japan,2024-12-31 00:00:00
TXN-0009930,Patricia Martinez,Home & Kitchen,147.75,1,147.75,4.3,Canada,2023-08-17 20:45:53
TXN-0007148,Christopher White,Apparel,86.54,2,173.08,2.4,Brazil,2024-05-02 23:19:58
TXN-0000724,Jennifer Gonzalez,Beauty & Personal Care,457.62,2,915.24,4.0,United Kingdom,2024-05-28 11:26:08
TXN-0002997,Daniel Taylor,Beauty & Personal Care,669.45,3,2008.35,4.2,Japan,2023-10-11 01:28:54
TXN-0005178,Joseph Rodriguez,Books,79.95,8,639.6,3.2,Australia,2023-05-12 15:24:49
TXN-0006282,Daniel Brown,Electronics,1173.61,3,3520.83,2.4,India,2023-12-17 19:35:53
TXN-0004602,Sarah Perez,Sports & Outdoors,487.18,1,487.18,2.7,Japan,2024-08-25 00:00:00
TXN-0006685,Linda Miller,Home & Kitchen,1481.32,4,5925.28,1.3,Netherlands,2023-05-01 19:15:25
TXN-0004775,Joseph Martin,Electronics,1158.18,5,5790.9,3.2,Australia,2024-06-03 00:00:00
TXN-0010010,Patricia Jones,Apparel,292.38,6,1754.28,2.2,India,2023-03-09 22:31:24
TXN-0009218,William Jones,Sports & Outdoors,782.62,5,3913.1,1.4,France,2023-12-18 04:53:28
TXN-0008409,Jennifer Jackson,Books,620.53,2,1241.06,3.3,Germany,2023-12-09 18:46:14
TXN-0006690,Jessica Jones,Sports & Outdoors,1120.47,2,2240.94,4.4,Netherlands,2023-07-29 00:00:00
TXN-0001777,James Thomas,Toys & Games,1022.71,2,2045.42,2.8,Japan,2024-06-27 00:00:00
TXN-0006743,Lisa Jackson,Beauty & Personal Care,275.97,8,2207.76,1.5,Germany,2024-09-14 00:00:00
TXN-0001682,Michael Garcia,Home & Kitchen,1082.72,7,7579.04,2.0,France,2024-09-16 22:42:15
TXN-0001979,John Hernandez,Home & Kitchen,325.83,3,977.49,4.6,Australia,2023-09-27 13:00:21
TXN-0007211,Susan Lee,Sports & Outdoors,485.65,8,3885.2,4.3,Canada,2024-11-22 11:59:09
TXN-0008479,Jessica Jones,Automotive,827.44,2,1654.88,3.1,Japan,2023-03-21 11:29:24
TXN-0011074,Barbara Martinez,Toys & Games,350.39,8,2803.12,1.5,Germany,2024-05-23 05:11:07
TXN-0008046,Karen Moore,Home & Kitchen,357.74,2,715.48,3.0,India,2024-02-12 18:42:32
TXN-0010832,Mary Wilson,Electronics,347.66,4,1390.64,2.9,Japan,2024-12-31 00:00:00
TXN-0002822,Linda Smith,Books,898.58,2,1797.16,2.7,Netherlands,2024-01-19 18:09:58
TXN-0002596,Karen Lee,Beauty & Personal Care,876.06,3,2628.18,3.6,Australia,2024-01-13 11:05:33
TXN-0001166,Daniel Johnson,Beauty & Personal Care,1425.11,2,2850.22,4.6,Canada,2024-01-07 20:56:50
TXN-0000226,Thomas Miller,Apparel,495.54,8,3964.32,1.5,United Kingdom,2023-06-09 12:57:40
TXN-0001005,William Martin,Home & Kitchen,281.34,8,2250.72,2.5,Japan,2023-08-25 00:00:00
TXN-0004523,Jessica Jones,Home & Kitchen,865.31,2,1730.62,2.6,India,2023-05-10 00:00:00
TXN-0003622,Joseph Rodriguez,Home & Kitchen,642.43,4,2569.72,3.7,Japan,2023-09-22 19:11:35
TXN-0000122,Charles Miller,Home & Kitchen,314.7,4,1258.8,4.3,Brazil,2023-06-30 23:24:36
TXN-0006374,Thomas Martinez,Beauty & Personal Care,714.71,1,714.71,4.7,Canada,2023-04-08 16:23:34
TXN-0000102,Jessica Moore,Electronics,107.29,5,536.45,5.0,Netherlands,2024-08-03 00:00:00
TXN-0011930,John White,Sports & Outdoors,561.86,8,4494.88,4.0,Japan,2023-12-20 21:05:55
TXN-0006706,Jennifer Thomas,Sports & Outdoors,121.29,5,606.45,1.2,United Kingdom,2024-07-30 00:28:16
TXN-0002613,Patricia Perez,Electronics,175.24,4,700.96,2.0,Canada,2023-08-27 06:11:02
TXN-0011673,Patricia Garcia,Electronics,138.18,2,276.36,2.1,United Kingdom,2023-02-25 17:51:36
TXN-0000188,Nancy Taylor,Beauty & Personal Care,1317.55,3,3952.65,4.1,United Kingdom,2023-04-11 05:20:55
TXN-0007470,Jessica Williams,Apparel,708.11,5,3540.55,1.3,United States,2023-03-23 23:25:59
TXN-0007208,Susan Lopez,Toys & Games,814.89,1,814.89,2.1,Australia,2024-05-09 06:10:24
TXN-0004976,Christopher Davis,Sports & Outdoors,983.92,2,1967.84,4.5,Japan,2023-03-05 09:57:59
TXN-0008495,James Miller,Electronics,1031.52,6,6189.12,2.2,Japan,2023-03-14 00:00:00
TXN-0008100,Joseph White,Books,818.53,3,2455.59,3.7,United States,2024-11-12 00:00:00
TXN-0000543,Daniel Thompson,Home & Kitchen,965.17,1,965.17,3.9,Netherlands,2024-03-23 14:42:24
TXN-0004554,Jessica Jones,Books,1123.62,8,8988.96,2.6,Netherlands,2024-07-26 00:00:00
TXN-0006411,Jessica Hernandez,Beauty & Personal Care,1190.2,3,3570.6,4.6,United States,2024-03-06 18:34:33
TXN-0004146,Susan Lopez,Electronics,1367.21,5,6836.05,1.6,United Kingdom,2023-06-14 05:53:16
TXN-0009509,Nancy Wilson,Electronics,656.94,1,656.94,4.8,Australia,2023-09-05 00:00:00
TXN-0008212,James Garcia,Apparel,1463.65,7,10245.55,2.4,Australia,2023-09-04 00:00:00
TXN-0009020,Joseph Smith,Automotive,467.32,3,1401.96,4.6,Netherlands,2023-09-24 10:21:42
TXN-0009533,Michael Taylor,Home & Kitchen,1041.65,5,5208.25,3.8,Brazil,2024-02-09 00:00:00
TXN-0001787,John Martin,Home & Kitchen,744.87,8,5958.96,2.5,India,2023-04-27 10:39:24
TXN-0003234,Joseph Smith,Electronics,434.65,6,2607.9,3.2,Brazil,2023-03-19 13:22:59
TXN-0008961,Joseph Williams,Home & Kitchen,1307.14,1,1307.14,3.7,United States,2023-07-08 09:11:11
TXN-0011353,Christopher Moore,Apparel,124.83,1,124.83,3.1,Brazil,2024-03-04 07:13:06
TXN-0001869,Susan Gonzalez,Sports & Outdoors,619.28,7,4334.96,4.8,Canada,2023-04-26 07:07:10
TXN-0010437,Joseph Jones,Sports & Outdoors,1285.58,6,7713.48,4.6,Australia,2023-04-23 00:00:00
TXN-0008208,Thomas Johnson,Home & Kitchen,1299.49,8,10395.92,4.5,Brazil,2023-10-01 05:52:59
TXN-0002391,Susan Williams,Automotive,1288.23,2,2576.46,3.0,Australia,2023-12-09 00:00:00
TXN-0011511,Nancy Garcia,Beauty & Personal Care,1405.1,6,8430.6,3.1,Netherlands,2024-10-09 03:47:16
TXN-0000678,Karen Johnson,Beauty & Personal Care,267.02,2,534.04,3.2,Australia,2024-08-23 20:29:33
TXN-0004275,Elizabeth Davis,Beauty & Personal Care,637.68,4,2550.72,4.1,Japan,2024-07-25 00:00:00
TXN-0007239,Linda Martinez,Books,950.97,1,950.97,4.1,United Kingdom,2024-12-18 18:07:43
TXN-0005342,Jessica Johnson,Apparel,231.56,1,231.56,3.4,Netherlands,2024-10-01 04:26:34
TXN-0010769,Jennifer Williams,Sports & Outdoors,421.63,5,2108.15,3.8,United Kingdom,2024-12-31 00:00:00
TXN-0001523,Richard Brown,Sports & Outdoors,48.08,7,336.56,1.8,India,2023-03-29 00:00:00
TXN-0010015,Joseph Jones,Electronics,1246.43,3,3739.29,1.7,Brazil,2023-12-14 07:12:37
TXN-0010792,Christopher Davis,Beauty & Personal Care,781.48,2,1562.96,2.1,United Kingdom,2023-06-11 15:34:57
TXN-0003960,Nancy Martinez,Electronics,1400.98,4,5603.92,2.3,Australia,2024-07-11 14:22:05
TXN-0008177,Richard White,Beauty & Personal Care,169.67,8,1357.36,4.1,Australia,2023-02-11 00:09:57
TXN-0008115,Charles Wilson,Apparel,251.62,8,2012.96,3.3,Brazil,2024-12-31 00:00:00
TXN-0001412,Elizabeth Davis,Electronics,727.49,8,5819.92,2.7,Netherlands,2024-03-04 03:36:00
TXN-0000318,Jessica Anderson,Beauty & Personal Care,751.92,3,2255.76,2.5,United States,2023-07-18 03:42:30
TXN-0003257,Daniel Gonzalez,Electronics,377.98,4,1511.92,4.7,France,2024-02-05 13:48:18
TXN-0004377,Lisa Martin,Beauty & Personal Care,112.58,6,675.48,2.1,Germany,2024-11-18 15:06:34
TXN-0008997,John Brown,Automotive,480.56,6,2883.36,3.1,Australia,2024-03-20 13:46:45
TXN-0005957,Joseph Smith,Sports & Outdoors,1115.13,8,8921.04,1.5,Brazil,2024-06-30 05:44:17
TXN-0009913,John Perez,Books,166.24,2,332.48,3.6,France,2023-04-29 04:31:55
TXN-0000516,Elizabeth Brown,Automotive,681.89,8,5455.12,1.8,Netherlands,2023-01-16 01:33:23
TXN-0003327,Linda Taylor,Electronics,234.02,5,1170.1,4.4,Canada,2024-02-15 02:22:10
TXN-0004371,Christopher Thomas,Apparel,616.26,5,3081.3,3.8,Japan,2024-04-13 18:46:13
TXN-0007328,Nancy Moore,Electronics,1119.0,3,3357.0,4.7,United States,2023-12-16 15:55:07
TXN-0004122,Lisa Thomas,Apparel,292.61,1,292.61,4.3,Japan,2023-06-07 07:25:41
TXN-0008386,Richard Rodriguez,Sports & Outdoors,135.16,6,810.96,3.5,Japan,2023-01-22 00:00:00
TXN-0003609,Barbara Anderson,Automotive,673.37,4,2693.48,3.3,Netherlands,2024-02-13 02:49:20
TXN-0007876,Joseph Davis,Beauty & Personal Care,605.16,7,4236.12,3.8,Germany,2023-08-11 21:24:35
TXN-0005920,Patricia Moore,Sports & Outdoors,926.13,3,2778.39,4.8,United Kingdom,2024-07-28 15:52:28
TXN-0007723,Richard Miller,Home & Kitchen,49.24,4,196.96,1.7,Japan,2024-03-11 10:18:50
TXN-0012216,Thomas Hernandez,Toys & Games,580.9,8,4647.2,4.0,Canada,2024-06-13 00:30:00
TXN-0003489,Sarah Thompson,Beauty & Personal Care,738.14,2,1476.28,3.4,United States,2023-03-07 00:49:42
TXN-0002985,John Perez,Home & Kitchen,1456.25,7,10193.75,3.7,France,2024-12-22 05:19:37
TXN-0005026,Richard Jackson,Electronics,1311.97,6,7871.82,3.0,United States,2023-06-11 22:44:04
TXN-0001201,Daniel Thomas,Home & Kitchen,311.23,7,2178.61,1.1,United Kingdom,2024-12-31 00:00:00
TXN-0004817,John Garcia,Books,916.33,4,3665.32,3.4,India,2024-02-24 11:12:07
TXN-0002953,Mary Jackson,Home & Kitchen,99.65,6,597.9,1.6,United Kingdom,2024-12-03 15:01:00
TXN-0006019,Patricia Williams,Beauty & Personal Care,222.94,2,445.88,1.4,France,2024-11-30 00:02:09
TXN-0010043,Karen Moore,Automotive,1479.02,4,5916.08,2.3,Netherlands,2024-02-06 14:25:41
TXN-0002271,John Thompson,Apparel,980.66,8,7845.28,3.4,United Kingdom,2024-08-18 18:59:45
TXN-0004586,Jennifer Miller,Electronics,1468.25,6,8809.5,2.7,Japan,2023-11-16 14:18:48
TXN-0006133,Jennifer Jackson,Automotive,201.65,4,806.6,3.8,United Kingdom,2024-07-13 08:55:23
TXN-0009124,Patricia Lopez,Toys & Games,891.18,1,891.18,3.0,India,2024-03-01 23:28:25
TXN-0011014,David Anderson,Sports & Outdoors,299.49,1,299.49,4.1,Japan,2023-08-15 01:02:40
TXN-0002845,Charles Thompson,Sports & Outdoors,645.47,3,1936.41,1.2,India,2023-01-18 23:15:47
TXN-0012103,William White,Sports & Outdoors,178.5,5,892.5,4.5,Canada,2024-09-11 01:13:50
TXN-0002486,Mary Johnson,Toys & Games,203.91,8,1631.28,2.4,United States,2024-09-24 19:37:20
TXN-0010574,Karen Rodriguez,Books,725.48,3,2176.44,4.5,Netherlands,2023-04-16 11:29:06
TXN-0008420,Nancy Anderson,Beauty & Personal Care,730.9,6,4385.4,1.2,Japan,2024-02-19 04:47:46
TXN-0006591,Nancy Jackson,Automotive,127.75,4,511.0,1.5,Japan,2023-03-21 11:56:29
TXN-0001104,Lisa Wilson,Books,136.58,6,819.48,4.3,United Kingdom,2024-02-22 12:48:51
TXN-0007507,Barbara Hernandez,Apparel,47.13,1,47.13,4.0,Australia,2023-05-30 11:38:35
TXN-0009868,Elizabeth Jackson,Apparel,1153.38,7,8073.66,3.6,Netherlands,2024-02-10 01:51:57
TXN-0005872,Joseph Johnson,Apparel,1372.57,7,9607.99,4.4,France,2024-02-12 22:49:48
TXN-0004312,David Lopez,Automotive,1306.36,4,5225.44,1.5,Netherlands,2023-05-26 13:22:20
TXN-0011990,Richard Anderson,Books,554.61,4,2218.44,2.4,Brazil,2024-04-12 09:45:45
TXN-0003891,Richard Hernandez,Toys & Games,329.51,4,1318.04,3.4,Japan,2024-06-10 16:56:57
TXN-0011380,Christopher Martinez,Sports & Outdoors,1230.97,1,1230.97,2.4,France,2023-10-17 09:49:35
TXN-0004391,Jennifer Hernandez,Sports & Outdoors,172.64,4,690.56,3.2,United States,2024-10-18 22:03:15
TXN-0009139,William Miller,Automotive,468.14,4,1872.56,2.7,United Kingdom,2023-12-29 13:07:24
TXN-0002788,David Thomas,Books,109.61,3,328.83,3.4,Netherlands,2024-11-01 06:58:06
TXN-0002516,Robert Lopez,Electronics,1246.46,1,1246.46,4.4,Japan,2023-07-10 09:11:11
TXN-0004889,John Jones,Electronics,927.15,7,6490.05,1.4,Japan,2024-04-29 20:36:11
TXN-0000007,Elizabeth Williams,Books,573.29,8,4586.32,3.5,Canada,2023-10-11 08:57:53
TXN-0009558,David Williams,Toys & Games,232.82,5,1164.1,2.2,Australia,2023-08-12 23:20:22
TXN-0008444,Christopher Jackson,Apparel,1379.03,4,5516.12,2.8,United Kingdom,2024-07-29 21:50:01
TXN-0006959,Sarah Martin,Apparel,752.31,4,3009.24,4.8,United States,2024-06-27 08:35:17
TXN-0010841,Robert Wilson,Books,1262.15,6,7572.9,2.9,India,2023-03-13 12:51:43
TXN-0010507,Richard Miller,Sports & Outdoors,703.46,5,3517.3,4.9,France,2023-08-20 19:00:05
TXN-0010999,Christopher Jones,Home & Kitchen,128.27,3,384.81,1.8,United States,2023-12-28 00:00:00
TXN-0011688,Richard Wilson,Electronics,653.62,5,3268.1,4.3,Netherlands,2024-02-09 21:44:00
TXN-0001972,Daniel Johnson,Toys & Games,676.23,6,4057.38,2.4,Australia,2023-10-10 21:35:29
TXN-0012145,Thomas Davis,Automotive,596.32,5,2981.6,4.8,France,2024-01-26 00:07:04
TXN-0004600,Jennifer Taylor,Home & Kitchen,818.94,7,5732.58,1.0,Japan,2023-10-21 21:54:57
TXN-0004234,Mary Taylor,Toys & Games,1314.08,6,7884.48,1.8,United Kingdom,2024-11-20 00:00:00
TXN-0007372,William Martin,Home & Kitchen,266.52,4,1066.08,1.6,Netherlands,2024-03-15 19:46:38
TXN-0005737,Daniel Davis,Sports & Outdoors,945.72,3,2837.16,4.9,India,2024-06-18 10:09:28
TXN-0003814,William Smith,Automotive,1290.26,5,6451.3,4.2,United Kingdom,2023-10-03 03:17:03
TXN-0008372,Sarah Lopez,Home & Kitchen,543.74,5,2718.7,2.8,Canada,2024-10-06 18:47:25
TXN-0000970,Mary Taylor,Sports & Outdoors,670.16,8,5361.28,3.8,Brazil,2024-02-10 23:12:18
TXN-0010916,Thomas Gonzalez,Apparel,788.36,6,4730.16,2.1,Canada,2024-09-03 00:00:00
TXN-0000947,Nancy Thompson,Home & Kitchen,655.17,1,655.17,1.6,Canada,2024-12-22 13:12:24
TXN-0000900,Thomas Hernandez,Toys & Games,251.43,4,1005.72,3.0,India,2023-12-25 00:00:00
TXN-0005755,Barbara Anderson,Automotive,826.92,4,3307.68,2.4,Australia,2023-04-03 15:38:04
TXN-0010172,James Lopez,Home & Kitchen,1497.32,5,7486.6,2.8,Canada,2023-09-04 15:08:46
TXN-0011160,Charles White,Electronics,1288.38,3,3865.14,1.1,Netherlands,2023-10-06 00:44:42
TXN-0001377,David Thompson,Automotive,472.45,5,2362.25,4.0,Netherlands,2024-12-31 00:00:00
TXN-0006275,James Anderson,Beauty & Personal Care,478.68,2,957.36,1.4,United States,2024-07-10 14:21:06
TXN-0008621,Patricia Taylor,Apparel,337.37,1,337.37,4.1,India,2024-12-31 00:00:00
TXN-0001525,Barbara Anderson,Electronics,852.44,5,4262.2,1.9,Germany,2023-01-19 11:53:51
TXN-0010868,Susan Wilson,Sports & Outdoors,1267.83,6,7606.98,1.1,Canada,2024-01-03 10:14:35
TXN-0007924,Barbara Miller,Automotive,492.16,8,3937.28,4.9,Australia,2023-12-28 05:48:36
TXN-0004540,William Thomas,Home & Kitchen,1245.93,1,1245.93,5.0,Canada,2023-01-26 06:39:15
TXN-0000541,William Moore,Apparel,61.42,6,368.52,1.6,Canada,2023-07-25 19:44:15
TXN-0006258,Barbara Smith,Books,89.01,6,534.06,4.0,Brazil,2024-11-29 09:54:10
TXN-0002307,Christopher Rodriguez,Sports & Outdoors,1198.61,3,3595.83,1.9,Germany,2023-11-04 00:12:21
TXN-0008286,Michael Hernandez,Electronics,1394.47,6,8366.82,1.4,Brazil,2023-03-31 00:00:00
TXN-0011685,Nancy Williams,Automotive,1222.29,7,8556.03,3.8,United Kingdom,2024-09-10 13:02:56
TXN-0012026,Karen Jackson,Apparel,305.56,2,611.12,2.6,Australia,2023-03-17 17:42:11
TXN-0005580,Lisa White,Books,413.73,7,2896.11,2.6,United Kingdom,2024-12-31 00:00:00
TXN-0001285,John Hernandez,Toys & Games,641.44,5,3207.2,2.2,United Kingdom,2024-06-08 11:59:59
TXN-0010455,John Williams,Home & Kitchen,1308.7,8,10469.6,2.2,United States,2023-04-30 04:21:37
TXN-0008739,David Garcia,Sports & Outdoors,1240.86,5,6204.3,4.1,United States,2023-11-17 19:47:53
TXN-0005790,Susan Martinez,Sports & Outdoors,618.76,5,3093.8,4.2,Japan,2023-03-24 15:14:43
TXN-0007684,Michael Thompson,Sports & Outdoors,716.6,7,5016.2,4.0,Brazil,2024-11-04 00:02:26
TXN-0006926,Richard Wilson,Home & Kitchen,85.83,4,343.32,4.3,France,2024-02-23 11:30:03
TXN-0009739,William Moore,Sports & Outdoors,656.51,2,1313.02,3.5,Japan,2023-12-12 15:25:46
TXN-0010016,Christopher Rodriguez,Sports & Outdoors,64.05,4,256.2,4.5,Brazil,2024-09-11 02:08:44
TXN-0000070,Jennifer Thomas,Books,1197.76,6,7186.56,2.1,Australia,2024-04-08 01:08:05
TXN-0007197,Susan Williams,Automotive,202.72,6,1216.32,2.4,Canada,2023-02-12 23:17:26
TXN-0010965,John Martin,Home & Kitchen,1192.83,8,9542.64,3.1,Netherlands,2024-12-01 19:35:03
TXN-0006568,Christopher Lopez,Home & Kitchen,1206.07,6,7236.42,2.7,Canada,2023-06-19 10:39:12
TXN-0002448,Nancy Gonzalez,Sports & Outdoors,1114.71,3,3344.13,2.2,United Kingdom,2023-01-09 19:42:03
TXN-0005113,William Martinez,Sports & Outdoors,76.72,4,306.88,4.1,Netherlands,2023-08-13 10:02:16
TXN-0010473,Barbara Wilson,Toys & Games,884.75,7,6193.25,1.7,Germany,2024-04-07 00:58:28
TXN-0004168,Michael Jackson,Books,179.87,1,179.87,1.5,Australia,2024-04-17 00:21:24
TXN-0008773,Elizabeth Wilson,Toys & Games,8.29,2,16.58,1.2,Netherlands,2023-06-17 00:00:00
TXN-0003721,Elizabeth Wilson,Apparel,1368.49,2,2736.98,4.3,United States,2023-09-23 09:25:31
TXN-0005052,David Moore,Books,1074.94,8,8599.52,3.0,Germany,2024-03-28 10:47:01
TXN-0000088,Susan Lee,Automotive,707.67,7,4953.69,2.3,Canada,2024-04-06 00:00:00
TXN-0003660,Barbara Anderson,Sports & Outdoors,1248.67,7,8740.69,2.4,Netherlands,2024-09-04 00:00:00
TXN-0006817,Jennifer Thomas,Sports & Outdoors,175.37,3,526.11,3.4,Brazil,2023-11-17 04:50:05
TXN-0010055,Charles Thomas,Books,1165.89,7,8161.23,3.2,United Kingdom,2024-01-11 00:00:00
TXN-0004849,Michael Williams,Apparel,1187.66,5,5938.3,5.0,Canada,2024-07-07 18:53:07
TXN-0007345,Joseph Hernandez,Books,1283.88,6,7703.28,2.0,Netherlands,2023-06-13 03:29:06
TXN-0008096,Linda Garcia,Books,392.49,4,1569.96,3.4,Canada,2024-11-25 20:59:36
TXN-0011332,Robert Martin,Apparel,1002.84,1,1002.84,2.0,Germany,2024-06-16 06:16:23
TXN-0009974,Charles Martin,Books,1236.31,3,3708.93,3.5,Germany,2024-04-29 02:49:01
TXN-0008641,Elizabeth Davis,Apparel,183.36,4,733.44,4.9,United States,2023-04-28 07:45:22
TXN-0010174,Susan Perez,Beauty & Personal Care,113.44,1,113.44,4.5,Germany,2024-08-20 00:00:00
TXN-0005223,Barbara Davis,Electronics,95.39,3,286.17,2.1,Germany,2023-02-20 18:04:21
TXN-0006899,Christopher Gonzalez,Home & Kitchen,372.4,4,1489.6,1.0,Australia,2024-03-08 07:55:34
TXN-0001764,Robert White,Toys & Games,1008.73,3,3026.19,2.4,Japan,2024-03-07 10:36:30
TXN-0003690,Patricia Moore,Toys & Games,1291.81,1,1291.81,4.0,Brazil,2023-01-21 11:56:12
TXN-0010640,Elizabeth Smith,Apparel,893.41,2,1786.82,3.8,United States,2024-07-20 23:45:51
TXN-0009984,James Moore,Books,281.68,7,1971.76,4.7,Canada,2024-05-23 12:50:56
TXN-0005712,James Wilson,Apparel,707.97,6,4247.82,2.9,France,2023-09-07 05:49:40
TXN-0006909,Karen Rodriguez,Electronics,745.44,5,3727.2,3.3,Germany,2024-06-23 00:00:00
TXN-0010703,Joseph Thompson,Home & Kitchen,1136.16,2,2272.32,1.9,United Kingdom,2024-06-17 10:04:22
TXN-0007467,Michael Brown,Apparel,1164.94,2,2329.88,2.2,Canada,2023-04-13 19:06:47
TXN-0011431,William Smith,Beauty & Personal Care,208.88,3,626.64,2.6,Netherlands,2023-09-01 02:47:03
TXN-0003885,Nancy Gonzalez,Electronics,902.01,2,1804.02,4.1,Canada,2024-12-12 13:51:02
TXN-0005336,Elizabeth White,Electronics,605.06,7,4235.42,1.6,Netherlands,2024-07-12 00:00:00
TXN-0010936,Christopher Garcia,Home & Kitchen,952.9,3,2858.7,3.1,United Kingdom,2023-02-10 03:03:59
TXN-0004818,Jennifer Anderson,Home & Kitchen,641.42,6,3848.52,2.0,France,2023-09-03 23:44:55
TXN-0011699,Jessica Gonzalez,Electronics,650.17,6,3901.02,4.1,Japan,2023-07-20 23:50:48
TXN-0006574,Susan Jackson,Home & Kitchen,1087.92,8,8703.36,4.2,France,2023-01-12 13:08:01
TXN-0002087,Mary Martinez,Sports & Outdoors,652.09,5,3260.45,2.5,Netherlands,2023-02-19 18:41:32
TXN-0005367,Robert Taylor,Home & Kitchen,1480.96,8,11847.68,1.7,United States,2023-09-23 07:15:54
TXN-0009108,Lisa Lopez,Apparel,1196.87,8,9574.96,2.9,Australia,2024-12-14 21:22:22
TXN-0007101,Elizabeth Davis,Automotive,1200.99,3,3602.97,3.9,Japan,2024-12-13 00:00:00
TXN-0010136,Thomas Moore,Beauty & Personal Care,534.56,2,1069.12,3.3,Canada,2023-09-15 22:26:40
TXN-0010846,Robert Davis,Home & Kitchen,502.32,7,3516.24,2.1,Japan,2024-12-24 00:00:00
TXN-0011201,Barbara Perez,Books,334.75,7,2343.25,2.5,France,2024-10-21 00:00:00
TXN-0011333,Karen Williams,Electronics,640.82,6,3844.92,2.1,United Kingdom,2023-02-20 22:28:42
TXN-0002256,Charles White,Books,913.85,3,2741.55,4.3,Japan,2024-09-02 01:20:48
TXN-0012448,Robert Hernandez,Toys & Games,1127.23,8,9017.84,4.0,Germany,2024-05-22 13:35:27
TXN-0009279,Barbara Lee,Beauty & Personal Care,734.68,2,1469.36,3.3,Japan,2023-04-14 10:54:10
TXN-0011218,Richard Martinez,Home & Kitchen,1223.4,2,2446.8,4.4,Canada,2024-03-17 03:38:51
TXN-0000556,James Williams,Toys & Games,996.16,6,5976.96,4.5,France,2023-01-15 19:38:44
TXN-0007286,Susan Martin,Toys & Games,587.73,1,587.73,4.1,France,2023-04-27 12:21:55
TXN-0010732,Charles Moore,Electronics,1187.52,4,4750.08,1.1,Australia,2024-11-17 10:44:36
TXN-0011791,Lisa Gonzalez,Books,247.81,5,1239.05,1.7,Canada,2023-05-09 12:22:41
TXN-0011122,Elizabeth White,Apparel,344.1,6,2064.6,4.7,India,2024-03-29 19:24:28
TXN-0003771,Robert Brown,Electronics,545.03,1,545.03,4.2,Japan,2023-08-17 12:49:19
TXN-0011336,Jennifer Smith,Automotive,273.16,6,1638.96,2.5,Australia,2024-08-13 19:14:56
TXN-0001981,Patricia Anderson,Books,698.22,1,698.22,4.7,United Kingdom,2024-07-04 03:36:46
TXN-0004000,Robert Rodriguez,Toys & Games,964.25,4,3857.0,4.4,United States,2023-05-12 17:11:54
TXN-0007926,Sarah Anderson,Apparel,616.75,7,4317.25,2.4,United States,2024-08-21 14:40:12
TXN-0009393,Jennifer Thompson,Apparel,1403.18,7,9822.26,4.7,Australia,2023-03-31 06:35:12
TXN-0007254,Mary Williams,Automotive,1445.86,3,4337.58,4.4,Germany,2024-05-04 21:44:19
TXN-0011289,Patricia Wilson,Sports & Outdoors,388.2,6,2329.2,4.8,Australia,2023-06-20 04:53:05
TXN-0008264,Jennifer Garcia,Electronics,774.09,2,1548.18,4.3,India,2023-09-14 13:44:08
TXN-0002858,Richard White,Books,1149.43,3,3448.29,4.0,Canada,2023-04-23 14:22:40
TXN-0002286,Nancy Garcia,Electronics,545.6,1,545.6,2.7,Germany,2024-12-25 09:50:40
TXN-0001690,James Wilson,Beauty & Personal Care,1131.22,3,3393.66,1.1,Australia,2023-03-17 17:44:24
TXN-0002609,Susan Hernandez,Beauty & Personal Care,1014.54,3,3043.62,1.7,United States,2024-07-29 00:00:00
TXN-0009698,Susan Rodriguez,Apparel,20.98,1,20.98,4.0,France,2023-03-23 21:20:00
TXN-0010314,Daniel Thomas,Toys & Games,153.4,2,306.8,3.7,Germany,2023-02-18 16:16:31
TXN-0000671,Robert Jackson,Electronics,1470.38,1,1470.38,5.0,Japan,2024-07-23 16:59:21
TXN-0012364,Susan Martin,Sports & Outdoors,16.09,7,112.63,2.9,Australia,2024-11-18 01:33:28
TXN-0009148,Joseph Lee,Sports & Outdoors,512.63,8,4101.04,4.3,France,2024-05-09 04:00:29
TXN-0004995,Mary Johnson,Electronics,518.39,5,2591.95,2.6,United Kingdom,2023-07-25 20:19:02
TXN-0007993,Barbara Thompson,Automotive,1098.15,1,1098.15,3.7,United Kingdom,2023-06-06 00:00:00
TXN-0011686,Thomas Wilson,Home & Kitchen,1424.68,3,4274.04,4.9,Australia,2023-01-23 11:36:58
TXN-0006637,Barbara White,Books,1289.0,3,3867.0,3.1,Netherlands,2023-01-15 08:46:17
TXN-0003415,Patricia Wilson,Home & Kitchen,311.02,5,1555.1,2.8,India,2024-05-29 09:29:44
TXN-0011076,William Garcia,Toys & Games,968.84,1,968.84,4.6,Japan,2023-06-28 04:49:57
TXN-0009720,Karen Thomas,Toys & Games,1093.54,4,4374.16,1.5,India,2024-02-03 00:00:00
TXN-0002178,Sarah Davis,Beauty & Personal Care,736.2,2,1472.4,4.9,United States,2023-08-12 06:49:35
TXN-0002304,Karen Thomas,Apparel,1341.17,7,9388.19,2.0,United Kingdom,2024-01-16 21:54:18
TXN-0003428,Lisa Thomas,Automotive,89.48,2,178.96,3.5,United States,2023-09-22 13:55:58
TXN-0005298,Susan Miller,Toys & Games,1044.12,6,6264.72,5.0,Netherlands,2024-09-03 00:00:00
TXN-0011603,Susan Williams,Apparel,1477.37,4,5909.48,1.6,Brazil,2024-05-14 19:10:27
TXN-0007772,Sarah Lee,Sports & Outdoors,567.23,4,2268.92,1.6,Australia,2024-10-16 10:38:34
TXN-0008631,Mary Lopez,Apparel,892.01,2,1784.02,2.6,Brazil,2024-05-28 18:32:52
TXN-0000224,Jessica Jones,Automotive,563.57,8,4508.56,4.0,Netherlands,2024-09-14 22:16:12
TXN-0011163,Patricia Thomas,Books,10.72,8,85.76,1.3,United States,2023-07-02 20:57:23
TXN-0007137,John Smith,Beauty & Personal Care,92.0,2,184.0,2.9,United States,2023-03-23 11:25:24
TXN-0011454,Elizabeth Miller,Sports & Outdoors,689.6,2,1379.2,4.8,Australia,2023-10-26 17:30:22
TXN-0004095,Charles Hernandez,Electronics,26.12,2,52.24,4.1,France,2023-10-27 00:00:00
TXN-0004032,Michael Thompson,Books,980.94,2,1961.88,1.8,Germany,2024-06-11 04:09:51
TXN-0006378,James Smith,Apparel,1238.93,6,7433.58,3.2,Germany,2023-06-04 00:42:46
TXN-0012341,Sarah Brown,Apparel,427.89,3,1283.67,1.6,France,2024-11-07 08:29:59
TXN-0007567,James Johnson,Beauty & Personal Care,1260.44,6,7562.64,2.4,Japan,2023-09-07 00:00:00
TXN-0009649,Jessica Jackson,Automotive,491.1,3,1473.3,4.6,Brazil,2024-02-12 05:31:11
TXN-0010359,John Lee,Sports & Outdoors,1214.23,1,1214.23,2.2,Brazil,2024-03-15 23:35:43
TXN-0007406,Daniel Martinez,Toys & Games,963.04,7,6741.28,2.0,United States,2023-04-02 10:13:42
TXN-0011784,Joseph Hernandez,Electronics,432.13,6,2592.78,4.6,United States,2024-11-22 00:00:00
TXN-0004280,Patricia Jackson,Toys & Games,1291.65,8,10333.2,2.3,United Kingdom,2024-06-26 04:19:45
TXN-0003894,Jessica Rodriguez,Beauty & Personal Care,1141.15,4,4564.6,4.0,United States,2023-07-11 15:47:19
TXN-0010872,Elizabeth Johnson,Electronics,1097.03,5,5485.15,1.4,France,2024-03-06 00:00:00
TXN-0008778,Linda Smith,Home & Kitchen,1348.37,7,9438.59,2.9,Canada,2024-09-04 16:13:30
TXN-0011437,James Hernandez,Automotive,798.35,2,1596.7,1.7,United States,2024-05-08 10:16:56
TXN-0012041,Elizabeth Thomas,Beauty & Personal Care,370.17,8,2961.36,2.9,Netherlands,2024-01-01 23:27:17
TXN-0001029,Patricia Thomas,Apparel,340.66,5,1703.3,2.4,Canada,2024-04-23 05:25:10
TXN-0009163,William Brown,Sports & Outdoors,212.47,7,1487.29,2.1,Netherlands,2023-01-04 00:00:00
TXN-0006213,Linda Moore,Electronics,810.63,7,5674.41,4.9,Australia,2024-04-01 00:00:00
TXN-0009118,Thomas Jackson,Beauty & Personal Care,710.64,7,4974.48,4.6,United Kingdom,2024-03-23 00:00:00
TXN-0008492,Nancy Wilson,Toys & Games,1230.15,5,6150.75,4.9,United States,2024-11-28 07:11:56
TXN-0007005,Karen Wilson,Books,1278.97,6,7673.82,4.3,United States,2023-09-22 00:00:00
TXN-0000194,David Martin,Apparel,1292.92,6,7757.52,3.9,Australia,2024-10-30 14:03:11
TXN-0008842,James Wilson,Sports & Outdoors,1165.75,8,9326.0,1.5,Germany,2024-06-09 10:18:44
TXN-0003793,Karen Thomas,Sports & Outdoors,1217.87,1,1217.87,4.0,Netherlands,2024-05-11 09:26:57
TXN-0010067,Barbara Smith,Apparel,1265.56,1,1265.56,1.6,Australia,2024-03-09 13:30:45
TXN-0003978,Richard Garcia,Apparel,377.15,4,1508.6,4.3,India,2024-10-27 13:32:33
TXN-0002632,Sarah Thompson,Electronics,1344.87,7,9414.09,3.9,Brazil,2024-03-21 17:10:06
TXN-0001136,Robert Perez,Books,207.86,4,831.44,2.2,France,2023-03-08 11:39:39
TXN-0007602,Karen Williams,Home & Kitchen,1019.54,5,5097.7,2.7,United States,2023-09-22 20:32:48
TXN-0006130,Lisa Thomas,Electronics,274.76,6,1648.56,2.8,Netherlands,2024-07-22 18:12:19
TXN-0009888,Richard Hernandez,Sports & Outdoors,404.16,7,2829.12,4.0,India,2024-12-31 00:00:00
TXN-0006201,Richard Moore,Sports & Outdoors,952.57,4,3810.28,3.8,Australia,2023-02-12 08:05:14
TXN-0005944,James Taylor,Books,1414.96,3,4244.88,4.4,Germany,2023-10-19 22:47:53
TXN-0001917,Daniel Davis,Beauty & Personal Care,546.23,5,2731.15,1.2,France,2024-06-08 22:12:34
TXN-0011837,Nancy Johnson,Apparel,1269.18,2,2538.36,1.0,Netherlands,2024-09-02 02:21:22
TXN-0008966,Joseph Perez,Books,1056.77,4,4227.08,2.6,Canada,2024-01-02 23:55:00
TXN-0011547,David Garcia,Books,126.91,1,126.91,3.0,Germany,2023-05-14 23:34:31
TXN-0010706,Susan Thomas,Sports & Outdoors,622.48,2,1244.96,4.5,Netherlands,2024-07-11 10:17:35
TXN-0004187,William Rodriguez,Home & Kitchen,1125.85,1,1125.85,1.0,France,2024-08-02 16:54:01
TXN-0002618,Barbara Davis,Toys & Games,956.8,8,7654.4,3.5,India,2024-11-04 09:29:05
TXN-0000711,Nancy Taylor,Electronics,182.79,5,913.95,1.2,India,2023-08-23 07:05:07
TXN-0002196,Nancy Thompson,Beauty & Personal Care,147.32,2,294.64,3.2,United Kingdom,2023-11-15 03:28:26
TXN-0009349,David Miller,Beauty & Personal Care,1133.42,5,5667.1,1.1,Brazil,2024-02-09 04:37:54
TXN-0008643,Sarah Rodriguez,Sports & Outdoors,244.69,8,1957.52,3.2,India,2023-04-12 14:10:06
TXN-0003171,Robert Jones,Automotive,993.78,8,7950.24,3.4,Australia,2024-06-09 00:00:00
TXN-0012372,Christopher Johnson,Automotive,772.49,7,5407.43,4.2,Brazil,2024-02-16 12:04:18
TXN-0009162,Michael Jackson,Automotive,1086.23,6,6517.38,3.8,France,2024-01-22 15:29:52
TXN-0006775,Daniel Thompson,Beauty & Personal Care,465.08,7,3255.56,1.9,Japan,2024-01-09 16:08:50
TXN-0004906,William Smith,Automotive,955.0,8,7640.0,1.3,Germany,2024-02-25 12:47:40
TXN-0000765,Lisa Martin,Sports & Outdoors,147.44,1,147.44,1.2,Canada,2024-12-24 04:18:08
TXN-0001930,Mary Martinez,Beauty & Personal Care,870.27,3,2610.81,4.4,India,2023-03-23 06:53:39
TXN-0007565,Susan Jones,Books,236.95,6,1421.7,1.5,Netherlands,2024-06-09 03:41:29
TXN-0003927,Elizabeth Gonzalez,Toys & Games,569.04,5,2845.2,3.8,Japan,2023-06-22 10:01:34
TXN-0011538,Susan Thompson,Automotive,567.58,2,1135.16,4.9,Japan,2024-11-19 03:05:27
TXN-0006826,Christopher Thompson,Apparel,38.82,3,116.46,1.4,Australia,2023-04-17 00:00:00
TXN-0003456,James Gonzalez,Toys & Games,1316.04,7,9212.28,3.6,Japan,2024-08-19 00:00:00
TXN-0001577,Susan Lee,Automotive,166.58,7,1166.06,2.5,Netherlands,2023-04-03 00:00:00
TXN-0003072,Michael Martin,Books,54.65,1,54.65,4.1,France,2024-12-31 00:00:00
TXN-0012017,Linda Brown,Sports & Outdoors,1301.72,2,2603.44,2.2,India,2024-03-25 16:17:45
TXN-0005513,Christopher Martin,Home & Kitchen,50.49,5,252.45,2.2,United States,2023-01-12 00:00:00
TXN-0008533,Jessica Miller,Beauty & Personal Care,1166.96,1,1166.96,4.6,Canada,2024-03-26 20:34:27
TXN-0003355,Sarah Martin,Beauty & Personal Care,93.44,3,280.32,4.8,Germany,2023-02-06 15:50:36
TXN-0012194,Linda Thomas,Sports & Outdoors,381.04,7,2667.28,3.3,United States,2023-08-26 14:01:55
TXN-0005972,David Jones,Sports & Outdoors,823.6,7,5765.2,2.1,France,2024-03-29 00:00:00
TXN-0004123,William Perez,Apparel,137.57,2,275.14,3.7,India,2024-08-03 13:18:40
TXN-0005444,Sarah Johnson,Electronics,417.69,1,417.69,4.0,Australia,2023-12-29 13:13:58
TXN-0004576,Susan Rodriguez,Beauty & Personal Care,1496.69,1,1496.69,3.7,Canada,2024-08-19 00:00:00
TXN-0003520,Patricia Smith,Home & Kitchen,1382.43,5,6912.15,4.7,United Kingdom,2024-11-21 14:08:06
TXN-0011070,Sarah Brown,Automotive,378.07,3,1134.21,4.6,Japan,2024-05-22 00:00:00
TXN-0004210,Christopher Moore,Toys & Games,538.56,6,3231.36,1.5,France,2023-03-27 14:31:45
TXN-0000817,Barbara Rodriguez,Beauty & Personal Care,76.36,2,152.72,2.8,Canada,2024-03-20 14:58:01
TXN-0012428,William Thomas,Apparel,256.45,8,2051.6,3.4,United States,2024-08-01 14:23:07
TXN-0011041,Nancy Davis,Automotive,1038.1,3,3114.3,1.4,Canada,2023-06-21 08:50:44
TXN-0007091,Linda Hernandez,Automotive,953.08,4,3812.32,2.5,France,2023-08-26 04:50:19
TXN-0006361,Elizabeth White,Automotive,359.33,1,359.33,1.4,Brazil,2024-11-22 10:49:27
TXN-0006695,Richard Johnson,Home & Kitchen,347.53,6,2085.18,2.3,India,2023-10-10 21:09:40
TXN-0002700,Elizabeth Hernandez,Toys & Games,664.43,5,3322.15,4.4,France,2023-12-11 00:00:00
TXN-0007203,David Martinez,Books,10.0,2,20.0,1.5,India,2023-11-02 18:12:47
TXN-0011923,Joseph Thompson,Automotive,1303.03,2,2606.06,1.1,Australia,2023-05-21 23:51:55
TXN-0008078,Charles Brown,Apparel,334.64,2,669.28,2.6,Germany,2023-04-03 04:55:01
TXN-0008893,Michael Jackson,Toys & Games,101.17,7,708.19,3.6,France,2024-07-23 00:29:58
TXN-0001949,Charles Lopez,Apparel,1177.03,6,7062.18,2.3,Canada,2023-09-02 03:59:38
TXN-0003240,John Brown,Beauty & Personal Care,1226.52,6,7359.12,3.0,United Kingdom,2023-12-05 04:28:49
TXN-0007668,Patricia Johnson,Automotive,659.71,1,659.71,4.9,France,2023-03-08 00:00:00
TXN-0004715,Linda Lopez,Electronics,633.37,5,3166.85,4.4,United States,2023-09-10 23:24:44
TXN-0011481,James Lee,Beauty & Personal Care,1446.18,4,5784.72,1.8,Netherlands,2023-02-06 00:00:00
TXN-0004566,Karen Lopez,Home & Kitchen,189.26,8,1514.08,4.6,Australia,2024-08-08 00:00:00
TXN-0001884,Karen Wilson,Electronics,682.32,5,3411.6,1.6,France,2023-12-11 19:45:40
TXN-0000983,John Martinez,Toys & Games,1268.64,2,2537.28,1.3,Australia,2023-07-06 10:36:32
TXN-0003752,Christopher Miller,Beauty & Personal Care,472.13,8,3777.04,3.9,Germany,2023-09-26 00:00:00
TXN-0002388,William Martinez,Home & Kitchen,453.01,4,1812.04,3.9,Japan,2023-10-30 05:09:08
TXN-0004971,Michael Thompson,Automotive,1417.42,7,9921.94,1.7,Japan,2023-10-12 11:54:55
TXN-0004218,Susan Williams,Toys & Games,1026.45,2,2052.9,2.3,France,2024-12-29 23:03:53
TXN-0001500,John Hernandez,Automotive,437.54,4,1750.16,3.1,Netherlands,2024-01-19 21:08:40
TXN-0000637,John Johnson,Books,958.93,2,1917.86,1.3,Netherlands,2024-04-14 16:09:36
TXN-0012366,Elizabeth Miller,Sports & Outdoors,709.34,1,709.34,1.6,Japan,2023-05-25 22:54:16
TXN-0007454,Linda Lee,Books,1257.16,5,6285.8,2.0,France,2024-01-14 20:37:24
TXN-0003699,Lisa Taylor,Toys & Games,287.76,2,575.52,3.2,India,2024-07-21 00:00:00
TXN-0005405,Michael Miller,Home & Kitchen,356.52,5,1782.6,1.3,France,2024-12-04 02:52:23
TXN-0007378,Barbara Taylor,Automotive,150.22,2,300.44,4.5,Germany,2023-10-12 03:07:50
TXN-0001436,David Taylor,Toys & Games,966.58,5,4832.9,2.3,Brazil,2023-12-14 21:32:46
TXN-0009060,Robert Johnson,Beauty & Personal Care,51.68,8,413.44,1.6,Australia,2023-04-13 01:16:56
TXN-0000794,Lisa Thompson,Automotive,709.88,8,5679.04,3.3,India,2023-06-06 09:13:12
TXN-0005876,Charles Garcia,Automotive,880.93,1,880.93,3.4,France,2023-03-13 11:54:09
TXN-0003936,Linda Perez,Sports & Outdoors,75.34,4,301.36,3.8,France,2023-07-02 18:58:06
TXN-0011422,William Thompson,Sports & Outdoors,1037.84,7,7264.88,2.5,India,2023-01-03 02:50:24
TXN-0004671,Nancy Brown,Apparel,137.57,2,275.14,4.2,Australia,2024-12-29 07:58:31
TXN-0009027,John Smith,Automotive,1030.23,7,7211.61,1.1,Australia,2024-02-22 04:14:59
TXN-0005828,Charles Thompson,Sports & Outdoors,1034.96,2,2069.92,2.4,United Kingdom,2023-07-31 07:37:44
TXN-0009160,Linda Lee,Sports & Outdoors,909.44,7,6366.08,5.0,Brazil,2024-03-23 10:02:37
TXN-0007704,Elizabeth Martinez,Books,19.93,2,39.86,2.3,Netherlands,2024-10-22 12:09:06
TXN-0000382,Jessica Williams,Beauty & Personal Care,962.69,5,4813.45,2.0,France,2024-07-06 07:44:55
TXN-0008221,Barbara Lopez,Home & Kitchen,527.66,6,3165.96,1.1,France,2024-02-26 10:55:22
TXN-0008766,Michael Jones,Books,495.63,1,495.63,1.6,Netherlands,2023-09-23 08:01:48
TXN-0001278,John Martinez,Apparel,690.78,3,2072.34,2.8,Australia,2024-05-26 00:00:00
TXN-0003744,Jessica Thomas,Apparel,64.38,6,386.28,1.7,Canada,2023-08-15 21:22:18
TXN-0004985,James Brown,Beauty & Personal Care,171.27,4,685.08,2.5,Brazil,2023-04-29 07:55:17
TXN-0006760,Patricia Garcia,Sports & Outdoors,1251.67,2,2503.34,1.4,Canada,2023-11-15 00:00:00
TXN-0004945,Joseph Gonzalez,Apparel,1202.1,8,9616.8,4.0,Canada,2023-07-07 00:00:00
TXN-0012243,Karen Thompson,Electronics,735.77,8,5886.16,2.0,Japan,2024-01-25 02:29:22
TXN-0012070,Nancy Martin,Books,544.19,8,4353.52,2.1,France,2024-10-01 03:34:53
TXN-0004958,Jessica Wilson,Beauty & Personal Care,614.04,5,3070.2,1.4,France,2024-05-15 18:37:58
TXN-0011279,Robert Thompson,Apparel,306.47,5,1532.35,3.2,Germany,2024-05-15 01:30:44
TXN-0006273,Charles Thomas,Books,962.18,8,7697.44,4.0,United States,2024-12-20 21:11:48
TXN-0006925,Sarah Miller,Toys & Games,972.93,2,1945.86,2.3,Germany,2024-04-28 18:24:29
TXN-0005098,David Lopez,Electronics,970.16,1,970.16,2.4,Brazil,2024-12-16 17:13:21
TXN-0007725,Daniel Thompson,Beauty & Personal Care,781.04,3,2343.12,4.5,United Kingdom,2024-01-26 00:43:00
TXN-0002063,Nancy Hernandez,Beauty & Personal Care,84.59,2,169.18,3.3,Japan,2024-12-31 00:00:00
TXN-0001296,Susan Gonzalez,Electronics,1425.79,5,7128.95,3.9,United Kingdom,2024-07-30 20:39:00
TXN-0000128,Richard Martin,Sports & Outdoors,760.8,7,5325.6,1.4,India,2024-06-29 02:06:59
TXN-0002669,James Rodriguez,Home & Kitchen,1090.8,5,5454.0,2.8,United States,2024-09-15 00:00:00
TXN-0008135,Sarah Lopez,Sports & Outdoors,947.94,4,3791.76,4.5,United States,2023-01-06 00:00:00
TXN-0005050,Thomas Perez,Books,1060.82,6,6364.92,1.1,Netherlands,2023-11-19 07:50:48
TXN-0005779,Elizabeth Perez,Sports & Outdoors,923.54,2,1847.08,3.4,Netherlands,2024-06-30 01:26:16
TXN-0000364,Thomas Jackson,Apparel,1424.14,8,11393.12,1.7,Canada,2023-05-10 20:10:38
TXN-0006810,Patricia Lopez,Toys & Games,1116.02,7,7812.14,1.1,Australia,2023-02-11 18:09:38
TXN-0002847,Michael Anderson,Electronics,560.12,2,1120.24,4.5,Brazil,2024-03-29 17:10:26
TXN-0000215,James Moore,Apparel,981.07,8,7848.56,2.9,Japan,2023-06-04 22:07:43
TXN-0001376,Daniel Gonzalez,Sports & Outdoors,162.32,4,649.28,2.0,Netherlands,2024-07-21 00:45:02
TXN-0000494,Joseph Hernandez,Electronics,1012.78,7,7089.46,3.3,United States,2023-09-10 18:34:13
TXN-0001818,Daniel Williams,Automotive,1181.45,6,7088.7,2.9,United Kingdom,2023-09-07 05:03:22
TXN-0004065,Elizabeth Taylor,Apparel,460.39,7,3222.73,1.8,India,2024-09-08 13:33:44
TXN-0001397,John Smith,Home & Kitchen,367.9,8,2943.2,1.9,India,2023-12-03 22:00:12
TXN-0002781,Nancy Taylor,Books,1390.62,7,9734.34,3.2,Japan,2024-12-04 18:02:04
TXN-0008500,David Lee,Home & Kitchen,270.55,5,1352.75,1.7,Australia,2024-06-21 12:44:11
TXN-0003200,Richard Thomas,Apparel,1012.41,4,4049.64,1.3,Germany,2023-07-24 19:39:03
TXN-0005797,Joseph Williams,Home & Kitchen,302.14,4,1208.56,2.2,Netherlands,2024-06-04 00:16:09
TXN-0007044,Daniel Lopez,Automotive,259.8,5,1299.0,2.5,Brazil,2024-05-12 04:39:33
TXN-0008517,Lisa Williams,Home & Kitchen,794.41,3,2383.23,2.3,United Kingdom,2024-10-17 20:23:12
TXN-0012233,Sarah Williams,Electronics,1350.72,6,8104.32,4.3,Netherlands,2023-09-25 08:44:24
TXN-0005159,John Jackson,Home & Kitchen,640.62,2,1281.24,2.7,Japan,2023-08-30 08:08:35
TXN-0012006,Joseph Lee,Beauty & Personal Care,1141.82,5,5709.1,1.0,France,2023-04-06 22:40:50
TXN-0006479,James Johnson,Toys & Games,821.86,3,2465.58,3.8,Australia,2024-06-23 03:44:58
TXN-0006224,Sarah Hernandez,Sports & Outdoors,361.05,2,722.1,2.7,Japan,2024-08-14 14:59:09
TXN-0009531,Susan Gonzalez,Sports & Outdoors,495.11,6,2970.66,2.8,Canada,2024-09-02 23:13:08
TXN-0003669,Nancy Davis,Toys & Games,1122.35,3,3367.05,2.8,India,2023-09-01 00:00:00
TXN-0000377,Barbara Lopez,Apparel,1124.7,2,2249.4,2.1,France,2023-10-28 06:06:23
TXN-0003468,Christopher Thompson,Books,773.58,6,4641.48,3.5,India,2023-08-06 00:00:00
TXN-0005279,Jessica Jackson,Books,1495.64,5,7478.2,1.2,Germany,2023-06-06 03:19:55
TXN-0001223,David Rodriguez,Beauty & Personal Care,590.11,8,4720.88,2.7,Japan,2023-07-22 11:47:19
TXN-0006759,Susan Wilson,Home & Kitchen,408.48,1,408.48,1.3,United Kingdom,2023-12-03 06:58:57
TXN-0003338,Mary Hernandez,Apparel,367.6,4,1470.4,4.4,United States,2023-05-11 03:34:41
TXN-0005707,Mary Miller,Home & Kitchen,122.02,3,366.06,3.5,United States,2023-07-10 14:22:28
TXN-0002160,Patricia Wilson,Automotive,437.02,8,3496.16,3.1,Germany,2024-05-04 06:26:36
TXN-0011842,John Garcia,Toys & Games,228.55,1,228.55,2.9,Japan,2023-05-11 13:15:06
TXN-0008755,Linda Williams,Automotive,651.42,2,1302.84,1.8,Australia,2023-06-03 21:01:51
TXN-0001647,Elizabeth Moore,Home & Kitchen,1474.31,2,2948.62,4.4,Canada,2023-01-03 14:02:32
TXN-0001102,David Thomas,Electronics,451.17,8,3609.36,3.0,Japan,2024-05-12 22:55:00
TXN-0012093,Karen Brown,Electronics,1376.01,3,4128.03,4.2,Japan,2023-07-11 01:55:52
TXN-0004102,Elizabeth Williams,Apparel,849.25,1,849.25,3.9,Australia,2023-06-27 07:14:52
TXN-0009335,Robert Thomas,Toys & Games,375.5,2,751.0,1.4,France,2023-05-21 03:59:05
TXN-0004987,Robert Martinez,Sports & Outdoors,80.67,6,484.02,4.2,Japan,2024-01-03 10:04:06
TXN-0002028,Jessica Hernandez,Automotive,882.31,5,4411.55,3.9,Japan,2024-12-01 04:57:00
TXN-0006597,Jennifer Rodriguez,Home & Kitchen,768.39,6,4610.34,3.9,United Kingdom,2024-06-27 07:06:39
TXN-0007342,Thomas Brown,Automotive,940.72,1,940.72,2.8,Australia,2023-04-27 17:59:20
TXN-0001686,Patricia Perez,Automotive,334.99,4,1339.96,1.9,United Kingdom,2023-03-17 00:00:00
TXN-0003424,Mary Perez,Sports & Outdoors,1398.88,1,1398.88,3.0,Canada,2024-03-24 00:00:00
TXN-0006341,Christopher Gonzalez,Home & Kitchen,858.14,4,3432.56,1.5,Netherlands,2024-07-22 04:37:36
TXN-0004357,Nancy Perez,Apparel,1354.87,7,9484.09,4.0,Netherlands,2023-08-10 23:49:06
TXN-0007936,Thomas Brown,Toys & Games,535.88,4,2143.52,3.6,Netherlands,2023-10-12 00:00:00
TXN-0008973,Charles Lee,Beauty & Personal Care,873.5,1,873.5,1.2,France,2024-07-30 00:00:00
TXN-0006815,Patricia Martin,Apparel,447.03,8,3576.24,2.1,Netherlands,2024-09-05 20:35:03
TXN-0008254,Elizabeth Moore,Home & Kitchen,93.21,4,372.84,2.2,United States,2023-09-22 06:03:08
TXN-0007587,Susan Garcia,Apparel,554.39,5,2771.95,1.3,Australia,2024-03-13 00:00:00
TXN-0002127,Linda Anderson,Apparel,262.68,5,1313.4,3.7,Japan,2023-05-20 00:00:00
TXN-0002504,Joseph Gonzalez,Apparel,252.18,8,2017.44,4.7,France,2024-04-28 01:58:41
TXN-0004400,Richard Johnson,Books,1484.59,5,7422.95,1.5,Canada,2023-10-28 01:41:58
TXN-0008826,Barbara Lee,Sports & Outdoors,913.9,5,4569.5,3.4,Netherlands,2023-09-19 07:02:20
TXN-0007734,John Lopez,Books,1496.85,5,7484.25,2.3,Japan,2023-02-25 21:16:09
TXN-0000752,James Gonzalez,Sports & Outdoors,139.92,4,559.68,2.2,France,2024-10-29 12:41:20
TXN-0010620,William Thompson,Toys & Games,1446.73,8,11573.84,1.4,Japan,2023-07-13 21:12:02
TXN-0001208,William Thomas,Automotive,1328.6,5,6643.0,4.8,Germany,2023-07-21 12:06:26
TXN-0006572,Michael Williams,Toys & Games,265.61,4,1062.44,2.7,Brazil,2024-01-24 10:59:57
TXN-0000123,Robert Moore,Sports & Outdoors,169.34,1,169.34,1.5,United Kingdom,2023-10-06 06:07:12
TXN-0011243,Richard Miller,Electronics,817.24,1,817.24,3.0,Netherlands,2023-06-09 13:43:45
TXN-0004470,Karen Lee,Home & Kitchen,41.22,8,329.76,4.9,United Kingdom,2024-12-05 02:51:22
TXN-0010491,William Smith,Apparel,759.48,3,2278.44,2.6,Australia,2024-02-17 00:00:00
TXN-0001457,Charles Lee,Toys & Games,1029.99,7,7209.93,2.8,France,2024-08-04 01:01:28
TXN-0003172,James Davis,Books,401.96,8,3215.68,1.0,India,2023-06-28 09:22:05
TXN-0002487,Elizabeth Perez,Beauty & Personal Care,1217.92,3,3653.76,1.2,France,2023-08-11 00:15:25
TXN-0002944,Jessica Lee,Books,1488.21,7,10417.47,2.7,Australia,2024-12-19 23:45:40
TXN-0005589,Linda Williams,Apparel,52.67,6,316.02,3.3,United States,2023-02-03 01:05:50
TXN-0009480,John Jackson,Automotive,1454.42,6,8726.52,2.0,Australia,2024-05-19 14:25:18
TXN-0005011,David Jackson,Apparel,268.78,6,1612.68,3.8,Germany,2023-02-13 08:05:05
TXN-0000198,Michael Jackson,Beauty & Personal Care,80.56,8,644.48,3.4,United States,2024-10-16 15:51:22
TXN-0007790,Thomas Johnson,Home & Kitchen,1048.02,5,5240.1,4.4,Japan,2023-11-22 01:05:43
TXN-0001947,Joseph Williams,Automotive,39.94,4,159.76,1.5,Japan,2023-09-03 00:00:00
TXN-0003802,Sarah Rodriguez,Apparel,1163.56,2,2327.12,1.5,Australia,2023-11-14 00:00:00
TXN-0005423,Jessica Martinez,Home & Kitchen,1110.17,3,3330.51,2.3,France,2024-06-30 06:40:36
TXN-0003161,Michael White,Home & Kitchen,1303.12,4,5212.48,2.8,Germany,2023-08-22 04:11:50
TXN-0011596,Karen Davis,Toys & Games,651.45,7,4560.15,1.2,France,2024-01-08 08:09:49
TXN-0004156,Daniel Garcia,Beauty & Personal Care,1114.09,3,3342.27,2.9,United States,2024-04-11 07:24:40
TXN-0005393,David Rodriguez,Electronics,823.05,3,2469.15,2.3,India,2023-01-28 01:15:55
TXN-0002546,Thomas Rodriguez,Electronics,290.86,5,1454.3,1.6,India,2023-06-26 00:00:00
TXN-0000242,Charles White,Books,317.29,6,1903.74,2.2,India,2024-07-12 00:00:00
TXN-0007131,Mary Jones,Automotive,764.47,6,4586.82,1.9,United States,2024-09-01 07:54:40
TXN-0007380,Sarah Brown,Beauty & Personal Care,121.26,7,848.82,3.0,Japan,2023-06-20 07:50:39
TXN-0008918,Lisa Garcia,Beauty & Personal Care,744.04,5,3720.2,3.1,Germany,2024-11-23 09:07:18
TXN-0000488,John Moore,Apparel,474.24,4,1896.96,4.6,India,2023-07-28 23:56:10
TXN-0003893,David Hernandez,Sports & Outdoors,1010.48,3,3031.44,1.2,Canada,2024-11-17 17:39:58
TXN-0003395,Daniel Davis,Toys & Games,661.27,5,3306.35,2.7,France,2024-11-28 22:51:26
TXN-0005990,Robert Rodriguez,Apparel,303.93,4,1215.72,2.6,Japan,2024-02-08 00:00:00
TXN-0004437,James Taylor,Electronics,755.94,4,3023.76,1.4,Japan,2023-04-06 08:00:17
TXN-0000042,Linda Miller,Automotive,461.26,4,1845.04,1.9,Australia,2024-05-27 15:54:37
TXN-0006065,Richard Jackson,Toys & Games,519.02,7,3633.14,2.8,United Kingdom,2023-03-22 00:00:00
TXN-0010854,David Anderson,Toys & Games,801.9,4,3207.6,1.8,Brazil,2023-03-14 13:40:47
TXN-0010241,John Gonzalez,Home & Kitchen,1379.33,6,8275.98,3.1,Canada,2024-02-06 20:25:06
TXN-0005187,John Thomas,Toys & Games,1431.62,3,4294.86,1.1,Australia,2024-10-15 04:00:25
TXN-0002059,Nancy Hernandez,Books,1424.92,2,2849.84,3.6,Brazil,2023-09-09 00:00:00
TXN-0003131,Nancy Lee,Toys & Games,670.86,2,1341.72,2.2,Netherlands,2024-06-16 16:57:30
TXN-0003700,William Taylor,Automotive,751.19,4,3004.76,2.5,France,2024-04-22 01:52:02
TXN-0003400,John Wilson,Toys & Games,157.46,7,1102.22,4.7,Canada,2024-10-29 18:51:28
TXN-0012362,Elizabeth Taylor,Books,1217.28,7,8520.96,1.4,France,2023-08-30 09:47:27
TXN-0002364,Robert Thompson,Electronics,641.46,8,5131.68,4.2,Netherlands,2023-06-27 12:49:41
TXN-0005118,Michael Miller,Automotive,531.65,2,1063.3,3.1,France,2023-05-17 21:04:42
TXN-0002091,Richard Gonzalez,Books,113.36,6,680.16,1.2,Canada,2023-06-08 23:57:03
TXN-0001959,Barbara Smith,Automotive,93.08,6,558.48,4.8,Canada,2024-05-13 06:03:42
TXN-0002854,Susan Miller,Books,448.8,2,897.6,1.3,United States,2023-12-22 00:33:59
TXN-0008673,Jennifer Moore,Electronics,519.84,6,3119.04,3.8,Brazil,2023-12-18 17:13:14
TXN-0005813,Jennifer Wilson,Beauty & Personal Care,1442.31,7,10096.17,4.4,Japan,2024-06-22 05:33:14
TXN-0002154,James Thompson,Apparel,568.42,7,3978.94,3.1,Japan,2024-08-16 04:45:39
TXN-0002410,Daniel Anderson,Electronics,973.63,7,6815.41,4.1,France,2024-08-17 00:00:00
TXN-0008840,William Perez,Books,507.34,7,3551.38,4.0,Japan,2024-09-24 06:51:50
TXN-0006527,John Jones,Beauty & Personal Care,1396.5,3,4189.5,2.3,Brazil,2023-11-01 10:03:58
TXN-0011310,Linda Garcia,Automotive,199.9,1,199.9,4.3,United Kingdom,2024-04-21 14:38:20
TXN-0004622,Christopher Taylor,Toys & Games,846.68,7,5926.76,4.9,United Kingdom,2023-02-16 21:51:18
TXN-0004515,Susan Jackson,Apparel,937.16,2,1874.32,3.2,France,2023-03-12 03:04:13
TXN-0010079,Nancy Rodriguez,Apparel,718.28,8,5746.24,3.1,Canada,2023-06-26 00:00:00
TXN-0003189,Nancy Gonzalez,Automotive,394.86,2,789.72,5.0,Canada,2023-07-07 12:30:26
TXN-0006066,Lisa Jones,Electronics,461.08,6,2766.48,3.8,Germany,2024-01-08 11:38:37
TXN-0001367,William White,Beauty & Personal Care,215.4,4,861.6,1.7,United States,2023-08-01 00:00:00
TXN-0006621,Thomas Perez,Automotive,805.47,4,3221.88,1.3,France,2024-04-12 10:42:46
TXN-0006762,Susan White,Apparel,568.09,5,2840.45,2.9,Canada,2024-07-21 00:00:00
TXN-0000279,Christopher Brown,Apparel,776.41,3,2329.23,2.3,Germany,2023-11-28 04:06:04
TXN-0011082,James Garcia,Beauty & Personal Care,1477.72,4,5910.88,3.5,Germany,2024-11-18 14:31:36
TXN-0004639,Christopher White,Sports & Outdoors,445.93,8,3567.44,4.8,United States,2023-04-11 13:39:29
TXN-0011636,Susan Thomas,Electronics,354.01,6,2124.06,3.6,Netherlands,2024-12-31 00:00:00
TXN-0009499,Christopher Anderson,Apparel,1014.9,1,1014.9,2.6,Netherlands,2024-09-27 06:23:41
TXN-0012462,Joseph Jackson,Sports & Outdoors,1498.61,1,1498.61,2.3,United States,2024-03-13 07:34:05
TXN-0005947,Joseph Anderson,Beauty & Personal Care,1363.37,8,10906.96,3.0,Netherlands,2024-01-10 16:34:18
TXN-0004247,Jessica Thomas,Apparel,1070.08,2,2140.16,1.3,United States,2024-11-08 00:00:00
TXN-0009945,Charles Johnson,Sports & Outdoors,363.73,7,2546.11,2.1,Japan,2023-02-17 16:10:56
TXN-0002501,Christopher Brown,Apparel,43.17,6,259.02,2.7,United Kingdom,2023-07-07 21:15:32
TXN-0002459,James Thompson,Automotive,485.42,2,970.84,4.1,Japan,2024-05-04 05:43:11
TXN-0011359,Lisa White,Apparel,186.29,1,186.29,2.8,Germany,2024-01-27 22:39:21
TXN-0008542,Mary White,Beauty & Personal Care,1266.08,7,8862.56,2.5,Netherlands,2023-10-30 00:00:00
TXN-0006379,Elizabeth Perez,Home & Kitchen,712.68,1,712.68,4.6,Australia,2024-12-30 03:58:01
TXN-0008667,Joseph Brown,Books,848.87,2,1697.74,3.6,Australia,2024-01-30 05:14:48
TXN-0011426,Linda Davis,Apparel,478.88,7,3352.16,1.7,Japan,2023-05-31 00:00:00
TXN-0012453,William Davis,Toys & Games,940.86,3,2822.58,4.4,Australia,2024-11-26 02:28:55
TXN-0005289,Thomas Smith,Electronics,34.02,4,136.08,1.9,France,2024-07-15 16:59:12
TXN-0000485,Thomas Rodriguez,Sports & Outdoors,1449.25,8,11594.0,4.1,India,2024-08-11 08:19:31
TXN-0010339,Michael Anderson,Books,1199.86,4,4799.44,2.4,United Kingdom,2024-11-13 20:31:21
TXN-0011143,David Davis,Home & Kitchen,1342.27,5,6711.35,3.8,Brazil,2024-09-08 09:53:53
TXN-0003837,William Lopez,Apparel,896.33,6,5377.98,3.3,Germany,2024-08-22 00:00:00
TXN-0000167,John Brown,Automotive,806.4,4,3225.6,3.9,Netherlands,2023-08-15 05:42:12
TXN-0010641,Linda Thompson,Sports & Outdoors,633.84,6,3803.04,2.3,Brazil,2023-12-10 00:36:42
TXN-0008880,Michael Thomas,Electronics,1169.32,5,5846.6,2.2,Netherlands,2024-05-30 18:14:34
TXN-0006482,John Thompson,Sports & Outdoors,503.39,7,3523.73,1.3,Canada,2024-12-22 17:46:31
TXN-0000458,Charles Jackson,Apparel,1409.07,1,1409.07,1.9,India,2024-01-14 18:18:30
TXN-0009113,Charles Martinez,Sports & Outdoors,991.42,8,7931.36,2.1,India,2024-04-06 06:25:27
TXN-0005224,Patricia Brown,Books,426.13,5,2130.65,4.3,Canada,2023-05-24 00:00:00
TXN-0002872,Linda Williams,Automotive,1292.17,6,7753.02,2.1,Netherlands,2023-01-29 10:51:02
TXN-0008925,Robert Williams,Books,648.28,2,1296.56,4.0,Japan,2024-04-15 10:41:32
TXN-0002970,Susan Gonzalez,Sports & Outdoors,57.74,7,404.18,2.3,Germany,2024-10-15 05:19:55
TXN-0006228,Nancy Garcia,Apparel,1411.53,7,9880.71,2.7,United States,2023-09-08 00:07:07
TXN-0010153,John Hernandez,Toys & Games,294.19,5,1470.95,4.5,Netherlands,2024-12-31 00:00:00
TXN-0011570,Nancy Thompson,Sports & Outdoors,1457.75,4,5831.0,4.4,India,2024-12-04 19:08:44
TXN-0008310,Charles Davis,Sports & Outdoors,393.58,6,2361.48,4.3,India,2023-02-03 01:35:18
TXN-0009563,Susan Thompson,Sports & Outdoors,675.45,8,5403.6,4.4,Germany,2023-02-27 06:48:33
TXN-0012062,Linda Smith,Automotive,742.63,6,4455.78,1.9,Canada,2024-05-08 07:03:22
TXN-0003502,William Johnson,Books,640.15,6,3840.9,2.1,France,2024-03-15 15:44:02
TXN-0001418,John Garcia,Electronics,675.46,1,675.46,4.6,Brazil,2024-01-06 04:57:39
TXN-0004686,Susan Williams,Apparel,909.6,4,3638.4,1.1,United Kingdom,2024-06-04 00:58:18
TXN-0004909,Richard Wilson,Toys & Games,727.71,1,727.71,3.0,France,2024-03-21 04:06:00
TXN-0009346,Richard Martinez,Beauty & Personal Care,661.96,8,5295.68,1.8,United States,2024-02-03 19:51:03
TXN-0007176,Patricia Gonzalez,Electronics,125.94,2,251.88,1.5,United States,2024-09-30 11:27:39
TXN-0001332,Daniel Lee,Books,1036.01,8,8288.08,1.7,Germany,2024-04-18 03:08:59
TXN-0003855,Jessica Brown,Apparel,587.14,8,4697.12,5.0,Australia,2023-02-26 04:59:18
TXN-0003565,Mary Garcia,Books,275.9,5,1379.5,1.9,India,2023-05-15 17:21:41
TXN-0006654,Robert Davis,Sports & Outdoors,552.13,1,552.13,4.9,United Kingdom,2024-12-06 21:50:15
TXN-0005140,Daniel Rodriguez,Books,456.09,6,2736.54,1.3,Japan,2024-02-14 17:12:31
TXN-0000282,John Jackson,Home & Kitchen,284.5,6,1707.0,1.8,Brazil,2023-03-30 12:16:28
TXN-0007702,Robert Lopez,Electronics,688.23,2,1376.46,1.9,Japan,2023-04-14 07:10:58
TXN-0007797,Michael Lopez,Toys & Games,668.4,2,1336.8,1.6,United States,2024-12-02 03:18:43
TXN-0006838,William Smith,Beauty & Personal Care,1451.07,2,2902.14,3.1,Germany,2024-03-04 12:00:17
TXN-0006924,Robert Lee,Sports & Outdoors,876.35,1,876.35,1.4,Brazil,2023-12-27 02:48:27
TXN-0011226,Daniel Taylor,Apparel,1260.09,1,1260.09,3.9,Germany,2024-12-14 14:27:40
TXN-0011007,John Johnson,Beauty & Personal Care,922.17,1,922.17,4.5,Japan,2023-04-03 07:19:03
TXN-0011048,Barbara Garcia,Home & Kitchen,955.91,1,955.91,4.2,France,2024-10-03 20:32:44
TXN-0012208,Joseph Davis,Home & Kitchen,1475.16,1,1475.16,3.4,United States,2023-10-15 00:00:00
TXN-0009730,Richard Anderson,Sports & Outdoors,1272.04,3,3816.12,3.6,Canada,2023-08-21 09:53:38
TXN-0009008,Mary Davis,Automotive,1316.58,5,6582.9,2.8,United Kingdom,2023-08-23 23:29:57
TXN-0002420,Thomas Smith,Toys & Games,1431.0,5,7155.0,3.7,Japan,2024-06-10 11:07:23
TXN-0010166,Joseph Lopez,Home & Kitchen,35.16,3,105.48,4.1,Canada,2023-07-19 09:24:59
TXN-0003945,Elizabeth Martinez,Books,1486.83,8,11894.64,1.5,France,2024-10-12 00:00:00
TXN-0012134,John Hernandez,Electronics,280.43,2,560.86,4.6,India,2023-11-23 00:00:00
TXN-0005362,Sarah Lopez,Beauty & Personal Care,124.81,1,124.81,1.3,Australia,2024-12-31 00:00:00
TXN-0005705,David Garcia,Sports & Outdoors,670.57,6,4023.42,2.6,Netherlands,2023-09-02 10:08:47
TXN-0011720,Thomas Martinez,Toys & Games,279.38,8,2235.04,3.6,United Kingdom,2024-04-03 05:42:31
TXN-0010181,John Perez,Beauty & Personal Care,416.72,6,2500.32,2.2,United States,2024-01-08 07:47:40
TXN-0001734,Jennifer White,Apparel,911.82,3,2735.46,1.3,Germany,2023-12-17 12:41:29
TXN-0011644,Elizabeth Lopez,Home & Kitchen,420.61,8,3364.88,4.3,India,2024-12-31 00:00:00
TXN-0006512,Jessica Garcia,Electronics,64.39,3,193.17,4.8,France,2024-09-04 13:55:01
TXN-0000153,Mary Lee,Beauty & Personal Care,497.89,7,3485.23,2.1,Canada,2024-07-16 03:22:23
TXN-0000465,Jessica Miller,Apparel,38.56,1,38.56,1.5,Japan,2024-04-05 02:09:38
TXN-0010232,Lisa White,Books,57.18,3,171.54,4.0,France,2024-04-20 12:50:19
TXN-0004694,Nancy Miller,Home & Kitchen,1359.95,7,9519.65,3.6,Australia,2023-12-31 10:12:53
TXN-0012122,Susan Lee,Electronics,320.08,8,2560.64,2.8,Netherlands,2024-12-28 22:22:21
TXN-0006389,James Lopez,Books,1061.5,8,8492.0,4.8,Brazil,2024-06-07 15:45:01
TXN-0004596,Karen Wilson,Toys & Games,345.3,1,345.3,2.4,Germany,2024-12-31 00:00:00
TXN-0005669,Richard Davis,Automotive,641.21,6,3847.26,3.4,India,2024-11-21 20:33:30
TXN-0009728,Barbara Smith,Automotive,265.95,8,2127.6,3.6,Canada,2023-05-10 17:54:49
TXN-0010897,Jennifer Taylor,Apparel,158.04,7,1106.28,2.2,Australia,2023-10-24 09:13:44
TXN-0002306,Jennifer Martinez,Electronics,552.67,6,3316.02,2.9,Brazil,2024-01-24 00:00:00
TXN-0008249,Charles Anderson,Electronics,103.74,3,311.22,2.4,India,2023-09-12 00:00:00
TXN-0000474,Christopher Miller,Beauty & Personal Care,546.59,3,1639.77,2.7,Japan,2024-03-30 16:05:28
TXN-0000017,James Martin,Beauty & Personal Care,34.12,6,204.72,4.5,India,2024-10-07 23:22:08
TXN-0003095,Charles Anderson,Electronics,865.15,4,3460.6,4.0,France,2024-03-30 18:20:07
TXN-0010667,David Miller,Sports & Outdoors,1489.97,8,11919.76,1.4,Brazil,2023-06-06 07:33:42
TXN-0000508,Elizabeth Davis,Books,667.52,3,2002.56,1.5,France,2024-10-13 07:06:15
TXN-0012136,Joseph Lopez,Sports & Outdoors,1094.37,1,1094.37,3.3,France,2023-07-06 13:50:37
TXN-0002967,Mary Hernandez,Electronics,1370.72,7,9595.04,1.1,United Kingdom,2023-10-23 05:38:23
TXN-0008341,James Jackson,Home & Kitchen,54.96,6,329.76,4.6,India,2024-01-12 21:57:39
TXN-0004695,John Davis,Home & Kitchen,98.79,2,197.58,3.1,Netherlands,2023-02-27 21:54:55
TXN-0006647,Susan Perez,Electronics,338.49,3,1015.47,4.5,United Kingdom,2024-07-19 03:38:22
TXN-0008065,Richard Miller,Sports & Outdoors,160.61,2,321.22,2.8,Brazil,2024-08-23 03:19:46
TXN-0008456,Elizabeth Hernandez,Automotive,398.99,6,2393.94,2.1,Germany,2023-06-18 18:10:59
TXN-0001249,Robert Taylor,Toys & Games,865.61,5,4328.05,4.9,Australia,2024-07-26 15:37:31
TXN-0010085,William Jackson,Sports & Outdoors,11.41,8,91.28,4.0,Canada,2024-02-05 23:09:10
TXN-0003897,Linda Jones,Automotive,946.25,4,3785.0,3.0,India,2023-10-03 10:12:15
TXN-0004964,James Moore,Apparel,851.43,1,851.43,4.4,United Kingdom,2023-07-23 01:18:38
TXN-0004957,Robert Martinez,Home & Kitchen,1309.61,4,5238.44,4.5,Japan,2024-09-18 18:11:07
TXN-0004460,Thomas Hernandez,Electronics,1095.09,5,5475.45,3.0,United Kingdom,2024-04-04 11:27:57
TXN-0001605,Christopher Brown,Sports & Outdoors,84.41,8,675.28,4.6,Australia,2024-11-19 23:44:44
TXN-0002224,Karen Taylor,Automotive,1307.4,6,7844.4,1.4,France,2024-07-03 01:47:32
TXN-0011769,Robert Anderson,Beauty & Personal Care,560.19,2,1120.38,4.3,Japan,2024-04-27 01:02:41
TXN-0012450,John Hernandez,Home & Kitchen,336.22,1,336.22,4.8,United States,2024-01-17 15:00:20
TXN-0002112,Jennifer Brown,Apparel,133.5,1,133.5,1.5,Canada,2023-12-22 15:40:51
TXN-0003810,Charles Gonzalez,Sports & Outdoors,371.7,5,1858.5,2.7,Netherlands,2024-09-18 00:00:00
TXN-0008205,James Johnson,Toys & Games,54.95,8,439.6,3.5,India,2023-01-20 00:24:03
TXN-0010937,Jennifer Perez,Toys & Games,1057.14,2,2114.28,3.9,France,2023-11-02 16:04:30
TXN-0008357,Joseph Martinez,Books,1256.8,6,7540.8,2.5,Australia,2023-06-14 05:19:14
TXN-0007747,Jessica Perez,Automotive,1263.87,2,2527.74,1.8,Australia,2023-09-09 11:04:26
TXN-0011136,Susan Taylor,Electronics,38.45,1,38.45,4.9,France,2024-04-21 06:58:20
TXN-0001775,Lisa Thomas,Automotive,1138.03,4,4552.12,4.5,Germany,2024-02-23 22:23:50
TXN-0006327,Thomas Jackson,Books,49.78,2,99.56,1.2,India,2023-07-03 05:28:31
TXN-0009260,William Thompson,Beauty & Personal Care,1059.41,3,3178.23,2.0,United Kingdom,2024-12-13 05:37:36
TXN-0002144,Jennifer Perez,Electronics,679.4,7,4755.8,1.7,United States,2023-12-22 06:20:31
TXN-0002228,Thomas Davis,Books,610.03,8,4880.24,2.8,Germany,2024-10-06 05:08:18
TXN-0010945,Karen Jones,Home & Kitchen,1088.8,3,3266.4,1.5,Japan,2024-06-30 00:44:25
TXN-0008175,Jennifer Hernandez,Sports & Outdoors,1122.97,3,3368.91,2.9,India,2024-02-27 00:00:00
TXN-0010998,Barbara Taylor,Electronics,756.74,3,2270.22,4.3,United Kingdom,2023-02-05 19:53:29
TXN-0000434,Karen Perez,Sports & Outdoors,1185.91,6,7115.46,1.3,India,2024-07-03 16:08:25
TXN-0002061,Nancy Lopez,Toys & Games,474.18,5,2370.9,4.2,Canada,2023-02-04 23:28:28
TXN-0011942,Patricia Gonzalez,Apparel,324.73,5,1623.65,4.0,Canada,2023-08-10 21:52:14
TXN-0003542,Jennifer Garcia,Books,485.63,1,485.63,4.7,Netherlands,2023-12-07 00:00:00
TXN-0006816,Susan Thompson,Electronics,997.33,7,6981.31,3.0,Germany,2024-10-03 03:51:42
TXN-0002044,Patricia Wilson,Electronics,455.18,2,910.36,4.1,Netherlands,2023-06-19 00:40:08
TXN-0000211,David Thomas,Beauty & Personal Care,1400.88,5,7004.4,2.2,Brazil,2024-03-21 10:22:56
TXN-0010973,Richard Davis,Automotive,357.41,8,2859.28,1.8,Japan,2023-06-01 07:35:27
TXN-0006776,Mary Williams,Apparel,581.57,4,2326.28,2.4,United States,2024-01-19 18:27:02
TXN-0009839,Joseph Moore,Sports & Outdoors,182.27,4,729.08,2.4,India,2023-05-17 00:00:00
TXN-0001333,John White,Books,1359.68,3,4079.04,3.1,Canada,2023-02-17 06:36:28
TXN-0003402,Jennifer White,Toys & Games,1454.82,7,10183.74,3.0,Brazil,2023-07-18 10:38:27
TXN-0001963,James Thomas,Sports & Outdoors,1316.5,5,6582.5,3.2,Canada,2023-09-12 03:59:13
TXN-0007775,Christopher Martin,Books,579.07,4,2316.28,2.4,Germany,2024-03-03 21:57:36
TXN-0010312,Thomas Anderson,Home & Kitchen,1300.0,7,9100.0,1.3,France,2024-02-13 17:02:48
TXN-0008416,Jessica Lee,Electronics,562.01,7,3934.07,2.9,Canada,2024-03-18 03:20:56
TXN-0012263,James Brown,Sports & Outdoors,762.29,2,1524.58,1.5,United States,2023-09-14 00:00:00
TXN-0000181,Charles Jones,Beauty & Personal Care,475.01,5,2375.05,2.0,Japan,2023-03-30 00:00:00
TXN-0005034,Robert Moore,Toys & Games,204.7,3,614.1,1.9,Canada,2024-03-06 03:04:18
TXN-0000716,Richard Wilson,Books,345.19,2,690.38,4.0,Brazil,2023-09-02 00:00:00
TXN-0011934,Sarah White,Home & Kitchen,697.74,5,3488.7,4.1,France,2024-10-03 13:27:14
TXN-0000890,David Jackson,Automotive,144.4,2,288.8,3.7,France,2023-05-18 23:22:36
TXN-0006659,Susan White,Apparel,232.76,5,1163.8,2.8,United Kingdom,2024-12-18 19:19:44
TXN-0000688,Robert Garcia,Books,66.52,6,399.12,3.3,Canada,2023-12-09 10:45:35
TXN-0001722,Nancy Thompson,Beauty & Personal Care,438.1,1,438.1,5.0,United States,2023-08-15 07:38:49
TXN-0004479,Mary Smith,Sports & Outdoors,386.03,6,2316.18,2.0,Japan,2023-12-25 19:35:45
TXN-0005999,Patricia Lopez,Apparel,1307.89,4,5231.56,1.0,Brazil,2024-08-06 16:32:14
TXN-0009597,Jessica Brown,Automotive,798.41,4,3193.64,2.7,Canada,2023-06-12 01:52:17
TXN-0010439,Nancy Smith,Sports & Outdoors,1024.6,5,5123.0,4.6,Australia,2024-01-12 17:58:54
TXN-0011194,Susan Garcia,Toys & Games,809.26,7,5664.82,4.2,Australia,2024-05-27 18:35:47
TXN-0001673,Patricia Lopez,Beauty & Personal Care,571.19,5,2855.95,2.8,Japan,2023-06-06 13:08:40
TXN-0000525,David Lee,Electronics,536.5,3,1609.5,3.8,United States,2024-09-06 00:00:00
TXN-0003519,James Hernandez,Books,997.5,4,3990.0,1.6,France,2024-07-17 14:11:25
TXN-0003912,James Johnson,Electronics,1000.07,4,4000.28,3.5,United States,2023-04-20 03:18:29
TXN-0010852,Nancy Davis,Books,381.26,3,1143.78,2.5,India,2023-09-12 13:45:33
TXN-0003998,Sarah Martinez,Apparel,59.85,8,478.8,3.5,Australia,2024-08-15 12:44:23
TXN-0009181,Karen Jones,Home & Kitchen,1034.78,1,1034.78,1.6,France,2024-08-14 09:03:26
TXN-0001937,Elizabeth Miller,Beauty & Personal Care,1196.31,5,5981.55,1.2,Japan,2024-07-16 17:46:10
TXN-0009904,Karen White,Books,818.82,5,4094.1,4.4,United Kingdom,2024-09-29 00:00:00
TXN-0008764,David Smith,Electronics,122.73,3,368.19,4.7,Germany,2023-10-17 18:09:59
TXN-0007888,Michael Miller,Automotive,1258.57,5,6292.85,4.8,Brazil,2023-04-29 15:36:20
TXN-0005899,Mary Moore,Apparel,196.1,1,196.1,2.4,United Kingdom,2023-04-12 22:48:25
TXN-0005352,Susan Perez,Books,251.62,4,1006.48,1.3,Netherlands,2024-12-22 06:38:02
TXN-0012312,John Rodriguez,Home & Kitchen,925.36,4,3701.44,2.2,Brazil,2024-05-04 18:11:36
TXN-0003788,Jennifer Martinez,Toys & Games,1033.68,6,6202.08,3.7,Canada,2024-02-22 10:08:20
TXN-0003508,Richard Martin,Home & Kitchen,1210.6,4,4842.4,1.2,Netherlands,2023-10-31 12:02:07
TXN-0001164,Karen Johnson,Home & Kitchen,709.11,5,3545.55,3.6,Netherlands,2023-01-26 01:38:40
TXN-0001431,Jennifer Taylor,Apparel,50.36,1,50.36,4.7,India,2024-11-20 21:52:23
TXN-0005578,Elizabeth Martin,Home & Kitchen,1376.49,5,6882.45,2.7,India,2024-05-17 18:39:44
TXN-0003800,Patricia Davis,Toys & Games,309.83,1,309.83,2.4,Netherlands,2023-04-10 21:10:50
TXN-0012188,Jessica Rodriguez,Sports & Outdoors,1001.39,1,1001.39,3.2,United Kingdom,2023-07-30 04:13:02
TXN-0001891,Daniel Smith,Apparel,1360.11,5,6800.55,4.0,Australia,2024-01-20 00:00:00
TXN-0009901,Charles Anderson,Electronics,166.23,1,166.23,1.6,India,2023-01-31 16:02:07
TXN-0002387,Robert Davis,Home & Kitchen,1474.64,4,5898.56,4.1,Germany,2023-03-31 01:31:58
TXN-0000424,Robert Wilson,Sports & Outdoors,1291.76,4,5167.04,1.8,Brazil,2024-04-29 19:19:37
TXN-0006424,Christopher Lopez,Automotive,997.91,1,997.91,4.0,India,2024-12-11 21:19:52
TXN-0000346,David Thompson,Apparel,94.04,3,282.12,3.3,Australia,2024-12-13 00:00:00
TXN-0008798,Thomas Brown,Toys & Games,382.53,2,765.06,4.2,India,2023-04-24 05:41:02
TXN-0006177,Sarah Garcia,Toys & Games,661.49,6,3968.94,4.2,India,2023-12-08 00:00:00
TXN-0007234,Nancy Moore,Books,256.79,2,513.58,4.6,Netherlands,2024-10-01 16:10:32
TXN-0010302,Susan Anderson,Beauty & Personal Care,519.33,4,2077.32,2.9,Australia,2023-06-11 07:38:36
TXN-0007539,Jennifer Lee,Books,1130.57,4,4522.28,3.8,United Kingdom,2023-12-09 13:38:11
TXN-0006968,Jessica Jones,Home & Kitchen,1196.18,1,1196.18,2.3,Australia,2023-01-05 06:30:51
TXN-0008455,Thomas Davis,Apparel,915.01,7,6405.07,3.5,India,2023-09-03 16:59:15
TXN-0007786,David Perez,Home & Kitchen,799.69,1,799.69,4.4,Canada,2023-01-05 21:06:20
TXN-0009671,Michael Hernandez,Sports & Outdoors,42.38,7,296.66,4.5,France,2023-01-16 23:44:08
TXN-0002735,Thomas Hernandez,Home & Kitchen,1251.29,4,5005.16,3.1,Germany,2024-05-23 09:19:35
TXN-0009814,Sarah Jones,Automotive,298.1,6,1788.6,2.9,India,2024-10-25 04:56:33
TXN-0000232,James Smith,Sports & Outdoors,1011.88,7,7083.16,3.1,India,2024-10-01 12:33:03
TXN-0010714,Susan Williams,Apparel,14.21,7,99.47,2.7,United Kingdom,2023-12-15 00:00:00
TXN-0011849,Lisa Johnson,Automotive,436.71,5,2183.55,2.2,Canada,2024-12-07 08:57:46
TXN-0005120,Linda Perez,Automotive,569.73,1,569.73,3.5,Germany,2024-10-18 00:00:00
TXN-0007931,Barbara Smith,Electronics,788.36,5,3941.8,3.6,Germany,2023-07-19 21:52:01
TXN-0006545,David Johnson,Electronics,1242.35,2,2484.7,4.0,France,2023-01-18 00:41:38
TXN-0003306,Nancy Lee,Apparel,425.51,7,2978.57,2.1,United States,2023-09-29 05:58:06
TXN-0007084,James Garcia,Books,1036.85,1,1036.85,2.1,Germany,2024-07-04 00:01:34
TXN-0012182,Sarah Anderson,Home & Kitchen,412.17,2,824.34,4.6,Canada,2023-10-07 17:22:02
TXN-0009244,Susan Brown,Books,1175.33,5,5876.65,3.4,Australia,2023-12-05 19:09:16
TXN-0007209,Charles Williams,Electronics,1239.19,5,6195.95,3.3,Germany,2023-12-17 11:38:33
TXN-0000800,John Perez,Automotive,264.07,3,792.21,3.4,United Kingdom,2023-03-20 08:58:54
TXN-0001396,Patricia Rodriguez,Sports & Outdoors,962.2,6,5773.2,2.7,France,2024-10-11 13:41:31
TXN-0000985,Susan Perez,Apparel,749.22,2,1498.44,2.6,India,2024-04-23 16:24:54
TXN-0008705,William Jackson,Beauty & Personal Care,662.76,1,662.76,2.5,Germany,2024-11-12 15:46:28
TXN-0001440,Mary Martinez,Toys & Games,530.89,1,530.89,4.3,Germany,2024-06-15 09:46:00
TXN-0004454,Karen Martin,Books,106.07,2,212.14,3.5,India,2023-02-27 21:01:25
TXN-0009486,Nancy White,Home & Kitchen,902.02,4,3608.08,1.3,Australia,2024-03-02 18:38:59
TXN-0005033,Linda Gonzalez,Books,889.64,2,1779.28,4.4,Australia,2024-07-12 00:00:00
TXN-0006548,Mary Garcia,Home & Kitchen,620.5,7,4343.5,2.6,Canada,2024-05-31 00:26:04
TXN-0009217,Jessica Jones,Electronics,860.71,6,5164.26,4.6,United Kingdom,2024-06-13 12:14:53
TXN-0011960,Karen Lopez,Apparel,35.55,6,213.3,5.0,United Kingdom,2024-12-31 00:00:00
TXN-0009793,Mary Thompson,Toys & Games,641.12,7,4487.84,3.5,Netherlands,2023-03-30 07:42:35
TXN-0005274,Barbara Williams,Home & Kitchen,891.78,7,6242.46,2.3,Netherlands,2023-11-02 04:32:07
TXN-0004071,Michael Perez,Automotive,78.63,3,235.89,3.7,Netherlands,2024-04-11 23:30:21
TXN-0008955,Linda White,Home & Kitchen,1153.47,1,1153.47,4.5,India,2023-03-18 00:00:00
TXN-0009877,Jessica White,Toys & Games,1414.28,2,2828.56,4.7,Japan,2023-06-06 00:00:00
TXN-0000294,Mary Rodriguez,Apparel,378.27,6,2269.62,4.3,United Kingdom,2024-08-14 10:53:47
TXN-0011062,Nancy Johnson,Automotive,1060.14,4,4240.56,4.2,Canada,2024-06-01 13:25:29
TXN-0012212,Jessica Thompson,Toys & Games,627.92,4,2511.68,4.0,Netherlands,2023-09-14 18:09:42
TXN-0002097,Elizabeth Miller,Beauty & Personal Care,236.97,6,1421.82,4.8,United States,2023-05-07 21:25:43
TXN-0007695,James Martin,Beauty & Personal Care,595.57,6,3573.42,2.2,Brazil,2024-03-30 17:36:26
TXN-0003917,Jessica Gonzalez,Toys & Games,1056.94,6,6341.64,4.7,Australia,2023-11-14 04:54:21
TXN-0004801,Elizabeth Brown,Sports & Outdoors,1397.95,7,9785.65,4.5,Australia,2023-12-18 03:05:27
TXN-0003541,Thomas Jones,Automotive,877.14,1,877.14,4.8,France,2023-06-13 14:54:51
TXN-0006848,John White,Books,1287.5,7,9012.5,2.5,India,2023-12-30 03:29:45
TXN-0010009,Linda Jackson,Electronics,835.6,1,835.6,3.1,Brazil,2023-07-20 04:30:45
TXN-0002996,Christopher Hernandez,Books,1388.14,5,6940.7,3.5,Japan,2023-02-18 00:00:00
TXN-0011752,Mary Thompson,Books,244.13,5,1220.65,1.0,India,2024-10-11 14:57:51
TXN-0009594,Patricia Brown,Apparel,120.66,8,965.28,4.3,Netherlands,2023-07-26 23:10:47
TXN-0006352,Elizabeth Hernandez,Automotive,1071.64,6,6429.84,1.2,France,2024-07-16 10:09:13
TXN-0008260,Elizabeth Miller,Sports & Outdoors,144.89,2,289.78,4.9,United Kingdom,2023-03-15 14:02:59
TXN-0009982,John Martinez,Beauty & Personal Care,1481.21,4,5924.84,1.9,India,2023-09-14 08:32:26
TXN-0001738,Michael Johnson,Books,588.93,2,1177.86,4.3,Australia,2024-08-15 00:00:00
TXN-0011111,Nancy White,Home & Kitchen,794.95,3,2384.85,2.2,Japan,2024-08-22 00:00:00
TXN-0010524,Thomas Anderson,Apparel,674.57,4,2698.28,3.6,Brazil,2024-12-18 18:11:03
TXN-0010840,Barbara Thompson,Apparel,1499.78,5,7498.9,2.5,India,2023-03-17 16:09:37
TXN-0011610,Susan Brown,Toys & Games,92.32,4,369.28,1.2,Japan,2023-10-29 13:17:54
TXN-0010712,Susan Garcia,Home & Kitchen,1347.79,4,5391.16,3.1,Australia,2023-04-26 10:17:04
TXN-0001851,Daniel Thompson,Sports & Outdoors,378.3,2,756.6,1.1,United States,2023-10-10 02:17:31
TXN-0003719,Christopher Williams,Home & Kitchen,490.8,8,3926.4,1.2,Canada,2023-05-27 12:43:52
TXN-0004192,David Rodriguez,Automotive,765.55,8,6124.4,4.3,Australia,2024-06-29 10:49:18
TXN-0008434,William Miller,Books,874.65,8,6997.2,1.3,Netherlands,2023-07-10 01:34:58
TXN-0010723,Sarah Anderson,Beauty & Personal Care,988.64,6,5931.84,2.0,Canada,2024-01-25 07:16:21
TXN-0008857,Mary Garcia,Apparel,908.07,7,6356.49,4.2,Japan,2023-05-17 10:25:36
TXN-0001328,John Hernandez,Books,313.61,3,940.83,2.1,France,2024-08-27 07:14:19
TXN-0007870,Michael Jones,Home & Kitchen,697.51,4,2790.04,3.5,Brazil,2024-07-19 03:57:43
TXN-0009789,William Gonzalez,Books,279.07,8,2232.56,3.1,Germany,2024-10-24 01:54:11
TXN-0006764,Lisa Martinez,Electronics,1197.08,7,8379.56,2.1,Australia,2024-03-21 05:50:06
TXN-0007409,Christopher Hernandez,Beauty & Personal Care,1441.94,7,10093.58,4.4,United States,2024-06-13 20:40:38
TXN-0005277,Robert Jones,Apparel,373.91,5,1869.55,1.3,Australia,2023-12-11 03:36:38
TXN-0005206,Lisa Jackson,Automotive,98.68,1,98.68,3.4,United States,2024-05-28 00:00:00
TXN-0012002,Christopher Jackson,Toys & Games,1384.95,3,4154.85,1.4,India,2023-03-15 06:35:40
TXN-0003890,Barbara White,Toys & Games,1240.26,5,6201.3,2.7,United Kingdom,2023-05-23 00:59:06
TXN-0008704,Jessica Martin,Sports & Outdoors,451.2,5,2256.0,3.8,Netherlands,2023-05-09 19:23:46
TXN-0009746,Michael Anderson,Automotive,1006.37,5,5031.85,1.9,United States,2024-04-05 09:13:48
TXN-0005465,Lisa Martinez,Books,797.64,8,6381.12,2.3,Japan,2024-02-05 02:44:43
TXN-0011393,Lisa Gonzalez,Sports & Outdoors,248.23,5,1241.15,4.2,Germany,2023-02-09 16:51:08
TXN-0012001,Sarah Gonzalez,Books,270.62,6,1623.72,4.8,Brazil,2024-12-31 00:00:00
TXN-0004467,Thomas Jones,Electronics,220.1,2,440.2,2.6,India,2024-10-05 05:22:39
TXN-0009915,Elizabeth Moore,Electronics,151.63,3,454.89,4.2,Brazil,2023-04-11 13:52:56
TXN-0003581,John Lopez,Electronics,331.54,5,1657.7,4.4,Japan,2023-02-09 00:00:00
TXN-0005173,Barbara Moore,Books,66.46,5,332.3,4.2,United Kingdom,2023-06-18 02:02:54
TXN-0012088,Karen Hernandez,Beauty & Personal Care,1421.39,2,2842.78,1.8,Brazil,2023-07-29 15:27:18
TXN-0007062,Jessica Moore,Beauty & Personal Care,680.13,4,2720.52,4.9,Brazil,2024-07-31 08:24:53
TXN-0002537,Susan Smith,Books,1231.77,1,1231.77,3.9,Australia,2023-12-18 00:00:00
TXN-0008810,Richard Jones,Books,1007.67,8,8061.36,4.3,Japan,2024-03-07 13:00:35
TXN-0003723,Joseph Davis,Sports & Outdoors,417.91,7,2925.37,4.7,Germany,2024-12-14 06:50:47
TXN-0004645,Linda Rodriguez,Beauty & Personal Care,528.67,2,1057.34,3.6,Japan,2024-08-21 12:42:18
TXN-0010885,Barbara Martinez,Automotive,225.99,1,225.99,2.5,France,2024-10-12 06:51:22
TXN-0007698,Karen Williams,Apparel,793.97,1,793.97,1.0,United Kingdom,2024-10-02 03:24:14
TXN-0005296,Jessica Williams,Home & Kitchen,133.15,3,399.45,3.6,Brazil,2023-12-19 05:22:37
TXN-0007610,Barbara Thomas,Home & Kitchen,1335.29,7,9347.03,1.5,India,2024-02-09 14:15:27
TXN-0005814,Susan Anderson,Home & Kitchen,690.29,2,1380.58,4.9,Australia,2024-09-30 00:00:00
TXN-0005524,Jessica Anderson,Beauty & Personal Care,560.79,1,560.79,3.9,France,2023-12-08 21:39:07
TXN-0008616,Joseph Smith,Electronics,317.11,1,317.11,1.9,Australia,2023-11-15 07:50:41
TXN-0009918,Lisa Perez,Home & Kitchen,400.1,2,800.2,3.9,India,2023-12-29 00:00:00
TXN-0000586,Barbara Jones,Automotive,1095.13,8,8761.04,3.0,Brazil,2023-05-20 17:42:49
TXN-0010352,James Smith,Sports & Outdoors,632.75,7,4429.25,4.8,India,2024-05-22 23:56:12
TXN-0003756,David Hernandez,Home & Kitchen,1226.61,4,4906.44,3.8,Germany,2024-07-30 17:07:44
TXN-0001117,Mary Lee,Books,333.27,1,333.27,4.6,Canada,2024-03-22 19:04:25
TXN-0000635,Lisa Perez,Books,509.42,3,1528.26,2.3,Brazil,2023-01-09 05:11:16
TXN-0003162,Mary Thompson,Apparel,1020.16,2,2040.32,4.7,Japan,2024-04-09 00:00:00
TXN-0002173,Susan Moore,Toys & Games,251.43,1,251.43,2.5,Australia,2024-09-03 14:09:07
TXN-0003705,Mary Hernandez,Toys & Games,203.24,8,1625.92,2.5,Brazil,2023-07-02 20:34:45
TXN-0009111,Robert Davis,Sports & Outdoors,276.21,2,552.42,1.5,United States,2024-04-20 07:09:54
TXN-0007357,John Johnson,Home & Kitchen,91.51,5,457.55,3.9,United Kingdom,2024-10-15 12:30:33
TXN-0011557,Charles Jackson,Toys & Games,376.86,4,1507.44,2.4,United States,2023-06-06 09:49:08
TXN-0012430,Jennifer Martin,Home & Kitchen,485.26,1,485.26,1.1,Japan,2024-04-10 13:08:08
TXN-0004805,Thomas Johnson,Sports & Outdoors,764.84,1,764.84,4.0,Canada,2024-05-06 00:00:00
TXN-0001757,Patricia Rodriguez,Books,601.01,3,1803.03,2.0,France,2024-09-10 11:48:05
TXN-0000690,Sarah Martinez,Home & Kitchen,609.82,8,4878.56,4.1,United States,2023-12-22 18:29:53
TXN-0002621,Jessica Gonzalez,Apparel,1182.36,1,1182.36,3.5,Australia,2023-11-20 13:09:38
TXN-0007849,Barbara Perez,Automotive,621.69,3,1865.07,2.4,Germany,2024-10-17 16:10:49
TXN-0006553,Elizabeth Lee,Apparel,1414.22,8,11313.76,3.2,Japan,2024-08-26 00:35:52
TXN-0001731,Karen Brown,Toys & Games,1324.01,4,5296.04,2.6,United States,2024-04-18 14:25:34
TXN-0001019,Charles Brown,Toys & Games,1305.69,4,5222.76,4.3,France,2023-06-21 09:00:35
TXN-0008772,Jennifer Gonzalez,Electronics,202.8,1,202.8,4.7,India,2024-04-13 19:18:33
TXN-0000234,Linda Miller,Home & Kitchen,892.95,8,7143.6,3.4,Canada,2024-06-30 06:12:22
TXN-0001984,Thomas Martin,Sports & Outdoors,112.65,5,563.25,3.5,Canada,2024-07-12 00:00:00
TXN-0009183,Elizabeth Smith,Sports & Outdoors,799.91,3,2399.73,3.9,Germany,2024-02-14 21:13:22
TXN-0008317,Richard Taylor,Apparel,713.33,8,5706.64,4.6,Canada,2023-08-01 07:25:39
TXN-0000968,Patricia Johnson,Apparel,313.31,3,939.93,1.4,Netherlands,2023-07-19 10:21:44
TXN-0003136,Barbara Lee,Electronics,575.81,7,4030.67,4.0,Netherlands,2024-02-21 13:24:33
TXN-0010810,Robert Moore,Apparel,992.3,2,1984.6,2.3,United States,2023-09-30 04:03:21
TXN-0008638,Mary Miller,Books,146.95,4,587.8,1.3,France,2023-03-20 00:00:00
TXN-0005096,Nancy Thomas,Toys & Games,328.45,7,2299.15,1.1,India,2024-02-15 14:24:47
TXN-0011263,Richard Davis,Automotive,1178.25,6,7069.5,4.2,United Kingdom,2024-01-11 18:10:27
TXN-0002630,Thomas Lee,Books,137.13,4,548.52,1.1,India,2024-09-18 08:26:33
TXN-0004765,William Moore,Automotive,1335.2,4,5340.8,2.5,Canada,2024-06-07 05:18:00
TXN-0007170,Sarah Smith,Electronics,1396.93,7,9778.51,4.6,India,2024-12-14 21:57:45
TXN-0007603,Richard Lopez,Books,273.35,1,273.35,1.1,United States,2024-02-22 08:36:30
TXN-0002359,Richard Hernandez,Apparel,181.27,4,725.08,4.9,United States,2023-11-08 20:17:17
TXN-0008706,William Martin,Sports & Outdoors,499.19,8,3993.52,2.2,Canada,2024-04-08 00:00:00
TXN-0004852,Patricia Johnson,Sports & Outdoors,214.98,8,1719.84,2.8,Canada,2024-12-31 00:00:00
TXN-0003153,Robert Taylor,Automotive,542.04,7,3794.28,1.6,Germany,2023-09-19 14:50:59
TXN-0009714,Barbara Lee,Toys & Games,976.29,4,3905.16,4.2,France,2024-07-19 18:21:20
TXN-0007653,Elizabeth Davis,Sports & Outdoors,698.0,8,5584.0,4.3,France,2023-10-23 06:32:46
TXN-0004052,Christopher Smith,Beauty & Personal Care,1324.5,6,7947.0,1.5,Netherlands,2023-11-18 00:00:00
TXN-0000722,William Thompson,Sports & Outdoors,537.37,7,3761.59,5.0,Japan,2024-02-02 05:27:27
TXN-0010211,William Jones,Toys & Games,1265.68,7,8859.76,3.5,France,2024-12-24 00:01:13
TXN-0009834,Patricia Perez,Books,672.78,4,2691.12,1.3,France,2023-03-24 00:00:00
TXN-0005338,Christopher Thompson,Automotive,305.58,5,1527.9,4.7,United States,2023-12-01 18:31:51
TXN-0002005,Jennifer Smith,Electronics,829.04,5,4145.2,3.1,United Kingdom,2024-04-30 15:54:57
TXN-0006154,Lisa Hernandez,Automotive,343.3,6,2059.8,5.0,Germany,2024-01-25 13:22:52
TXN-0006942,Elizabeth Wilson,Apparel,560.81,5,2804.05,1.5,United States,2024-08-05 07:24:25
TXN-0004816,William Taylor,Home & Kitchen,511.06,1,511.06,2.0,United States,2023-03-10 09:51:32
TXN-0007140,David White,Home & Kitchen,277.3,4,1109.2,3.8,Japan,2024-12-31 00:00:00
TXN-0009586,Nancy Brown,Apparel,374.76,6,2248.56,4.4,Canada,2023-04-01 00:00:00
TXN-0006914,Jessica Thompson,Electronics,274.71,2,549.42,4.8,Brazil,2024-07-29 18:19:13
TXN-0008346,Christopher Rodriguez,Beauty & Personal Care,544.76,8,4358.08,1.9,India,2024-02-18 00:09:11
TXN-0005898,James Garcia,Home & Kitchen,1293.75,8,10350.0,1.0,Canada,2023-02-04 07:04:07
TXN-0009612,James Jones,Toys & Games,55.3,3,165.9,1.4,France,2023-08-06 06:18:51
TXN-0009299,Thomas Perez,Automotive,626.15,5,3130.75,3.9,Australia,2024-10-27 18:21:00
TXN-0004344,Robert Garcia,Sports & Outdoors,491.19,2,982.38,2.9,Australia,2024-02-11 23:39:02
TXN-0001996,John Garcia,Toys & Games,255.39,1,255.39,1.9,France,2024-10-16 21:43:15
TXN-0000561,Thomas Perez,Books,364.34,3,1093.02,2.7,Japan,2023-08-31 15:14:12
TXN-0001890,James Hernandez,Apparel,70.47,5,352.35,2.3,Germany,2024-01-02 00:00:00
TXN-0004559,Karen White,Apparel,832.08,4,3328.32,2.2,United Kingdom,2024-02-11 00:00:00
TXN-0002118,Nancy Hernandez,Sports & Outdoors,1319.21,7,9234.47,4.4,Netherlands,2023-05-30 09:48:22
TXN-0004182,David Anderson,Toys & Games,1399.9,2,2799.8,4.8,India,2023-10-27 01:34:30
TXN-0012487,Jennifer Thomas,Toys & Games,239.22,5,1196.1,3.3,India,2023-08-17 06:09:58
TXN-0003030,Nancy Jones,Books,117.96,3,353.88,2.3,United Kingdom,2023-05-04 13:13:05
TXN-0003929,Jennifer Hernandez,Toys & Games,56.08,3,168.24,2.5,United Kingdom,2024-12-31 00:00:00
TXN-0010838,Mary Johnson,Books,847.11,2,1694.22,2.4,Netherlands,2024-02-29 11:39:14
TXN-0005133,John Garcia,Apparel,1487.72,5,7438.6,2.4,Netherlands,2024-08-08 00:00:00
TXN-0005366,Charles Williams,Electronics,268.04,5,1340.2,1.4,Germany,2023-02-10 13:46:21
TXN-0008590,Richard Taylor,Automotive,790.42,1,790.42,2.6,United States,2024-10-05 07:17:15
TXN-0010248,Jessica Davis,Apparel,1131.89,6,6791.34,4.4,United States,2023-02-25 16:48:54
TXN-0011117,Charles Wilson,Automotive,339.82,3,1019.46,4.1,India,2023-06-23 06:10:25
TXN-0004619,Jennifer Jones,Toys & Games,925.76,1,925.76,2.7,India,2023-01-19 00:00:00
TXN-0006456,Barbara Thomas,Electronics,1360.86,4,5443.44,1.8,France,2024-03-19 10:06:20
TXN-0001889,Barbara Perez,Apparel,1073.53,2,2147.06,1.9,Germany,2024-01-05 00:41:58
TXN-0008592,Lisa Garcia,Apparel,149.28,8,1194.24,1.3,Netherlands,2024-12-21 11:24:46
TXN-0003401,John Williams,Apparel,1124.03,1,1124.03,4.1,Japan,2023-09-23 09:39:31
TXN-0006508,John White,Beauty & Personal Care,978.8,5,4894.0,3.6,France,2024-02-04 10:43:37
TXN-0009171,Mary Johnson,Electronics,423.68,7,2965.76,4.7,United States,2023-06-07 05:33:26
TXN-0009396,Thomas Martin,Automotive,1006.0,8,8048.0,1.9,Canada,2024-02-27 01:59:19
TXN-0004296,Nancy Lopez,Beauty & Personal Care,685.01,3,2055.03,4.6,United States,2023-07-10 00:00:00
TXN-0009049,William Brown,Beauty & Personal Care,1267.97,7,8875.79,4.2,Canada,2024-09-20 19:43:46
TXN-0002136,Daniel Wilson,Apparel,117.28,3,351.84,1.1,United Kingdom,2024-06-20 00:00:00
TXN-0000673,Daniel White,Toys & Games,203.4,5,1017.0,2.0,Germany,2023-12-03 00:00:00
TXN-0009987,Barbara Jackson,Toys & Games,394.58,2,789.16,1.8,Brazil,2024-03-17 01:58:23
TXN-0004815,Thomas Thomas,Sports & Outdoors,1491.18,8,11929.44,1.6,Netherlands,2024-12-10 10:08:40
TXN-0008315,James Anderson,Automotive,347.26,4,1389.04,4.3,United States,2024-08-17 14:43:33
TXN-0004881,Barbara Thompson,Beauty & Personal Care,647.08,2,1294.16,1.5,France,2024-05-26 22:19:42
TXN-0005518,Robert Jackson,Books,1192.21,5,5961.05,3.9,United States,2024-11-21 00:00:00
TXN-0008462,Robert Smith,Apparel,1156.14,7,8092.98,3.3,Japan,2023-03-21 16:07:39
TXN-0003361,Jessica Hernandez,Beauty & Personal Care,857.21,6,5143.26,1.1,Netherlands,2023-09-24 02:35:18
TXN-0007399,Daniel Jackson,Home & Kitchen,739.79,4,2959.16,2.7,Netherlands,2023-11-23 16:01:12
TXN-0004810,William Jackson,Home & Kitchen,605.75,8,4846.0,2.6,Canada,2024-03-26 23:44:45
TXN-0003762,Karen Lee,Books,1417.08,5,7085.4,3.7,Australia,2024-07-30 02:43:46
TXN-0010511,Richard Brown,Apparel,367.75,2,735.5,4.8,United Kingdom,2023-04-16 02:57:51
TXN-0011782,Mary Davis,Home & Kitchen,1463.73,6,8782.38,3.5,Australia,2024-06-10 00:00:00
TXN-0011907,John Thomas,Electronics,1216.4,5,6082.0,4.8,Brazil,2024-12-25 12:28:21
TXN-0008152,Thomas Smith,Home & Kitchen,171.67,7,1201.69,3.3,United Kingdom,2024-12-31 00:00:00
TXN-0004369,Thomas Brown,Sports & Outdoors,808.46,8,6467.68,3.6,Japan,2023-12-22 14:05:36
TXN-0009282,Michael Williams,Beauty & Personal Care,361.35,4,1445.4,3.7,United Kingdom,2024-05-19 14:20:43
TXN-0009401,Susan Hernandez,Sports & Outdoors,804.57,2,1609.14,4.4,Brazil,2023-03-24 00:00:00
TXN-0007628,Patricia Smith,Sports & Outdoors,1318.94,7,9232.58,4.0,Canada,2024-12-07 15:56:00
TXN-0008871,Mary Gonzalez,Sports & Outdoors,893.23,8,7145.84,3.8,Canada,2023-06-24 00:00:00
TXN-0006476,Linda Jackson,Automotive,308.58,1,308.58,4.5,India,2023-07-16 08:17:14
TXN-0010643,Daniel Hernandez,Sports & Outdoors,1073.99,3,3221.97,4.8,Canada,2024-09-06 03:21:49
TXN-0010527,Charles Taylor,Beauty & Personal Care,110.17,8,881.36,4.1,France,2023-05-19 01:47:07
TXN-0004543,Daniel Rodriguez,Automotive,912.39,7,6386.73,1.2,India,2023-09-12 05:57:34
TXN-0003582,Susan Lopez,Books,680.67,7,4764.69,1.8,Brazil,2024-11-22 22:41:49
TXN-0003221,Charles Garcia,Sports & Outdoors,213.28,8,1706.24,1.9,Brazil,2024-12-07 03:05:29
TXN-0001730,Daniel Gonzalez,Beauty & Personal Care,957.07,8,7656.56,2.1,India,2023-08-09 07:36:14
TXN-0011713,John Moore,Toys & Games,502.04,2,1004.08,3.7,France,2023-05-25 17:10:16
TXN-0002544,Nancy Smith,Beauty & Personal Care,1243.44,1,1243.44,1.6,Netherlands,2023-12-02 16:43:29
TXN-0000843,Christopher Rodriguez,Automotive,372.66,6,2235.96,2.4,France,2023-12-24 03:16:51
TXN-0009459,James Martinez,Beauty & Personal Care,60.05,6,360.3,3.1,Canada,2024-07-08 06:22:08
TXN-0000775,Linda Thomas,Home & Kitchen,43.81,2,87.62,2.6,Australia,2024-04-03 12:42:25
TXN-0010141,John Taylor,Home & Kitchen,1395.98,6,8375.88,3.7,France,2023-02-05 07:14:41
TXN-0008680,Charles Rodriguez,Home & Kitchen,412.5,5,2062.5,4.9,Brazil,2024-07-06 21:25:18
TXN-0003993,James Gonzalez,Toys & Games,1126.18,5,5630.9,3.4,Germany,2024-11-15 06:08:08
TXN-0005575,Nancy Smith,Toys & Games,594.88,7,4164.16,3.8,Japan,2023-03-16 21:50:48
TXN-0004551,Jennifer Wilson,Sports & Outdoors,1421.31,8,11370.48,1.2,Netherlands,2023-04-22 01:19:55
TXN-0005355,Nancy Lopez,Automotive,1324.71,4,5298.84,4.1,Netherlands,2023-11-25 14:52:32
TXN-0006970,Michael Anderson,Electronics,585.57,5,2927.85,1.0,United States,2024-06-17 21:45:43
TXN-0008844,Christopher Johnson,Beauty & Personal Care,817.39,2,1634.78,3.2,France,2023-04-18 13:07:21
TXN-0000244,Joseph Moore,Beauty & Personal Care,396.03,8,3168.24,2.9,France,2024-09-15 13:35:11
TXN-0010273,Charles Williams,Apparel,1455.13,7,10185.91,1.0,United States,2023-10-02 06:45:01
TXN-0002747,Jennifer Hernandez,Apparel,559.07,5,2795.35,2.7,Brazil,2023-07-05 06:57:12
TXN-0007443,Karen Wilson,Toys & Games,78.51,8,628.08,2.9,United States,2024-06-15 11:27:17
TXN-0008605,Nancy Perez,Books,616.81,3,1850.43,3.4,France,2023-05-04 22:52:26
TXN-0002829,Thomas Thompson,Books,376.85,6,2261.1,1.9,France,2024-09-09 00:00:00
TXN-0008030,James Martinez,Beauty & Personal Care,759.77,3,2279.31,2.7,Japan,2024-06-26 17:55:14
TXN-0004448,Patricia Brown,Home & Kitchen,985.13,1,985.13,1.4,Germany,2024-01-05 06:32:45
TXN-0010444,James Moore,Electronics,86.75,7,607.25,2.6,India,2024-12-31 00:00:00
TXN-0002174,Patricia Hernandez,Beauty & Personal Care,898.05,8,7184.4,1.5,Netherlands,2024-12-25 05:55:15
TXN-0007616,Lisa Johnson,Sports & Outdoors,611.85,6,3671.1,2.2,India,2023-08-13 08:08:12
TXN-0004568,Robert Lopez,Books,136.12,4,544.48,4.7,Japan,2024-12-31 00:00:00
TXN-0000580,Karen Lee,Books,281.34,1,281.34,3.6,United States,2023-01-29 00:00:00
TXN-0007591,Christopher Rodriguez,Beauty & Personal Care,1090.38,2,2180.76,3.5,Germany,2024-12-30 19:38:47
TXN-0009347,Elizabeth Rodriguez,Apparel,43.9,1,43.9,3.4,Canada,2023-01-30 02:53:31
TXN-0010536,Richard Smith,Electronics,385.97,3,1157.91,4.4,Germany,2023-05-10 14:11:03
TXN-0001716,Thomas Jackson,Sports & Outdoors,449.89,1,449.89,2.0,Japan,2023-11-23 01:38:01
TXN-0010498,Jennifer White,Sports & Outdoors,626.31,4,2505.24,2.3,Brazil,2023-01-16 16:16:30
TXN-0011767,Susan Smith,Books,643.59,7,4505.13,2.6,Australia,2024-12-04 22:12:35
TXN-0004871,William Jackson,Beauty & Personal Care,159.26,2,318.52,3.6,France,2023-10-23 09:07:51
TXN-0011868,Sarah Williams,Books,158.61,1,158.61,4.3,United States,2023-06-23 21:14:59
TXN-0000512,Robert Lopez,Sports & Outdoors,804.97,8,6439.76,4.8,India,2024-01-06 13:10:29
TXN-0010252,James Rodriguez,Beauty & Personal Care,886.82,8,7094.56,4.5,Japan,2023-06-14 17:50:29
TXN-0007419,Susan Johnson,Electronics,1064.11,3,3192.33,2.7,United Kingdom,2023-09-15 00:37:38
TXN-0007082,Patricia Moore,Beauty & Personal Care,899.07,7,6293.49,3.1,Canada,2024-06-20 08:20:58
TXN-0000582,Karen Perez,Apparel,1125.26,6,6751.56,4.7,India,2023-03-14 07:59:59
TXN-0011335,Jennifer Gonzalez,Sports & Outdoors,62.45,8,499.6,3.7,United States,2024-04-19 00:00:00
TXN-0008056,Thomas Perez,Books,659.48,6,3956.88,4.6,United States,2023-11-23 00:00:00
TXN-0000964,James Jackson,Automotive,1042.12,2,2084.24,4.2,France,2023-05-21 15:53:06
TXN-0003983,David Rodriguez,Sports & Outdoors,1487.48,6,8924.88,2.9,France,2023-08-13 07:58:28
TXN-0002549,Lisa Garcia,Books,753.79,3,2261.37,4.4,United States,2023-09-06 13:13:56
TXN-0005129,Richard Martin,Electronics,184.11,5,920.55,2.2,Brazil,2024-02-17 11:37:58
TXN-0011216,Susan Davis,Beauty & Personal Care,1220.76,7,8545.32,2.8,Germany,2023-12-09 13:39:54
TXN-0007830,Barbara Moore,Home & Kitchen,1017.87,1,1017.87,2.7,Brazil,2024-05-23 00:00:00
TXN-0009114,Barbara Johnson,Books,842.11,3,2526.33,2.9,Canada,2023-07-03 07:13:22
TXN-0003575,Linda Rodriguez,Automotive,1295.98,1,1295.98,3.9,France,2023-04-11 17:56:26
TXN-0002358,William Rodriguez,Home & Kitchen,1320.16,1,1320.16,2.8,United Kingdom,2023-09-16 21:54:12
TXN-0011605,David Thomas,Toys & Games,559.88,1,559.88,4.1,United States,2023-03-09 09:42:12
TXN-0011500,David Rodriguez,Apparel,704.91,3,2114.73,3.8,India,2023-03-05 22:38:28
TXN-0005287,Richard White,Books,1129.25,1,1129.25,3.7,United Kingdom,2023-05-16 01:00:35
TXN-0008114,Karen Gonzalez,Sports & Outdoors,205.85,3,617.55,4.3,France,2023-03-31 07:44:45
TXN-0010208,Robert Taylor,Toys & Games,750.82,3,2252.46,1.8,France,2024-01-07 16:30:57
TXN-0009581,Thomas Anderson,Sports & Outdoors,120.16,6,720.96,4.3,France,2023-02-07 02:10:32
TXN-0001712,Karen Lopez,Electronics,1169.03,3,3507.09,1.5,Netherlands,2023-02-17 03:44:57
TXN-0009189,Robert Davis,Automotive,564.2,7,3949.4,2.8,Brazil,2023-05-13 20:00:03
TXN-0004799,Robert Wilson,Home & Kitchen,167.44,5,837.2,2.8,Canada,2024-12-19 15:00:23
TXN-0001928,Linda Lee,Home & Kitchen,807.26,5,4036.3,4.5,United Kingdom,2024-07-25 03:45:08
TXN-0002115,Barbara Brown,Sports & Outdoors,271.41,6,1628.46,3.9,Australia,2024-11-28 00:44:46
TXN-0007721,William Anderson,Sports & Outdoors,976.85,2,1953.7,3.5,United Kingdom,2024-03-27 09:09:37
TXN-0008529,Sarah Thompson,Sports & Outdoors,1402.9,1,1402.9,2.9,India,2023-05-02 00:00:00
TXN-0004042,Jennifer Martinez,Apparel,566.64,6,3399.84,2.3,Brazil,2024-01-19 11:25:50
TXN-0002484,Christopher Smith,Apparel,207.21,5,1036.05,2.4,Australia,2024-06-18 19:40:50
TXN-0004262,Richard Lopez,Sports & Outdoors,1415.76,8,11326.08,3.7,Netherlands,2024-03-18 00:00:00
TXN-0002470,Robert Miller,Electronics,909.33,8,7274.64,2.2,Germany,2024-10-22 05:13:36
TXN-0007441,Susan Garcia,Books,1087.37,7,7611.59,1.4,Netherlands,2023-10-24 00:00:00
TXN-0000423,Susan Martin,Books,599.82,6,3598.92,4.9,France,2023-12-18 17:39:20
TXN-0009898,Christopher Miller,Toys & Games,1145.73,2,2291.46,3.2,United Kingdom,2024-02-01 00:00:00
TXN-0005085,Charles Jones,Apparel,783.58,5,3917.9,3.9,Brazil,2023-09-18 12:53:10
TXN-0009855,James Moore,Apparel,778.55,6,4671.3,4.2,India,2023-12-11 23:33:38
TXN-0005309,Barbara Rodriguez,Automotive,1053.85,5,5269.25,4.5,Canada,2023-06-14 00:37:27
TXN-0012420,Barbara Smith,Automotive,1219.25,5,6096.25,3.5,Canada,2023-07-21 00:00:00
TXN-0011571,Joseph Wilson,Books,1315.86,1,1315.86,2.6,Netherlands,2023-04-15 00:00:00
TXN-0004947,Thomas Thomas,Electronics,96.84,3,290.52,3.3,Netherlands,2024-12-31 00:00:00
TXN-0003342,James White,Books,14.41,8,115.28,2.8,United Kingdom,2023-06-25 22:12:15
TXN-0011303,Daniel Gonzalez,Automotive,1336.52,7,9355.64,3.0,Canada,2024-08-02 00:00:00
TXN-0008828,Joseph Lee,Apparel,858.73,1,858.73,2.4,Japan,2024-04-24 14:18:54
TXN-0009503,Patricia White,Toys & Games,988.73,7,6921.11,3.5,Canada,2024-05-29 06:06:46
TXN-0008713,Linda White,Automotive,890.39,6,5342.34,4.2,United Kingdom,2024-07-18 05:00:14
TXN-0005258,Jennifer Johnson,Toys & Games,608.85,1,608.85,2.2,India,2024-09-05 04:54:05
TXN-0005244,Christopher Taylor,Home & Kitchen,626.01,6,3756.06,4.4,Australia,2023-04-04 21:53:19
TXN-0004851,Susan Lopez,Automotive,1462.93,8,11703.44,3.8,Brazil,2024-05-17 19:29:44
TXN-0000252,Susan Garcia,Home & Kitchen,788.96,4,3155.84,1.8,Canada,2024-02-13 21:51:03
TXN-0011914,Susan Anderson,Apparel,787.67,8,6301.36,2.9,Japan,2024-10-16 18:32:31
TXN-0009362,Patricia Jones,Home & Kitchen,411.51,8,3292.08,2.6,Brazil,2024-01-20 07:27:18
TXN-0002782,Barbara Smith,Home & Kitchen,1319.25,3,3957.75,2.8,Japan,2023-11-08 20:50:25
TXN-0010693,Susan Smith,Home & Kitchen,384.65,6,2307.9,2.9,United States,2023-10-11 05:39:28
TXN-0004472,Daniel Hernandez,Electronics,152.58,7,1068.06,3.2,Brazil,2024-09-13 22:43:52
TXN-0008647,Linda Rodriguez,Beauty & Personal Care,891.22,6,5347.32,1.4,France,2023-09-13 04:35:24
TXN-0006917,Michael Taylor,Home & Kitchen,845.58,7,5919.06,4.3,Netherlands,2023-01-17 07:32:51
TXN-0010656,Lisa Taylor,Toys & Games,1059.0,2,2118.0,3.9,United States,2024-10-08 21:03:40
TXN-0007945,David Anderson,Books,1270.28,8,10162.24,2.1,Netherlands,2024-05-11 22:04:43
TXN-0010196,Thomas Gonzalez,Automotive,5.39,1,5.39,1.1,Brazil,2023-02-21 11:01:22
TXN-0005306,Charles Lopez,Books,493.76,4,1975.04,1.9,Brazil,2024-04-01 00:00:00
TXN-0004354,Patricia Anderson,Books,138.88,6,833.28,4.1,Germany,2023-03-15 01:10:34
TXN-0009604,Jennifer Martin,Electronics,151.58,2,303.16,3.2,Germany,2023-01-08 01:57:29
TXN-0001046,Elizabeth Miller,Books,364.3,2,728.6,4.9,United States,2024-03-14 00:00:00
TXN-0003377,Jennifer Miller,Home & Kitchen,166.0,1,166.0,3.1,Netherlands,2023-02-24 10:49:35
TXN-0004211,Barbara Perez,Beauty & Personal Care,17.56,3,52.68,3.5,India,2023-10-18 00:00:00
TXN-0004741,Patricia Brown,Apparel,538.42,8,4307.36,2.2,Japan,2023-01-06 17:23:19
TXN-0010967,James Garcia,Automotive,305.28,5,1526.4,4.0,United States,2024-08-05 05:09:53
TXN-0009622,Michael Moore,Beauty & Personal Care,1160.89,6,6965.34,2.6,Japan,2023-10-13 20:30:45
TXN-0005618,Mary Moore,Toys & Games,235.18,3,705.54,2.6,India,2024-05-05 06:00:24
TXN-0009769,Jennifer Gonzalez,Toys & Games,57.64,7,403.48,2.0,France,2024-02-28 07:29:16
TXN-0000336,Christopher Lee,Home & Kitchen,155.54,2,311.08,1.1,Netherlands,2024-12-31 00:00:00
TXN-0011719,Thomas Hernandez,Books,623.76,4,2495.04,4.0,India,2024-08-25 12:26:34
TXN-0004706,Barbara Taylor,Books,1493.13,2,2986.26,3.4,United Kingdom,2023-01-30 00:00:00
TXN-0006578,Lisa Johnson,Electronics,1390.64,6,8343.84,3.9,Japan,2024-04-29 15:35:41
TXN-0005188,Charles Martinez,Books,42.46,1,42.46,4.6,Japan,2023-02-27 21:17:35
TXN-0004282,Michael Gonzalez,Apparel,1189.85,1,1189.85,2.4,Canada,2023-03-01 23:29:38
TXN-0010048,Richard Smith,Toys & Games,442.85,1,442.85,3.8,Netherlands,2023-04-29 06:08:10
TXN-0011133,Patricia Thompson,Books,740.66,3,2221.98,2.6,Australia,2023-03-08 09:51:14
TXN-0003069,Richard Davis,Automotive,885.94,8,7087.52,1.3,India,2024-09-01 00:00:00
TXN-0008938,David Williams,Toys & Games,537.96,2,1075.92,2.3,Australia,2023-12-31 03:08:44
TXN-0007030,Susan Rodriguez,Apparel,149.07,2,298.14,1.1,Japan,2024-04-07 11:57:59
TXN-0000351,Jennifer Lee,Home & Kitchen,672.71,5,3363.55,1.8,Australia,2024-06-22 00:00:00
TXN-0007339,Charles Garcia,Electronics,802.06,8,6416.48,1.2,Canada,2024-08-27 08:23:05
TXN-0000025,Lisa Hernandez,Home & Kitchen,291.43,8,2331.44,1.6,Germany,2023-05-23 12:27:53
TXN-0002902,Susan Martin,Toys & Games,493.5,6,2961.0,3.4,France,2024-10-14 01:32:31
TXN-0006245,Elizabeth Rodriguez,Beauty & Personal Care,853.56,5,4267.8,2.3,Netherlands,2024-08-21 13:04:24
TXN-0005888,Joseph Thomas,Apparel,384.22,6,2305.32,2.2,France,2024-10-03 08:34:46
TXN-0003738,Patricia Brown,Books,778.49,3,2335.47,1.9,United States,2023-10-07 01:54:38
TXN-0001023,Lisa Taylor,Apparel,906.92,7,6348.44,2.5,United States,2023-03-27 11:12:38
TXN-0002183,Jessica Lopez,Home & Kitchen,104.51,6,627.06,4.7,India,2024-02-15 23:00:30
TXN-0010068,William Wilson,Books,1192.06,6,7152.36,1.9,United States,2024-10-03 02:55:56
TXN-0011217,John Williams,Electronics,76.37,5,381.85,1.6,India,2024-12-31 00:00:00
TXN-0005324,William Johnson,Books,1310.2,3,3930.6,4.4,Netherlands,2024-01-06 07:34:23
TXN-0012057,Jennifer Gonzalez,Toys & Games,10.99,2,21.98,2.0,France,2024-12-18 11:40:26
TXN-0007481,Lisa Perez,Toys & Games,403.95,6,2423.7,2.4,United Kingdom,2024-12-31 00:00:00
TXN-0011044,Mary Perez,Apparel,1460.69,1,1460.69,3.5,India,2023-04-02 08:15:20
TXN-0005961,Daniel Davis,Apparel,561.42,7,3929.94,2.7,Canada,2023-02-18 01:15:25
TXN-0007508,Daniel Anderson,Books,1304.34,1,1304.34,3.6,India,2024-01-01 08:39:49
TXN-0001905,Elizabeth Hernandez,Toys & Games,737.59,8,5900.72,2.4,Australia,2024-11-24 00:00:00
TXN-0010776,Christopher Martinez,Beauty & Personal Care,655.86,2,1311.72,1.2,India,2023-05-25 17:33:50
TXN-0008823,Jessica White,Beauty & Personal Care,507.85,3,1523.55,1.4,United Kingdom,2023-12-24 14:26:14
TXN-0002796,Lisa Lee,Sports & Outdoors,1047.44,6,6284.64,3.0,United States,2024-08-30 07:34:18
TXN-0003539,Christopher Williams,Home & Kitchen,770.04,1,770.04,4.8,India,2024-12-23 15:38:50
TXN-0010438,Robert Brown,Beauty & Personal Care,610.78,4,2443.12,1.4,Australia,2023-08-04 11:48:05
TXN-0006728,Daniel Martin,Electronics,697.25,7,4880.75,2.3,Netherlands,2024-03-23 12:18:48
TXN-0003648,Michael Davis,Automotive,1161.44,1,1161.44,4.9,Brazil,2024-06-08 16:02:40
TXN-0002294,Barbara Martinez,Books,127.98,3,383.94,2.0,France,2023-01-23 00:00:00
TXN-0011845,Christopher White,Books,1234.51,7,8641.57,4.6,India,2024-12-11 11:17:23
TXN-0005028,James Martinez,Sports & Outdoors,1327.3,6,7963.8,1.1,India,2023-12-20 09:27:23
TXN-0002587,Sarah Gonzalez,Sports & Outdoors,1456.78,1,1456.78,4.2,Germany,2023-11-26 21:57:29
TXN-0003768,Daniel Rodriguez,Electronics,135.43,1,135.43,1.5,Brazil,2023-07-23 08:07:52
TXN-0012047,Lisa Martin,Toys & Games,1255.82,5,6279.1,3.8,Germany,2023-12-11 03:17:12
TXN-0004807,Mary Moore,Automotive,1147.33,7,8031.31,4.3,Germany,2023-03-02 17:36:47
TXN-0008397,Nancy Johnson,Home & Kitchen,262.29,1,262.29,3.0,Australia,2024-02-19 08:10:28
TXN-0002461,William Johnson,Home & Kitchen,1193.2,1,1193.2,2.4,Brazil,2024-02-28 00:14:53
TXN-0009184,Thomas Davis,Books,1120.84,2,2241.68,1.3,Australia,2024-02-26 11:29:37
TXN-0008945,Joseph White,Apparel,1149.53,5,5747.65,2.2,Australia,2023-06-28 11:48:27
TXN-0000203,Thomas Anderson,Apparel,1340.23,3,4020.69,2.3,Netherlands,2024-04-21 04:25:05
TXN-0004108,Patricia Davis,Books,121.13,8,969.04,3.0,Canada,2023-02-13 20:52:14
TXN-0003141,Jessica Rodriguez,Electronics,571.48,7,4000.36,2.8,Japan,2023-02-23 02:39:37
TXN-0009472,Patricia Martin,Beauty & Personal Care,241.0,6,1446.0,2.1,Canada,2024-09-17 18:26:51
TXN-0007387,Michael Gonzalez,Apparel,1472.27,8,11778.16,3.3,Brazil,2024-12-28 02:58:41
TXN-0011489,Linda Martin,Electronics,898.01,7,6286.07,4.6,United Kingdom,2024-06-08 00:00:00
TXN-0001304,John Miller,Beauty & Personal Care,441.28,6,2647.68,2.8,France,2023-12-30 00:35:48
TXN-0003085,Elizabeth Hernandez,Home & Kitchen,1408.8,3,4226.4,3.7,United Kingdom,2024-07-21 11:47:27
TXN-0010471,John Martinez,Books,606.46,6,3638.76,3.8,Canada,2023-10-08 13:37:34
TXN-0001519,Robert Jones,Beauty & Personal Care,584.35,7,4090.45,1.1,Australia,2024-08-17 14:38:16
TXN-0006448,Lisa Thompson,Electronics,670.12,3,2010.36,3.3,Brazil,2024-02-24 04:25:11
TXN-0006782,Mary Hernandez,Home & Kitchen,1435.15,4,5740.6,2.7,Netherlands,2023-02-28 16:18:53
TXN-0001751,Joseph Wilson,Electronics,265.0,4,1060.0,2.2,India,2024-07-16 15:49:06
TXN-0000208,Daniel Jones,Books,490.95,8,3927.6,3.1,Brazil,2023-09-01 16:46:20
TXN-0001146,Karen Brown,Toys & Games,956.11,3,2868.33,1.6,United Kingdom,2024-08-01 08:19:18
TXN-0005877,Robert Jones,Electronics,1436.56,2,2873.12,2.4,United Kingdom,2023-03-16 20:01:24
TXN-0003821,Lisa Miller,Home & Kitchen,1065.9,5,5329.5,3.7,India,2024-11-01 10:36:10
TXN-0008069,Mary Johnson,Automotive,861.22,5,4306.1,3.3,Brazil,2024-08-13 14:47:52
TXN-0000348,Christopher Thomas,Beauty & Personal Care,1062.24,6,6373.44,1.9,United Kingdom,2024-04-02 10:49:35
TXN-0002875,David Hernandez,Home & Kitchen,1214.04,2,2428.08,4.3,India,2024-06-28 03:27:26
TXN-0002553,Charles Miller,Home & Kitchen,142.95,2,285.9,2.9,Australia,2024-01-24 00:00:00
TXN-0005150,Jessica Gonzalez,Beauty & Personal Care,1315.1,4,5260.4,3.4,Brazil,2024-08-18 21:24:06
TXN-0011857,Nancy Lopez,Toys & Games,734.07,7,5138.49,3.2,Japan,2023-08-15 13:18:25
TXN-0006100,Joseph Martinez,Electronics,1001.02,8,8008.16,3.0,United States,2023-09-12 13:33:36
TXN-0000882,Linda Brown,Home & Kitchen,543.55,4,2174.2,2.3,Canada,2024-06-08 08:54:45
TXN-0010951,James Martinez,Books,126.6,4,506.4,1.1,Canada,2023-03-13 18:55:06
TXN-0001807,Jennifer Jones,Automotive,767.76,5,3838.8,3.2,Australia,2023-09-21 17:24:48
TXN-0002130,Jennifer Jones,Home & Kitchen,1174.26,6,7045.56,4.0,United Kingdom,2024-02-02 04:28:29
TXN-0006661,Christopher Jones,Toys & Games,911.68,6,5470.08,3.2,Canada,2023-10-14 00:00:00
TXN-0006700,Robert Lopez,Apparel,511.47,4,2045.88,1.4,India,2024-01-15 07:13:22
TXN-0004423,William Gonzalez,Electronics,780.19,6,4681.14,1.4,Germany,2024-06-29 00:30:38
TXN-0000625,Karen White,Sports & Outdoors,394.36,8,3154.88,3.3,Netherlands,2024-03-20 00:00:00
TXN-0003966,Barbara Anderson,Toys & Games,836.45,4,3345.8,3.5,Brazil,2023-03-11 13:36:36
TXN-0005229,Michael Miller,Toys & Games,44.3,1,44.3,2.8,Brazil,2024-08-12 00:00:00
TXN-0005446,Richard Wilson,Beauty & Personal Care,1292.11,4,5168.44,3.3,India,2024-12-24 08:13:31
TXN-0004536,Daniel Anderson,Books,323.55,8,2588.4,4.2,India,2024-05-26 00:00:00
TXN-0005833,Charles Miller,Automotive,660.17,5,3300.85,4.4,United States,2023-03-04 16:13:03
TXN-0006614,John Miller,Electronics,215.35,4,861.4,3.0,France,2024-06-04 20:31:15
TXN-0010400,Christopher Wilson,Sports & Outdoors,96.49,6,578.94,2.7,Japan,2023-03-30 00:21:19
TXN-0009042,Christopher Thompson,Books,1498.73,8,11989.84,1.0,Netherlands,2024-08-01 15:31:36
TXN-0011972,Karen Lopez,Apparel,533.31,1,533.31,4.6,Canada,2023-09-30 18:06:13
TXN-0004203,Susan Martin,Electronics,1042.09,2,2084.18,2.3,Japan,2024-09-09 21:55:30
TXN-0006433,William Smith,Books,309.28,7,2164.96,2.1,Netherlands,2024-09-17 08:41:02
TXN-0009810,Richard Wilson,Beauty & Personal Care,1109.23,4,4436.92,1.5,France,2023-03-19 05:06:04
TXN-0011708,Joseph Lee,Electronics,1288.54,3,3865.62,2.5,Japan,2024-08-28 00:00:00
TXN-0000975,Thomas Martin,Apparel,1233.24,6,7399.44,5.0,Japan,2023-12-03 19:23:44
TXN-0000769,Lisa Lopez,Toys & Games,1354.68,5,6773.4,3.5,France,2024-08-14 12:34:49
TXN-0000069,John Rodriguez,Automotive,1126.96,7,7888.72,2.3,Germany,2024-01-19 22:32:27
TXN-0006900,John Moore,Automotive,252.11,5,1260.55,1.0,Japan,2024-12-17 12:30:56
TXN-0002372,Mary Garcia,Beauty & Personal Care,1076.04,5,5380.2,4.8,India,2023-08-02 13:11:57
TXN-0003176,Jennifer Hernandez,Books,60.99,5,304.95,1.1,Japan,2023-08-07 04:20:00
TXN-0002594,Barbara Williams,Automotive,1277.94,6,7667.64,2.7,France,2023-08-27 00:00:00
TXN-0008609,David Martin,Electronics,66.92,3,200.76,1.2,France,2024-05-11 03:57:03
TXN-0007218,Sarah Rodriguez,Automotive,1486.94,7,10408.58,1.2,United Kingdom,2023-02-23 14:52:10
TXN-0007990,Daniel Jackson,Beauty & Personal Care,769.0,4,3076.0,1.1,Germany,2024-01-11 12:12:03
TXN-0007881,Thomas Martinez,Sports & Outdoors,1031.45,6,6188.7,2.0,Japan,2024-06-27 00:00:00
TXN-0011459,James Gonzalez,Toys & Games,765.64,2,1531.28,3.0,Germany,2024-02-26 00:00:00
TXN-0010334,Jennifer Davis,Home & Kitchen,166.94,8,1335.52,1.7,United Kingdom,2023-10-21 13:24:05
TXN-0000930,James Brown,Home & Kitchen,599.51,2,1199.02,3.1,Japan,2023-05-27 15:55:13
TXN-0005866,Daniel Brown,Home & Kitchen,980.5,1,980.5,1.2,Germany,2023-03-05 21:30:23
TXN-0005302,Michael Perez,Sports & Outdoors,448.65,2,897.3,4.4,United Kingdom,2023-05-01 15:36:19
TXN-0005823,Susan Hernandez,Electronics,1251.97,8,10015.76,3.2,United Kingdom,2023-01-29 22:52:17
TXN-0003663,Lisa White,Beauty & Personal Care,335.13,7,2345.91,1.3,Canada,2024-04-07 09:54:52
TXN-0003643,Thomas Anderson,Home & Kitchen,1398.73,5,6993.65,2.5,France,2024-04-18 16:36:47
TXN-0009251,Sarah Moore,Apparel,182.57,7,1277.99,2.5,Brazil,2024-11-26 10:40:51
TXN-0006259,Sarah Hernandez,Apparel,322.08,8,2576.64,1.4,United States,2023-02-03 21:03:37
TXN-0011267,Jessica Brown,Books,50.33,4,201.32,4.9,United Kingdom,2023-06-23 18:36:09
TXN-0004983,Jessica Martinez,Books,672.31,3,2016.93,3.6,Australia,2024-04-24 00:00:00
TXN-0001368,Robert Thompson,Automotive,96.47,4,385.88,4.5,United States,2024-05-28 09:02:30
TXN-0007883,Jennifer White,Home & Kitchen,1069.3,6,6415.8,4.3,India,2024-06-18 00:00:00
TXN-0011726,James Jackson,Sports & Outdoors,814.11,3,2442.33,1.2,United States,2024-01-17 00:18:46
TXN-0012113,Lisa Jackson,Apparel,402.03,4,1608.12,3.7,France,2023-04-12 15:43:01
TXN-0010072,Nancy Thomas,Electronics,1432.13,3,4296.39,3.6,Canada,2023-06-24 22:46:10
TXN-0002104,Jennifer Davis,Sports & Outdoors,260.09,1,260.09,1.9,India,2024-07-10 16:58:51
TXN-0011917,Thomas Anderson,Books,260.91,8,2087.28,3.9,Germany,2023-11-14 23:38:19
TXN-0005474,David Taylor,Electronics,854.59,4,3418.36,1.6,Japan,2024-07-21 00:17:12
TXN-0011306,Christopher Williams,Automotive,96.32,4,385.28,1.2,Canada,2023-09-01 08:48:08
TXN-0007351,Susan Gonzalez,Beauty & Personal Care,1004.33,8,8034.64,4.6,Australia,2024-04-17 13:51:55
TXN-0006618,Christopher Lee,Sports & Outdoors,808.07,6,4848.42,4.2,France,2023-04-05 07:55:46
TXN-0001481,Lisa Rodriguez,Books,426.05,2,852.1,4.7,India,2024-12-14 15:13:41
TXN-0011860,Jennifer Lopez,Home & Kitchen,549.49,1,549.49,1.5,France,2024-11-04 00:00:00
TXN-0010393,Christopher Taylor,Home & Kitchen,992.34,4,3969.36,2.3,France,2024-05-26 00:13:56
TXN-0004899,James Perez,Beauty & Personal Care,274.26,4,1097.04,3.4,India,2024-02-07 16:16:39
TXN-0009657,Karen Thomas,Home & Kitchen,177.14,8,1417.12,3.1,United Kingdom,2023-10-16 00:00:00
TXN-0004342,Charles Jones,Apparel,39.54,1,39.54,4.7,India,2023-10-26 14:14:18
TXN-0006571,Daniel Davis,Books,1215.41,3,3646.23,2.5,United Kingdom,2023-06-11 12:56:01
TXN-0011493,Jennifer Rodriguez,Electronics,512.17,8,4097.36,4.4,United States,2024-06-27 23:28:31
TXN-0010499,Elizabeth Johnson,Books,243.23,1,243.23,1.9,Australia,2024-05-06 08:51:10
TXN-0008236,Mary Jones,Books,607.13,5,3035.65,4.1,Australia,2023-08-21 01:30:28
TXN-0008531,John Lee,Automotive,1268.86,7,8882.02,2.0,France,2024-11-11 08:10:54
TXN-0001900,Mary Lopez,Home & Kitchen,714.35,7,5000.45,3.7,Canada,2023-02-18 01:17:12
TXN-0003616,Elizabeth Wilson,Sports & Outdoors,359.8,6,2158.8,1.1,United States,2024-12-25 12:12:52
TXN-0006677,Barbara Smith,Beauty & Personal Care,1453.63,7,10175.41,2.4,United Kingdom,2024-10-01 00:00:00
TXN-0005067,Nancy Gonzalez,Sports & Outdoors,249.17,7,1744.19,3.5,France,2024-11-06 01:15:02
TXN-0001232,Michael Martin,Sports & Outdoors,640.6,1,640.6,2.2,Australia,2023-12-23 10:37:16
TXN-0008864,Elizabeth Wilson,Automotive,417.64,2,835.28,4.2,United States,2023-10-10 00:00:00
TXN-0005319,Mary Rodriguez,Home & Kitchen,647.9,4,2591.6,1.3,Brazil,2024-08-10 03:13:28
TXN-0011587,Patricia White,Sports & Outdoors,731.3,2,1462.6,1.1,United Kingdom,2023-08-08 17:15:34
TXN-0007231,Karen Smith,Home & Kitchen,524.09,3,1572.27,4.3,India,2023-02-17 13:23:47
TXN-0006665,David Jones,Apparel,44.31,5,221.55,1.1,Netherlands,2023-03-11 12:35:08
TXN-0002458,James Rodriguez,Automotive,43.38,7,303.66,4.5,Japan,2024-08-24 13:06:31
TXN-0002529,Charles Gonzalez,Books,365.96,1,365.96,4.4,Brazil,2024-10-28 11:46:17
TXN-0006866,James Smith,Automotive,451.07,2,902.14,2.2,Japan,2023-12-22 14:58:18
TXN-0000899,Nancy Williams,Books,619.86,2,1239.72,5.0,India,2023-03-01 10:41:25
TXN-0011853,Jessica Rodriguez,Books,854.53,8,6836.24,2.0,France,2023-12-15 14:51:44
TXN-0003127,Karen Thompson,Automotive,503.11,8,4024.88,4.4,Canada,2023-09-01 22:29:00
TXN-0012324,Christopher Williams,Automotive,1133.52,5,5667.6,1.7,Australia,2023-03-05 15:37:54
TXN-0003561,Jessica Martin,Apparel,396.02,1,396.02,1.3,Canada,2024-11-02 02:15:12
TXN-0003199,Thomas Jones,Books,1281.27,7,8968.89,4.3,Brazil,2024-04-30 01:24:08
TXN-0002682,Barbara Anderson,Electronics,601.61,3,1804.83,2.8,Canada,2023-03-14 09:59:48
TXN-0003642,Thomas Williams,Automotive,1238.06,5,6190.3,2.1,India,2024-03-15 23:55:17
TXN-0002977,Charles Lopez,Home & Kitchen,713.98,1,713.98,4.3,Japan,2023-09-15 09:23:32
TXN-0008675,Barbara Martinez,Electronics,211.77,6,1270.62,3.6,Australia,2024-09-02 12:21:35
TXN-0003014,William Lee,Home & Kitchen,618.76,4,2475.04,1.9,Germany,2024-07-25 17:11:27
TXN-0005871,Robert Jackson,Automotive,768.16,6,4608.96,2.7,Australia,2024-04-01 00:00:00
TXN-0006121,William Brown,Toys & Games,366.81,8,2934.48,2.1,Australia,2023-11-13 23:57:52
TXN-0004028,Lisa Wilson,Automotive,1175.77,8,9406.16,2.0,India,2023-11-20 03:30:23
TXN-0002262,Patricia Rodriguez,Home & Kitchen,1198.49,1,1198.49,3.3,Japan,2024-10-26 18:38:49
TXN-0005328,Elizabeth Miller,Beauty & Personal Care,1050.42,6,6302.52,3.5,Brazil,2023-03-25 22:35:41
TXN-0007178,Thomas Lee,Apparel,1281.54,1,1281.54,3.3,Netherlands,2024-12-17 15:24:01
TXN-0005950,Nancy White,Apparel,750.64,7,5254.48,4.3,Japan,2023-12-15 00:00:00
TXN-0010165,Thomas Wilson,Toys & Games,1212.14,7,8484.98,1.3,Japan,2024-05-02 00:00:00
TXN-0001306,Richard Moore,Apparel,912.65,2,1825.3,1.4,Japan,2023-06-19 13:30:26
TXN-0003862,Mary Johnson,Sports & Outdoors,123.62,8,988.96,5.0,Netherlands,2024-11-23 15:11:08
TXN-0005483,Lisa Johnson,Home & Kitchen,1143.25,2,2286.5,3.9,Canada,2024-03-15 20:27:06
TXN-0010070,Daniel Taylor,Toys & Games,997.13,7,6979.91,2.3,France,2024-08-22 13:08:27
TXN-0005012,Jennifer Martinez,Beauty & Personal Care,1255.86,2,2511.72,4.7,Australia,2024-08-17 20:35:59
TXN-0009573,Daniel Jones,Sports & Outdoors,1343.64,5,6718.2,4.6,Germany,2023-07-09 12:34:19
TXN-0009237,Christopher Thompson,Toys & Games,514.45,7,3601.15,3.0,France,2023-02-12 00:00:00
TXN-0005976,Elizabeth Martin,Home & Kitchen,646.75,5,3233.75,4.9,United Kingdom,2023-07-02 22:29:36
TXN-0000730,Barbara White,Electronics,573.96,7,4017.72,2.4,Australia,2023-10-05 13:47:11
TXN-0003298,Nancy Gonzalez,Automotive,553.69,1,553.69,2.9,Canada,2024-05-18 00:00:00
TXN-0010761,Christopher Martin,Sports & Outdoors,620.38,6,3722.28,1.9,Germany,2023-09-07 00:00:00
TXN-0009934,Linda Martin,Books,1157.08,4,4628.32,2.6,Germany,2024-01-20 17:32:48
TXN-0005812,Thomas Rodriguez,Electronics,724.73,6,4348.38,3.8,France,2023-03-10 15:01:34
TXN-0011009,David Williams,Automotive,1175.7,5,5878.5,1.3,Germany,2024-01-17 03:25:04
TXN-0001300,Nancy Jones,Sports & Outdoors,696.35,6,4178.1,1.4,France,2023-06-24 00:00:00
TXN-0008304,William Wilson,Beauty & Personal Care,883.59,4,3534.36,1.3,Netherlands,2023-06-05 08:21:00
TXN-0009315,Charles Hernandez,Sports & Outdoors,785.27,4,3141.08,2.2,France,2024-11-01 00:00:00
TXN-0011958,Elizabeth Anderson,Electronics,670.19,2,1340.38,5.0,Netherlands,2023-07-18 00:00:00
TXN-0008449,Thomas White,Apparel,682.59,7,4778.13,3.4,France,2024-05-09 02:16:17
TXN-0009897,Richard Wilson,Sports & Outdoors,50.05,8,400.4,1.8,Germany,2024-01-13 00:13:27
TXN-0002328,Richard Perez,Books,719.96,2,1439.92,4.4,United Kingdom,2024-07-02 16:22:39
TXN-0008425,Sarah Perez,Electronics,43.54,2,87.08,2.4,Netherlands,2024-06-12 00:00:00
TXN-0006233,Patricia Lopez,Books,308.13,6,1848.78,4.9,Australia,2024-11-23 15:46:39
TXN-0008330,Barbara Hernandez,Electronics,954.17,6,5725.02,4.5,Canada,2023-01-11 00:00:00
TXN-0003187,Susan Thompson,Apparel,762.32,3,2286.96,4.7,France,2023-06-02 07:07:25
TXN-0008439,Elizabeth Garcia,Automotive,1144.0,2,2288.0,1.8,Canada,2024-10-17 15:21:11
TXN-0011181,Lisa Hernandez,Books,522.44,6,3134.64,4.4,United Kingdom,2023-12-24 16:41:08
TXN-0009220,Joseph White,Books,205.67,5,1028.35,1.5,India,2023-06-30 17:41:28
TXN-0010790,Thomas Smith,Automotive,1419.29,4,5677.16,1.5,Canada,2023-11-05 12:43:58
TXN-0000335,Robert Brown,Electronics,1246.41,4,4985.64,1.5,United States,2024-10-01 18:23:07
TXN-0007350,John Smith,Apparel,1396.07,8,11168.56,1.9,United States,2024-03-04 09:56:39
TXN-0004869,Robert Martinez,Toys & Games,45.7,5,228.5,2.6,France,2023-10-12 11:43:09
TXN-0003758,Patricia Perez,Books,334.68,6,2008.08,3.9,Japan,2024-12-31 00:00:00
TXN-0001446,Richard Rodriguez,Books,383.87,1,383.87,3.5,India,2023-11-04 00:00:00
TXN-0002765,Susan Lopez,Apparel,217.27,7,1520.89,3.2,Brazil,2023-07-24 22:53:11
TXN-0003329,Daniel Jones,Books,1449.3,8,11594.4,1.1,United States,2023-11-22 08:35:35
TXN-0009421,Robert Jackson,Toys & Games,790.09,4,3160.36,3.4,France,2024-01-28 06:48:44
TXN-0005845,Jennifer Smith,Apparel,679.25,3,2037.75,4.3,Canada,2024-03-12 00:32:42
TXN-0002940,Nancy Davis,Toys & Games,1372.37,2,2744.74,2.0,United Kingdom,2023-10-03 00:00:00
TXN-0004707,Richard Davis,Books,1398.74,3,4196.22,4.9,France,2023-12-11 03:21:41
TXN-0000493,Jessica Moore,Electronics,524.2,3,1572.6,2.8,Brazil,2023-04-04 11:49:31
TXN-0001295,Lisa Lee,Home & Kitchen,63.19,2,126.38,2.4,Japan,2024-12-31 00:00:00
TXN-0009198,Lisa Garcia,Books,803.62,5,4018.1,1.3,Germany,2024-11-01 17:51:19
TXN-0002938,David Martin,Beauty & Personal Care,792.5,2,1585.0,2.1,United States,2023-05-08 10:30:36
TXN-0003499,Sarah Johnson,Sports & Outdoors,51.11,3,153.33,1.4,Australia,2023-04-20 12:05:25
TXN-0011075,Robert White,Beauty & Personal Care,855.16,7,5986.12,2.5,Japan,2024-07-06 11:33:31
TXN-0000454,William Jones,Books,1101.65,2,2203.3,3.9,France,2024-11-23 22:02:45
TXN-0001485,Patricia Martin,Home & Kitchen,1057.7,4,4230.8,4.7,United States,2024-12-20 00:00:00
TXN-0005541,Barbara Gonzalez,Home & Kitchen,1044.4,1,1044.4,4.3,Germany,2024-07-24 15:21:58
TXN-0010696,David Taylor,Beauty & Personal Care,147.69,3,443.07,3.9,Australia,2023-05-08 06:05:31
TXN-0007583,Michael Lee,Automotive,1159.28,4,4637.12,3.0,India,2024-12-23 04:27:38
TXN-0011593,Patricia Johnson,Home & Kitchen,706.3,2,1412.6,2.1,India,2023-12-15 00:00:00
TXN-0011700,Patricia Thomas,Books,895.15,3,2685.45,1.4,Brazil,2023-11-18 23:44:50
TXN-0001248,Sarah Moore,Books,891.0,2,1782.0,3.9,Canada,2023-08-06 11:18:31
TXN-0010263,Thomas Miller,Automotive,410.96,5,2054.8,1.7,India,2024-02-15 07:26:08
TXN-0002835,Nancy Anderson,Automotive,665.9,5,3329.5,2.4,United States,2024-04-07 00:56:07
TXN-0010433,Christopher Lopez,Apparel,792.89,6,4757.34,3.0,United Kingdom,2023-12-29 02:51:32
TXN-0007369,Robert Rodriguez,Electronics,286.54,2,573.08,1.5,United Kingdom,2024-11-15 11:28:59
TXN-0002778,Karen Anderson,Sports & Outdoors,146.52,2,293.04,4.0,United Kingdom,2023-04-19 16:29:58
TXN-0006716,Jennifer Hernandez,Sports & Outdoors,1025.12,5,5125.6,2.4,Netherlands,2023-01-15 23:14:39
TXN-0003255,William Hernandez,Automotive,1304.97,5,6524.85,2.1,France,2024-10-22 05:07:48
TXN-0012308,Thomas Brown,Home & Kitchen,1116.77,5,5583.85,2.4,Netherlands,2024-07-06 01:23:17
TXN-0011595,Lisa Thomas,Books,926.74,1,926.74,3.0,Australia,2024-07-03 21:15:13
TXN-0001885,David Brown,Toys & Games,243.91,6,1463.46,3.3,United Kingdom,2023-07-08 20:47:40
TXN-0006112,Mary Perez,Beauty & Personal Care,278.89,5,1394.45,4.2,United States,2023-01-04 14:51:21
TXN-0000286,Sarah Garcia,Automotive,214.74,6,1288.44,4.4,France,2024-04-26 00:00:00
TXN-0009453,Susan Taylor,Beauty & Personal Care,803.53,1,803.53,3.9,India,2023-09-27 02:41:42
TXN-0008216,Michael Taylor,Books,104.81,7,733.67,2.0,Australia,2023-08-14 17:18:49
TXN-0010802,Patricia White,Apparel,754.79,7,5283.53,3.2,United Kingdom,2023-02-09 00:00:00
TXN-0008658,Jessica Gonzalez,Toys & Games,1390.94,5,6954.7,2.4,Canada,2024-02-08 01:05:57
TXN-0009265,Susan Lee,Beauty & Personal Care,74.58,8,596.64,3.4,France,2023-07-07 21:31:53
TXN-0004043,John Taylor,Automotive,900.68,6,5404.08,4.1,India,2023-04-08 00:57:27
TXN-0010635,John Thompson,Sports & Outdoors,1365.22,6,8191.32,1.3,Brazil,2023-09-21 15:38:59
TXN-0003677,Richard Lopez,Books,1470.88,4,5883.52,4.1,Germany,2023-01-06 01:24:52
TXN-0010236,William Anderson,Electronics,1068.44,8,8547.52,1.1,India,2024-08-18 13:03:52
TXN-0002213,Christopher Hernandez,Beauty & Personal Care,140.07,5,700.35,2.8,Japan,2023-11-07 00:00:00
TXN-0010452,Robert Wilson,Toys & Games,37.07,4,148.28,4.3,Australia,2023-06-05 22:22:52
TXN-0005043,Jennifer Wilson,Home & Kitchen,1120.1,4,4480.4,2.7,India,2024-01-04 00:00:00
TXN-0004925,Susan Miller,Apparel,125.6,8,1004.8,4.4,Australia,2023-04-20 13:37:13
TXN-0007540,Karen Moore,Beauty & Personal Care,1301.12,3,3903.36,2.4,Germany,2024-08-24 00:00:00
TXN-0010612,Joseph Wilson,Beauty & Personal Care,849.3,3,2547.9,3.4,Canada,2024-11-06 10:55:21
TXN-0001814,Robert Lopez,Apparel,435.43,2,870.86,3.1,Australia,2024-09-17 13:27:36
TXN-0011320,Richard Anderson,Home & Kitchen,782.26,1,782.26,1.3,France,2024-12-22 09:19:23
TXN-0001800,Charles Davis,Sports & Outdoors,133.59,6,801.54,1.8,United States,2023-08-27 00:00:00
TXN-0009276,Patricia Wilson,Sports & Outdoors,418.33,3,1254.99,1.1,Netherlands,2024-11-07 05:52:59
TXN-0004598,Sarah Garcia,Sports & Outdoors,752.48,8,6019.84,2.4,India,2024-02-11 17:19:16
TXN-0009115,Nancy Garcia,Home & Kitchen,1111.32,7,7779.24,3.9,Netherlands,2024-01-08 07:24:06
TXN-0008655,Lisa Martinez,Apparel,222.5,8,1780.0,3.7,Australia,2023-03-01 06:37:27
TXN-0008342,Elizabeth Miller,Apparel,748.18,3,2244.54,3.2,Japan,2023-12-09 09:44:27
TXN-0007533,Lisa Rodriguez,Apparel,625.65,7,4379.55,2.4,India,2024-10-07 00:00:00
TXN-0000612,Jennifer Martinez,Toys & Games,899.4,7,6295.8,2.3,Canada,2024-05-15 23:28:06
TXN-0003906,Elizabeth Garcia,Home & Kitchen,635.03,3,1905.09,4.9,Canada,2023-01-27 02:16:58
TXN-0006813,Richard Moore,Sports & Outdoors,1137.78,4,4551.12,3.4,Germany,2023-06-23 03:22:03
TXN-0001135,Patricia Rodriguez,Sports & Outdoors,469.55,7,3286.85,3.7,Netherlands,2023-09-08 11:27:39
TXN-0000347,Thomas Lopez,Home & Kitchen,1058.28,7,7407.96,3.3,Australia,2023-09-19 09:57:11
TXN-0002539,Mary Garcia,Electronics,1098.33,4,4393.32,1.1,Australia,2024-04-17 19:14:19
TXN-0007117,Thomas Gonzalez,Apparel,168.81,1,168.81,1.8,Brazil,2024-04-01 18:37:29
TXN-0009508,Daniel Rodriguez,Home & Kitchen,559.87,8,4478.96,1.8,Japan,2024-01-30 11:15:51
TXN-0006095,Linda Moore,Sports & Outdoors,489.87,6,2939.22,4.2,Australia,2023-11-03 00:00:00
TXN-0008149,Nancy Moore,Electronics,1092.24,7,7645.68,2.1,United States,2024-02-14 12:04:55
TXN-0006359,Jessica White,Beauty & Personal Care,1484.99,4,5939.96,3.6,Brazil,2023-04-25 00:00:00
TXN-0008025,William White,Toys & Games,1279.0,4,5116.0,3.0,France,2024-03-10 04:41:30
TXN-0009249,Christopher Johnson,Sports & Outdoors,1419.85,8,11358.8,2.4,Japan,2024-12-19 04:47:56
TXN-0012464,Richard Taylor,Books,462.33,3,1386.99,3.8,Brazil,2023-11-12 00:00:00
TXN-0002036,Linda Brown,Electronics,803.57,2,1607.14,3.0,United States,2024-02-17 07:23:34
TXN-0011407,Lisa Thompson,Electronics,1057.17,8,8457.36,2.8,Brazil,2023-01-05 18:02:03
TXN-0012206,James Brown,Sports & Outdoors,449.32,4,1797.28,1.2,United States,2023-07-17 14:01:32
TXN-0001770,Nancy Moore,Sports & Outdoors,400.58,1,400.58,3.9,France,2023-05-12 00:40:34
TXN-0005433,John Taylor,Sports & Outdoors,1319.13,1,1319.13,3.2,Australia,2023-09-27 06:18:41
TXN-0000888,Daniel Moore,Sports & Outdoors,882.5,1,882.5,4.7,Australia,2023-04-30 09:00:44
TXN-0011768,Elizabeth Gonzalez,Apparel,776.98,6,4661.88,3.8,United Kingdom,2023-04-05 04:41:55
TXN-0003368,Jennifer White,Sports & Outdoors,478.56,3,1435.68,3.3,France,2024-12-31 00:00:00
TXN-0006248,Sarah Thomas,Automotive,220.68,1,220.68,4.6,Australia,2024-02-13 18:16:55
TXN-0005396,Patricia Miller,Beauty & Personal Care,261.89,5,1309.45,4.2,Canada,2024-03-08 07:49:57
TXN-0012405,William Jones,Automotive,263.34,4,1053.36,3.2,Brazil,2024-07-18 21:51:04
TXN-0001522,Thomas Gonzalez,Apparel,1132.49,5,5662.45,2.3,Germany,2023-09-12 00:48:16
TXN-0003407,Lisa Miller,Toys & Games,351.47,6,2108.82,3.6,Brazil,2024-11-10 10:35:49
TXN-0010516,Patricia Lopez,Automotive,685.77,2,1371.54,3.6,United States,2024-06-06 05:12:40
TXN-0010754,Robert Thompson,Beauty & Personal Care,324.62,1,324.62,3.9,United States,2024-05-04 01:50:11
TXN-0008788,Charles Brown,Apparel,1153.22,5,5766.1,1.0,France,2024-12-11 12:43:15
TXN-0003644,Linda Williams,Beauty & Personal Care,1213.09,7,8491.63,2.2,Australia,2023-04-22 23:34:28
TXN-0001823,Lisa Wilson,Beauty & Personal Care,117.67,5,588.35,1.9,Netherlands,2024-03-03 00:00:00
TXN-0007031,David Lee,Automotive,1210.99,4,4843.96,1.8,Brazil,2024-05-10 09:33:19
TXN-0002918,Robert Thompson,Automotive,528.67,7,3700.69,4.0,India,2023-02-07 21:11:17
TXN-0010414,Sarah Hernandez,Toys & Games,903.34,3,2710.02,1.6,France,2024-11-10 00:00:00
TXN-0011004,Elizabeth Martin,Home & Kitchen,1195.15,3,3585.45,2.2,Brazil,2024-12-15 08:17:01
TXN-0008501,Christopher Brown,Beauty & Personal Care,1337.03,7,9359.21,2.0,Germany,2024-08-23 22:47:26
TXN-0005987,Susan Moore,Apparel,1000.96,3,3002.88,1.3,Brazil,2024-05-20 00:00:00
TXN-0000607,David Anderson,Automotive,102.72,2,205.44,2.4,United States,2023-12-25 06:10:05
TXN-0011367,Elizabeth Anderson,Electronics,158.98,6,953.88,1.2,Brazil,2024-11-13 19:15:25
TXN-0002512,Daniel Johnson,Toys & Games,1393.23,8,11145.84,1.1,Japan,2024-09-15 10:34:25
TXN-0002659,Thomas Taylor,Beauty & Personal Care,588.69,5,2943.45,3.0,Japan,2024-04-09 09:22:15
TXN-0012094,Elizabeth Gonzalez,Electronics,1384.2,8,11073.6,2.9,United States,2024-11-22 17:29:56
TXN-0007220,Elizabeth Garcia,Books,570.89,3,1712.67,2.1,Netherlands,2023-02-01 03:44:03
TXN-0007917,Mary Smith,Toys & Games,165.91,6,995.46,4.8,Germany,2024-05-06 03:13:17
TXN-0004444,Mary Perez,Beauty & Personal Care,208.23,6,1249.38,1.9,Netherlands,2024-11-06 16:10:13
TXN-0008702,Jessica Wilson,Apparel,1199.5,6,7197.0,1.3,France,2024-12-02 12:24:15
TXN-0006772,Nancy Perez,Apparel,1247.38,6,7484.28,3.8,United Kingdom,2024-09-12 02:42:44
TXN-0002289,Susan Rodriguez,Beauty & Personal Care,538.59,3,1615.77,1.1,United Kingdom,2023-11-07 10:22:40
TXN-0000874,David Martin,Toys & Games,1381.92,4,5527.68,4.4,Germany,2023-08-17 11:57:49
TXN-0002260,James Johnson,Electronics,825.07,7,5775.49,2.0,United States,2023-08-15 13:30:38
TXN-0008581,John Smith,Toys & Games,976.77,8,7814.16,1.8,Brazil,2023-02-27 18:40:33
TXN-0001628,Barbara Taylor,Sports & Outdoors,981.97,7,6873.79,2.7,France,2024-12-23 17:43:23
TXN-0002265,Richard Davis,Electronics,39.47,5,197.35,3.7,United States,2023-07-13 10:27:50
TXN-0000231,Richard Williams,Apparel,182.36,7,1276.52,3.1,Australia,2024-07-19 08:15:32
TXN-0010419,Karen Gonzalez,Apparel,237.61,5,1188.05,1.0,Netherlands,2024-03-09 23:01:01
TXN-0007457,Christopher Gonzalez,Beauty & Personal Care,650.06,5,3250.3,1.8,United States,2023-06-26 15:41:36
TXN-0005017,Lisa Gonzalez,Books,1088.22,7,7617.54,2.1,Germany,2024-07-05 17:53:11
TXN-0008620,Christopher Thomas,Books,762.17,6,4573.02,4.8,Australia,2023-07-29 00:00:00
TXN-0008049,John Lee,Apparel,1443.65,6,8661.9,3.3,Canada,2023-08-30 16:32:03
TXN-0010255,Mary Garcia,Electronics,390.23,3,1170.69,4.2,Germany,2023-07-09 03:24:40
TXN-0004882,Linda Moore,Sports & Outdoors,685.17,3,2055.51,2.7,Japan,2023-08-24 03:00:50
TXN-0003107,Patricia Anderson,Apparel,597.02,2,1194.04,2.0,United Kingdom,2024-11-03 20:41:41
TXN-0012181,Daniel Thompson,Electronics,1379.27,4,5517.08,2.9,United States,2023-07-12 04:23:48
TXN-0001334,Charles Jackson,Automotive,151.91,1,151.91,2.3,India,2024-05-07 00:00:00
TXN-0005200,Michael Williams,Apparel,555.49,7,3888.43,3.3,United States,2024-06-18 05:05:56
TXN-0010353,Karen Garcia,Toys & Games,44.22,8,353.76,4.4,Brazil,2024-09-18 00:49:51
TXN-0008868,Jennifer Garcia,Apparel,954.68,1,954.68,1.6,Canada,2024-10-31 01:38:22
TXN-0006261,Charles Moore,Electronics,883.25,4,3533.0,4.3,Netherlands,2023-02-01 20:46:05
TXN-0001595,Patricia Rodriguez,Apparel,190.59,8,1524.72,3.2,Brazil,2023-10-14 13:21:52
TXN-0003529,John Anderson,Apparel,42.74,1,42.74,4.9,Brazil,2023-07-15 13:14:45
TXN-0007379,Jessica Rodriguez,Beauty & Personal Care,1191.05,5,5955.25,2.2,Japan,2023-06-24 00:00:00
TXN-0005476,Linda Thompson,Automotive,930.57,2,1861.14,3.1,United States,2023-11-17 02:15:12
TXN-0008136,Linda Lopez,Beauty & Personal Care,887.0,6,5322.0,1.8,Australia,2023-12-15 19:42:39
TXN-0010649,James Garcia,Beauty & Personal Care,325.91,4,1303.64,1.4,France,2023-10-31 23:50:41
TXN-0008730,Charles Thomas,Toys & Games,380.68,3,1142.04,2.8,United States,2024-02-18 22:16:43
TXN-0006149,James Thompson,Electronics,1485.84,8,11886.72,4.2,France,2024-08-22 20:11:15
TXN-0002296,Christopher Taylor,Toys & Games,1481.24,4,5924.96,1.7,United States,2024-06-26 19:49:54
TXN-0003984,Christopher Moore,Sports & Outdoors,1285.16,5,6425.8,2.5,United Kingdom,2024-01-28 00:00:00
TXN-0008728,Sarah Taylor,Beauty & Personal Care,249.53,2,499.06,3.0,Australia,2024-02-06 01:03:30
TXN-0011418,Thomas Brown,Beauty & Personal Care,380.88,2,761.76,1.8,Germany,2024-07-15 00:00:00
TXN-0009825,Robert Brown,Home & Kitchen,1363.89,4,5455.56,5.0,United Kingdom,2024-11-17 00:00:00
TXN-0010042,Barbara Garcia,Automotive,646.07,5,3230.35,2.0,Canada,2023-07-19 00:03:23
TXN-0006426,Christopher Rodriguez,Home & Kitchen,5.16,3,15.48,4.1,Netherlands,2023-12-14 19:30:07
TXN-0005591,Lisa Davis,Books,310.81,3,932.43,2.2,Canada,2023-08-16 01:53:49
TXN-0000568,James Rodriguez,Toys & Games,1114.84,4,4459.36,4.0,Germany,2023-02-21 08:52:13
TXN-0003898,Robert Anderson,Beauty & Personal Care,1420.79,6,8524.74,2.3,India,2024-03-08 22:59:32
TXN-0007934,John Rodriguez,Home & Kitchen,1420.0,5,7100.0,1.9,India,2024-11-01 19:49:56
TXN-0008197,Elizabeth Wilson,Apparel,489.71,7,3427.97,3.3,Brazil,2023-12-21 09:26:33
TXN-0005979,Richard Jones,Beauty & Personal Care,1495.13,3,4485.39,4.5,Netherlands,2023-11-29 19:44:36
TXN-0006835,Robert Williams,Beauty & Personal Care,954.78,8,7638.24,2.1,Japan,2024-03-09 00:37:59
TXN-0010940,Thomas Hernandez,Beauty & Personal Care,1009.56,2,2019.12,3.7,United States,2023-12-14 04:53:56
TXN-0003094,Charles Jones,Electronics,1273.34,3,3820.02,3.2,Canada,2024-07-13 22:00:00
TXN-0003525,Nancy Jackson,Toys & Games,1292.97,3,3878.91,4.9,United Kingdom,2023-09-25 00:57:51
TXN-0009281,Barbara Martinez,Sports & Outdoors,1282.07,7,8974.49,1.3,Germany,2024-04-04 23:01:11
TXN-0012403,Susan Jackson,Automotive,308.47,5,1542.35,4.7,United States,2023-09-20 17:38:16
TXN-0003293,Mary Hernandez,Toys & Games,816.41,1,816.41,4.2,Japan,2023-02-27 16:30:23
TXN-0001494,Barbara Thomas,Sports & Outdoors,473.64,4,1894.56,1.9,India,2023-05-13 00:00:00
TXN-0005070,Jessica Martinez,Electronics,422.8,2,845.6,4.3,United States,2024-05-26 00:01:58
TXN-0000551,Karen Lee,Electronics,258.04,6,1548.24,3.5,France,2024-09-15 13:12:09
TXN-0010152,Robert Johnson,Sports & Outdoors,1101.88,1,1101.88,2.6,United States,2024-08-31 21:49:34
TXN-0003797,Patricia Garcia,Automotive,894.04,8,7152.32,1.2,Australia,2023-07-10 20:44:54
TXN-0008482,Elizabeth Rodriguez,Electronics,1093.9,5,5469.5,4.1,Australia,2023-10-27 17:00:13
TXN-0003626,Patricia Thompson,Books,159.31,1,159.31,1.2,France,2023-08-08 17:58:03
TXN-0008192,Christopher Williams,Automotive,305.39,8,2443.12,2.4,Netherlands,2024-08-22 08:06:39
TXN-0000751,Daniel Perez,Books,831.33,5,4156.65,3.6,France,2024-06-28 04:26:37
TXN-0011599,Joseph Lee,Toys & Games,392.17,4,1568.68,3.4,United States,2024-12-31 00:00:00
TXN-0011648,Daniel Hernandez,Sports & Outdoors,629.42,4,2517.68,1.4,United States,2024-09-08 07:51:33
TXN-0009009,Linda Johnson,Beauty & Personal Care,1338.21,7,9367.47,4.8,Japan,2024-05-26 07:33:21
TXN-0009070,David Miller,Beauty & Personal Care,1435.25,1,1435.25,4.9,India,2023-06-12 03:25:33
TXN-0002692,Karen Jones,Apparel,456.54,7,3195.78,2.9,United States,2024-12-21 11:55:32
TXN-0005292,Linda Jones,Beauty & Personal Care,453.05,7,3171.35,3.5,United States,2024-12-31 00:00:00
TXN-0003151,Mary Smith,Electronics,123.8,4,495.2,2.3,Netherlands,2024-04-22 18:04:17
TXN-0008683,Nancy Jackson,Books,58.95,5,294.75,1.9,Brazil,2024-12-12 03:19:08
TXN-0001075,Joseph Moore,Toys & Games,297.36,8,2378.88,4.8,Canada,2023-09-30 07:54:45
TXN-0011718,Jessica Anderson,Toys & Games,276.35,2,552.7,3.8,India,2024-05-01 16:23:42
TXN-0005254,Joseph Garcia,Beauty & Personal Care,87.14,4,348.56,5.0,United States,2023-04-02 01:02:58
TXN-0004396,Mary Martin,Electronics,177.78,3,533.34,1.4,Germany,2024-11-13 00:00:00
TXN-0010151,Jessica Brown,Electronics,1268.24,2,2536.48,4.1,United States,2023-09-06 17:18:40
TXN-0003816,Linda Jones,Sports & Outdoors,51.47,3,154.41,2.6,India,2023-04-16 16:38:20
TXN-0005323,William Gonzalez,Home & Kitchen,172.73,4,690.92,3.2,Japan,2024-07-23 11:29:21
TXN-0002520,Charles White,Beauty & Personal Care,26.24,5,131.2,3.4,Australia,2024-09-13 17:12:10
TXN-0009700,Richard Thomas,Electronics,642.29,1,642.29,3.7,India,2024-08-14 07:21:09
TXN-0010035,William Jackson,Beauty & Personal Care,176.16,6,1056.96,2.5,Canada,2023-11-03 07:01:20
TXN-0011465,Karen Moore,Electronics,125.66,5,628.3,4.9,India,2024-02-18 18:59:24
TXN-0012224,Patricia Perez,Electronics,429.64,1,429.64,4.9,Australia,2023-08-07 11:15:53
TXN-0011931,Jessica Thompson,Apparel,174.64,8,1397.12,2.3,Brazil,2024-03-29 00:00:00
TXN-0008324,Karen Lee,Beauty & Personal Care,43.82,7,306.74,4.6,United Kingdom,2024-06-12 20:50:57
TXN-0008672,Robert Jones,Automotive,654.15,8,5233.2,2.8,Netherlands,2024-06-01 00:00:00
TXN-0003166,Elizabeth Williams,Electronics,396.44,5,1982.2,1.4,Germany,2024-08-09 00:00:00
TXN-0007891,Jessica Martinez,Beauty & Personal Care,615.95,5,3079.75,1.4,Netherlands,2023-07-11 00:31:15
TXN-0001910,Daniel Perez,Automotive,604.85,6,3629.1,3.5,France,2023-10-31 00:00:00
TXN-0005700,Karen Moore,Automotive,703.24,1,703.24,3.8,United Kingdom,2023-03-11 16:23:52
TXN-0000917,Linda White,Beauty & Personal Care,367.16,1,367.16,4.6,Australia,2024-05-31 12:36:38
TXN-0004874,Karen Johnson,Electronics,903.66,4,3614.64,1.8,Canada,2024-09-02 05:17:01
TXN-0003665,Patricia Martinez,Automotive,1449.81,3,4349.43,1.2,Germany,2023-10-07 00:00:00
TXN-0007449,Linda Davis,Electronics,418.14,8,3345.12,4.7,United Kingdom,2023-11-22 09:05:32
TXN-0001967,Mary Rodriguez,Beauty & Personal Care,234.82,7,1643.74,1.9,United States,2023-05-23 00:00:00
TXN-0006468,David Smith,Apparel,225.54,8,1804.32,2.5,Japan,2024-01-17 09:43:40
TXN-0010603,Richard Thomas,Automotive,367.86,2,735.72,4.3,France,2024-05-19 17:21:29
TXN-0006999,Robert Johnson,Beauty & Personal Care,391.87,1,391.87,4.9,Japan,2023-07-20 13:34:01
TXN-0011704,Barbara Martinez,Sports & Outdoors,216.93,8,1735.44,4.9,Japan,2023-08-06 15:35:55
TXN-0012311,Lisa Martin,Beauty & Personal Care,1248.66,3,3745.98,2.7,India,2023-11-14 00:00:00
TXN-0000999,Robert White,Apparel,425.3,2,850.6,4.5,Germany,2024-06-28 10:45:45
TXN-0001322,William Hernandez,Sports & Outdoors,499.34,8,3994.72,3.8,India,2024-03-17 08:35:49
TXN-0003440,Joseph Rodriguez,Electronics,344.51,2,689.02,2.7,Japan,2023-09-24 00:00:00
TXN-0005749,John Brown,Beauty & Personal Care,894.3,4,3577.2,3.4,Canada,2024-02-23 22:51:38
TXN-0007619,James Thompson,Sports & Outdoors,239.36,8,1914.88,1.9,Japan,2024-03-03 13:48:32
TXN-0006666,Daniel Rodriguez,Apparel,151.87,2,303.74,2.8,United States,2024-08-26 12:40:00
TXN-0005334,Karen Jackson,Automotive,783.16,6,4698.96,3.8,United Kingdom,2023-08-03 22:19:56
TXN-0005358,Karen Jones,Electronics,110.13,6,660.78,3.5,Germany,2023-07-22 23:51:24
TXN-0003213,Jessica Taylor,Automotive,82.94,6,497.64,3.3,Netherlands,2024-06-18 11:01:43
TXN-0010925,Mary Thomas,Apparel,1249.18,6,7495.08,2.4,Netherlands,2024-08-15 01:22:25
TXN-0004151,Sarah Thompson,Apparel,1131.85,3,3395.55,1.6,France,2024-09-29 10:45:53
TXN-0005722,Christopher Garcia,Toys & Games,1319.82,4,5279.28,2.3,United States,2023-08-09 17:32:43
TXN-0004424,Susan Gonzalez,Beauty & Personal Care,101.62,8,812.96,2.1,United Kingdom,2023-07-19 17:04:27
TXN-0007579,Charles White,Home & Kitchen,1431.43,1,1431.43,2.3,France,2024-04-22 17:17:29
TXN-0004785,Mary Hernandez,Books,1456.28,8,11650.24,1.9,United States,2023-01-12 15:03:30
TXN-0008883,Richard White,Apparel,224.6,8,1796.8,2.4,Netherlands,2024-12-20 09:57:31
TXN-0008896,Daniel Taylor,Automotive,846.59,3,2539.77,5.0,United States,2024-07-01 17:06:24
TXN-0009938,Lisa Smith,Electronics,1153.7,5,5768.5,4.6,Canada,2024-03-04 00:00:00
TXN-0003869,James Anderson,Home & Kitchen,1292.44,3,3877.32,3.6,Germany,2023-01-06 05:17:15
TXN-0001098,Daniel Martin,Home & Kitchen,1339.53,7,9376.71,3.7,Netherlands,2023-12-05 00:49:11
TXN-0002909,Nancy Brown,Toys & Games,994.97,5,4974.85,3.3,India,2024-07-15 17:30:32
TXN-0003492,Sarah Lopez,Toys & Games,1075.94,5,5379.7,3.2,United Kingdom,2023-10-29 21:08:41
TXN-0001895,Richard Anderson,Apparel,410.89,8,3287.12,2.1,Canada,2024-02-06 13:02:56
TXN-0008204,Daniel Hernandez,Home & Kitchen,26.23,1,26.23,2.0,Japan,2023-06-08 04:21:39
TXN-0008290,Joseph Lee,Toys & Games,1211.67,8,9693.36,4.9,Canada,2023-11-17 20:54:04
TXN-0012227,Jessica Lee,Apparel,1375.2,1,1375.2,4.3,India,2024-01-25 15:31:58
TXN-0010029,John White,Electronics,915.93,5,4579.65,4.5,Japan,2023-01-21 07:21:24
TXN-0002943,David Martin,Sports & Outdoors,159.15,3,477.45,4.7,France,2023-06-25 11:38:35
TXN-0011202,Sarah White,Home & Kitchen,1029.68,8,8237.44,4.4,United States,2023-02-26 20:33:26
TXN-0003559,Nancy Thomas,Toys & Games,548.16,1,548.16,1.1,Canada,2023-02-28 06:01:28
TXN-0009078,Sarah Taylor,Automotive,629.83,7,4408.81,4.4,France,2023-07-04 01:48:56
TXN-0002143,Sarah Thompson,Electronics,831.96,3,2495.88,4.7,Australia,2024-10-16 08:25:48
TXN-0005430,Mary Anderson,Sports & Outdoors,900.8,6,5404.8,1.9,Canada,2024-01-06 00:00:00
TXN-0000675,Daniel Gonzalez,Apparel,942.08,1,942.08,4.4,Australia,2023-02-24 21:55:02
TXN-0005392,Jennifer Smith,Sports & Outdoors,1315.24,3,3945.72,3.2,Canada,2024-12-20 09:58:15
TXN-0004553,John Anderson,Electronics,646.61,2,1293.22,4.6,United States,2023-06-20 20:24:37
TXN-0000013,Nancy Wilson,Home & Kitchen,575.52,8,4604.16,3.1,Japan,2024-03-05 16:52:41
TXN-0010309,Sarah Williams,Sports & Outdoors,690.7,3,2072.1,3.3,United States,2024-03-05 14:18:53
TXN-0009018,Robert Taylor,Toys & Games,715.45,2,1430.9,3.6,Japan,2024-07-11 00:00:00
TXN-0002452,Susan Brown,Toys & Games,503.14,8,4025.12,1.6,Netherlands,2024-08-16 18:57:50
TXN-0003710,Jessica White,Automotive,122.92,5,614.6,1.8,Netherlands,2024-11-12 00:00:00
TXN-0008821,Charles Davis,Apparel,761.08,8,6088.64,2.4,Brazil,2023-04-17 09:56:59
TXN-0003488,John Taylor,Toys & Games,119.82,1,119.82,3.1,India,2024-05-13 15:56:28
TXN-0006285,John Taylor,Toys & Games,280.18,2,560.36,3.3,India,2024-12-31 00:00:00
TXN-0006506,Robert Thompson,Beauty & Personal Care,1136.92,5,5684.6,4.1,Brazil,2024-08-29 03:57:49
TXN-0006946,Joseph Wilson,Books,318.84,5,1594.2,2.7,France,2023-10-16 06:17:43
TXN-0006808,Jessica Smith,Home & Kitchen,276.47,5,1382.35,1.8,Canada,2024-07-05 23:26:06
TXN-0006281,Karen Martinez,Automotive,875.05,1,875.05,3.8,Canada,2024-06-01 09:38:21
TXN-0001986,Barbara Gonzalez,Home & Kitchen,93.69,8,749.52,3.3,United States,2024-03-24 00:00:00
TXN-0003549,Richard Gonzalez,Toys & Games,1331.73,6,7990.38,5.0,United States,2023-03-15 09:37:16
TXN-0008720,Sarah Jones,Electronics,380.33,3,1140.99,2.6,Australia,2023-04-20 19:55:23
TXN-0007564,Robert Rodriguez,Sports & Outdoors,1397.2,7,9780.4,2.9,India,2023-10-11 00:00:00
TXN-0002698,Richard Thompson,Sports & Outdoors,100.67,6,604.02,2.4,India,2024-04-10 19:15:27
TXN-0008747,Barbara Jackson,Toys & Games,948.9,2,1897.8,4.0,Australia,2024-01-05 22:00:55
TXN-0001350,David Jackson,Sports & Outdoors,798.89,5,3994.45,3.8,Brazil,2023-04-20 02:30:18
TXN-0004439,John Garcia,Beauty & Personal Care,731.64,3,2194.92,2.4,Japan,2024-10-02 10:59:13
TXN-0002161,Charles Moore,Electronics,438.57,1,438.57,4.2,France,2023-05-10 10:51:58
TXN-0005849,David Miller,Apparel,179.55,5,897.75,3.0,France,2023-05-02 07:57:09
TXN-0000875,David Davis,Electronics,1309.91,8,10479.28,1.8,France,2023-03-05 05:32:58
TXN-0007235,Lisa Williams,Automotive,1336.88,1,1336.88,1.2,France,2024-01-21 01:18:20
TXN-0012183,Sarah Miller,Automotive,642.27,6,3853.62,3.4,France,2023-04-09 07:32:26
TXN-0001544,Robert Thompson,Books,1340.31,2,2680.62,3.0,United States,2024-12-12 00:00:00
TXN-0004047,Linda Perez,Sports & Outdoors,1121.06,3,3363.18,4.2,United States,2024-02-08 00:00:00
TXN-0008727,Robert Lee,Apparel,71.35,3,214.05,4.8,Australia,2023-01-25 05:36:49
TXN-0006802,William Williams,Automotive,171.03,1,171.03,3.7,Australia,2023-12-15 06:00:34
TXN-0000306,Michael Lee,Apparel,926.03,8,7408.24,4.4,Japan,2023-03-09 07:58:55
TXN-0008718,Sarah Taylor,Home & Kitchen,384.75,6,2308.5,2.1,Netherlands,2024-10-15 12:53:26
TXN-0007848,Patricia Brown,Toys & Games,1200.36,8,9602.88,3.2,Germany,2024-11-28 19:04:03
TXN-0005799,Sarah Smith,Apparel,251.09,2,502.18,1.9,Brazil,2024-01-07 00:00:00
TXN-0009840,Daniel Lopez,Home & Kitchen,765.3,5,3826.5,1.9,Australia,2023-11-01 10:24:36
TXN-0012337,Thomas Rodriguez,Toys & Games,880.02,4,3520.08,3.9,United States,2024-08-03 22:32:15
TXN-0001087,John Miller,Toys & Games,1335.12,8,10680.96,4.2,Japan,2023-05-20 15:50:05
TXN-0012078,Jessica Perez,Electronics,24.14,6,144.84,4.2,France,2023-12-19 14:27:57
TXN-0011978,Elizabeth Miller,Automotive,1363.81,7,9546.67,1.6,Netherlands,2023-02-10 05:53:27
TXN-0000679,Linda Moore,Home & Kitchen,1107.38,4,4429.52,4.0,India,2024-08-13 23:56:28
TXN-0008303,Sarah Jackson,Apparel,731.05,6,4386.3,2.3,Australia,2023-09-19 00:56:08
TXN-0009434,John Lee,Home & Kitchen,355.23,5,1776.15,3.9,Brazil,2024-01-24 03:33:17
TXN-0010060,Patricia Smith,Toys & Games,227.92,6,1367.52,3.1,India,2024-12-31 00:00:00
TXN-0003888,John Smith,Apparel,1220.72,1,1220.72,3.7,India,2024-04-26 16:26:51
TXN-0001503,Barbara Wilson,Books,1417.14,4,5668.56,4.6,Germany,2024-12-02 00:49:38
TXN-0002708,Karen Martinez,Books,64.86,4,259.44,2.8,United States,2023-09-19 11:38:56
TXN-0003901,Robert Williams,Beauty & Personal Care,1400.94,2,2801.88,1.8,United States,2023-07-17 19:38:30
TXN-0000061,William Wilson,Sports & Outdoors,708.11,1,708.11,5.0,Canada,2023-09-29 19:44:01
TXN-0000036,Thomas Thomas,Sports & Outdoors,142.99,7,1000.93,4.3,United States,2023-04-02 00:00:00
TXN-0002219,Christopher Miller,Beauty & Personal Care,1308.93,5,6544.65,2.6,Brazil,2023-07-26 00:00:00
TXN-0004399,Nancy Miller,Books,282.46,7,1977.22,1.7,Australia,2023-05-16 06:22:51
TXN-0001758,Thomas Rodriguez,Electronics,1249.63,3,3748.89,2.9,United States,2023-06-23 18:43:00
TXN-0012210,Christopher Thompson,Books,470.9,2,941.8,1.2,India,2023-01-07 00:00:00
TXN-0011312,Charles Brown,Automotive,251.83,1,251.83,1.8,Netherlands,2024-02-08 00:00:00
TXN-0007894,William Hernandez,Home & Kitchen,332.57,4,1330.28,3.2,France,2023-04-26 03:09:19
TXN-0012306,Linda Davis,Apparel,140.97,8,1127.76,4.8,India,2023-10-27 01:46:28
TXN-0011940,Daniel Smith,Books,861.52,2,1723.04,1.2,Australia,2023-08-06 16:50:46
TXN-0012468,Michael Williams,Automotive,551.68,6,3310.08,1.9,United States,2023-12-03 05:41:10
TXN-0006145,Sarah Perez,Apparel,325.85,4,1303.4,1.5,United Kingdom,2024-01-26 00:03:05
TXN-0006176,Robert Davis,Home & Kitchen,1053.09,4,4212.36,2.1,Canada,2024-07-19 15:19:16
TXN-0000005,Patricia Lopez,Beauty & Personal Care,400.46,1,400.46,3.9,Netherlands,2024-02-21 00:00:00
TXN-0004154,Jennifer Wilson,Toys & Games,504.58,1,504.58,4.4,United Kingdom,2024-12-08 00:00:00
TXN-0004082,Daniel Jackson,Home & Kitchen,893.54,7,6254.78,4.0,Australia,2024-02-05 10:53:24
TXN-0010583,Thomas Garcia,Electronics,1433.32,4,5733.28,2.4,India,2024-10-26 17:14:52
TXN-0005724,Susan Thomas,Toys & Games,859.29,4,3437.16,3.7,Netherlands,2023-03-26 01:39:06
TXN-0005208,Elizabeth Taylor,Books,379.49,1,379.49,3.4,United Kingdom,2024-08-05 02:53:23
TXN-0002999,Joseph Hernandez,Beauty & Personal Care,212.45,3,637.35,2.5,Brazil,2023-11-20 17:26:07
TXN-0010682,Sarah Perez,Beauty & Personal Care,1012.09,2,2024.18,1.1,Brazil,2023-11-26 07:51:14
TXN-0000156,Nancy Thompson,Home & Kitchen,765.19,1,765.19,2.5,Japan,2023-05-21 00:20:39
TXN-0000472,Richard Lopez,Home & Kitchen,205.16,8,1641.28,4.1,Japan,2024-12-07 21:13:14
TXN-0007366,Karen Thomas,Sports & Outdoors,679.94,1,679.94,1.3,France,2024-12-15 15:31:40
TXN-0007417,Patricia Martinez,Home & Kitchen,594.43,3,1783.29,4.4,Netherlands,2024-07-10 00:32:43
TXN-0000184,John Perez,Beauty & Personal Care,1065.76,5,5328.8,4.6,Australia,2024-10-23 06:32:20
TXN-0009331,Robert Taylor,Home & Kitchen,34.02,1,34.02,4.2,Canada,2023-07-01 12:01:23
TXN-0009061,Thomas Davis,Beauty & Personal Care,289.31,4,1157.24,3.4,United Kingdom,2024-04-06 15:01:13
TXN-0006123,Christopher Thompson,Home & Kitchen,1436.27,6,8617.62,3.4,Canada,2023-10-16 13:45:17
TXN-0000066,Susan Perez,Beauty & Personal Care,761.41,6,4568.46,1.1,Canada,2023-11-23 06:27:44
TXN-0004461,Jennifer Hernandez,Automotive,332.68,2,665.36,5.0,Australia,2023-11-28 00:21:30
TXN-0000358,Mary Lopez,Electronics,136.0,8,1088.0,1.8,Japan,2023-01-20 23:44:53
TXN-0010421,Lisa Rodriguez,Electronics,1038.81,2,2077.62,4.0,India,2023-04-03 11:13:21
TXN-0008554,Charles Garcia,Toys & Games,276.54,4,1106.16,4.0,Japan,2024-07-01 19:27:57
TXN-0006196,Nancy Anderson,Books,293.16,2,586.32,3.0,United States,2024-04-08 12:02:03
TXN-0009098,Linda Johnson,Books,644.15,7,4509.05,4.3,France,2023-12-16 01:57:26
TXN-0005154,Jennifer Rodriguez,Electronics,924.86,5,4624.3,4.3,United Kingdom,2024-02-21 00:38:15
TXN-0009258,Susan Davis,Apparel,553.69,2,1107.38,4.5,United Kingdom,2023-01-04 16:37:25
TXN-0000922,Jessica Anderson,Toys & Games,916.04,7,6412.28,4.0,Brazil,2024-09-28 14:31:20
TXN-0000591,Mary Lee,Apparel,237.3,8,1898.4,4.6,India,2024-02-22 01:48:01
TXN-0004697,Elizabeth Martin,Sports & Outdoors,1156.13,2,2312.26,2.3,United States,2024-04-14 19:11:06
TXN-0012016,Sarah Davis,Automotive,109.91,3,329.73,3.4,Canada,2024-07-02 12:28:07
TXN-0010087,Mary Martin,Books,406.28,3,1218.84,2.8,Australia,2023-11-26 13:40:17
TXN-0000441,Michael Moore,Toys & Games,1121.6,3,3364.8,1.1,Canada,2024-07-10 19:23:36
TXN-0004199,Michael Taylor,Home & Kitchen,1363.13,7,9541.91,2.8,India,2023-04-16 05:46:48
TXN-0001109,Daniel Williams,Home & Kitchen,95.1,1,95.1,3.7,India,2023-12-30 14:57:20
TXN-0006797,Richard Gonzalez,Toys & Games,1243.1,2,2486.2,4.8,United Kingdom,2024-12-17 04:48:34
TXN-0005573,Daniel Johnson,Electronics,1008.54,5,5042.7,1.1,Germany,2024-07-25 11:09:21
TXN-0000782,Barbara Martin,Apparel,947.88,2,1895.76,1.2,Japan,2023-09-23 10:35:08
TXN-0007303,Mary Smith,Electronics,796.93,5,3984.65,4.6,Netherlands,2023-02-13 12:03:05
TXN-0003839,Karen Smith,Books,298.94,1,298.94,4.2,United Kingdom,2024-11-01 20:59:05
TXN-0005297,Charles Thompson,Home & Kitchen,398.32,7,2788.24,2.3,Brazil,2023-10-11 11:04:39
TXN-0005952,John Davis,Books,959.09,8,7672.72,3.7,United States,2024-03-29 10:35:28
TXN-0011680,Linda Garcia,Automotive,283.82,2,567.64,3.8,United Kingdom,2023-09-17 15:31:51
TXN-0000844,David Smith,Apparel,915.14,1,915.14,4.6,United States,2024-06-06 12:09:22
TXN-0003374,Susan Williams,Apparel,362.63,3,1087.89,1.5,India,2023-04-01 11:39:58
TXN-0003040,Barbara Smith,Automotive,983.04,2,1966.08,3.5,Japan,2023-05-25 02:44:57
TXN-0002395,Susan Moore,Electronics,1033.88,3,3101.64,1.8,France,2023-12-03 23:59:13
TXN-0011804,Lisa Thompson,Home & Kitchen,1181.39,8,9451.12,2.3,Netherlands,2023-12-29 19:21:57
TXN-0012005,Susan Williams,Toys & Games,1129.95,5,5649.75,4.7,Brazil,2023-06-01 13:51:42
TXN-0001773,Joseph White,Automotive,259.63,3,778.89,1.3,Brazil,2024-10-09 18:06:04
TXN-0000481,Elizabeth Miller,Electronics,768.27,4,3073.08,3.5,Netherlands,2024-07-06 00:00:00
TXN-0001456,Mary Gonzalez,Home & Kitchen,1144.45,1,1144.45,3.3,Germany,2023-02-27 00:00:00
TXN-0002789,Sarah Anderson,Home & Kitchen,1263.06,5,6315.3,3.1,Canada,2023-01-31 00:00:00
TXN-0005217,Patricia Johnson,Beauty & Personal Care,123.95,6,743.7,4.0,Netherlands,2024-12-04 01:38:48
TXN-0007418,Elizabeth Miller,Toys & Games,439.81,6,2638.86,1.3,Australia,2023-02-27 22:41:31
TXN-0006073,Richard Johnson,Electronics,282.98,1,282.98,2.2,Australia,2023-09-22 09:41:26
TXN-0003606,James Brown,Apparel,539.14,2,1078.28,3.2,Netherlands,2024-12-16 15:52:09
TXN-0006832,Nancy Jackson,Toys & Games,361.28,6,2167.68,3.7,India,2024-06-17 11:01:22
TXN-0010235,Nancy Johnson,Home & Kitchen,864.53,7,6051.71,3.9,United States,2024-05-22 07:30:58
TXN-0004476,Lisa Gonzalez,Automotive,904.12,4,3616.48,1.1,Australia,2023-01-19 00:00:00
TXN-0006625,James Perez,Home & Kitchen,230.97,8,1847.76,2.0,Japan,2023-08-10 08:03:27
TXN-0002515,Lisa Johnson,Apparel,409.02,7,2863.14,2.9,India,2024-08-12 05:31:46
TXN-0004176,Karen Martinez,Beauty & Personal Care,1465.11,6,8790.66,3.3,Japan,2023-12-17 02:01:31
TXN-0009727,Daniel Jackson,Toys & Games,597.11,6,3582.66,1.6,United States,2023-12-27 16:57:06
TXN-0000772,Susan Brown,Automotive,665.07,8,5320.56,2.8,United States,2023-03-29 08:58:55
TXN-0008383,John Lopez,Toys & Games,357.0,2,714.0,4.9,Japan,2024-09-11 04:31:46
TXN-0007692,Lisa Thomas,Books,109.25,3,327.75,1.1,Canada,2024-07-22 00:00:00
TXN-0007420,Susan Thomas,Apparel,566.27,5,2831.35,1.9,Japan,2023-08-04 22:49:29
TXN-0000081,Michael Lee,Books,992.34,3,2977.02,2.0,France,2024-03-04 00:00:00
TXN-0001282,Elizabeth Perez,Toys & Games,593.81,2,1187.62,2.4,Netherlands,2024-06-04 07:24:22
TXN-0009949,Lisa Lee,Beauty & Personal Care,324.46,4,1297.84,2.6,Germany,2024-12-11 22:42:31
TXN-0004297,Patricia Moore,Beauty & Personal Care,791.87,1,791.87,4.7,United States,2024-01-08 23:15:40
TXN-0005969,Joseph Martinez,Sports & Outdoors,491.74,6,2950.44,4.4,Germany,2023-01-02 02:50:27
TXN-0007743,David Thomas,Sports & Outdoors,551.83,2,1103.66,4.0,Brazil,2023-06-20 00:55:51
TXN-0003365,John Martinez,Beauty & Personal Care,446.62,5,2233.1,2.3,India,2023-02-16 15:16:06
TXN-0006358,James Gonzalez,Sports & Outdoors,1199.13,3,3597.39,1.7,United Kingdom,2023-07-03 06:31:07
TXN-0011138,Barbara Lee,Books,18.85,5,94.25,3.0,United States,2023-06-20 19:11:41
TXN-0008438,William Jones,Automotive,201.92,8,1615.36,4.5,France,2024-12-18 16:19:42
TXN-0008615,Daniel White,Sports & Outdoors,1087.95,7,7615.65,4.0,France,2023-07-22 04:43:40
TXN-0010298,Barbara Gonzalez,Sports & Outdoors,582.19,3,1746.57,1.2,Canada,2023-01-07 01:55:14
TXN-0001356,Nancy Wilson,Sports & Outdoors,679.68,3,2039.04,3.6,India,2023-02-26 17:17:57
TXN-0010224,Charles Gonzalez,Sports & Outdoors,745.54,3,2236.62,3.4,Australia,2024-02-02 23:30:49
TXN-0007412,Jennifer Martinez,Electronics,1351.95,4,5407.8,4.8,Japan,2024-09-24 05:59:10
TXN-0012322,Richard Taylor,Beauty & Personal Care,1080.41,7,7562.87,1.7,United States,2023-11-21 00:00:00
TXN-0008008,David Brown,Apparel,386.62,3,1159.86,3.3,Netherlands,2023-04-13 01:20:57
TXN-0001316,David Garcia,Books,1084.46,2,2168.92,1.0,India,2023-01-26 02:32:10
TXN-0002731,Barbara Wilson,Sports & Outdoors,1074.21,1,1074.21,1.5,Netherlands,2023-05-26 20:47:38
TXN-0007431,Daniel Brown,Apparel,139.35,1,139.35,1.6,United States,2023-10-19 21:58:03
TXN-0002627,Susan Moore,Beauty & Personal Care,1124.88,4,4499.52,3.7,Brazil,2023-01-21 07:10:36
TXN-0006289,Patricia Lee,Toys & Games,946.76,5,4733.8,1.8,United Kingdom,2024-03-01 21:33:59
TXN-0007837,Jennifer Smith,Electronics,1408.17,6,8449.02,1.1,Australia,2024-11-19 09:10:06
TXN-0006012,Karen Jackson,Toys & Games,422.53,4,1690.12,2.1,Brazil,2023-06-28 01:40:47
TXN-0002066,Patricia Jones,Home & Kitchen,464.68,4,1858.72,3.3,United Kingdom,2024-08-07 00:23:24
TXN-0011723,Sarah Gonzalez,Home & Kitchen,395.93,3,1187.79,1.6,Germany,2023-03-17 00:00:00
TXN-0008044,Jessica Martin,Automotive,769.13,3,2307.39,3.0,United Kingdom,2023-12-21 23:45:09
TXN-0006526,Susan White,Home & Kitchen,418.4,4,1673.6,3.5,Germany,2024-02-10 17:02:25
TXN-0005360,Jessica Davis,Books,1379.92,3,4139.76,2.8,Germany,2023-09-06 12:29:52
TXN-0011069,Patricia Lee,Books,1436.55,4,5746.2,2.8,Netherlands,2024-03-14 17:02:16
TXN-0002615,Jennifer Davis,Sports & Outdoors,1249.44,7,8746.08,3.7,Australia,2023-09-16 00:00:00
TXN-0007970,Charles Brown,Toys & Games,419.73,5,2098.65,4.7,Australia,2023-01-19 11:39:42
TXN-0007078,Nancy Thomas,Automotive,1447.44,2,2894.88,1.1,France,2023-11-08 14:08:22
TXN-0002662,Joseph Lee,Home & Kitchen,238.31,7,1668.17,1.5,India,2024-05-22 12:26:52
TXN-0009579,Elizabeth Martinez,Electronics,165.25,5,826.25,1.8,Canada,2024-12-08 00:00:00
TXN-0003470,Daniel Perez,Beauty & Personal Care,165.63,5,828.15,2.4,Brazil,2024-01-17 05:57:56
TXN-0003386,Charles Martin,Toys & Games,95.34,7,667.38,4.5,Germany,2023-01-18 15:20:36
TXN-0005984,Linda Thompson,Beauty & Personal Care,188.69,4,754.76,2.4,Netherlands,2023-03-05 22:31:17
TXN-0005422,William Jackson,Electronics,1220.9,6,7325.4,1.4,France,2023-08-09 04:51:19
TXN-0004013,William Moore,Beauty & Personal Care,498.74,3,1496.22,1.7,United Kingdom,2023-09-15 01:30:00
TXN-0000253,William Gonzalez,Home & Kitchen,1439.15,8,11513.2,3.3,Australia,2024-06-25 13:25:37
TXN-0010592,Christopher Martin,Electronics,760.14,1,760.14,4.6,France,2023-01-31 19:03:59
TXN-0009052,Nancy Rodriguez,Electronics,1034.38,4,4137.52,4.9,United Kingdom,2024-06-21 20:25:52
TXN-0008905,Jessica Martinez,Automotive,774.09,7,5418.63,4.1,Germany,2024-04-30 03:15:55
TXN-0006569,Elizabeth Rodriguez,Electronics,79.55,2,159.1,1.1,Japan,2023-03-20 16:24:43
TXN-0011064,Karen Taylor,Sports & Outdoors,693.95,3,2081.85,1.3,Australia,2024-01-05 00:00:00
TXN-0000148,Christopher Hernandez,Apparel,107.09,8,856.72,3.5,India,2024-09-10 12:39:40
TXN-0000482,Christopher Smith,Apparel,1495.24,7,10466.68,2.4,Canada,2023-11-03 22:00:05
TXN-0007955,Christopher Davis,Books,1167.8,1,1167.8,4.2,France,2023-03-16 12:10:35
TXN-0003672,Barbara Miller,Books,29.96,6,179.76,2.1,Germany,2023-08-07 22:33:04
TXN-0004938,Mary Perez,Automotive,529.96,2,1059.92,3.5,Canada,2023-10-23 03:19:28
TXN-0003614,Karen Hernandez,Sports & Outdoors,207.38,8,1659.04,2.6,France,2024-12-31 00:00:00
TXN-0007819,Charles Jones,Automotive,1481.26,5,7406.3,3.8,Australia,2024-12-12 06:40:01
TXN-0007279,Jessica Lopez,Sports & Outdoors,365.29,4,1461.16,3.4,Brazil,2023-12-11 19:13:39
TXN-0010117,Thomas Rodriguez,Electronics,146.42,6,878.52,4.8,Japan,2023-07-30 22:55:23
TXN-0007026,Mary Thomas,Apparel,1022.5,3,3067.5,4.7,India,2024-06-01 12:13:20
TXN-0007310,John Lopez,Electronics,1186.55,8,9492.4,3.4,United Kingdom,2024-03-12 00:57:12
TXN-0006395,Linda Martinez,Toys & Games,266.78,6,1600.68,2.4,Germany,2024-05-20 06:34:40
TXN-0010382,Robert Jones,Sports & Outdoors,809.05,4,3236.2,1.2,India,2024-03-13 00:21:46
TXN-0002383,Jennifer Martinez,Automotive,134.83,4,539.32,2.5,Canada,2023-01-05 11:54:54
TXN-0004935,Joseph Anderson,Toys & Games,876.5,8,7012.0,3.9,Brazil,2024-09-22 02:38:41
TXN-0003224,Joseph Smith,Sports & Outdoors,819.43,5,4097.15,4.3,United Kingdom,2023-02-23 20:51:58
TXN-0005061,David Miller,Apparel,648.11,5,3240.55,4.4,United States,2024-07-22 22:51:06
TXN-0010919,Patricia Lopez,Beauty & Personal Care,1362.16,4,5448.64,2.2,Canada,2024-12-22 00:00:00
TXN-0008156,Patricia Davis,Toys & Games,1037.6,7,7263.2,2.7,Netherlands,2023-05-11 18:54:29
TXN-0000264,Elizabeth Wilson,Toys & Games,1088.64,4,4354.56,3.3,Canada,2023-05-12 17:15:17
TXN-0006269,Mary Martinez,Books,577.96,4,2311.84,2.5,Brazil,2024-08-08 23:08:36
TXN-0003784,William Garcia,Electronics,541.77,6,3250.62,3.9,Australia,2024-08-10 00:25:04
TXN-0011210,Jennifer Martinez,Apparel,116.38,8,931.04,3.7,United States,2023-04-15 13:03:37
TXN-0002827,Patricia Davis,Sports & Outdoors,709.71,6,4258.26,2.8,United Kingdom,2023-12-29 09:16:35
TXN-0012090,Jennifer Thomas,Books,132.9,5,664.5,4.0,Germany,2023-03-04 22:14:03
TXN-0008218,Joseph Wilson,Apparel,641.32,4,2565.28,3.8,United States,2024-12-16 02:24:30
TXN-0002416,Sarah Perez,Books,1013.48,4,4053.92,4.8,Canada,2023-08-23 22:45:51
TXN-0010924,Mary Martinez,Sports & Outdoors,423.24,2,846.48,2.5,United Kingdom,2024-10-24 10:10:47
TXN-0001871,Thomas Perez,Sports & Outdoors,854.85,2,1709.7,5.0,Netherlands,2023-12-13 11:18:35
TXN-0010123,Sarah Rodriguez,Books,232.16,6,1392.96,2.1,Canada,2023-04-04 18:29:46
TXN-0008546,Lisa Wilson,Beauty & Personal Care,839.72,5,4198.6,1.1,Canada,2023-11-05 19:39:23
TXN-0008822,Jennifer Gonzalez,Sports & Outdoors,659.22,8,5273.76,4.7,Germany,2024-08-31 16:40:01
TXN-0005090,Richard Anderson,Automotive,104.64,8,837.12,1.0,Brazil,2024-06-20 20:15:51
TXN-0003003,Patricia Wilson,Sports & Outdoors,814.54,4,3258.16,3.1,Netherlands,2024-05-15 06:45:35
TXN-0006443,Linda Martin,Apparel,167.13,8,1337.04,3.2,Canada,2024-08-08 00:00:00
TXN-0000461,Richard Lee,Toys & Games,883.58,2,1767.16,3.1,Australia,2023-10-20 07:16:36
TXN-0000608,Elizabeth Lopez,Apparel,158.88,2,317.76,2.3,Brazil,2024-05-19 00:00:00
TXN-0003501,James Rodriguez,Sports & Outdoors,1260.55,2,2521.1,3.8,Japan,2024-01-24 00:31:56
TXN-0009035,Susan Taylor,Sports & Outdoors,1322.21,1,1322.21,3.8,Brazil,2024-07-25 15:11:33
TXN-0007335,William Martin,Books,1186.8,3,3560.4,1.1,Canada,2024-05-28 00:00:00
TXN-0001004,Linda Hernandez,Electronics,66.13,1,66.13,3.6,United Kingdom,2023-09-07 19:47:48
TXN-0009045,Jessica Perez,Electronics,803.12,4,3212.48,2.5,India,2024-12-04 08:47:18
TXN-0009777,Robert Davis,Sports & Outdoors,592.71,8,4741.68,2.9,France,2024-12-19 21:52:24
TXN-0006605,Daniel Lopez,Automotive,1121.47,7,7850.29,2.5,United States,2024-08-18 07:19:55
TXN-0006768,John Perez,Toys & Games,303.94,3,911.82,4.4,India,2023-02-27 12:02:54
TXN-0003464,Jennifer Lopez,Toys & Games,311.31,3,933.93,1.7,India,2024-07-20 18:51:07
TXN-0004227,Charles Martinez,Toys & Games,1335.11,2,2670.22,1.6,United States,2024-11-14 14:12:56
TXN-0008947,Thomas Garcia,Books,232.36,1,232.36,1.3,Germany,2023-11-19 15:42:40
TXN-0000089,David Wilson,Automotive,995.56,7,6968.92,4.3,France,2024-03-03 00:00:00
TXN-0010848,Daniel Gonzalez,Electronics,434.61,7,3042.27,1.9,Australia,2024-07-01 22:36:57
TXN-0001635,Robert Johnson,Apparel,771.61,8,6172.88,4.8,Germany,2024-12-05 17:25:35
TXN-0009902,Christopher Miller,Sports & Outdoors,271.82,1,271.82,3.4,Netherlands,2024-06-22 14:04:03
TXN-0003702,Jennifer Lopez,Apparel,1264.32,4,5057.28,1.2,United States,2023-10-23 03:04:56
TXN-0006612,David Davis,Home & Kitchen,1061.67,3,3185.01,1.9,Canada,2024-01-10 04:40:47
TXN-0004062,Jennifer Miller,Electronics,286.9,7,2008.3,2.9,Japan,2024-05-13 00:20:07
TXN-0009683,Michael Lee,Sports & Outdoors,327.0,7,2289.0,2.5,France,2024-03-12 22:27:04
TXN-0005451,James Lopez,Electronics,1174.58,5,5872.9,3.2,Japan,2024-12-25 10:27:35
TXN-0004884,Michael Hernandez,Sports & Outdoors,517.56,7,3622.92,1.5,United Kingdom,2024-02-18 22:53:40
TXN-0007535,John Smith,Toys & Games,187.41,5,937.05,4.5,Canada,2023-02-06 05:56:41
TXN-0002327,Thomas Martinez,Electronics,627.85,5,3139.25,1.5,India,2023-12-12 21:21:29
TXN-0006655,Christopher Williams,Sports & Outdoors,1129.27,2,2258.54,1.4,United States,2024-04-01 11:03:36
TXN-0008670,Linda Davis,Books,638.03,6,3828.18,4.9,United States,2024-04-27 02:41:42
TXN-0002394,Thomas Gonzalez,Sports & Outdoors,857.56,1,857.56,1.7,India,2024-11-09 23:16:16
TXN-0011440,James Moore,Books,1250.73,4,5002.92,4.7,Netherlands,2024-07-03 04:51:36
TXN-0004986,Nancy Martinez,Automotive,11.98,6,71.88,1.5,United States,2024-06-21 00:00:00
TXN-0010333,Michael Wilson,Sports & Outdoors,1095.74,8,8765.92,1.6,United States,2023-10-04 15:38:43
TXN-0004235,Linda Smith,Automotive,1489.86,8,11918.88,2.5,United Kingdom,2023-03-15 00:45:21
TXN-0006387,Linda Miller,Home & Kitchen,1222.43,4,4889.72,3.8,United Kingdom,2023-10-23 22:52:12
TXN-0005469,Susan Thomas,Home & Kitchen,927.28,3,2781.84,2.9,Netherlands,2023-05-13 21:08:03
TXN-0003654,Mary Martinez,Apparel,1471.12,7,10297.84,2.8,Canada,2023-12-21 02:50:09
TXN-0005530,Barbara Moore,Books,217.39,5,1086.95,4.3,Japan,2024-05-05 20:55:57
TXN-0003056,Michael Davis,Automotive,840.13,2,1680.26,4.0,Japan,2023-12-19 06:42:04
TXN-0006994,Sarah Rodriguez,Home & Kitchen,1135.8,7,7950.6,1.1,Netherlands,2023-09-16 03:01:26
TXN-0012435,Joseph Lee,Apparel,440.94,5,2204.7,2.4,Brazil,2024-09-04 14:40:55
TXN-0001219,Nancy Thomas,Automotive,898.77,8,7190.16,2.2,Japan,2023-06-20 00:00:00
TXN-0010564,Susan Miller,Books,1220.19,2,2440.38,4.2,United States,2023-05-12 03:28:40
TXN-0007346,Daniel Lee,Toys & Games,1255.21,7,8786.47,3.4,Canada,2023-03-28 04:17:16
TXN-0007557,Karen Taylor,Toys & Games,512.86,8,4102.88,1.2,India,2023-09-14 02:35:46
TXN-0011324,Elizabeth Miller,Apparel,813.17,7,5692.19,3.1,India,2023-02-25 07:54:38
TXN-0001844,Barbara White,Toys & Games,1216.64,1,1216.64,4.2,Canada,2023-06-16 16:46:21
TXN-0009928,Barbara Rodriguez,Home & Kitchen,361.41,5,1807.05,1.5,Brazil,2024-06-14 12:30:46
TXN-0005486,Susan Davis,Apparel,228.98,3,686.94,2.5,Brazil,2024-03-16 17:28:17
TXN-0001114,Jennifer Rodriguez,Electronics,994.52,8,7956.16,2.4,India,2023-04-02 21:45:36
TXN-0002450,Sarah Martin,Toys & Games,1373.48,1,1373.48,3.6,United Kingdom,2024-10-27 21:21:05
TXN-0000383,Christopher Martinez,Books,778.35,4,3113.4,4.6,United Kingdom,2024-09-17 14:18:00
TXN-0006093,Elizabeth Rodriguez,Beauty & Personal Care,1303.4,6,7820.4,1.3,Japan,2024-10-19 00:20:13
TXN-0005739,Lisa Garcia,Sports & Outdoors,321.76,7,2252.32,1.1,Australia,2023-08-13 00:00:00
TXN-0007773,John Lee,Automotive,1256.47,1,1256.47,3.2,Canada,2023-04-22 02:11:26
TXN-0010478,Daniel Thompson,Electronics,1194.87,4,4779.48,3.6,Canada,2023-01-31 05:15:33
TXN-0000526,Linda Hernandez,Beauty & Personal Care,1101.12,1,1101.12,3.8,India,2023-10-06 04:43:33
TXN-0002331,Thomas Gonzalez,Books,91.01,6,546.06,4.1,United Kingdom,2024-08-26 20:10:25
TXN-0000617,Daniel Gonzalez,Toys & Games,655.61,4,2622.44,3.6,Japan,2024-01-04 20:14:41
TXN-0005925,Karen Lopez,Toys & Games,1296.47,2,2592.94,1.3,Japan,2024-07-26 11:04:50
TXN-0012048,David Moore,Automotive,275.93,1,275.93,1.1,Netherlands,2024-03-06 15:43:44
TXN-0012433,Christopher Brown,Toys & Games,267.43,7,1872.01,2.1,France,2023-10-16 01:53:23
TXN-0002207,Lisa Anderson,Electronics,296.76,7,2077.32,1.1,Australia,2024-08-01 04:52:04
TXN-0005418,Robert Brown,Books,70.52,2,141.04,1.4,Australia,2023-07-30 09:15:04
TXN-0012309,Richard Williams,Apparel,1273.32,3,3819.96,3.9,Japan,2024-09-11 12:33:44
TXN-0009212,Christopher Martin,Toys & Games,465.04,8,3720.32,2.7,United Kingdom,2024-06-13 12:56:48
TXN-0009010,David Lee,Electronics,218.14,4,872.56,4.7,Brazil,2023-01-23 13:20:46
TXN-0001681,Nancy Moore,Apparel,1466.29,1,1466.29,1.6,India,2023-01-16 04:48:43
TXN-0002116,Jessica Brown,Apparel,217.45,8,1739.6,4.8,United Kingdom,2024-08-04 07:54:03
TXN-0000793,Michael Williams,Sports & Outdoors,226.51,7,1585.57,1.1,India,2023-05-10 00:25:50
TXN-0009881,Nancy Rodriguez,Electronics,641.27,3,1923.81,4.4,Australia,2024-12-27 01:13:50
TXN-0001537,Sarah Garcia,Beauty & Personal Care,1090.67,3,3272.01,2.3,Australia,2024-05-11 13:40:48
TXN-0004150,Nancy Miller,Home & Kitchen,1147.12,5,5735.6,2.8,India,2024-08-13 14:04:14
TXN-0004729,Karen Martin,Sports & Outdoors,115.99,7,811.93,3.6,Australia,2024-02-16 02:30:31
TXN-0002169,Joseph Moore,Sports & Outdoors,675.99,1,675.99,3.0,Japan,2024-01-08 17:05:47
TXN-0007861,Susan Davis,Electronics,1104.9,8,8839.2,2.5,United States,2023-06-28 03:18:50
TXN-0010188,Joseph Perez,Home & Kitchen,998.84,6,5993.04,2.0,France,2023-08-01 23:50:09
TXN-0010900,Susan Gonzalez,Apparel,777.36,3,2332.08,2.4,Brazil,2023-06-20 12:55:32
TXN-0008535,Karen Davis,Toys & Games,1441.93,7,10093.51,1.9,Japan,2023-02-22 00:53:38
TXN-0004722,Joseph Thomas,Beauty & Personal Care,1277.52,7,8942.64,1.8,Japan,2024-01-14 00:00:00
TXN-0012180,Lisa Jackson,Apparel,185.24,1,185.24,4.7,United Kingdom,2024-08-29 00:00:00
TXN-0003879,Linda Garcia,Home & Kitchen,374.52,4,1498.08,1.4,France,2024-06-24 19:55:46
TXN-0008682,Michael Williams,Books,1422.35,2,2844.7,1.4,Netherlands,2024-01-31 00:00:00
TXN-0005185,Patricia Lopez,Sports & Outdoors,501.9,3,1505.7,3.3,Netherlands,2024-08-12 04:54:37
TXN-0005110,Michael Thomas,Home & Kitchen,177.94,4,711.76,3.5,United States,2024-09-15 02:09:09
TXN-0006052,Christopher Anderson,Apparel,518.25,2,1036.5,4.4,Japan,2023-06-08 00:00:00
TXN-0011385,Patricia Moore,Home & Kitchen,1166.65,3,3499.95,4.8,Netherlands,2023-08-21 20:01:52
TXN-0001506,Joseph Martin,Sports & Outdoors,676.98,4,2707.92,4.2,Canada,2023-08-03 12:56:03
TXN-0008125,Elizabeth Jones,Toys & Games,1438.64,4,5754.56,1.7,Netherlands,2024-12-10 17:34:18
TXN-0010750,Jennifer Martin,Sports & Outdoors,1242.74,2,2485.48,1.6,Brazil,2024-08-25 14:37:11
TXN-0005341,Linda Rodriguez,Toys & Games,547.02,1,547.02,2.1,Canada,2024-07-07 03:17:50
TXN-0002711,Daniel Rodriguez,Home & Kitchen,990.37,4,3961.48,4.2,India,2024-01-21 23:29:22
TXN-0001568,Susan Williams,Home & Kitchen,1160.51,1,1160.51,2.5,United Kingdom,2023-11-02 11:02:04
TXN-0004618,David Moore,Toys & Games,684.35,3,2053.05,3.3,Japan,2023-02-12 14:08:41
TXN-0010551,Elizabeth Perez,Beauty & Personal Care,654.9,4,2619.6,2.1,Brazil,2023-10-23 00:00:00
TXN-0012109,Christopher Martinez,Apparel,1028.64,7,7200.48,1.3,Brazil,2024-02-21 19:26:50
TXN-0010251,Patricia Thompson,Automotive,1130.84,7,7915.88,4.0,Australia,2023-06-21 01:59:18
TXN-0003465,William Jackson,Books,1469.63,7,10287.41,3.7,Netherlands,2023-01-04 22:51:16
TXN-0002888,Daniel Williams,Home & Kitchen,641.57,2,1283.14,4.9,Brazil,2023-11-20 12:39:09
TXN-0009880,Patricia Smith,Toys & Games,1095.92,7,7671.44,2.1,India,2024-05-03 16:42:12
TXN-0003236,Susan Martin,Toys & Games,1097.56,4,4390.24,1.5,Canada,2024-10-11 16:41:36
TXN-0004466,Michael Thomas,Books,624.18,3,1872.54,4.5,United States,2024-11-27 00:00:00
TXN-0005131,John Lopez,Books,721.66,8,5773.28,4.6,United States,2024-09-11 18:04:41
TXN-0002840,Linda Wilson,Home & Kitchen,117.9,4,471.6,4.3,United States,2024-05-31 00:00:00
TXN-0011945,Robert Smith,Beauty & Personal Care,1363.59,4,5454.36,2.8,France,2024-08-27 19:07:45
TXN-0008106,Robert Perez,Books,306.03,5,1530.15,4.9,France,2023-10-15 00:03:07
TXN-0008757,Sarah Johnson,Beauty & Personal Care,743.28,4,2973.12,2.0,Australia,2024-08-04 22:20:22
TXN-0002235,Charles White,Automotive,1117.89,5,5589.45,4.5,United Kingdom,2024-03-22 02:24:13
TXN-0011443,Jennifer Garcia,Beauty & Personal Care,1132.85,4,4531.4,2.6,Japan,2023-08-04 05:39:58
TXN-0010677,William Garcia,Books,1334.1,7,9338.7,2.7,Canada,2024-11-06 00:00:00
TXN-0007793,Jennifer Lee,Toys & Games,1393.39,3,4180.17,1.9,United Kingdom,2024-06-09 17:57:51
TXN-0010297,Elizabeth Thompson,Books,653.89,1,653.89,4.1,United States,2023-09-03 23:45:45
TXN-0007555,Charles Anderson,Apparel,157.8,6,946.8,3.6,Brazil,2024-02-19 21:14:30
TXN-0008795,Joseph Lee,Apparel,711.46,6,4268.76,3.9,United States,2024-10-23 00:00:00
TXN-0004274,Karen Thomas,Sports & Outdoors,231.58,2,463.16,2.8,India,2024-08-06 02:02:14
TXN-0005285,Jessica Jackson,Books,267.26,3,801.78,3.7,Netherlands,2024-07-16 04:27:12
TXN-0012107,Daniel Gonzalez,Automotive,362.82,5,1814.1,4.2,Australia,2023-08-17 20:34:58
TXN-0000822,Joseph Thompson,Automotive,1236.6,3,3709.8,3.0,Japan,2024-01-12 12:39:48
TXN-0002443,Karen Davis,Home & Kitchen,304.21,4,1216.84,4.9,Australia,2024-10-04 00:00:00
TXN-0006422,Barbara Rodriguez,Automotive,1195.54,4,4782.16,2.9,Germany,2023-05-12 02:10:18
TXN-0005762,Karen Wilson,Automotive,587.86,3,1763.58,2.5,France,2024-02-04 02:20:19
TXN-0006891,Richard Anderson,Books,930.83,7,6515.81,4.9,France,2023-03-11 09:09:53
TXN-0004631,Barbara Gonzalez,Home & Kitchen,1125.48,1,1125.48,3.5,United States,2024-06-11 04:55:15
TXN-0000867,Karen Martinez,Toys & Games,392.13,8,3137.04,4.5,Australia,2024-12-31 00:00:00
TXN-0005165,Linda Rodriguez,Beauty & Personal Care,197.22,5,986.1,2.9,France,2024-11-08 06:45:10
TXN-0010271,Patricia White,Automotive,952.13,7,6664.91,2.6,Brazil,2023-06-15 16:34:24
TXN-0006849,Mary Gonzalez,Electronics,84.23,6,505.38,3.9,Japan,2023-02-16 12:52:00
TXN-0006801,James Thomas,Sports & Outdoors,167.99,4,671.96,4.4,Brazil,2023-05-27 16:29:07
TXN-0005488,James Jones,Beauty & Personal Care,1281.43,7,8970.01,2.3,France,2023-01-28 23:42:54
TXN-0006408,Linda Martin,Home & Kitchen,178.66,5,893.3,1.0,Canada,2023-09-25 10:51:53
TXN-0012152,Michael Moore,Books,190.97,2,381.94,4.5,France,2023-06-21 09:30:04
TXN-0009654,Robert Brown,Sports & Outdoors,230.86,1,230.86,3.4,Japan,2024-10-12 01:08:31
TXN-0011856,Barbara Moore,Apparel,1261.2,8,10089.6,1.6,Brazil,2024-03-12 00:00:00
TXN-0004647,Charles Hernandez,Sports & Outdoors,487.4,8,3899.2,3.2,Germany,2024-08-31 11:58:31
TXN-0001243,Lisa Perez,Sports & Outdoors,486.97,6,2921.82,3.3,Brazil,2023-05-09 21:27:05
TXN-0011508,Christopher Lopez,Toys & Games,1254.3,5,6271.5,3.5,Japan,2023-12-19 00:00:00
TXN-0011498,Thomas Martin,Books,92.84,4,371.36,3.5,Australia,2024-09-28 08:20:44
TXN-0011123,Karen Martinez,Apparel,89.24,3,267.72,1.4,Japan,2023-03-15 05:56:59
TXN-0010480,Daniel Taylor,Beauty & Personal Care,90.04,5,450.2,1.3,United States,2023-02-22 16:14:16
TXN-0012195,Christopher Moore,Automotive,31.92,1,31.92,4.3,India,2024-03-29 08:22:51
TXN-0000484,James Rodriguez,Apparel,761.83,2,1523.66,3.0,Japan,2023-09-22 01:25:24
TXN-0007798,Mary Moore,Sports & Outdoors,577.01,3,1731.03,4.5,India,2024-08-18 15:23:40
TXN-0006587,James Jackson,Toys & Games,905.41,5,4527.05,2.9,Germany,2023-05-31 19:44:35
TXN-0007998,Nancy Gonzalez,Books,285.16,2,570.32,3.8,United Kingdom,2024-03-01 04:56:37
TXN-0003210,Susan Thompson,Toys & Games,173.88,2,347.76,1.3,Brazil,2024-08-31 07:02:33
TXN-0007114,Jessica Smith,Home & Kitchen,593.69,1,593.69,4.0,United Kingdom,2024-11-16 23:43:28
TXN-0004195,Jessica Martinez,Books,389.49,3,1168.47,2.4,United States,2024-08-09 00:00:00
TXN-0000866,David Miller,Automotive,901.64,6,5409.84,4.4,India,2024-03-15 16:48:40
TXN-0011077,Lisa Smith,Books,1081.85,1,1081.85,1.1,Germany,2024-02-19 02:40:03
TXN-0009146,Joseph Johnson,Home & Kitchen,423.82,8,3390.56,5.0,United Kingdom,2024-12-18 00:00:00
TXN-0011696,Thomas Garcia,Beauty & Personal Care,1440.3,2,2880.6,1.2,India,2024-05-15 13:59:53
TXN-0000293,Mary Jackson,Beauty & Personal Care,425.22,3,1275.66,2.3,Brazil,2024-06-30 20:30:48
TXN-0002710,Nancy Lee,Toys & Games,920.85,3,2762.55,4.9,Japan,2024-08-09 09:34:52
TXN-0001747,Nancy Martinez,Automotive,1334.28,5,6671.4,1.6,Canada,2024-08-31 14:04:19
TXN-0008789,Linda Jones,Sports & Outdoors,1479.44,1,1479.44,3.4,United Kingdom,2023-07-26 14:42:50
TXN-0005390,Christopher Rodriguez,Electronics,1271.11,6,7626.66,3.5,United States,2023-10-13 01:49:48
TXN-0012128,Barbara Rodriguez,Electronics,651.19,3,1953.57,2.8,United Kingdom,2024-06-12 06:50:35
TXN-0007972,Richard Johnson,Automotive,533.94,4,2135.76,1.8,United Kingdom,2024-06-01 02:27:45
TXN-0010689,Susan Garcia,Home & Kitchen,573.79,4,2295.16,2.9,United Kingdom,2023-11-04 02:17:14
TXN-0001119,Jessica Miller,Apparel,524.71,5,2623.55,3.8,Germany,2023-08-12 16:18:38
TXN-0002754,Daniel Wilson,Home & Kitchen,875.93,8,7007.44,1.4,Netherlands,2023-10-11 07:42:16
TXN-0004845,Michael Davis,Apparel,913.96,7,6397.72,3.4,France,2023-10-20 22:53:45
TXN-0009143,Joseph Jones,Home & Kitchen,702.54,7,4917.78,3.7,Brazil,2023-08-15 20:56:24
TXN-0008012,Patricia Moore,Beauty & Personal Care,327.69,2,655.38,4.8,Brazil,2024-08-10 14:06:39
TXN-0004963,Elizabeth Rodriguez,Automotive,1365.53,5,6827.65,1.1,Netherlands,2024-02-13 00:00:00
TXN-0010660,Susan Jones,Books,25.65,7,179.55,4.2,Japan,2023-03-29 05:35:54
TXN-0003903,Karen Lee,Beauty & Personal Care,275.5,5,1377.5,4.2,Brazil,2024-01-03 12:14:05
TXN-0008665,Christopher Davis,Electronics,47.12,6,282.72,1.9,Brazil,2023-01-27 00:02:10
TXN-0003433,Thomas Lee,Toys & Games,1128.43,4,4513.72,1.7,Japan,2024-01-23 08:38:14
TXN-0004980,Sarah Martin,Home & Kitchen,941.37,5,4706.85,2.3,India,2024-02-05 20:31:23
TXN-0002814,Patricia Thompson,Electronics,548.4,4,2193.6,3.1,Brazil,2024-03-06 07:26:34
TXN-0008679,David Miller,Home & Kitchen,297.69,5,1488.45,3.1,United Kingdom,2023-07-26 06:12:52
TXN-0010559,Robert Davis,Beauty & Personal Care,824.72,1,824.72,3.9,Brazil,2024-10-09 15:42:45
TXN-0008196,William Lopez,Books,322.19,2,644.38,1.4,Netherlands,2023-06-19 13:36:04
TXN-0001583,Linda Davis,Automotive,252.64,3,757.92,4.7,Netherlands,2023-06-08 00:00:00
TXN-0012040,Robert Williams,Books,904.07,1,904.07,4.4,United Kingdom,2024-12-20 06:09:51
TXN-0000896,Charles Johnson,Home & Kitchen,971.22,8,7769.76,2.4,France,2024-10-16 11:56:17
TXN-0012231,Michael Rodriguez,Apparel,1015.61,5,5078.05,5.0,Netherlands,2024-09-13 08:09:49
TXN-0004385,Jennifer Wilson,Toys & Games,1399.5,1,1399.5,4.9,Japan,2023-06-16 13:08:58
TXN-0006410,Lisa Martinez,Books,503.71,5,2518.55,4.7,United States,2024-12-24 08:05:48
TXN-0005460,Patricia White,Beauty & Personal Care,1218.6,5,6093.0,1.0,France,2023-09-27 00:00:00
TXN-0005897,Charles Gonzalez,Sports & Outdoors,1118.95,4,4475.8,2.4,Germany,2023-04-22 11:53:32
TXN-0010785,Michael Rodriguez,Apparel,1178.49,3,3535.47,4.9,United States,2024-09-10 18:13:02
TXN-0012413,Patricia Rodriguez,Books,505.43,1,505.43,4.5,United States,2023-07-28 05:26:48
TXN-0011987,Robert Williams,Books,906.12,3,2718.36,4.0,Australia,2024-03-25 00:00:00
TXN-0001857,Barbara Anderson,Home & Kitchen,891.16,2,1782.32,4.9,United Kingdom,2024-07-01 00:00:00
TXN-0009773,Thomas Taylor,Automotive,129.4,6,776.4,3.7,Germany,2024-05-27 11:46:51
TXN-0008624,Patricia Anderson,Electronics,1016.39,4,4065.56,4.7,Germany,2024-11-13 21:23:55
TXN-0002020,Richard Garcia,Automotive,198.57,3,595.71,2.5,Germany,2023-12-03 23:21:41
TXN-0010902,Jessica Moore,Books,86.8,4,347.2,3.8,Netherlands,2024-02-14 22:45:30
TXN-0000648,Robert Johnson,Books,1081.01,4,4324.04,3.0,United States,2023-02-18 22:16:03
TXN-0005266,Robert Miller,Automotive,506.46,5,2532.3,2.1,India,2024-02-12 05:16:16
TXN-0007162,Karen Williams,Apparel,506.85,4,2027.4,4.8,India,2024-08-01 16:37:57
TXN-0006712,Elizabeth Gonzalez,Sports & Outdoors,389.95,7,2729.65,4.4,India,2024-03-16 00:00:00
TXN-0009590,Sarah Smith,Toys & Games,1116.32,1,1116.32,3.4,United Kingdom,2023-04-20 14:52:59
TXN-0011756,William Martin,Beauty & Personal Care,321.22,5,1606.1,4.9,Canada,2023-06-22 00:00:00
TXN-0000610,Michael Thompson,Toys & Games,852.98,6,5117.88,3.2,Japan,2023-07-03 10:14:08
TXN-0009369,Richard Garcia,Apparel,188.67,2,377.34,3.5,France,2024-07-11 00:00:00
TXN-0002767,Nancy Perez,Apparel,821.43,1,821.43,1.3,United States,2024-06-01 17:12:01
TXN-0006840,William Wilson,Electronics,372.63,5,1863.15,1.4,United States,2024-08-15 07:02:54
TXN-0005935,John Gonzalez,Automotive,1348.41,8,10787.28,2.8,Canada,2023-03-14 00:00:00
TXN-0009203,Nancy Brown,Electronics,279.73,5,1398.65,3.5,France,2024-10-02 20:28:46
TXN-0010063,Christopher Davis,Sports & Outdoors,206.09,3,618.27,1.1,France,2024-01-19 00:00:00
TXN-0003019,Patricia Smith,Home & Kitchen,525.16,1,525.16,3.6,India,2023-01-31 12:51:35
TXN-0005783,William Jackson,Beauty & Personal Care,1302.67,5,6513.35,2.0,United States,2024-11-09 07:55:18
TXN-0006643,Susan White,Electronics,819.88,7,5739.16,1.3,Canada,2023-03-25 21:52:49
TXN-0005554,Charles Davis,Home & Kitchen,803.76,3,2411.28,1.4,Netherlands,2023-09-16 05:43:33
TXN-0006629,James Brown,Automotive,1173.74,5,5868.7,1.7,France,2023-09-06 15:04:24
TXN-0007642,Linda Gonzalez,Apparel,41.93,6,251.58,4.0,Germany,2023-11-08 16:39:22
TXN-0005304,Nancy Martinez,Apparel,1216.08,8,9728.64,1.8,Canada,2024-02-03 15:00:06
TXN-0003611,Nancy Miller,Apparel,1398.04,3,4194.12,3.3,Japan,2024-11-05 06:03:39
TXN-0010282,Barbara Davis,Automotive,655.49,5,3277.45,1.4,Japan,2024-10-25 03:17:22
TXN-0008119,Mary Williams,Beauty & Personal Care,466.07,6,2796.42,1.3,France,2023-07-22 19:37:06
TXN-0008499,Charles Rodriguez,Beauty & Personal Care,1454.4,1,1454.4,2.6,Japan,2024-05-08 03:06:11
TXN-0011678,Sarah Rodriguez,Automotive,40.49,3,121.47,4.3,Australia,2023-10-21 09:42:46
TXN-0003817,Patricia Perez,Toys & Games,330.32,6,1981.92,1.2,United States,2024-10-02 23:26:17
TXN-0006232,Daniel Thomas,Toys & Games,10.26,5,51.3,4.7,Australia,2023-05-06 16:17:08
TXN-0003280,Lisa Williams,Books,1133.59,4,4534.36,3.4,Germany,2024-05-08 08:51:27
TXN-0011519,Linda Perez,Apparel,392.56,8,3140.48,1.0,United States,2024-03-20 10:44:23
TXN-0008503,Christopher Garcia,Electronics,1131.79,4,4527.16,2.3,Brazil,2024-11-02 16:15:09
TXN-0009639,Lisa Smith,Toys & Games,129.71,7,907.97,3.0,France,2023-03-05 05:42:08
TXN-0009356,David Davis,Sports & Outdoors,389.85,2,779.7,1.6,United Kingdom,2023-10-05 07:57:09
TXN-0003016,Joseph Lee,Home & Kitchen,1095.65,8,8765.2,3.7,France,2024-01-15 22:13:35
TXN-0012370,Robert Rodriguez,Toys & Games,705.76,5,3528.8,1.2,France,2024-07-07 19:00:24
TXN-0001610,Mary Perez,Home & Kitchen,1399.76,7,9798.32,2.3,United Kingdom,2024-07-08 18:58:46
TXN-0002428,Thomas Jones,Electronics,939.23,8,7513.84,1.2,Germany,2024-08-11 07:08:42
TXN-0001710,Thomas Davis,Beauty & Personal Care,993.68,6,5962.08,2.2,Australia,2023-05-13 05:25:21
TXN-0010204,Thomas Thomas,Apparel,629.35,2,1258.7,4.9,India,2023-04-03 02:12:54
TXN-0009359,Mary Lee,Automotive,97.57,4,390.28,3.4,India,2024-10-14 21:40:39
TXN-0002947,Sarah Williams,Beauty & Personal Care,1426.55,6,8559.3,3.6,Germany,2024-06-22 20:44:39
TXN-0009507,Mary Moore,Books,888.76,2,1777.52,2.7,Brazil,2024-07-20 12:04:16
TXN-0011830,Nancy Davis,Home & Kitchen,1321.15,3,3963.45,4.1,France,2024-01-23 16:02:38
TXN-0004768,Mary Jones,Electronics,1079.75,6,6478.5,2.2,Japan,2023-06-02 01:57:53
TXN-0006015,Mary Johnson,Automotive,902.29,2,1804.58,4.0,Canada,2024-07-01 09:45:02
TXN-0000054,Sarah Anderson,Apparel,677.85,4,2711.4,4.4,India,2023-08-04 09:27:29
TXN-0007597,Susan Brown,Automotive,573.57,2,1147.14,1.8,Canada,2024-03-02 00:07:16
TXN-0012319,Joseph Perez,Electronics,1139.66,2,2279.32,3.8,Netherlands,2024-07-18 09:38:57
TXN-0006725,John Gonzalez,Sports & Outdoors,1318.78,2,2637.56,3.2,France,2023-01-13 02:45:02
TXN-0007735,Christopher Moore,Books,1372.09,4,5488.36,1.6,Canada,2024-10-12 21:09:56
TXN-0007809,William Wilson,Electronics,1326.48,2,2652.96,1.6,France,2024-05-28 08:10:46
TXN-0010269,William Garcia,Toys & Games,110.36,8,882.88,2.7,Australia,2023-03-15 08:32:54
TXN-0005878,Christopher Perez,Beauty & Personal Care,319.27,5,1596.35,1.1,Canada,2023-08-14 18:12:33
TXN-0003650,David Hernandez,Toys & Games,1015.29,8,8122.32,3.7,Australia,2024-05-21 05:03:20
TXN-0006155,Jennifer Davis,Sports & Outdoors,493.15,5,2465.75,3.7,United States,2023-12-23 03:00:55
TXN-0004456,Christopher Anderson,Books,189.34,4,757.36,4.2,Brazil,2023-12-12 00:00:00
TXN-0007569,Joseph Smith,Automotive,910.96,4,3643.84,1.9,Australia,2024-04-25 22:59:11
TXN-0005672,Sarah Taylor,Books,330.8,6,1984.8,3.1,Japan,2023-02-16 10:50:27
TXN-0002343,Susan Anderson,Apparel,1375.65,7,9629.55,3.3,France,2024-10-24 00:00:00
TXN-0006390,Daniel Jones,Automotive,557.51,4,2230.04,4.4,Netherlands,2024-08-27 06:55:16
TXN-0002476,Barbara Thompson,Sports & Outdoors,722.97,1,722.97,4.5,France,2024-06-11 07:32:25
TXN-0000931,Jennifer Wilson,Sports & Outdoors,753.47,7,5274.29,3.3,France,2024-07-24 01:30:39
TXN-0004186,Thomas Hernandez,Beauty & Personal Care,608.32,8,4866.56,1.1,Netherlands,2024-09-30 03:22:10
TXN-0005130,Robert Martin,Toys & Games,1482.38,3,4447.14,3.7,Australia,2024-07-05 05:17:59
TXN-0007021,Daniel Brown,Toys & Games,1381.32,1,1381.32,3.5,Australia,2023-02-11 00:00:00
TXN-0008582,Linda Wilson,Automotive,377.34,2,754.68,1.2,United Kingdom,2024-06-06 00:00:00
TXN-0002779,Karen Davis,Automotive,1101.5,6,6609.0,3.6,Japan,2024-08-11 08:13:44
TXN-0009069,Elizabeth Lee,Beauty & Personal Care,1357.67,7,9503.69,3.0,Japan,2024-05-17 12:29:42
TXN-0005551,Michael Jackson,Toys & Games,428.88,4,1715.52,2.3,Brazil,2024-09-03 17:27:16
TXN-0004358,Barbara Rodriguez,Home & Kitchen,1198.25,2,2396.5,4.3,Netherlands,2024-12-24 22:14:16
TXN-0009174,Richard Thompson,Beauty & Personal Care,528.97,8,4231.76,5.0,Canada,2023-01-26 00:00:00
TXN-0011314,Patricia Wilson,Toys & Games,1059.68,8,8477.44,2.5,United Kingdom,2023-11-27 16:28:44
TXN-0004360,Sarah Miller,Automotive,893.37,6,5360.22,3.9,Germany,2023-08-31 16:38:47
TXN-0011283,Patricia Perez,Sports & Outdoors,273.6,7,1915.2,3.3,France,2024-05-10 04:09:33
TXN-0012299,Patricia Lopez,Books,1014.96,5,5074.8,4.7,Canada,2024-11-15 00:00:00
TXN-0007034,Michael Moore,Toys & Games,598.99,7,4192.93,3.8,United States,2023-08-27 21:49:40
TXN-0005687,John Lee,Automotive,107.85,1,107.85,2.9,Brazil,2024-03-21 17:15:37
TXN-0010822,Thomas Johnson,Beauty & Personal Care,1269.55,5,6347.75,1.9,Germany,2023-10-19 23:57:48
TXN-0010090,Mary Davis,Home & Kitchen,1283.81,2,2567.62,2.3,Australia,2023-12-28 22:33:46
TXN-0000997,David Gonzalez,Toys & Games,169.05,2,338.1,4.2,United Kingdom,2023-04-08 23:06:50
TXN-0003192,Sarah Martin,Books,1126.42,7,7884.94,2.2,Australia,2023-06-12 01:04:08
TXN-0004913,Richard Thompson,Sports & Outdoors,1424.35,7,9970.45,1.1,Germany,2023-08-19 00:00:00
TXN-0012424,Barbara Lee,Books,1252.02,6,7512.12,4.4,Japan,2023-02-24 00:00:00
TXN-0004563,John Garcia,Apparel,1134.24,3,3402.72,1.2,Australia,2023-06-17 21:51:34
TXN-0010197,Linda Miller,Electronics,438.62,1,438.62,1.7,Germany,2024-01-09 08:25:08
TXN-0011382,Mary Thomas,Home & Kitchen,1050.74,8,8405.92,2.8,Australia,2024-02-27 00:57:38
TXN-0001873,Sarah Garcia,Home & Kitchen,619.06,3,1857.18,3.6,Canada,2024-05-27 00:00:00
TXN-0006879,Patricia Jones,Home & Kitchen,1279.31,7,8955.17,1.7,Japan,2023-10-26 14:29:43
TXN-0006002,William Jones,Books,1019.71,8,8157.68,3.3,Australia,2023-06-14 00:00:00
TXN-0009002,William Jackson,Home & Kitchen,873.45,2,1746.9,4.0,Japan,2023-12-06 19:50:54
TXN-0008598,Elizabeth Williams,Beauty & Personal Care,229.49,6,1376.94,1.5,India,2024-12-31 00:00:00
TXN-0006514,Michael Lee,Sports & Outdoors,602.9,5,3014.5,2.3,Germany,2024-02-10 00:00:00
TXN-0002880,Susan Thompson,Sports & Outdoors,1323.48,8,10587.84,1.5,Australia,2023-08-04 14:11:18
TXN-0010747,James Moore,Home & Kitchen,51.65,2,103.3,3.1,France,2023-03-27 10:02:56
TXN-0009686,David Lopez,Home & Kitchen,159.65,4,638.6,4.5,Germany,2023-07-18 18:23:15
TXN-0008888,Michael Rodriguez,Beauty & Personal Care,315.0,6,1890.0,1.7,United Kingdom,2023-08-16 15:03:08
TXN-0004475,John Lopez,Beauty & Personal Care,729.1,5,3645.5,1.0,Japan,2024-09-03 07:56:02
TXN-0004009,John Taylor,Sports & Outdoors,587.18,3,1761.54,2.5,United Kingdom,2024-10-13 06:02:00
TXN-0000487,Susan Lopez,Electronics,376.15,2,752.3,2.6,France,2024-08-04 14:25:20
TXN-0000182,Jessica Taylor,Toys & Games,181.05,5,905.25,3.8,Brazil,2023-06-16 15:52:57
TXN-0008436,Thomas Thomas,Electronics,825.64,2,1651.28,2.6,Canada,2023-10-26 17:22:19
TXN-0003083,Jessica Perez,Toys & Games,454.12,7,3178.84,1.0,France,2023-06-01 05:26:09
TXN-0004039,Thomas Moore,Home & Kitchen,1006.5,5,5032.5,4.3,Netherlands,2023-10-06 06:00:44
TXN-0006428,Linda Wilson,Sports & Outdoors,563.78,4,2255.12,3.0,Germany,2023-05-21 00:00:00
TXN-0009644,Michael Hernandez,Beauty & Personal Care,842.96,1,842.96,3.6,Brazil,2023-06-19 15:19:04
TXN-0001448,Sarah Hernandez,Apparel,1433.2,7,10032.4,2.1,France,2023-08-11 11:36:33
TXN-0005063,Michael Thomas,Home & Kitchen,228.29,5,1141.45,1.8,Australia,2023-04-04 00:00:00
TXN-0007749,Susan Jones,Sports & Outdoors,417.04,5,2085.2,2.9,Netherlands,2023-05-23 07:15:07
TXN-0009754,Michael Moore,Home & Kitchen,912.62,6,5475.72,1.2,Japan,2024-03-11 16:48:44
TXN-0001975,Patricia Anderson,Toys & Games,903.54,1,903.54,1.6,Canada,2024-09-17 14:30:51
TXN-0006116,Jessica Brown,Sports & Outdoors,1021.43,8,8171.44,3.0,United States,2024-03-23 16:34:41
TXN-0008741,Michael Garcia,Automotive,1390.76,6,8344.56,2.2,United States,2023-01-07 14:55:52
TXN-0008613,Nancy Davis,Home & Kitchen,256.66,2,513.32,3.4,United Kingdom,2023-07-17 08:37:44
TXN-0010368,Jennifer Thompson,Automotive,337.83,1,337.83,3.6,Germany,2023-02-09 23:34:05
TXN-0010214,Lisa Brown,Books,1388.34,2,2776.68,4.4,India,2024-10-26 03:54:53
TXN-0005359,Karen Perez,Beauty & Personal Care,211.97,7,1483.79,3.5,India,2024-04-22 13:57:15
TXN-0006534,Christopher Wilson,Home & Kitchen,1132.33,3,3396.99,2.7,United Kingdom,2023-03-24 00:43:09
TXN-0009723,James Lopez,Books,449.1,4,1796.4,3.4,Japan,2024-12-31 00:00:00
TXN-0002547,Nancy Anderson,Automotive,801.22,8,6409.76,2.5,France,2023-10-11 17:40:44
TXN-0003956,David Miller,Electronics,1418.41,1,1418.41,2.4,France,2023-06-03 07:32:53
TXN-0006913,John Brown,Books,213.82,4,855.28,3.8,India,2024-11-05 12:22:21
TXN-0011968,Mary Thompson,Books,7.95,3,23.85,3.7,France,2024-03-27 14:18:29
TXN-0006535,Joseph Martin,Sports & Outdoors,114.52,5,572.6,3.8,Brazil,2023-01-29 21:09:45
TXN-0002365,Charles Garcia,Sports & Outdoors,1312.47,5,6562.35,1.2,Australia,2023-05-10 02:28:42
TXN-0001677,Barbara Martinez,Books,305.38,5,1526.9,4.4,India,2023-10-31 09:13:00
TXN-0003567,Barbara Perez,Automotive,297.23,8,2377.84,2.9,Netherlands,2023-03-04 00:00:00
TXN-0008080,Elizabeth Jones,Books,519.39,3,1558.17,3.7,Germany,2023-09-02 18:57:20
TXN-0007004,Linda Jones,Beauty & Personal Care,1335.81,5,6679.05,1.6,Brazil,2024-12-05 12:02:37
TXN-0012200,John Lee,Automotive,21.98,1,21.98,4.2,Australia,2023-03-26 04:15:07
TXN-0006874,Thomas Moore,Home & Kitchen,789.55,3,2368.65,1.4,Canada,2024-12-24 19:21:59
TXN-0011093,Patricia Thompson,Toys & Games,1206.25,7,8443.75,1.9,France,2023-05-24 00:00:00
TXN-0005149,Christopher Garcia,Apparel,1284.78,5,6423.9,2.8,United States,2023-09-15 15:12:51
TXN-0007965,John White,Home & Kitchen,1098.67,6,6592.02,3.4,United Kingdom,2024-11-01 00:31:53
TXN-0003715,James Gonzalez,Sports & Outdoors,1162.15,5,5810.75,2.1,Germany,2023-03-24 00:00:00
TXN-0000812,Sarah Martinez,Beauty & Personal Care,16.81,5,84.05,4.6,Australia,2024-04-19 02:42:01
TXN-0006276,Jessica Martinez,Home & Kitchen,784.18,7,5489.26,4.5,Brazil,2023-03-09 02:30:10
TXN-0003425,Patricia Williams,Sports & Outdoors,390.4,7,2732.8,3.9,Japan,2023-03-05 11:28:51
TXN-0010787,Mary Davis,Home & Kitchen,485.92,4,1943.68,1.4,Australia,2023-04-02 14:25:52
TXN-0006732,Jessica Moore,Beauty & Personal Care,1098.55,3,3295.65,1.1,Canada,2024-03-08 09:07:04
TXN-0006734,James Gonzalez,Beauty & Personal Care,163.0,2,326.0,1.3,Canada,2024-06-10 22:26:36
TXN-0003274,Michael Davis,Apparel,617.86,4,2471.44,3.3,India,2024-04-11 00:00:00
TXN-0006564,Jennifer Thomas,Toys & Games,894.27,2,1788.54,2.6,Germany,2024-05-05 15:45:56
TXN-0006790,Sarah Williams,Home & Kitchen,1151.87,4,4607.48,1.5,India,2023-02-04 08:30:16
TXN-0006954,Mary Gonzalez,Books,1335.23,8,10681.84,2.8,United Kingdom,2024-08-11 08:49:35
TXN-0006020,Thomas Martin,Beauty & Personal Care,388.9,2,777.8,3.5,Netherlands,2024-07-17 06:51:17
TXN-0000289,Jennifer Anderson,Automotive,768.65,2,1537.3,2.1,Brazil,2024-02-26 20:13:58
TXN-0011994,Jennifer Thomas,Beauty & Personal Care,251.06,7,1757.42,3.8,Germany,2023-11-02 17:17:38
TXN-0002518,Joseph Rodriguez,Beauty & Personal Care,731.12,4,2924.48,1.4,Netherlands,2024-12-19 17:03:23
TXN-0000464,Jennifer Lopez,Home & Kitchen,624.85,6,3749.1,3.9,Germany,2024-01-10 00:07:15
TXN-0008952,John Lopez,Automotive,686.63,1,686.63,4.8,Germany,2024-03-07 17:46:31
TXN-0000725,Jessica Anderson,Books,994.83,8,7958.64,3.0,France,2024-02-26 07:46:45
TXN-0007205,Linda Martinez,Automotive,967.18,7,6770.26,1.2,India,2023-06-22 07:11:39
TXN-0009417,Susan Thompson,Toys & Games,1168.85,7,8181.95,2.0,United States,2023-10-20 06:26:58
TXN-0005170,Lisa White,Apparel,54.43,3,163.29,2.3,Canada,2023-08-21 22:43:43
TXN-0004447,Linda Taylor,Home & Kitchen,1441.54,2,2883.08,1.5,Japan,2023-04-26 00:00:00
TXN-0001008,Michael Thompson,Automotive,116.95,6,701.7,2.2,Canada,2024-01-04 07:42:03
TXN-0011609,Patricia Garcia,Apparel,1495.3,7,10467.1,4.9,Brazil,2023-09-22 12:42:02
TXN-0007415,David Perez,Apparel,1089.55,8,8716.4,3.8,France,2024-11-10 00:00:00
TXN-0009600,Patricia Rodriguez,Home & Kitchen,1361.14,4,5444.56,1.7,Australia,2024-06-28 00:00:00
TXN-0011876,Elizabeth Jones,Home & Kitchen,237.63,7,1663.41,2.9,France,2023-08-10 02:19:55
TXN-0007144,Christopher Brown,Toys & Games,1290.32,5,6451.6,1.4,Australia,2024-09-13 06:20:13
TXN-0012221,Elizabeth Hernandez,Sports & Outdoors,270.99,4,1083.96,2.1,United Kingdom,2023-01-16 09:57:17
TXN-0006368,Jennifer Wilson,Sports & Outdoors,1344.01,8,10752.08,4.2,France,2023-12-30 12:35:01
TXN-0006215,Mary Moore,Sports & Outdoors,598.58,2,1197.16,4.0,Australia,2023-07-14 22:01:03
TXN-0003485,John Garcia,Sports & Outdoors,1284.95,2,2569.9,4.9,Australia,2023-03-13 22:58:58
TXN-0007370,Charles Martinez,Books,662.82,6,3976.92,4.9,Netherlands,2023-03-25 00:00:00
TXN-0009874,David Lopez,Books,834.24,2,1668.48,3.3,Germany,2023-12-05 03:46:57
TXN-0000856,David Johnson,Beauty & Personal Care,1192.2,2,2384.4,4.1,Brazil,2024-04-26 05:33:27
TXN-0001804,Karen Taylor,Home & Kitchen,787.96,1,787.96,3.4,Netherlands,2024-10-10 00:00:00
TXN-0009545,Karen Perez,Automotive,1256.69,8,10053.52,4.5,Australia,2023-02-18 10:06:48
TXN-0006049,William Lopez,Electronics,659.3,4,2637.2,2.7,India,2023-09-12 05:15:01
TXN-0004860,Jennifer Anderson,Electronics,210.87,5,1054.35,2.1,India,2024-07-18 04:00:10
TXN-0006331,William Perez,Apparel,541.76,8,4334.08,3.4,Netherlands,2023-06-15 09:12:38
TXN-0006094,Charles Martin,Automotive,309.38,1,309.38,1.3,Australia,2023-07-21 15:07:54
TXN-0010124,Linda Lopez,Apparel,1416.2,5,7081.0,2.8,Netherlands,2024-05-10 12:46:45
TXN-0007394,Charles Martin,Apparel,1259.04,3,3777.12,2.7,Brazil,2024-02-08 13:53:52
TXN-0002454,David Davis,Home & Kitchen,725.83,6,4354.98,4.4,Germany,2023-03-17 00:00:00
TXN-0008493,Patricia Wilson,Electronics,176.31,1,176.31,2.9,Brazil,2024-06-01 23:00:58
TXN-0000247,Jessica Moore,Beauty & Personal Care,1146.22,8,9169.76,4.9,France,2024-05-13 10:03:05
TXN-0009737,Jessica Rodriguez,Books,521.49,3,1564.47,3.0,India,2023-02-14 11:39:58
TXN-0004208,Thomas White,Toys & Games,702.21,1,702.21,2.5,Canada,2024-11-21 20:52:15
TXN-0010653,Susan Martinez,Automotive,1407.84,1,1407.84,1.4,Germany,2023-06-11 13:08:30
TXN-0000144,Barbara Williams,Toys & Games,368.76,7,2581.32,3.1,Canada,2023-11-04 09:37:33
TXN-0008178,Patricia Taylor,Books,88.7,4,354.8,4.2,Japan,2024-11-06 22:10:52
TXN-0006688,James Thompson,Toys & Games,1412.46,5,7062.3,4.7,Japan,2024-10-01 02:48:19
TXN-0000356,Daniel Smith,Toys & Games,912.94,7,6390.58,1.6,United Kingdom,2023-03-20 15:34:56
TXN-0005853,Barbara Williams,Toys & Games,220.86,8,1766.88,4.9,Australia,2023-06-11 09:40:25
TXN-0001091,Joseph White,Automotive,771.42,7,5399.94,4.7,Japan,2023-07-14 06:04:27
TXN-0004613,Nancy Hernandez,Toys & Games,408.8,5,2044.0,4.9,United Kingdom,2023-07-15 18:12:06
TXN-0011813,Charles Lee,Electronics,377.23,1,377.23,4.7,United Kingdom,2023-09-25 22:01:31
TXN-0005747,Nancy Brown,Beauty & Personal Care,363.99,1,363.99,1.0,Germany,2024-12-19 10:29:22
TXN-0001752,David Perez,Beauty & Personal Care,1348.29,3,4044.87,3.6,Germany,2024-03-11 20:39:19
TXN-0008404,James Gonzalez,Electronics,740.86,8,5926.88,4.9,Japan,2023-04-09 01:08:05
TXN-0004665,Nancy Martin,Automotive,295.68,2,591.36,4.0,Australia,2023-09-28 05:34:25
TXN-0003490,Michael Jones,Home & Kitchen,422.78,6,2536.68,1.7,Germany,2023-04-15 00:00:00
TXN-0008363,Michael Martin,Apparel,236.69,4,946.76,3.3,Germany,2024-01-28 03:31:00
TXN-0001572,William Rodriguez,Toys & Games,1153.63,3,3460.89,4.2,Germany,2024-06-18 15:26:30
TXN-0003536,Karen Martin,Automotive,1217.11,6,7302.66,1.9,Canada,2024-09-27 21:26:50
TXN-0003933,Elizabeth Martin,Toys & Games,822.54,7,5757.78,4.5,Canada,2023-11-04 11:16:59
TXN-0003092,Robert Davis,Apparel,157.57,5,787.85,4.0,Japan,2024-12-31 00:00:00
TXN-0003035,Joseph White,Toys & Games,454.86,2,909.72,3.1,Brazil,2024-11-28 08:22:18
TXN-0011580,Lisa Davis,Beauty & Personal Care,427.06,7,2989.42,2.3,India,2024-09-17 04:14:06
TXN-0000650,David White,Electronics,181.69,8,1453.52,4.8,Japan,2024-11-06 21:42:15
TXN-0001210,Sarah Miller,Electronics,1249.59,1,1249.59,2.5,India,2023-08-07 21:49:55
TXN-0006191,Jennifer Gonzalez,Books,1198.04,2,2396.08,2.5,Australia,2024-07-01 00:00:00
TXN-0005917,David Anderson,Beauty & Personal Care,1420.66,4,5682.64,1.4,Canada,2024-12-22 13:21:08
TXN-0007802,Lisa Anderson,Beauty & Personal Care,322.42,8,2579.36,2.3,United States,2024-12-31 00:00:00
TXN-0002704,David Thomas,Electronics,994.96,1,994.96,1.6,Japan,2023-07-11 00:00:00
TXN-0001748,Charles Brown,Sports & Outdoors,1159.59,5,5797.95,3.3,United States,2024-09-07 09:30:55
TXN-0003546,Patricia Garcia,Apparel,873.64,4,3494.56,4.4,Canada,2024-01-27 00:54:02
TXN-0000737,Jessica Wilson,Books,1194.5,5,5972.5,3.0,Australia,2023-08-21 22:42:33
TXN-0004066,Patricia Moore,Apparel,1448.19,1,1448.19,3.7,United States,2023-11-30 10:07:32
TXN-0000302,Daniel Brown,Electronics,717.83,3,2153.49,3.4,Germany,2024-02-08 11:08:33
TXN-0002446,Nancy Davis,Electronics,1097.98,2,2195.96,1.9,France,2023-04-02 19:34:16
TXN-0003740,Lisa Rodriguez,Toys & Games,1414.29,8,11314.32,4.3,United Kingdom,2024-05-04 03:03:12
TXN-0001072,Jennifer Moore,Apparel,656.63,5,3283.15,4.4,Brazil,2024-06-18 19:30:52
TXN-0011627,Lisa Davis,Electronics,29.62,4,118.48,3.6,United States,2023-12-28 20:03:49
TXN-0006902,Richard Williams,Books,863.02,7,6041.14,2.3,United Kingdom,2023-11-29 07:50:02
TXN-0003743,Christopher Thompson,Toys & Games,1365.38,5,6826.9,1.2,Japan,2024-02-23 17:11:31
TXN-0004294,Barbara Jones,Automotive,920.64,2,1841.28,2.5,Brazil,2024-11-25 05:07:56
TXN-0007968,Nancy Martinez,Automotive,488.21,2,976.42,2.3,Brazil,2023-02-04 11:15:44
TXN-0002278,Jennifer Miller,Apparel,1103.84,7,7726.88,1.3,Netherlands,2023-11-03 00:00:00
TXN-0006082,John Thompson,Sports & Outdoors,181.49,6,1088.94,2.9,United Kingdom,2024-04-27 01:33:55
TXN-0005792,Thomas Perez,Beauty & Personal Care,1259.39,6,7556.34,3.1,Canada,2024-12-12 00:00:00
TXN-0002566,Robert Gonzalez,Books,415.98,7,2911.86,3.6,Germany,2024-04-16 20:05:51
TXN-0006623,Nancy Jones,Beauty & Personal Care,17.62,8,140.96,4.9,France,2024-12-31 00:00:00
TXN-0011796,Jessica Jackson,Electronics,348.86,5,1744.3,3.3,United Kingdom,2024-11-14 00:45:42
TXN-0000517,Jennifer Brown,Sports & Outdoors,191.93,8,1535.44,3.9,France,2023-06-30 00:00:00
TXN-0007238,Jennifer Jones,Apparel,433.41,8,3467.28,1.6,Japan,2024-11-02 07:40:22
TXN-0004037,Charles Hernandez,Automotive,520.59,1,520.59,1.6,United Kingdom,2024-07-29 04:25:25
TXN-0003318,Robert Perez,Toys & Games,236.52,8,1892.16,3.7,France,2023-04-15 00:00:00
TXN-0006573,Robert Johnson,Electronics,711.73,8,5693.84,1.6,Japan,2023-12-23 00:00:00
TXN-0005030,Christopher Gonzalez,Beauty & Personal Care,1400.3,8,11202.4,4.5,Brazil,2024-08-04 13:16:16
TXN-0005808,Jessica Anderson,Apparel,1187.37,7,8311.59,4.4,Canada,2024-05-19 23:13:30
TXN-0005962,John Taylor,Automotive,699.83,1,699.83,2.1,Canada,2023-09-17 02:58:33
TXN-0010797,Susan Taylor,Apparel,727.08,6,4362.48,4.9,Netherlands,2024-03-29 15:45:14
TXN-0011144,Jessica Johnson,Home & Kitchen,757.16,2,1514.32,1.9,India,2024-09-16 12:46:39
TXN-0005035,William Smith,Apparel,1395.19,5,6975.95,1.5,France,2023-07-22 22:00:42
TXN-0010320,Thomas Lee,Sports & Outdoors,871.08,5,4355.4,3.0,Japan,2023-06-09 10:02:12
TXN-0007669,Joseph Miller,Beauty & Personal Care,357.56,7,2502.92,2.1,Germany,2023-07-29 18:51:44
TXN-0008724,William Martinez,Electronics,752.27,2,1504.54,4.8,Australia,2024-10-02 07:24:15
TXN-0004755,Linda Perez,Beauty & Personal Care,420.54,4,1682.16,3.4,India,2024-04-01 17:55:59
TXN-0010895,James Gonzalez,Electronics,226.06,3,678.18,3.4,Germany,2024-12-21 01:28:44
TXN-0007067,Jennifer Brown,Electronics,403.42,1,403.42,2.4,Netherlands,2023-08-07 15:29:30
TXN-0002534,Joseph Hernandez,Toys & Games,1284.47,5,6422.35,3.7,Brazil,2023-10-05 00:00:00
TXN-0002287,Elizabeth Taylor,Automotive,1460.46,3,4381.38,1.9,France,2024-11-02 03:53:14
TXN-0000055,Thomas Thomas,Books,662.61,5,3313.05,1.9,France,2023-09-18 20:39:06
TXN-0012451,Mary Johnson,Electronics,295.43,8,2363.44,1.7,India,2024-07-16 06:34:44
TXN-0000209,Joseph Moore,Beauty & Personal Care,534.66,5,2673.3,3.4,Brazil,2023-05-30 08:03:49
TXN-0011501,Nancy Miller,Automotive,739.14,2,1478.28,4.8,France,2024-10-19 05:05:58
TXN-0003568,Elizabeth Perez,Home & Kitchen,1015.51,4,4062.04,3.5,India,2023-05-23 01:15:57
TXN-0004779,Jennifer Hernandez,Electronics,395.92,6,2375.52,1.2,Brazil,2024-12-06 00:00:00
TXN-0004249,Joseph Thomas,Automotive,1130.64,4,4522.56,1.8,Netherlands,2024-12-25 20:00:51
TXN-0012192,Joseph Martin,Apparel,78.52,2,157.04,1.1,India,2023-08-24 05:51:46
TXN-0010028,Susan Thompson,Automotive,939.03,5,4695.15,3.4,Canada,2024-05-19 21:59:37
TXN-0011518,John Brown,Books,1475.89,7,10331.23,2.8,Australia,2024-02-01 00:00:00
TXN-0011831,Mary Wilson,Beauty & Personal Care,369.04,1,369.04,1.1,Japan,2023-12-19 09:54:28
TXN-0010771,Christopher Thomas,Books,609.78,2,1219.56,3.2,France,2023-08-30 07:13:44
TXN-0012261,Sarah Williams,Sports & Outdoors,143.72,6,862.32,3.3,Australia,2024-09-15 00:00:00
TXN-0006369,Nancy Moore,Toys & Games,1036.23,7,7253.61,3.5,Canada,2023-12-07 03:29:09
TXN-0008356,Robert Jones,Electronics,1276.47,5,6382.35,4.9,Japan,2024-06-03 00:00:00
TXN-0006075,Daniel Taylor,Books,1359.23,1,1359.23,1.7,Netherlands,2024-09-05 00:26:19
TXN-0006337,Jennifer Martin,Sports & Outdoors,1100.55,5,5502.75,3.0,India,2023-02-04 17:15:20
TXN-0007640,William Martinez,Automotive,1321.79,2,2643.58,3.8,United States,2024-01-22 00:00:00
TXN-0003973,Barbara Lee,Apparel,405.32,8,3242.56,4.1,Brazil,2023-10-08 05:04:14
TXN-0001198,Joseph Wilson,Books,1242.59,3,3727.77,4.7,Netherlands,2023-07-10 06:05:08
TXN-0003002,Barbara Williams,Apparel,1017.99,5,5089.95,2.2,Netherlands,2024-09-08 07:16:04
TXN-0005135,Linda Taylor,Apparel,1232.07,6,7392.42,4.3,United States,2023-02-16 06:28:00
TXN-0008385,Linda Taylor,Home & Kitchen,378.81,2,757.62,4.2,United Kingdom,2024-01-17 10:50:53
TXN-0005230,Jessica Hernandez,Electronics,954.32,3,2862.96,1.2,Australia,2023-02-21 00:00:00
TXN-0010894,Linda White,Automotive,793.05,5,3965.25,3.4,Japan,2023-02-02 21:18:05
TXN-0005931,Barbara Moore,Electronics,1166.76,6,7000.56,2.6,Brazil,2023-07-10 18:33:20
TXN-0000585,Jessica White,Sports & Outdoors,915.22,6,5491.32,2.0,Japan,2024-03-22 17:26:12
TXN-0005416,Richard Anderson,Electronics,628.51,1,628.51,3.1,United States,2023-03-24 03:41:10
TXN-0006982,Karen Jackson,Automotive,1183.31,2,2366.62,2.9,Netherlands,2023-07-07 00:00:00
TXN-0004595,Mary Thomas,Apparel,69.02,3,207.06,2.9,Japan,2024-01-06 05:03:47
TXN-0000064,Jennifer Martinez,Home & Kitchen,43.39,5,216.95,3.3,Netherlands,2024-12-06 06:50:03
TXN-0009542,Joseph Thompson,Beauty & Personal Care,1382.75,7,9679.25,1.6,India,2024-01-29 02:14:57
TXN-0001428,Patricia Garcia,Electronics,23.8,6,142.8,2.5,Brazil,2023-01-22 11:29:58
TXN-0001504,Charles Hernandez,Books,1448.38,4,5793.52,3.8,United Kingdom,2024-04-18 07:47:57
TXN-0008777,Charles Thomas,Electronics,487.91,1,487.91,1.4,Australia,2024-12-18 10:21:15
TXN-0006148,David Thompson,Apparel,1169.82,6,7018.92,3.6,Canada,2024-10-03 02:42:23
TXN-0006530,Elizabeth Davis,Electronics,660.83,5,3304.15,2.9,United States,2023-11-02 13:31:31
TXN-0003291,Robert Taylor,Apparel,1032.09,2,2064.18,3.8,Japan,2024-08-10 02:48:02
TXN-0010668,Barbara Lee,Automotive,319.91,5,1599.55,3.5,Canada,2023-10-18 13:00:20
TXN-0012432,Jessica Johnson,Beauty & Personal Care,765.36,7,5357.52,2.6,Japan,2024-02-05 00:00:00
TXN-0000483,Thomas Smith,Home & Kitchen,826.64,6,4959.84,2.4,Canada,2024-09-25 10:17:57
TXN-0002280,Elizabeth Gonzalez,Electronics,984.36,3,2953.08,4.9,France,2023-11-22 10:00:58
TXN-0008969,Charles Martin,Home & Kitchen,860.65,7,6024.55,3.9,Canada,2024-11-08 06:56:13
TXN-0002859,Daniel Martin,Home & Kitchen,726.42,1,726.42,2.5,United Kingdom,2024-04-09 17:18:32
TXN-0001793,Richard Davis,Books,1440.91,2,2881.82,2.4,Brazil,2023-05-08 17:02:22
TXN-0011340,Susan Rodriguez,Apparel,414.94,4,1659.76,3.3,Japan,2024-05-14 13:12:20
TXN-0000131,John Williams,Home & Kitchen,650.66,6,3903.96,4.2,Canada,2024-03-08 03:30:08
TXN-0008195,Charles Rodriguez,Automotive,1461.71,6,8770.26,2.2,India,2024-05-07 21:53:10
TXN-0012242,Linda Jackson,Apparel,161.58,3,484.74,1.4,Canada,2023-06-22 00:00:00
TXN-0012458,Karen Anderson,Toys & Games,216.17,4,864.68,4.5,France,2023-03-22 01:54:20
TXN-0011491,Charles Lopez,Beauty & Personal Care,984.62,4,3938.48,3.3,Australia,2023-01-12 23:42:27
TXN-0002972,Mary Wilson,Apparel,1265.8,1,1265.8,4.5,United Kingdom,2023-03-17 21:00:57
TXN-0002780,Richard Thomas,Toys & Games,1036.67,2,2073.34,3.0,India,2024-01-07 19:55:02
TXN-0011938,Mary Williams,Automotive,165.4,7,1157.8,4.4,Australia,2023-10-25 18:34:45
TXN-0003532,David Miller,Home & Kitchen,1076.59,7,7536.13,3.2,Germany,2024-04-14 06:40:48
TXN-0002482,Susan Smith,Beauty & Personal Care,198.25,2,396.5,3.6,United States,2023-11-30 03:55:27
TXN-0002715,Jessica Lopez,Toys & Games,1395.88,7,9771.16,3.5,Australia,2023-11-16 00:36:44
TXN-0012494,Richard Garcia,Books,759.19,4,3036.76,2.6,United States,2023-10-05 10:58:02
TXN-0005832,John Moore,Toys & Games,777.31,6,4663.86,4.5,India,2023-03-20 18:38:57
TXN-0002380,Daniel Anderson,Electronics,617.81,1,617.81,2.0,United Kingdom,2024-10-07 11:47:08
TXN-0006452,Jessica Martin,Electronics,727.63,7,5093.41,1.5,India,2024-02-06 04:03:37
TXN-0001513,Patricia Johnson,Beauty & Personal Care,718.27,3,2154.81,2.3,Brazil,2024-07-13 15:07:00
TXN-0012049,Thomas Anderson,Apparel,381.13,5,1905.65,1.5,Japan,2023-12-24 06:58:38
TXN-0002879,James Thomas,Toys & Games,993.91,6,5963.46,4.1,Brazil,2024-04-27 22:29:27
TXN-0007361,Nancy Lopez,Automotive,779.61,6,4677.66,1.3,United States,2024-02-22 23:01:39
TXN-0003140,Patricia Lee,Sports & Outdoors,1465.53,4,5862.12,2.6,Australia,2024-11-23 00:00:00
TXN-0011355,Linda Lee,Home & Kitchen,1417.74,2,2835.48,4.3,Netherlands,2024-05-07 04:58:48
TXN-0007076,Charles Garcia,Home & Kitchen,861.76,2,1723.52,4.1,Brazil,2023-01-31 20:40:19
TXN-0000886,Susan Miller,Automotive,1280.15,1,1280.15,2.5,India,2024-03-24 13:32:15
TXN-0005529,Patricia Davis,Home & Kitchen,98.45,6,590.7,1.5,Canada,2023-07-04 13:29:00
TXN-0009620,David Moore,Sports & Outdoors,1074.46,1,1074.46,4.0,United States,2024-03-26 15:59:14
TXN-0009632,Jennifer Taylor,Electronics,830.8,8,6646.4,3.7,United Kingdom,2023-09-09 05:54:15
TXN-0003444,Thomas Davis,Automotive,1343.34,4,5373.36,3.0,United Kingdom,2023-05-18 06:11:07
TXN-0002555,Joseph White,Apparel,982.38,2,1964.76,2.8,Germany,2024-01-26 08:53:56
TXN-0007504,Joseph Lee,Sports & Outdoors,857.27,5,4286.35,1.5,Australia,2024-02-21 12:19:40
TXN-0002600,Charles Smith,Sports & Outdoors,1133.77,4,4535.08,1.3,India,2024-12-19 14:04:22
TXN-0003466,Charles Brown,Electronics,20.51,7,143.57,2.6,Netherlands,2024-07-18 00:00:00
TXN-0009392,Patricia Williams,Beauty & Personal Care,430.44,1,430.44,2.3,Japan,2024-01-18 07:34:03
TXN-0009293,William Williams,Toys & Games,645.11,4,2580.44,3.2,Australia,2023-10-10 13:51:24
TXN-0000824,Barbara Jackson,Sports & Outdoors,786.55,2,1573.1,2.5,United States,2023-10-18 20:26:09
TXN-0005893,Daniel Thomas,Beauty & Personal Care,1258.47,8,10067.76,3.5,United States,2024-04-15 15:32:59
TXN-0011611,Michael Johnson,Sports & Outdoors,194.26,1,194.26,1.6,Brazil,2023-10-24 17:14:36
TXN-0008295,John Williams,Toys & Games,84.39,8,675.12,1.6,Netherlands,2023-12-10 01:14:23
TXN-0004335,David Martinez,Home & Kitchen,481.08,8,3848.64,2.9,United States,2024-05-26 00:00:00
TXN-0003769,John Wilson,Automotive,671.19,4,2684.76,1.7,Brazil,2023-02-19 21:21:00
TXN-0005411,Jennifer Taylor,Sports & Outdoors,204.0,2,408.0,3.0,United Kingdom,2024-02-07 00:00:00
TXN-0007359,Richard Moore,Home & Kitchen,628.93,3,1886.79,4.3,Netherlands,2024-11-23 12:03:04
TXN-0008913,Sarah Thompson,Apparel,910.68,5,4553.4,1.2,India,2024-05-17 15:40:11
TXN-0001267,Elizabeth Johnson,Toys & Games,271.12,3,813.36,3.3,France,2023-11-18 13:11:53
TXN-0012421,Michael Brown,Beauty & Personal Care,585.17,5,2925.85,3.9,United States,2023-08-18 10:07:28
TXN-0010228,Nancy Rodriguez,Books,1439.79,5,7198.95,3.4,Australia,2024-05-30 14:06:34
TXN-0011125,Susan Anderson,Electronics,311.04,6,1866.24,4.8,India,2024-05-07 04:45:12
TXN-0000567,Jennifer Gonzalez,Automotive,210.58,4,842.32,1.9,India,2023-11-14 08:39:14
TXN-0003117,Nancy Jackson,Toys & Games,33.74,6,202.44,4.4,Netherlands,2024-07-28 06:19:43
TXN-0001718,Elizabeth Lee,Toys & Games,535.24,6,3211.44,4.0,United Kingdom,2024-11-03 20:30:27
TXN-0010729,Thomas Rodriguez,Electronics,311.01,7,2177.07,4.8,Canada,2023-04-14 00:00:00
TXN-0004984,Daniel Lopez,Toys & Games,41.61,5,208.05,2.7,Brazil,2024-04-10 20:56:11
TXN-0003164,John Taylor,Home & Kitchen,1222.8,3,3668.4,3.9,Canada,2024-10-19 21:12:14
TXN-0011564,Jessica Martin,Beauty & Personal Care,1179.81,6,7078.86,4.6,Brazil,2024-10-29 00:00:00
TXN-0010345,Christopher Martinez,Sports & Outdoors,1427.73,3,4283.19,3.9,United Kingdom,2024-07-12 00:00:00
TXN-0004359,Joseph Moore,Electronics,894.43,8,7155.44,4.3,France,2023-04-15 00:00:00
TXN-0004462,Patricia Hernandez,Books,1116.54,8,8932.32,4.1,Germany,2023-10-24 04:25:28
TXN-0008412,Patricia Moore,Books,32.16,3,96.48,4.6,Netherlands,2023-03-09 07:57:15
TXN-0005186,Karen White,Home & Kitchen,571.5,1,571.5,3.4,Netherlands,2023-02-21 14:54:27
TXN-0000871,Lisa Garcia,Beauty & Personal Care,372.72,4,1490.88,1.1,Brazil,2024-10-16 16:26:54
TXN-0002415,Karen Rodriguez,Apparel,883.03,3,2649.09,1.1,Japan,2024-07-11 15:48:21
TXN-0003245,Nancy Miller,Automotive,1197.23,4,4788.92,1.1,Netherlands,2023-08-26 06:00:13
TXN-0001606,Susan Williams,Sports & Outdoors,1232.54,8,9860.32,1.2,Australia,2024-11-05 16:25:07
TXN-0009096,William Garcia,Automotive,1338.81,8,10710.48,4.0,United States,2024-09-21 03:48:41
TXN-0004903,Mary Jackson,Electronics,56.66,6,339.96,4.5,United Kingdom,2024-05-29 23:25:11
TXN-0003071,Susan Moore,Apparel,306.57,4,1226.28,1.8,France,2024-08-25 23:34:32
TXN-0000417,Linda Anderson,Beauty & Personal Care,1152.29,8,9218.32,3.9,Brazil,2023-10-10 04:18:04
TXN-0007365,Joseph Williams,Sports & Outdoors,895.06,2,1790.12,1.7,Brazil,2023-10-17 15:28:24
TXN-0002574,Karen Williams,Electronics,960.11,8,7680.88,3.5,Netherlands,2024-02-22 00:00:00
TXN-0008053,Karen Taylor,Toys & Games,1379.31,5,6896.55,3.6,Australia,2024-12-01 22:38:01
TXN-0005778,Richard Hernandez,Automotive,300.94,7,2106.58,1.6,France,2023-01-19 00:54:22
TXN-0002931,David Davis,Beauty & Personal Care,551.36,6,3308.16,4.8,Japan,2024-12-10 18:14:41
TXN-0009161,Barbara Lee,Beauty & Personal Care,8.23,8,65.84,1.7,India,2024-01-31 20:56:20
TXN-0006961,Nancy Jones,Toys & Games,1164.18,8,9313.44,2.1,France,2023-07-15 22:16:06
TXN-0002663,James Thomas,Electronics,129.09,5,645.45,1.4,United States,2023-06-22 00:00:00
TXN-0010267,David Williams,Automotive,566.63,5,2833.15,3.3,United States,2023-04-28 06:25:13
TXN-0009110,David Williams,Apparel,472.37,6,2834.22,2.9,Australia,2024-03-25 00:00:00
TXN-0010952,John Lopez,Beauty & Personal Care,57.95,8,463.6,3.5,United States,2024-03-19 03:09:18
TXN-0000831,Thomas Smith,Home & Kitchen,273.72,1,273.72,2.1,Brazil,2023-06-09 20:28:59
TXN-0003311,Thomas Martinez,Toys & Games,766.16,5,3830.8,2.1,Brazil,2024-04-20 00:00:00
TXN-0006522,Susan Lee,Sports & Outdoors,1018.35,8,8146.8,1.9,India,2023-04-26 08:29:58
TXN-0003345,Jessica Lee,Electronics,385.76,4,1543.04,2.4,United States,2023-10-04 20:45:46
TXN-0000828,Nancy Martin,Toys & Games,353.07,7,2471.49,2.4,Japan,2023-02-05 14:08:28
TXN-0004333,Nancy Taylor,Books,1168.65,2,2337.3,2.7,Japan,2023-05-06 17:43:18
TXN-0011131,James Lopez,Home & Kitchen,749.94,1,749.94,3.4,France,2024-08-17 00:00:00
TXN-0006984,Mary Williams,Sports & Outdoors,1415.62,1,1415.62,4.8,Canada,2023-08-23 07:05:24
TXN-0006937,Michael Miller,Sports & Outdoors,852.11,8,6816.88,1.2,United States,2023-09-20 12:06:42
TXN-0003892,Robert Gonzalez,Apparel,364.67,2,729.34,4.8,Australia,2023-01-12 06:10:42
TXN-0004263,Sarah Lee,Apparel,35.39,2,70.78,1.1,United Kingdom,2023-01-24 00:00:00
TXN-0002580,John Moore,Beauty & Personal Care,808.63,7,5660.41,4.2,France,2023-01-19 14:45:30
TXN-0004668,Richard Perez,Sports & Outdoors,1453.76,7,10176.32,1.7,Australia,2023-07-24 01:05:51
TXN-0009747,Lisa Martinez,Sports & Outdoors,308.39,6,1850.34,1.5,Japan,2024-09-01 11:11:00
TXN-0008242,Sarah Davis,Sports & Outdoors,1449.46,7,10146.22,1.6,India,2023-08-02 03:33:43
TXN-0008035,Mary Smith,Toys & Games,173.87,4,695.48,2.7,Canada,2024-04-18 14:21:22
TXN-0010362,William Johnson,Beauty & Personal Care,157.83,8,1262.64,1.9,France,2023-08-11 20:18:42
TXN-0002640,Mary Williams,Books,351.28,5,1756.4,1.9,Germany,2024-12-13 18:05:03
TXN-0008943,Robert Davis,Apparel,1280.46,5,6402.3,2.1,France,2023-07-20 04:45:51
TXN-0001127,Nancy Jones,Beauty & Personal Care,51.2,7,358.4,2.4,India,2024-08-01 00:00:00
TXN-0000733,Susan Rodriguez,Electronics,884.04,6,5304.24,2.5,India,2023-10-31 03:44:02
TXN-0010705,Sarah Lopez,Books,790.15,1,790.15,3.3,Japan,2024-01-17 00:46:52
TXN-0000729,Richard Rodriguez,Automotive,1456.45,6,8738.7,4.1,Netherlands,2023-08-09 22:18:00
TXN-0007496,James Moore,Sports & Outdoors,716.0,3,2148.0,1.5,United States,2024-08-01 00:00:00
TXN-0006855,Thomas Moore,Beauty & Personal Care,45.21,7,316.47,4.9,Japan,2024-04-19 10:00:38
TXN-0010190,Thomas Jackson,Beauty & Personal Care,1073.03,2,2146.06,4.2,Australia,2023-05-17 10:22:43
TXN-0006868,John Rodriguez,Books,434.57,2,869.14,3.9,Australia,2024-07-14 02:17:45
TXN-0010607,James Brown,Automotive,1234.38,7,8640.66,4.5,India,2024-09-23 05:00:24
TXN-0008902,Thomas Moore,Apparel,820.19,4,3280.76,1.5,France,2024-06-05 00:00:00
TXN-0009235,James Jackson,Sports & Outdoors,574.52,8,4596.16,2.4,France,2024-01-14 11:27:39
TXN-0011230,Barbara Thompson,Apparel,12.79,1,12.79,4.9,India,2024-11-07 16:33:38
TXN-0005284,Joseph Williams,Sports & Outdoors,1024.91,4,4099.64,4.2,United Kingdom,2023-08-13 05:27:35
TXN-0012087,Robert White,Books,1265.19,3,3795.57,3.0,Netherlands,2023-10-23 05:19:25
TXN-0009890,Christopher Lee,Books,779.69,6,4678.14,1.4,Australia,2023-11-03 00:00:00
TXN-0001468,James Johnson,Beauty & Personal Care,473.37,6,2840.22,1.8,Canada,2023-04-27 23:26:31
TXN-0005195,Joseph Perez,Sports & Outdoors,125.42,4,501.68,2.5,Canada,2024-03-16 00:00:00
TXN-0009957,Thomas Miller,Books,1370.4,5,6852.0,4.2,Canada,2023-07-10 15:43:26
TXN-0000290,Barbara Moore,Electronics,821.8,7,5752.6,1.4,India,2024-10-06 17:38:22
TXN-0007368,Barbara Rodriguez,Beauty & Personal Care,1308.58,4,5234.32,4.4,United Kingdom,2024-07-16 05:20:47
TXN-0010385,Jennifer Martinez,Home & Kitchen,610.07,1,610.07,1.8,United Kingdom,2024-11-25 19:28:33
TXN-0003596,Joseph Taylor,Sports & Outdoors,1453.63,1,1453.63,1.9,Brazil,2024-02-06 23:43:51
TXN-0011112,David Davis,Books,839.2,5,4196.0,1.1,United Kingdom,2023-06-21 21:29:49
TXN-0000154,Karen Jones,Beauty & Personal Care,876.2,3,2628.6,4.7,Canada,2023-08-29 23:08:19
TXN-0010560,Michael Williams,Apparel,1308.39,4,5233.56,3.1,France,2024-09-03 00:00:00
TXN-0002329,Michael White,Toys & Games,629.27,3,1887.81,2.4,India,2023-04-08 09:15:32
TXN-0010000,Thomas Wilson,Books,1405.56,6,8433.36,4.1,France,2024-11-26 21:34:21
TXN-0001361,Jennifer Wilson,Sports & Outdoors,1404.77,4,5619.08,4.1,Germany,2023-01-22 00:00:00
TXN-0000478,Sarah Martin,Electronics,586.71,1,586.71,4.2,United Kingdom,2024-10-01 10:35:39
TXN-0011158,Jessica Davis,Beauty & Personal Care,407.9,1,407.9,4.6,India,2023-03-20 07:39:07
TXN-0011514,Daniel Garcia,Automotive,630.93,3,1892.79,3.3,Brazil,2024-10-04 15:42:59
TXN-0004585,William Anderson,Books,700.87,4,2803.48,1.2,Brazil,2024-12-27 18:12:35
TXN-0001236,Charles Brown,Sports & Outdoors,219.94,2,439.88,1.4,Australia,2023-05-12 11:09:18
TXN-0009376,Barbara Martin,Toys & Games,135.71,7,949.97,2.2,Brazil,2023-08-01 00:00:00
TXN-0007113,Jessica Taylor,Books,1478.17,7,10347.19,1.6,India,2023-04-07 00:00:00
TXN-0002597,Richard Rodriguez,Home & Kitchen,913.74,1,913.74,1.9,France,2024-10-28 16:09:04
TXN-0003873,Jessica White,Toys & Games,604.3,5,3021.5,2.9,Japan,2023-03-11 00:00:00
TXN-0004086,Christopher Thompson,Books,1410.03,2,2820.06,4.8,Brazil,2023-05-03 16:16:36
TXN-0012196,Joseph Rodriguez,Home & Kitchen,610.72,4,2442.88,1.3,United Kingdom,2024-05-01 16:25:49
TXN-0010102,Richard Williams,Apparel,20.93,5,104.65,4.3,Brazil,2024-03-22 19:40:31
TXN-0000040,Jennifer Garcia,Toys & Games,273.14,6,1638.84,4.1,United States,2023-11-16 18:53:22
TXN-0010710,Lisa Garcia,Books,1294.33,8,10354.64,2.8,Netherlands,2023-10-13 14:15:00
TXN-0008306,Nancy Davis,Electronics,998.65,7,6990.55,4.1,Australia,2023-10-14 06:26:37
TXN-0007850,William Perez,Apparel,1177.64,1,1177.64,1.7,Japan,2024-10-11 01:07:15
TXN-0008104,Christopher Gonzalez,Beauty & Personal Care,655.93,5,3279.65,1.4,Australia,2024-03-31 15:08:47
TXN-0005255,David Gonzalez,Books,93.52,1,93.52,2.7,United Kingdom,2023-09-27 19:31:40
TXN-0005948,Mary Anderson,Beauty & Personal Care,1099.89,7,7699.23,3.1,United States,2023-05-30 05:46:40
TXN-0000600,Elizabeth Rodriguez,Beauty & Personal Care,1008.33,5,5041.65,1.6,India,2023-08-01 12:57:40
TXN-0005019,John Rodriguez,Books,1282.42,2,2564.84,2.9,Australia,2024-05-19 13:48:33
TXN-0007586,Joseph Miller,Home & Kitchen,758.74,3,2276.22,3.0,United States,2023-02-24 01:50:58
TXN-0008491,Patricia Martinez,Beauty & Personal Care,275.51,6,1653.06,2.2,India,2023-09-09 08:18:29
TXN-0008510,Jessica Davis,Apparel,896.99,8,7175.92,1.4,United Kingdom,2023-07-13 20:15:08
TXN-0011652,Mary Garcia,Toys & Games,302.94,7,2120.58,2.9,Canada,2024-05-24 04:36:56
TXN-0001957,Thomas Garcia,Beauty & Personal Care,12.56,2,25.12,2.9,France,2024-05-21 09:13:20
TXN-0012333,Robert Thompson,Toys & Games,44.9,7,314.3,4.4,France,2024-07-23 19:06:29
TXN-0000094,Christopher Jones,Automotive,765.76,5,3828.8,2.7,France,2024-01-10 18:26:38
TXN-0003119,Linda Davis,Electronics,352.5,6,2115.0,2.0,India,2024-11-28 14:39:31
TXN-0006979,Mary Thompson,Home & Kitchen,1235.22,6,7411.32,1.9,Netherlands,2023-04-21 06:09:56
TXN-0001666,Daniel Jones,Apparel,361.69,7,2531.83,1.0,Brazil,2024-02-11 04:57:46
TXN-0004508,Joseph Wilson,Sports & Outdoors,813.73,5,4068.65,1.8,France,2023-10-07 00:00:00
TXN-0004825,Joseph Wilson,Electronics,1461.47,4,5845.88,3.4,Japan,2024-05-19 23:51:46
TXN-0000909,Sarah Gonzalez,Toys & Games,352.45,2,704.9,2.4,Canada,2023-05-15 00:00:00
TXN-0001811,David Hernandez,Home & Kitchen,13.33,6,79.98,2.9,Germany,2024-02-10 06:48:46
TXN-0005212,Thomas Martinez,Home & Kitchen,365.06,5,1825.3,2.6,France,2023-05-12 22:32:06
TXN-0003754,Michael Lopez,Automotive,759.33,7,5315.31,1.5,Japan,2023-02-24 21:48:28
TXN-0002384,Susan Smith,Apparel,731.35,1,731.35,2.3,India,2023-08-07 05:58:11
TXN-0004969,Sarah Gonzalez,Automotive,1180.04,3,3540.12,1.2,United Kingdom,2024-08-10 00:22:23
TXN-0009783,Robert Williams,Automotive,836.15,2,1672.3,2.1,Germany,2023-10-12 00:00:00
TXN-0005305,James Davis,Sports & Outdoors,309.98,8,2479.84,2.3,India,2023-01-25 06:38:06
TXN-0007677,Michael Moore,Sports & Outdoors,903.69,7,6325.83,1.6,Canada,2024-02-27 21:37:15
TXN-0003323,Mary Rodriguez,Beauty & Personal Care,934.13,3,2802.39,2.7,United Kingdom,2024-11-02 07:12:24
TXN-0011209,John White,Automotive,695.49,6,4172.94,3.6,United States,2024-07-19 04:05:07
TXN-0000086,Lisa Hernandez,Sports & Outdoors,141.53,1,141.53,5.0,United States,2024-06-06 04:14:13
TXN-0000555,Robert Thompson,Electronics,876.59,1,876.59,2.0,Japan,2023-02-16 16:31:57
TXN-0002103,David Davis,Electronics,420.6,6,2523.6,1.8,United Kingdom,2023-03-02 18:32:05
TXN-0007538,James Martin,Apparel,1119.54,8,8956.32,3.4,Germany,2024-02-07 12:21:55
TXN-0003356,Charles Taylor,Electronics,365.78,8,2926.24,1.4,Canada,2024-08-12 16:38:25
TXN-0003924,Jennifer Martin,Beauty & Personal Care,134.99,5,674.95,3.3,United States,2024-11-28 00:00:00
TXN-0002513,Sarah Lopez,Electronics,570.79,1,570.79,2.3,Germany,2023-09-01 06:19:15
TXN-0006309,Jennifer Taylor,Electronics,127.16,6,762.96,2.0,Netherlands,2023-03-29 07:26:18
TXN-0005694,Thomas Thomas,Books,83.88,3,251.64,3.0,Germany,2024-10-02 03:01:45
TXN-0011464,Sarah Miller,Home & Kitchen,50.53,4,202.12,4.5,Brazil,2023-02-06 12:39:38
TXN-0007264,Jessica Moore,Apparel,879.12,1,879.12,3.1,Japan,2023-01-03 18:24:02
TXN-0007974,Patricia Miller,Sports & Outdoors,705.26,6,4231.56,4.3,Netherlands,2023-12-14 03:41:07
TXN-0002147,Richard Garcia,Toys & Games,161.61,7,1131.27,3.2,India,2024-08-26 00:00:00
TXN-0004990,Nancy Johnson,Electronics,378.52,8,3028.16,2.2,Japan,2024-08-21 07:49:55
TXN-0012083,John Thomas,Home & Kitchen,681.81,4,2727.24,2.6,United Kingdom,2023-12-28 00:42:19
TXN-0007471,Daniel Thomas,Books,958.18,5,4790.9,2.3,United Kingdom,2024-09-02 00:00:00
TXN-0006644,Linda White,Toys & Games,1464.2,7,10249.4,3.4,France,2024-02-25 00:00:00
TXN-0002490,Jennifer Garcia,Beauty & Personal Care,189.41,8,1515.28,1.2,United Kingdom,2024-06-27 05:58:21
TXN-0000959,Jessica Martinez,Apparel,331.11,4,1324.44,3.9,Germany,2023-01-08 02:14:32
TXN-0000065,Richard Thompson,Books,890.19,4,3560.76,1.4,Canada,2024-08-23 00:05:14
TXN-0002783,Jennifer Wilson,Toys & Games,668.56,1,668.56,3.3,Japan,2024-06-18 05:16:15
TXN-0003876,Joseph Lopez,Sports & Outdoors,216.91,1,216.91,2.7,France,2024-06-17 13:28:18
TXN-0008191,Michael Hernandez,Apparel,1473.82,4,5895.28,4.9,United Kingdom,2024-03-10 00:42:37
TXN-0002176,James Rodriguez,Automotive,723.2,7,5062.4,2.2,France,2023-08-13 03:24:13
TXN-0011255,Linda Johnson,Home & Kitchen,660.65,3,1981.95,4.9,Japan,2024-06-27 07:01:17
TXN-0009275,John Gonzalez,Electronics,1111.31,7,7779.17,3.6,Brazil,2023-04-11 04:26:53
TXN-0007808,Sarah Wilson,Automotive,136.09,7,952.63,4.5,India,2023-08-05 00:00:00
TXN-0008715,Barbara Martin,Automotive,1461.94,5,7309.7,2.6,United Kingdom,2024-02-08 09:05:28
TXN-0004406,Christopher Smith,Apparel,1210.4,7,8472.8,2.9,United Kingdom,2023-03-17 00:00:00
TXN-0007795,Richard White,Toys & Games,1273.12,5,6365.6,3.5,India,2024-12-31 09:41:05
TXN-0003156,Nancy Lopez,Electronics,157.92,3,473.76,4.1,France,2024-01-29 16:12:02
TXN-0007045,Susan Miller,Electronics,170.21,2,340.42,2.6,Australia,2024-10-07 06:26:00
TXN-0006303,Robert Johnson,Books,1018.45,8,8147.6,3.6,Germany,2024-03-05 13:01:47
TXN-0007759,William Jackson,Books,420.53,3,1261.59,1.7,Netherlands,2024-07-05 00:10:48
TXN-0007633,Sarah Johnson,Toys & Games,1324.95,2,2649.9,3.1,Netherlands,2024-03-21 08:26:59
TXN-0009164,James Williams,Apparel,45.8,1,45.8,1.7,Netherlands,2024-06-08 08:45:55
TXN-0008502,Richard Garcia,Books,1478.66,4,5914.64,1.0,United States,2023-08-28 05:06:18
TXN-0006487,Richard Miller,Electronics,1206.92,6,7241.52,4.7,Canada,2024-12-08 11:35:42
TXN-0003666,Joseph Martinez,Books,273.52,7,1914.64,2.6,Canada,2023-11-06 05:55:54
TXN-0006649,Daniel Hernandez,Home & Kitchen,236.77,2,473.54,3.4,United States,2023-10-01 02:44:49
TXN-0006746,Mary Taylor,Books,1078.44,3,3235.32,3.3,United States,2024-02-06 00:00:00
TXN-0008293,David Taylor,Sports & Outdoors,280.44,7,1963.08,2.4,United Kingdom,2024-09-17 00:00:00
TXN-0003872,Barbara Anderson,Toys & Games,1381.33,8,11050.64,4.0,India,2023-11-07 07:11:33
TXN-0001030,Robert Garcia,Toys & Games,505.59,3,1516.77,3.7,Brazil,2023-04-27 16:18:15
TXN-0010380,William Jones,Electronics,526.83,8,4214.64,4.5,India,2023-10-30 00:00:00
TXN-0009537,Michael Thompson,Toys & Games,1452.96,8,11623.68,2.5,United Kingdom,2023-02-10 22:12:33
TXN-0006026,Karen Brown,Beauty & Personal Care,1309.41,7,9165.87,3.3,France,2024-12-02 09:04:55
TXN-0003483,Barbara Jones,Toys & Games,6.9,4,27.6,3.1,Japan,2023-09-03 04:12:22
TXN-0003359,Michael Hernandez,Toys & Games,36.66,8,293.28,3.0,India,2024-02-02 06:56:05
TXN-0001849,Susan Wilson,Electronics,346.16,3,1038.48,4.4,Japan,2024-02-17 11:26:14
TXN-0003785,William Martinez,Electronics,1139.47,7,7976.29,2.8,India,2024-06-26 13:47:49
TXN-0003552,Lisa Davis,Automotive,1024.9,8,8199.2,4.0,Brazil,2023-01-15 17:45:30
TXN-0004675,James Garcia,Toys & Games,516.54,7,3615.78,3.8,Australia,2023-12-25 09:49:34
TXN-0010192,William Lopez,Toys & Games,221.63,7,1551.41,4.2,United States,2024-10-19 00:00:00
TXN-0004386,Richard Moore,Apparel,439.91,8,3519.28,4.8,Canada,2024-01-01 20:54:08
TXN-0010930,Mary Perez,Toys & Games,957.24,6,5743.44,3.6,Germany,2023-07-08 00:00:00
TXN-0008105,John White,Beauty & Personal Care,6.73,3,20.19,2.0,Netherlands,2023-01-10 16:27:25
TXN-0009634,Christopher Garcia,Beauty & Personal Care,1450.79,4,5803.16,1.8,India,2024-02-09 00:00:00
TXN-0008812,John Hernandez,Automotive,436.34,6,2618.04,2.5,United Kingdom,2023-11-02 13:04:43
TXN-0010948,Richard Moore,Toys & Games,574.43,2,1148.86,4.5,India,2023-12-11 00:00:00
TXN-0009782,James Anderson,Sports & Outdoors,339.99,5,1699.95,4.9,France,2024-05-02 15:01:03
TXN-0011817,Michael Martin,Electronics,699.48,3,2098.44,4.1,Japan,2023-07-16 17:20:24
TXN-0006589,Elizabeth Martinez,Home & Kitchen,1234.93,7,8644.51,2.7,India,2023-10-27 10:27:32
TXN-0007040,Nancy Jackson,Automotive,797.27,5,3986.35,4.1,Australia,2024-10-21 00:00:00
TXN-0005904,Thomas Taylor,Beauty & Personal Care,1076.87,1,1076.87,1.7,India,2024-12-15 08:25:05
TXN-0007976,Susan Garcia,Electronics,1192.54,1,1192.54,3.7,Australia,2023-10-16 23:44:22
TXN-0000686,Jennifer Rodriguez,Books,560.99,5,2804.95,4.1,India,2023-06-02 00:00:00
TXN-0011476,Charles Jackson,Sports & Outdoors,869.68,6,5218.08,2.0,Brazil,2024-05-03 12:31:02
TXN-0011474,Daniel Anderson,Electronics,1469.81,2,2939.62,4.3,France,2023-06-14 03:47:13
TXN-0000283,Thomas Lee,Beauty & Personal Care,586.02,7,4102.14,3.3,Netherlands,2023-09-28 05:47:07
TXN-0002232,James Rodriguez,Sports & Outdoors,34.42,8,275.36,3.8,Canada,2024-10-13 13:35:21
TXN-0003629,Nancy Thomas,Toys & Games,765.92,6,4595.52,4.0,Japan,2023-08-23 04:46:52
TXN-0002185,Christopher Miller,Beauty & Personal Care,449.86,5,2249.3,1.4,United Kingdom,2024-09-05 04:48:02
TXN-0005699,Karen Jackson,Toys & Games,221.87,1,221.87,3.5,France,2024-10-01 00:00:00
TXN-0010084,Robert Martin,Sports & Outdoors,265.71,5,1328.55,2.9,Germany,2024-03-25 08:41:11
TXN-0001245,Jessica Smith,Beauty & Personal Care,272.94,8,2183.52,1.3,Japan,2023-01-05 08:26:12
TXN-0011182,Elizabeth Smith,Automotive,1431.01,4,5724.04,4.2,Netherlands,2023-09-16 03:57:10
TXN-0006238,Michael Brown,Apparel,337.83,6,2026.98,4.4,Germany,2023-06-25 17:48:10
TXN-0000240,Susan Moore,Apparel,368.07,4,1472.28,2.3,Japan,2023-03-03 09:58:46
TXN-0009812,John Martin,Sports & Outdoors,1427.34,6,8564.04,1.5,United Kingdom,2023-01-29 19:26:30
TXN-0008811,Linda Anderson,Sports & Outdoors,575.71,6,3454.26,3.3,United States,2023-07-14 11:18:03
TXN-0006340,David Davis,Apparel,929.07,6,5574.42,4.2,France,2024-04-21 06:05:28
TXN-0005413,David White,Automotive,260.0,2,520.0,3.0,Netherlands,2023-06-23 04:21:36
TXN-0008154,Thomas Miller,Apparel,548.45,3,1645.35,2.5,Australia,2024-09-06 08:40:11
TXN-0005974,John Taylor,Sports & Outdoors,1421.54,7,9950.78,4.8,United States,2024-04-09 22:13:12
TXN-0001206,Elizabeth Thomas,Beauty & Personal Care,848.38,7,5938.66,2.1,United States,2023-10-26 07:32:30
TXN-0008714,Daniel Thompson,Apparel,412.34,1,412.34,1.4,United States,2023-02-14 14:18:42
TXN-0005197,Robert Williams,Beauty & Personal Care,1276.49,7,8935.43,3.1,Brazil,2024-10-07 00:00:00
TXN-0000915,Barbara Thomas,Sports & Outdoors,231.75,4,927.0,3.6,Germany,2023-07-04 21:50:02
TXN-0007938,John Martin,Books,1193.63,2,2387.26,3.8,Netherlands,2024-01-31 07:26:58
TXN-0001843,Robert Jones,Sports & Outdoors,197.57,4,790.28,3.8,Japan,2023-10-12 20:17:25
TXN-0007070,Lisa Jackson,Beauty & Personal Care,679.9,7,4759.3,4.1,Japan,2023-01-23 09:33:28
TXN-0005955,Lisa Jackson,Home & Kitchen,1176.63,1,1176.63,2.7,Netherlands,2023-05-27 08:27:57
TXN-0008265,James Moore,Sports & Outdoors,1117.59,2,2235.18,2.6,United States,2023-12-25 07:34:50
TXN-0001090,Robert Rodriguez,Sports & Outdoors,302.86,2,605.72,2.4,India,2024-03-04 08:39:04
TXN-0001708,Joseph Smith,Electronics,78.04,5,390.2,4.5,Netherlands,2023-10-21 12:29:13
TXN-0001176,Michael Jones,Books,1114.15,4,4456.6,1.5,France,2024-07-17 01:18:57
TXN-0010116,William Anderson,Books,53.15,4,212.6,2.7,France,2024-09-13 10:57:14
TXN-0004266,Christopher Lopez,Automotive,412.98,3,1238.94,2.9,United Kingdom,2024-06-07 00:51:06
TXN-0010469,Michael Brown,Toys & Games,1067.92,6,6407.52,4.6,India,2024-08-13 15:44:31
TXN-0003339,Sarah Moore,Automotive,1190.04,3,3570.12,1.8,Canada,2023-05-04 18:21:05
TXN-0000471,Sarah Smith,Toys & Games,633.92,1,633.92,3.8,Brazil,2023-11-30 04:19:27
TXN-0005889,David Lee,Automotive,159.14,2,318.28,2.5,Canada,2024-08-09 05:12:37
TXN-0008099,Charles Brown,Toys & Games,1338.42,3,4015.26,2.8,Australia,2024-11-25 21:38:29
TXN-0009764,David Moore,Beauty & Personal Care,1227.07,3,3681.21,4.4,Germany,2023-10-15 06:30:40
TXN-0005485,John Johnson,Home & Kitchen,922.74,2,1845.48,1.3,France,2024-09-15 22:14:13
TXN-0006206,Robert Davis,Toys & Games,1002.12,4,4008.48,3.3,India,2023-12-11 17:09:20
TXN-0002138,Charles Thompson,Home & Kitchen,709.23,8,5673.84,1.6,Canada,2024-08-13 13:58:39
TXN-0008637,Jessica Jackson,Toys & Games,1007.27,5,5036.35,4.7,France,2024-11-10 19:58:34
TXN-0009619,William Brown,Home & Kitchen,900.59,3,2701.77,3.4,United States,2024-06-11 02:01:29
TXN-0007320,Thomas White,Apparel,401.99,8,3215.92,1.3,United Kingdom,2024-01-05 00:00:00
TXN-0007263,William Wilson,Beauty & Personal Care,282.42,4,1129.68,3.5,Netherlands,2024-12-31 00:00:00
TXN-0004505,James Jackson,Beauty & Personal Care,1171.62,8,9372.96,1.6,Germany,2024-12-22 05:09:51
TXN-0003457,Linda Martinez,Automotive,709.19,5,3545.95,4.3,Japan,2024-03-24 04:10:20
TXN-0009980,David Rodriguez,Home & Kitchen,1182.77,1,1182.77,3.7,United Kingdom,2024-04-13 04:23:20
TXN-0003173,Daniel Davis,Toys & Games,436.95,3,1310.85,4.3,Netherlands,2023-11-11 04:48:30
TXN-0006604,David Davis,Sports & Outdoors,1293.82,3,3881.46,4.9,India,2023-05-01 09:01:07
TXN-0008224,Sarah Moore,Books,5.57,4,22.28,3.4,France,2023-11-25 21:37:44
TXN-0000199,Jessica Martinez,Electronics,649.24,5,3246.2,3.9,Canada,2024-08-16 07:19:19
TXN-0009587,Michael Anderson,Sports & Outdoors,746.45,3,2239.35,4.4,Netherlands,2024-05-18 20:14:51
TXN-0002435,Joseph Lopez,Sports & Outdoors,317.75,7,2224.25,4.3,United States,2024-12-31 00:00:00
TXN-0004989,Nancy Moore,Books,662.01,1,662.01,4.8,Australia,2023-03-15 09:25:46
TXN-0002899,Elizabeth Garcia,Sports & Outdoors,1092.55,3,3277.65,2.5,Germany,2024-04-26 17:46:44
TXN-0006670,Richard White,Home & Kitchen,669.73,5,3348.65,3.3,Brazil,2024-02-04 05:48:35
TXN-0004955,Mary Thomas,Toys & Games,472.04,8,3776.32,3.1,Japan,2023-03-31 08:20:19
TXN-0011419,Jennifer Hernandez,Electronics,1458.35,4,5833.4,3.5,India,2023-06-02 18:25:39
TXN-0008446,Nancy Johnson,Electronics,1216.2,3,3648.6,3.2,United Kingdom,2023-09-08 17:26:01
TXN-0011441,Elizabeth Thompson,Automotive,901.9,3,2705.7,1.8,United Kingdom,2024-11-22 09:17:19
TXN-0011242,Christopher Lee,Apparel,110.45,2,220.9,3.9,Netherlands,2023-06-20 14:24:13
TXN-0009122,Barbara Thompson,Home & Kitchen,667.32,2,1334.64,1.0,United Kingdom,2024-11-23 10:46:52
TXN-0002723,Linda Lee,Apparel,442.44,3,1327.32,4.1,Canada,2023-05-30 23:02:45
TXN-0005827,Nancy Thomas,Home & Kitchen,1376.18,8,11009.44,2.3,India,2024-04-09 06:25:40
TXN-0003792,Joseph Johnson,Sports & Outdoors,340.07,1,340.07,2.9,France,2023-04-15 13:11:47
TXN-0008689,Christopher Jones,Sports & Outdoors,985.58,6,5913.48,3.6,Australia,2024-09-10 00:00:00
TXN-0006791,Robert Thompson,Beauty & Personal Care,808.26,7,5657.82,1.3,Germany,2023-08-11 21:02:26
TXN-0005325,Christopher Johnson,Sports & Outdoors,390.71,6,2344.26,4.7,Canada,2024-07-08 00:00:00
TXN-0002665,James Lee,Toys & Games,814.54,1,814.54,3.7,Japan,2024-09-16 15:30:15
TXN-0003971,John Thomas,Automotive,197.76,3,593.28,3.7,United States,2024-07-03 00:00:00
TXN-0007665,Michael Taylor,Sports & Outdoors,9.8,2,19.6,1.3,United States,2023-02-18 06:09:32
TXN-0001240,Daniel Thomas,Home & Kitchen,641.42,2,1282.84,2.5,Canada,2024-08-10 21:23:27
TXN-0012226,Christopher Davis,Automotive,330.36,6,1982.16,1.1,United States,2024-06-02 19:37:50
TXN-0000830,Elizabeth Moore,Home & Kitchen,132.3,1,132.3,4.8,Brazil,2024-02-10 06:11:44
TXN-0003177,Richard Anderson,Sports & Outdoors,570.96,5,2854.8,3.0,Brazil,2024-02-06 00:00:00
TXN-0009496,Christopher Moore,Toys & Games,157.46,4,629.84,4.8,Australia,2024-05-15 21:12:43
TXN-0007464,Christopher Jackson,Toys & Games,782.96,7,5480.72,1.8,Brazil,2024-04-07 04:56:26
TXN-0001944,Mary Taylor,Electronics,1160.64,4,4642.56,2.7,Australia,2024-03-01 19:50:12
TXN-0003548,Elizabeth White,Beauty & Personal Care,1497.46,7,10482.22,3.3,Netherlands,2024-05-29 09:22:25
TXN-0009029,Charles Jones,Toys & Games,213.64,5,1068.2,3.0,Brazil,2024-01-02 22:40:20
TXN-0008721,William Jones,Home & Kitchen,728.02,4,2912.08,4.0,Canada,2024-01-26 19:46:25
TXN-0003182,Susan Anderson,Sports & Outdoors,352.38,5,1761.9,3.7,Germany,2024-07-21 07:51:09
TXN-0000217,Jennifer Wilson,Apparel,1495.77,7,10470.39,4.2,United States,2023-05-25 17:06:01
TXN-0011006,Daniel Jones,Home & Kitchen,252.47,1,252.47,3.6,United States,2023-08-25 07:24:12
TXN-0010610,Richard Thomas,Apparel,48.69,4,194.76,1.1,France,2024-06-20 20:51:50
TXN-0005784,Charles Garcia,Electronics,1060.71,5,5303.55,4.9,United Kingdom,2024-05-19 18:16:28
TXN-0009474,Karen Smith,Toys & Games,1488.84,4,5955.36,2.3,Canada,2024-08-20 07:18:07
TXN-0003214,Richard Davis,Automotive,178.76,3,536.28,4.5,United Kingdom,2023-11-05 05:34:38
TXN-0011820,Barbara Martin,Automotive,50.5,4,202.0,3.0,Netherlands,2023-02-02 23:19:38
TXN-0010445,Linda Johnson,Books,1093.62,6,6561.72,2.5,United States,2024-05-04 02:50:03
TXN-0000428,Michael Moore,Electronics,1221.97,2,2443.94,3.5,Australia,2024-06-08 16:43:03
TXN-0001497,Christopher Jones,Toys & Games,25.86,3,77.58,1.6,Australia,2023-05-23 20:19:25
TXN-0006458,Joseph Anderson,Sports & Outdoors,669.14,6,4014.84,3.3,United Kingdom,2023-07-23 09:29:58
TXN-0011701,John Jackson,Home & Kitchen,1185.63,4,4742.52,3.3,Netherlands,2024-12-14 14:30:56
TXN-0005594,Jessica Rodriguez,Apparel,1064.26,2,2128.52,4.6,Canada,2024-08-18 10:59:22
TXN-0007544,John Perez,Apparel,188.29,1,188.29,2.7,Japan,2023-02-04 00:00:00
TXN-0004680,Linda Smith,Beauty & Personal Care,1165.16,5,5825.8,1.7,Germany,2024-04-08 00:00:00
TXN-0005817,Lisa Hernandez,Apparel,693.34,2,1386.68,2.4,Australia,2024-07-06 13:50:36
TXN-0007682,Charles Gonzalez,Automotive,700.41,6,4202.46,2.5,Germany,2024-02-09 09:25:18
TXN-0008169,David White,Home & Kitchen,921.96,7,6453.72,2.6,United Kingdom,2023-07-03 07:56:25
TXN-0005227,Karen Jackson,Automotive,530.55,7,3713.85,3.6,United Kingdom,2023-08-26 00:00:00
TXN-0011496,Lisa Wilson,Automotive,1242.66,6,7455.96,2.9,India,2024-11-05 00:00:00
TXN-0010411,James Davis,Automotive,1473.61,3,4420.83,2.0,United Kingdom,2023-05-15 08:49:51
TXN-0010673,Charles Moore,Home & Kitchen,825.28,8,6602.24,1.3,France,2023-01-09 16:55:16
TXN-0001526,Jessica White,Toys & Games,689.54,7,4826.78,3.4,Australia,2023-05-09 08:37:08
TXN-0010842,William Smith,Toys & Games,258.17,5,1290.85,4.3,Netherlands,2023-04-04 00:00:00
TXN-0002716,Thomas Martinez,Toys & Games,251.21,5,1256.05,3.8,United Kingdom,2024-07-10 00:00:00
TXN-0012014,Elizabeth Williams,Toys & Games,1166.3,8,9330.4,4.6,Canada,2024-05-14 20:30:36
TXN-0009252,Joseph Brown,Beauty & Personal Care,999.66,2,1999.32,2.2,United States,2023-07-13 14:14:03
TXN-0008974,Thomas Smith,Home & Kitchen,147.5,3,442.5,4.6,United Kingdom,2024-05-06 00:04:28
TXN-0008422,William Taylor,Apparel,152.97,4,611.88,3.6,France,2023-06-18 02:10:54
TXN-0009083,Jennifer Smith,Books,834.05,3,2502.15,3.7,United States,2023-06-19 03:30:51
TXN-0006689,Susan Hernandez,Electronics,816.68,4,3266.72,4.6,Netherlands,2023-02-21 06:49:46
TXN-0008423,Nancy Perez,Home & Kitchen,32.6,5,163.0,3.8,Netherlands,2023-06-23 09:20:20
TXN-0002655,Elizabeth Garcia,Books,182.86,5,914.3,4.5,United Kingdom,2023-03-01 03:15:43
TXN-0011281,Charles Lee,Apparel,926.57,5,4632.85,1.5,India,2024-02-13 09:17:17
TXN-0004221,Sarah Moore,Sports & Outdoors,1162.72,5,5813.6,2.0,United States,2024-08-19 13:33:58
TXN-0010432,Barbara Brown,Home & Kitchen,1439.02,4,5756.08,1.3,Netherlands,2024-07-03 07:41:53
TXN-0007086,Daniel Brown,Home & Kitchen,205.29,7,1437.03,4.7,Japan,2024-04-22 04:01:27
TXN-0005535,Nancy White,Automotive,443.42,8,3547.36,2.9,Brazil,2023-03-21 22:10:50
TXN-0003584,Jessica Miller,Automotive,171.63,3,514.89,4.1,France,2024-07-04 11:21:12
TXN-0011026,Linda Lopez,Electronics,789.15,8,6313.2,3.7,Japan,2023-08-07 06:36:54
TXN-0011677,Karen Garcia,Sports & Outdoors,726.52,8,5812.16,2.4,Japan,2024-08-12 13:50:29
TXN-0008549,Thomas Martin,Sports & Outdoors,198.65,2,397.3,4.3,India,2023-10-16 00:00:00
TXN-0000957,Nancy Thomas,Beauty & Personal Care,589.64,5,2948.2,2.1,Japan,2024-12-17 23:09:22
TXN-0007275,Joseph Lopez,Electronics,994.88,5,4974.4,4.3,Netherlands,2024-12-15 22:40:37
TXN-0001303,Daniel Garcia,Toys & Games,607.39,2,1214.78,3.5,France,2024-03-11 23:52:12
TXN-0012072,Linda Miller,Books,558.06,8,4464.48,2.7,Japan,2023-01-31 16:23:24
TXN-0003420,Charles Martinez,Sports & Outdoors,1049.78,5,5248.9,1.7,Canada,2024-07-02 01:35:49
TXN-0012457,Susan Hernandez,Sports & Outdoors,373.62,3,1120.86,4.5,France,2024-12-31 00:00:00
TXN-0012028,Barbara Jones,Home & Kitchen,965.18,3,2895.54,2.6,Canada,2024-09-24 00:00:00
TXN-0008088,Charles Jones,Books,1044.46,3,3133.38,4.0,Australia,2024-04-16 15:33:47
TXN-0004933,Thomas Lee,Toys & Games,631.68,5,3158.4,1.4,France,2024-01-03 03:00:27
TXN-0010202,Barbara Jackson,Electronics,515.34,1,515.34,2.6,Germany,2024-05-29 20:19:30
TXN-0006221,Elizabeth White,Books,1281.04,6,7686.24,2.2,United Kingdom,2023-02-25 02:15:06
TXN-0006842,William Hernandez,Electronics,907.72,1,907.72,2.7,United States,2024-05-28 09:36:26
TXN-0001711,Richard White,Electronics,1072.86,8,8582.88,1.2,Brazil,2023-06-11 11:50:41
TXN-0002315,David Davis,Electronics,155.9,2,311.8,2.5,United Kingdom,2024-07-13 00:05:24
TXN-0003979,Mary Brown,Toys & Games,295.68,5,1478.4,4.1,Japan,2023-04-01 15:16:34
TXN-0007962,Sarah Lee,Electronics,1393.28,4,5573.12,4.4,Netherlands,2024-09-02 06:00:57
TXN-0012474,Elizabeth Martinez,Books,580.17,2,1160.34,2.8,United States,2024-05-25 21:33:31
TXN-0012008,Mary Martin,Apparel,313.11,1,313.11,4.4,Japan,2024-12-28 02:47:16
TXN-0010528,Elizabeth Lee,Apparel,191.26,4,765.04,3.0,Australia,2023-06-12 00:00:00
TXN-0000119,Karen Wilson,Sports & Outdoors,1036.97,4,4147.88,2.8,United States,2023-07-03 09:27:30
TXN-0002808,David Rodriguez,Beauty & Personal Care,366.33,1,366.33,1.3,United States,2023-04-17 23:02:58
TXN-0010340,Daniel Hernandez,Sports & Outdoors,1039.92,3,3119.76,2.1,France,2024-02-10 04:18:42
TXN-0012472,Nancy Davis,Home & Kitchen,1131.84,7,7922.88,1.9,India,2023-03-13 00:00:00
TXN-0002419,Nancy Davis,Electronics,1175.3,2,2350.6,2.9,United Kingdom,2024-02-23 00:00:00
TXN-0001393,Joseph Jones,Home & Kitchen,1313.48,1,1313.48,2.5,Australia,2024-11-23 03:37:12
TXN-0011030,Lisa Hernandez,Sports & Outdoors,216.74,5,1083.7,3.0,Netherlands,2024-02-23 11:00:57
TXN-0003767,Elizabeth Moore,Beauty & Personal Care,1017.88,1,1017.88,1.5,Canada,2024-01-24 23:35:07
TXN-0004164,James Miller,Sports & Outdoors,594.75,5,2973.75,4.7,Australia,2024-02-16 15:07:10
TXN-0009611,Joseph Wilson,Electronics,759.22,2,1518.44,2.8,Australia,2023-06-15 17:05:02
TXN-0005537,Lisa Moore,Beauty & Personal Care,779.39,5,3896.95,2.2,Japan,2023-11-23 12:17:33
TXN-0008985,Mary Rodriguez,Books,95.19,7,666.33,1.5,United Kingdom,2023-03-12 06:41:01
TXN-0002051,Mary Taylor,Apparel,912.67,2,1825.34,4.1,Japan,2024-09-18 18:11:12
TXN-0001105,Daniel Johnson,Sports & Outdoors,170.65,5,853.25,1.3,United States,2023-09-13 19:08:13
TXN-0006910,James Jackson,Sports & Outdoors,544.72,3,1634.16,4.3,Australia,2023-09-09 10:47:53
TXN-0004215,Joseph Thompson,Beauty & Personal Care,1299.67,4,5198.68,2.9,Canada,2024-02-09 15:48:18
TXN-0005859,Patricia Lopez,Books,203.3,5,1016.5,4.6,Canada,2024-06-09 13:48:51
TXN-0004139,Nancy Johnson,Books,96.29,2,192.58,2.6,Canada,2023-07-02 10:15:57
TXN-0001725,Patricia Moore,Electronics,1463.51,4,5854.04,3.4,Netherlands,2024-05-05 00:20:10
TXN-0010103,Michael Jones,Apparel,944.17,7,6609.19,4.0,Australia,2024-09-06 00:51:33
TXN-0011504,Lisa Martinez,Home & Kitchen,633.97,5,3169.85,1.4,India,2023-02-21 01:47:08
TXN-0002102,Barbara Smith,Automotive,217.28,8,1738.24,3.4,Japan,2023-09-27 19:30:38
TXN-0011566,Barbara Jones,Electronics,404.17,4,1616.68,4.0,India,2023-12-04 13:53:46
TXN-0003435,Elizabeth Moore,Automotive,1401.14,3,4203.42,3.5,Japan,2023-09-27 00:00:00
TXN-0000807,James Davis,Automotive,433.7,3,1301.1,1.3,Australia,2023-10-17 06:43:00
TXN-0004748,Richard Martin,Toys & Games,1298.63,4,5194.52,4.3,Canada,2023-01-28 20:22:50
TXN-0008745,Robert Moore,Beauty & Personal Care,915.09,6,5490.54,4.5,United Kingdom,2023-01-06 13:18:01
TXN-0007865,Charles Taylor,Automotive,466.52,6,2799.12,2.0,Brazil,2024-08-29 14:20:36
TXN-0012100,Sarah Jackson,Books,1024.75,1,1024.75,3.8,Australia,2024-10-22 01:32:52
TXN-0010030,David Miller,Beauty & Personal Care,570.86,3,1712.58,1.8,Netherlands,2023-09-03 02:01:12
TXN-0011120,Karen White,Home & Kitchen,613.56,2,1227.12,4.0,United States,2023-12-31 20:32:03
TXN-0005796,Sarah Jackson,Apparel,795.37,5,3976.85,4.5,India,2024-02-03 03:15:41
TXN-0009261,Charles Moore,Toys & Games,1379.66,5,6898.3,1.6,India,2023-01-09 21:06:57
TXN-0001257,James Miller,Automotive,791.37,1,791.37,3.3,Australia,2023-09-13 00:00:00
TXN-0006373,David Jones,Electronics,468.44,7,3279.08,4.8,United States,2024-10-02 04:18:30
TXN-0003640,Susan Martinez,Automotive,227.6,7,1593.2,2.2,France,2024-10-20 00:00:00
TXN-0000891,Jessica Smith,Apparel,108.89,7,762.23,2.1,Germany,2023-07-01 00:10:11
TXN-0010888,Michael Moore,Electronics,73.34,4,293.36,1.9,Australia,2023-01-14 04:21:22
TXN-0003175,Richard Davis,Home & Kitchen,126.42,7,884.94,3.6,United States,2023-08-18 09:12:50
TXN-0011427,Charles Martin,Apparel,104.34,1,104.34,3.5,United States,2023-07-25 00:00:00
TXN-0008852,Susan Jackson,Beauty & Personal Care,1313.63,2,2627.26,3.0,Germany,2023-12-28 00:00:00
TXN-0004813,Thomas Moore,Books,1399.12,2,2798.24,1.8,United States,2024-01-14 00:00:00
TXN-0003223,Susan Lopez,Sports & Outdoors,526.66,3,1579.98,1.0,Brazil,2023-04-14 20:59:18
TXN-0004493,Sarah Smith,Automotive,720.24,8,5761.92,2.7,Germany,2023-07-17 18:53:46
TXN-0011710,Thomas Garcia,Sports & Outdoors,103.27,1,103.27,3.0,United Kingdom,2023-01-27 13:21:27
TXN-0001829,Patricia Jones,Beauty & Personal Care,1095.16,1,1095.16,3.2,Japan,2023-05-15 00:00:00
TXN-0000489,Jessica White,Books,1104.47,5,5522.35,1.8,Germany,2023-06-07 11:50:33
TXN-0005753,Lisa Martinez,Beauty & Personal Care,279.71,3,839.13,1.9,United Kingdom,2024-11-15 13:36:10
TXN-0007828,Karen Garcia,Beauty & Personal Care,1098.38,7,7688.66,3.1,Netherlands,2024-06-01 21:11:02
TXN-0008158,Lisa Perez,Books,1471.64,2,2943.28,4.6,France,2023-11-21 10:53:35
TXN-0005020,Thomas Lopez,Electronics,1096.68,5,5483.4,3.1,France,2023-05-12 15:11:28
TXN-0003692,John Lee,Automotive,78.24,4,312.96,5.0,United States,2024-01-24 01:06:35
TXN-0009745,Lisa Moore,Toys & Games,842.67,1,842.67,3.8,Japan,2023-03-26 19:31:42
TXN-0010467,John Johnson,Toys & Games,198.96,2,397.92,4.6,United States,2024-12-31 00:00:00
TXN-0002833,Karen Jones,Apparel,892.59,4,3570.36,2.6,Canada,2024-11-29 00:00:00
TXN-0003618,Mary Taylor,Apparel,672.72,6,4036.32,2.2,United Kingdom,2024-08-19 05:49:51
TXN-0008992,Sarah Anderson,Home & Kitchen,859.01,8,6872.08,2.0,Canada,2024-01-18 02:17:49
TXN-0003811,James Gonzalez,Apparel,449.99,7,3149.93,1.5,Japan,2024-07-30 02:34:49
TXN-0009774,Lisa Davis,Home & Kitchen,206.4,6,1238.4,1.7,Australia,2024-07-07 12:38:11
TXN-0009192,Thomas Davis,Apparel,1044.96,5,5224.8,3.8,Brazil,2023-11-16 20:31:26
TXN-0008441,John Anderson,Beauty & Personal Care,1413.48,8,11307.84,3.8,Netherlands,2023-11-01 00:00:00
TXN-0006880,Richard Taylor,Apparel,347.13,3,1041.39,3.1,India,2024-06-11 00:00:00
TXN-0005555,John Anderson,Beauty & Personal Care,634.37,1,634.37,1.4,India,2023-01-25 20:15:00
TXN-0003467,Michael White,Apparel,467.76,8,3742.08,4.1,Japan,2024-03-09 02:47:57
TXN-0003450,Elizabeth Lopez,Beauty & Personal Care,457.17,3,1371.51,1.4,France,2024-01-16 04:20:14
TXN-0011071,Thomas White,Home & Kitchen,1411.69,1,1411.69,4.3,France,2024-10-01 03:32:47
TXN-0008866,Nancy Jones,Sports & Outdoors,379.5,1,379.5,2.8,Japan,2024-02-23 09:23:12
TXN-0002477,Robert Lee,Books,668.47,2,1336.94,2.2,Canada,2024-08-02 08:32:37
TXN-0000041,Lisa Davis,Sports & Outdoors,1182.12,2,2364.24,2.5,United Kingdom,2023-01-31 01:52:44
TXN-0004094,Jennifer Wilson,Toys & Games,477.77,8,3822.16,4.1,United Kingdom,2024-11-25 00:00:00
TXN-0010168,Joseph Hernandez,Toys & Games,798.75,7,5591.25,3.7,Australia,2024-07-06 16:18:46
TXN-0006617,Charles Martin,Home & Kitchen,1373.47,6,8240.82,4.4,Germany,2023-02-22 21:31:27
TXN-0004907,Lisa Perez,Electronics,106.01,1,106.01,4.0,Canada,2024-08-11 05:22:09
TXN-0008792,Christopher Anderson,Sports & Outdoors,1341.69,5,6708.45,1.1,Canada,2023-09-16 05:49:56
TXN-0000159,Lisa Anderson,Electronics,549.63,4,2198.52,4.9,Japan,2024-04-19 06:19:25
TXN-0009589,Joseph Hernandez,Sports & Outdoors,701.13,1,701.13,1.5,Germany,2024-01-14 19:57:59
TXN-0006584,Karen Martin,Electronics,612.53,7,4287.71,2.4,Canada,2024-09-26 02:22:18
TXN-0004324,Joseph Taylor,Apparel,438.03,4,1752.12,1.1,Australia,2024-04-27 11:06:47
TXN-0007840,Jennifer Lee,Home & Kitchen,1017.32,4,4069.28,4.2,United Kingdom,2023-04-20 13:23:49
TXN-0006230,James Johnson,Electronics,1344.34,7,9410.38,2.6,Germany,2024-10-21 12:00:46
TXN-0004038,Barbara Taylor,Books,695.83,2,1391.66,1.6,India,2024-02-29 05:52:06
TXN-0006667,Linda Rodriguez,Apparel,41.55,3,124.65,2.2,United Kingdom,2024-11-02 17:17:16
TXN-0001941,David White,Toys & Games,1251.97,6,7511.82,1.1,India,2024-06-19 00:00:00
TXN-0010209,Lisa Thompson,Toys & Games,1118.03,2,2236.06,2.1,Canada,2024-07-21 23:22:23
TXN-0010508,Mary Thomas,Toys & Games,424.37,5,2121.85,1.5,Japan,2024-11-29 19:46:05
TXN-0010813,Charles Johnson,Toys & Games,253.2,8,2025.6,1.6,Australia,2023-08-24 18:52:26
TXN-0010237,William Miller,Sports & Outdoors,667.14,1,667.14,1.1,Brazil,2023-05-19 21:57:17
TXN-0008301,Karen Garcia,Beauty & Personal Care,789.79,8,6318.32,3.8,Netherlands,2024-06-22 17:00:41
TXN-0009843,Michael Martinez,Beauty & Personal Care,640.51,3,1921.53,4.6,India,2023-09-24 22:14:01
TXN-0012123,Elizabeth Anderson,Toys & Games,1154.44,8,9235.52,4.0,United Kingdom,2024-12-13 01:19:46
TXN-0011829,Mary Lopez,Automotive,497.76,7,3484.32,3.0,United Kingdom,2023-07-20 12:49:50
TXN-0008841,David Rodriguez,Beauty & Personal Care,1073.27,3,3219.81,1.7,France,2023-06-14 15:36:32
TXN-0004781,Thomas Wilson,Home & Kitchen,220.66,6,1323.96,3.5,United States,2024-08-16 23:13:37
TXN-0007241,Barbara Taylor,Books,1024.27,2,2048.54,4.3,France,2023-06-20 01:49:39
TXN-0007154,Nancy Wilson,Beauty & Personal Care,1424.88,2,2849.76,1.2,United Kingdom,2023-01-25 15:37:01
TXN-0002089,David Gonzalez,Beauty & Personal Care,1061.93,7,7433.51,1.8,Brazil,2024-03-28 07:47:45
TXN-0000976,Linda Williams,Sports & Outdoors,799.55,7,5596.85,1.3,Canada,2024-12-05 00:00:00
TXN-0004519,Linda Jackson,Electronics,906.09,7,6342.63,4.9,Australia,2024-06-12 03:40:26
TXN-0011331,Daniel Moore,Electronics,993.09,3,2979.27,4.2,United Kingdom,2024-01-31 14:57:23
TXN-0003717,Thomas Williams,Toys & Games,1341.01,2,2682.02,1.9,Netherlands,2023-05-01 21:01:59
TXN-0010522,Christopher Brown,Sports & Outdoors,602.17,5,3010.85,1.1,Brazil,2023-04-21 19:33:49
TXN-0010658,Charles Rodriguez,Home & Kitchen,1444.15,5,7220.75,1.2,Japan,2023-11-06 02:45:49
TXN-0002204,Sarah Brown,Home & Kitchen,372.41,8,2979.28,4.3,Netherlands,2023-03-03 23:19:32
TXN-0002895,John Williams,Books,1016.83,4,4067.32,4.1,Netherlands,2023-08-26 00:00:00
TXN-0012292,Jennifer Smith,Toys & Games,578.87,1,578.87,3.6,Australia,2024-01-22 00:53:55
TXN-0011374,Richard Hernandez,Home & Kitchen,144.03,4,576.12,3.0,Germany,2023-03-13 16:22:26
TXN-0011351,Joseph Brown,Apparel,1183.13,5,5915.65,3.8,Australia,2024-10-15 00:59:26
TXN-0009582,Jessica Rodriguez,Beauty & Personal Care,852.35,7,5966.45,2.8,United Kingdom,2023-10-13 02:51:53
TXN-0000238,Christopher Perez,Toys & Games,481.51,7,3370.57,2.6,Brazil,2023-08-21 22:19:36
TXN-0010347,William Wilson,Electronics,5.93,6,35.58,2.3,Netherlands,2023-10-04 13:41:00
TXN-0009404,William Taylor,Automotive,550.24,4,2200.96,4.8,Australia,2024-05-30 18:10:22
TXN-0000918,Nancy Thompson,Books,1309.7,6,7858.2,1.7,Netherlands,2024-05-04 00:00:00
TXN-0001047,Mary Johnson,Beauty & Personal Care,1415.55,1,1415.55,4.9,Canada,2024-08-06 20:19:12
TXN-0011952,Richard Brown,Beauty & Personal Care,72.52,3,217.56,2.9,India,2024-03-16 21:35:31
TXN-0002421,Charles Johnson,Home & Kitchen,977.48,5,4887.4,4.5,Japan,2024-03-27 05:06:37
TXN-0009412,Karen Jackson,Books,802.71,6,4816.26,3.7,Canada,2023-12-09 10:50:44
TXN-0009358,Michael Brown,Home & Kitchen,1223.45,4,4893.8,3.3,France,2023-04-21 08:11:44
TXN-0007120,Sarah Brown,Books,854.25,8,6834.0,1.6,Germany,2024-08-14 16:09:48
TXN-0003853,John Taylor,Automotive,593.9,3,1781.7,4.9,Australia,2024-11-30 00:00:19
TXN-0006977,Lisa Brown,Books,868.6,3,2605.8,4.7,Netherlands,2024-02-24 14:54:13
TXN-0003289,Daniel Martin,Sports & Outdoors,480.53,8,3844.24,2.8,Japan,2024-11-04 00:00:00
TXN-0010250,Michael Brown,Home & Kitchen,422.98,8,3383.84,4.9,Canada,2023-03-17 08:41:10
TXN-0007549,Robert Thompson,Sports & Outdoors,882.92,4,3531.68,1.4,Japan,2024-02-19 21:26:11
TXN-0011293,David Martinez,Beauty & Personal Care,545.6,5,2728.0,1.3,Netherlands,2023-03-10 00:00:00
TXN-0001027,Patricia Moore,Sports & Outdoors,769.76,7,5388.32,1.6,Canada,2024-12-09 12:01:28
TXN-0007304,Michael Hernandez,Automotive,364.09,4,1456.36,3.1,Japan,2024-05-23 00:00:00
TXN-0009827,Jennifer Hernandez,Toys & Games,1379.56,8,11036.48,4.4,Japan,2024-08-26 22:32:50
TXN-0000576,Richard Moore,Toys & Games,1153.55,6,6921.3,3.3,United States,2024-05-27 06:32:11
TXN-0007343,Karen Smith,Toys & Games,1360.29,6,8161.74,3.6,Japan,2024-05-30 16:11:06
TXN-0006332,Lisa Lee,Apparel,1279.13,5,6395.65,4.2,Germany,2024-01-26 11:31:36
TXN-0007423,Daniel Williams,Books,809.76,6,4858.56,2.9,Japan,2023-03-12 01:21:41
TXN-0009438,Lisa Davis,Electronics,154.41,5,772.05,4.6,France,2024-10-12 00:00:00
TXN-0011715,James Garcia,Apparel,1271.65,1,1271.65,4.5,Canada,2023-03-26 03:05:21
TXN-0009973,Linda Taylor,Apparel,582.66,6,3495.96,4.6,United Kingdom,2024-09-11 11:31:43
TXN-0010622,Joseph Brown,Home & Kitchen,1349.05,4,5396.2,4.6,Australia,2023-09-27 11:49:28
TXN-0005731,Lisa Lopez,Sports & Outdoors,121.87,6,731.22,2.4,Germany,2024-01-20 00:00:00
TXN-0002120,Jessica Taylor,Beauty & Personal Care,410.09,1,410.09,4.2,United States,2023-01-09 00:27:38
TXN-0004747,John Miller,Automotive,269.06,2,538.12,4.3,United States,2023-08-31 00:00:00
TXN-0001111,Christopher Jones,Home & Kitchen,332.08,6,1992.48,2.5,United Kingdom,2023-12-18 09:56:30
TXN-0011568,Sarah Moore,Electronics,256.12,6,1536.72,4.5,Australia,2024-04-23 03:17:18
TXN-0007129,Richard Jackson,Beauty & Personal Care,438.71,4,1754.84,2.7,Canada,2023-05-06 23:30:32
TXN-0006682,Richard Smith,Toys & Games,285.41,5,1427.05,3.5,Australia,2023-06-15 00:00:00
TXN-0002769,Richard Lee,Books,1319.27,4,5277.08,5.0,United States,2023-09-06 18:13:58
TXN-0000754,Jessica Thomas,Toys & Games,1077.49,2,2154.98,4.3,Australia,2024-06-26 12:39:06
TXN-0000774,William Jackson,Books,1497.02,1,1497.02,3.1,Netherlands,2024-03-19 08:15:21
TXN-0000096,Susan Hernandez,Sports & Outdoors,427.84,5,2139.2,4.3,United States,2024-03-26 10:33:19
TXN-0000577,Jennifer Jones,Apparel,632.27,5,3161.35,3.9,United States,2023-12-13 14:51:23
TXN-0012390,Linda White,Home & Kitchen,367.61,5,1838.05,3.3,Canada,2024-04-27 02:39:12
TXN-0001467,Robert Thomas,Beauty & Personal Care,1399.87,1,1399.87,3.7,Netherlands,2024-09-03 00:00:00
TXN-0010415,Patricia Thomas,Apparel,1094.24,1,1094.24,1.4,Australia,2024-03-10 03:48:52
TXN-0007272,Susan Perez,Books,1457.7,1,1457.7,3.4,Canada,2023-08-29 18:01:55
TXN-0005253,Patricia White,Sports & Outdoors,694.69,1,694.69,3.5,Brazil,2023-12-17 15:00:11
TXN-0003239,Jessica Gonzalez,Apparel,1120.5,4,4482.0,3.4,Australia,2023-02-06 06:58:37
TXN-0008942,Lisa Davis,Electronics,1171.8,4,4687.2,3.7,United Kingdom,2024-12-26 00:00:00
TXN-0005410,Mary Martinez,Apparel,1487.48,1,1487.48,1.1,Australia,2024-08-30 04:41:39
TXN-0011522,Barbara Jackson,Home & Kitchen,842.22,7,5895.54,1.5,Japan,2024-12-08 21:23:04
TXN-0006903,Patricia Martinez,Beauty & Personal Care,1006.79,2,2013.58,3.2,United States,2024-03-10 06:04:48
TXN-0011600,Sarah Wilson,Home & Kitchen,628.81,5,3144.05,3.4,United States,2023-08-25 02:44:57
TXN-0009851,Susan Garcia,Automotive,587.79,6,3526.74,1.6,Australia,2024-07-20 18:02:04
TXN-0008458,Sarah Williams,Automotive,1029.15,4,4116.6,4.9,Germany,2024-05-09 01:29:18
TXN-0010185,Christopher Brown,Beauty & Personal Care,415.85,7,2910.95,4.0,India,2023-12-24 04:23:22
TXN-0003688,Jessica Moore,Beauty & Personal Care,225.07,3,675.21,2.8,Japan,2024-03-27 06:00:15
TXN-0005408,Robert Garcia,Electronics,426.48,5,2132.4,3.6,France,2024-07-10 08:57:18
TXN-0012355,Daniel Smith,Sports & Outdoors,213.77,3,641.31,4.3,Australia,2023-06-30 22:42:44
TXN-0005099,Mary Moore,Books,627.05,3,1881.15,2.4,United States,2024-06-21 08:51:13
TXN-0004245,Daniel Davis,Home & Kitchen,1115.76,3,3347.28,4.8,United States,2024-07-25 15:12:51
TXN-0002795,William Garcia,Toys & Games,212.64,8,1701.12,2.5,Japan,2023-12-31 17:29:06
TXN-0005272,Mary Garcia,Toys & Games,1387.32,1,1387.32,2.3,India,2023-06-09 16:22:41
TXN-0009126,John Thompson,Automotive,856.43,8,6851.44,2.9,Brazil,2023-02-13 06:07:07
TXN-0004074,Mary Anderson,Home & Kitchen,1053.01,7,7371.07,2.3,United Kingdom,2023-08-09 14:51:57
TXN-0000744,William Perez,Apparel,1445.86,8,11566.88,4.1,United States,2023-02-12 23:22:30
TXN-0007670,John Garcia,Automotive,722.39,1,722.39,1.7,Australia,2024-08-08 08:06:13
TXN-0002039,Nancy Thomas,Electronics,748.34,3,2245.02,4.5,Canada,2024-12-26 06:31:34
TXN-0008021,Robert Brown,Automotive,196.96,8,1575.68,4.7,United States,2024-03-14 22:15:29
TXN-0005758,Joseph Hernandez,Electronics,602.82,3,1808.46,3.0,Canada,2023-01-17 06:14:57
TXN-0000470,Karen Martin,Electronics,757.48,2,1514.96,1.4,Brazil,2024-05-27 03:58:09
TXN-0006918,Sarah Jackson,Toys & Games,955.57,2,1911.14,2.1,Brazil,2023-06-08 09:29:46
TXN-0011485,Christopher Smith,Toys & Games,100.53,5,502.65,2.4,India,2023-12-11 15:28:36
TXN-0005107,Mary Miller,Electronics,639.63,5,3198.15,3.2,Germany,2023-12-10 09:24:48
TXN-0008690,William Wilson,Books,1488.03,4,5952.12,1.7,France,2023-04-13 06:14:01
TXN-0005975,Christopher White,Toys & Games,152.0,4,608.0,1.6,Australia,2023-12-21 00:00:00
TXN-0000129,Lisa Miller,Toys & Games,1332.7,7,9328.9,2.4,India,2023-12-19 05:49:56
TXN-0005863,Daniel Hernandez,Beauty & Personal Care,280.05,5,1400.25,1.3,United Kingdom,2023-04-14 20:47:13
TXN-0009068,Robert Lee,Books,343.46,4,1373.84,2.5,Canada,2023-08-09 06:20:48
TXN-0001227,Jennifer Moore,Toys & Games,438.83,3,1316.49,4.6,Germany,2023-09-15 11:38:50
TXN-0008628,David Miller,Toys & Games,90.31,8,722.48,1.1,Canada,2023-11-04 16:09:46
TXN-0009223,Karen Rodriguez,Books,1362.82,6,8176.92,3.3,India,2023-04-01 23:57:47
TXN-0003962,Charles Smith,Home & Kitchen,1362.12,3,4086.36,1.0,Brazil,2023-03-25 00:00:00
TXN-0006165,Michael Lopez,Sports & Outdoors,162.62,4,650.48,2.8,Germany,2023-06-20 21:57:28
TXN-0012382,James Smith,Beauty & Personal Care,576.83,6,3460.98,4.1,Germany,2023-07-19 07:33:06
TXN-0007485,Patricia Wilson,Home & Kitchen,632.27,6,3793.62,4.8,India,2024-08-13 02:40:00
TXN-0001486,Daniel Williams,Electronics,1188.43,4,4753.72,1.8,Japan,2024-10-07 00:00:00
TXN-0007575,Lisa Williams,Books,822.76,8,6582.08,1.9,Canada,2023-07-01 02:07:36
TXN-0008794,Charles Davis,Sports & Outdoors,1243.21,2,2486.42,2.8,Netherlands,2023-08-28 16:48:44
TXN-0002033,William Jones,Books,1166.49,2,2332.98,2.1,Australia,2023-10-26 00:00:00
TXN-0008646,Susan Rodriguez,Automotive,224.8,4,899.2,2.2,Canada,2024-07-27 01:10:45
TXN-0008634,Susan Perez,Toys & Games,1344.78,2,2689.56,4.6,Netherlands,2023-06-11 01:48:27
TXN-0001274,Joseph Martin,Automotive,866.07,7,6062.49,3.9,Netherlands,2024-01-03 20:01:23
TXN-0000317,William White,Home & Kitchen,505.84,7,3540.88,2.1,United States,2023-02-19 14:39:36
TXN-0000939,Karen Wilson,Beauty & Personal Care,1024.38,6,6146.28,5.0,Australia,2024-09-26 11:08:07
TXN-0003934,Lisa White,Automotive,1450.62,5,7253.1,4.9,Netherlands,2024-04-14 04:41:50
TXN-0009903,Linda Smith,Books,1410.27,3,4230.81,3.2,Brazil,2024-03-11 01:03:48
TXN-0004084,John Jones,Automotive,625.53,2,1251.06,3.2,United States,2023-09-12 03:03:50
TXN-0011008,Patricia Gonzalez,Sports & Outdoors,411.86,2,823.72,1.4,Australia,2023-05-19 20:31:11
TXN-0005932,Karen Brown,Electronics,779.01,4,3116.04,2.2,Brazil,2024-03-09 00:59:57
TXN-0002070,Barbara Davis,Books,1350.66,5,6753.3,1.8,Netherlands,2024-04-13 00:00:00
TXN-0007048,Mary Brown,Beauty & Personal Care,1263.01,4,5052.04,2.1,United States,2023-04-03 19:05:09
TXN-0001915,Jennifer Johnson,Books,380.59,8,3044.72,2.4,Brazil,2023-12-01 01:20:29
TXN-0007500,Jessica Jones,Electronics,616.09,2,1232.18,3.8,Germany,2024-03-22 15:26:36
TXN-0007489,Sarah Johnson,Electronics,1398.95,7,9792.65,2.6,Brazil,2024-02-08 03:59:23
TXN-0007805,Linda Miller,Toys & Games,822.94,2,1645.88,4.9,Canada,2023-09-03 23:43:34
TXN-0004422,Mary Lee,Toys & Games,193.81,2,387.62,4.2,France,2023-11-25 08:14:37
TXN-0009867,Linda Jones,Sports & Outdoors,479.42,5,2397.1,3.8,United Kingdom,2023-12-12 05:41:13
TXN-0006138,Joseph Martin,Electronics,433.09,6,2598.54,1.3,France,2023-07-02 02:13:08
TXN-0004030,Daniel Rodriguez,Books,1158.42,2,2316.84,1.4,Australia,2023-02-09 05:47:47
TXN-0003570,Thomas Hernandez,Automotive,1412.94,7,9890.58,4.9,Germany,2024-01-07 22:23:58
TXN-0000596,Michael Williams,Automotive,42.28,8,338.24,4.6,Brazil,2023-04-30 16:13:04
TXN-0005887,James Thomas,Home & Kitchen,171.05,6,1026.3,2.9,France,2024-05-29 22:51:10
TXN-0008736,Linda Perez,Home & Kitchen,816.61,8,6532.88,3.0,Brazil,2024-05-13 05:40:43
TXN-0002647,David Martinez,Sports & Outdoors,1494.64,4,5978.56,2.3,United Kingdom,2023-02-28 00:16:08
TXN-0003447,Nancy Brown,Books,424.99,7,2974.93,3.5,Brazil,2023-03-06 00:00:00
TXN-0002129,Linda Lee,Electronics,412.55,4,1650.2,3.8,United States,2023-05-02 00:00:00
TXN-0007110,James Johnson,Electronics,1356.13,2,2712.26,4.2,France,2024-08-09 09:59:08
TXN-0007008,Barbara Brown,Apparel,184.74,5,923.7,2.5,Canada,2023-07-10 00:15:18
TXN-0003013,Jessica White,Sports & Outdoors,546.38,2,1092.76,3.6,India,2023-11-09 14:14:53
TXN-0006800,William Martin,Sports & Outdoors,1401.34,6,8408.04,1.9,France,2023-06-05 09:58:23
TXN-0008572,Lisa Moore,Home & Kitchen,237.21,2,474.42,2.2,Canada,2024-11-01 00:00:00
TXN-0011469,Robert Lee,Beauty & Personal Care,277.47,5,1387.35,4.4,Australia,2024-08-01 06:42:58
TXN-0006668,Nancy Martin,Beauty & Personal Care,686.06,8,5488.48,1.8,India,2023-03-27 17:42:36
TXN-0005496,Richard Wilson,Toys & Games,1137.68,7,7963.76,1.7,India,2023-10-21 00:00:00
TXN-0009853,Thomas Jones,Toys & Games,728.95,2,1457.9,2.8,United States,2024-05-21 23:27:44
TXN-0000728,Charles Perez,Automotive,1029.63,8,8237.04,2.9,Brazil,2024-10-25 14:15:56
TXN-0001039,John Thomas,Apparel,224.6,3,673.8,1.3,United States,2023-03-01 00:00:00
TXN-0005239,Thomas Rodriguez,Sports & Outdoors,78.38,3,235.14,3.9,France,2024-10-03 00:42:12
TXN-0007634,Patricia Thomas,Sports & Outdoors,497.03,3,1491.09,3.9,Australia,2024-08-22 16:52:40
TXN-0003997,Thomas Davis,Apparel,1388.63,1,1388.63,3.2,Canada,2024-11-21 04:02:07
TXN-0003645,James Jones,Toys & Games,262.66,7,1838.62,2.1,Netherlands,2024-12-31 00:00:00
TXN-0002398,Charles Davis,Automotive,121.09,7,847.63,1.2,Brazil,2024-01-15 14:33:51
TXN-0012352,Lisa Anderson,Apparel,1119.32,4,4477.28,2.2,United States,2024-07-26 15:55:25
TXN-0005370,Susan Moore,Apparel,1359.62,8,10876.96,2.1,Canada,2023-05-05 00:00:00
TXN-0006932,James Gonzalez,Beauty & Personal Care,505.44,6,3032.64,1.7,Brazil,2024-11-20 22:30:46
TXN-0009802,Charles Williams,Automotive,486.21,1,486.21,1.9,United States,2024-12-20 00:00:00
TXN-0003728,Patricia Miller,Books,654.95,6,3929.7,3.9,Germany,2023-10-01 00:00:00
TXN-0010826,Thomas Taylor,Toys & Games,163.51,1,163.51,4.4,Netherlands,2023-05-30 00:00:00
TXN-0011775,James Hernandez,Home & Kitchen,820.8,1,820.8,1.4,Germany,2023-09-18 03:49:01
TXN-0001520,Mary Miller,Electronics,348.11,8,2784.88,1.0,Germany,2024-06-29 00:00:00
TXN-0006457,James Martin,Home & Kitchen,1162.74,2,2325.48,2.8,United Kingdom,2024-08-18 03:16:09
TXN-0001394,Susan Jackson,Apparel,1138.9,4,4555.6,3.1,India,2023-03-10 19:07:10
TXN-0011705,Patricia Thompson,Beauty & Personal Care,739.89,2,1479.78,2.2,Canada,2023-06-15 07:49:36
TXN-0011248,Linda Davis,Automotive,1494.72,1,1494.72,4.1,Netherlands,2023-08-31 17:41:48
TXN-0000058,Susan Moore,Books,333.04,7,2331.28,2.9,India,2023-10-30 00:49:25
TXN-0001374,William Jones,Beauty & Personal Care,551.55,2,1103.1,2.9,Brazil,2024-08-04 13:07:55
TXN-0001931,Linda Johnson,Home & Kitchen,812.97,7,5690.79,3.8,Netherlands,2023-05-16 22:47:14
TXN-0006173,Joseph Garcia,Beauty & Personal Care,1332.36,4,5329.44,1.1,Australia,2023-03-21 14:19:11
TXN-0012302,Patricia Garcia,Electronics,1058.03,7,7406.21,1.4,India,2023-05-14 07:02:22
TXN-0003572,Richard Miller,Apparel,596.44,8,4771.52,3.6,India,2024-11-18 09:59:01
TXN-0001575,Robert Rodriguez,Home & Kitchen,191.02,7,1337.14,4.3,France,2023-02-11 00:00:00
TXN-0001721,Barbara Davis,Apparel,500.67,3,1502.01,2.9,France,2024-10-08 01:00:23
TXN-0011925,Patricia Martin,Home & Kitchen,1145.09,7,8015.63,1.2,Netherlands,2024-03-04 00:00:00
TXN-0007853,James Jackson,Toys & Games,629.9,6,3779.4,3.5,Australia,2023-08-02 07:24:58
TXN-0005237,Elizabeth Hernandez,Sports & Outdoors,1112.45,4,4449.8,2.8,Japan,2024-09-23 01:03:29
TXN-0010578,William Martinez,Toys & Games,652.15,5,3260.75,3.2,Australia,2023-07-07 19:07:46
TXN-0006086,Joseph Garcia,Electronics,1191.99,8,9535.92,3.6,Japan,2024-06-02 05:38:01
TXN-0008829,Joseph Brown,Books,292.69,3,878.07,4.5,India,2024-10-02 19:12:19
TXN-0012295,Susan Anderson,Apparel,66.47,7,465.29,4.8,India,2024-12-06 09:09:23
TXN-0002013,Nancy Smith,Apparel,139.04,2,278.08,2.9,Netherlands,2023-10-21 16:40:10
TXN-0005384,David Rodriguez,Beauty & Personal Care,899.45,6,5396.7,1.9,Brazil,2024-05-05 22:32:48
TXN-0006943,John Taylor,Toys & Games,1312.87,3,3938.61,2.9,Japan,2023-11-07 03:16:27
TXN-0011497,Thomas Moore,Toys & Games,836.22,7,5853.54,2.3,India,2023-10-17 00:00:00
TXN-0003834,John White,Sports & Outdoors,513.13,3,1539.39,3.7,Brazil,2023-12-19 12:43:20
TXN-0007123,David Thompson,Sports & Outdoors,487.83,4,1951.32,1.7,India,2023-03-29 14:28:50
TXN-0003423,Susan Hernandez,Toys & Games,957.63,8,7661.04,1.4,France,2023-03-06 07:16:22
TXN-0009708,Joseph Jackson,Apparel,428.57,7,2999.99,5.0,India,2024-11-11 13:29:48
TXN-0000662,Nancy Thomas,Automotive,243.84,1,243.84,1.2,United Kingdom,2023-10-10 21:03:03
TXN-0010494,Elizabeth Taylor,Electronics,756.7,5,3783.5,1.2,India,2023-04-13 17:01:38
TXN-0004684,Christopher Perez,Automotive,251.87,4,1007.48,1.4,India,2024-12-31 00:00:00
TXN-0011647,James Davis,Automotive,342.82,2,685.64,1.6,India,2023-09-28 00:00:00
TXN-0000518,Jessica Miller,Beauty & Personal Care,470.81,8,3766.48,5.0,Japan,2023-12-27 03:42:17
TXN-0001370,Richard Lee,Beauty & Personal Care,934.76,1,934.76,4.1,France,2023-09-15 00:00:00
TXN-0003452,Christopher Anderson,Books,645.87,6,3875.22,3.5,Netherlands,2023-07-24 08:03:14
TXN-0011637,Elizabeth Thomas,Beauty & Personal Care,901.74,2,1803.48,2.6,Brazil,2024-07-23 15:03:14
TXN-0010568,Patricia Taylor,Electronics,1316.63,1,1316.63,1.3,Netherlands,2024-05-09 00:00:00
TXN-0001269,Joseph Lee,Apparel,49.11,7,343.77,1.6,United States,2024-12-31 00:00:00
TXN-0009909,Linda Johnson,Beauty & Personal Care,1172.87,1,1172.87,1.8,United Kingdom,2023-07-18 14:11:45
TXN-0005649,Sarah Wilson,Beauty & Personal Care,691.29,3,2073.87,4.6,France,2024-05-13 05:48:10
TXN-0009771,James Wilson,Electronics,752.81,6,4516.86,2.2,India,2023-10-12 00:00:00
TXN-0011797,Richard Lopez,Automotive,192.56,2,385.12,2.6,United States,2024-02-24 15:54:12
TXN-0003260,Nancy Johnson,Automotive,89.9,8,719.2,3.6,Germany,2023-03-18 00:16:26
TXN-0002612,Linda Jackson,Apparel,998.93,1,998.93,2.5,United Kingdom,2023-04-19 14:46:19
TXN-0011401,William Brown,Sports & Outdoors,347.78,8,2782.24,3.4,Canada,2024-05-26 08:45:45
TXN-0004337,David Taylor,Automotive,320.79,8,2566.32,3.0,United Kingdom,2024-08-10 06:12:02
TXN-0003786,Thomas Moore,Apparel,1462.56,2,2925.12,4.0,United Kingdom,2023-01-25 07:10:06
TXN-0001997,James Thompson,Apparel,558.22,3,1674.66,1.3,India,2023-12-25 19:15:19
TXN-0000170,Barbara Williams,Beauty & Personal Care,1100.75,2,2201.5,4.1,Germany,2024-07-25 00:52:43
TXN-0009300,Christopher Miller,Toys & Games,239.99,3,719.97,4.2,Germany,2024-01-07 00:00:00
TXN-0007511,William Davis,Toys & Games,441.52,4,1766.08,2.0,United States,2023-04-17 18:00:21
TXN-0001672,Daniel Brown,Electronics,164.9,4,659.6,2.8,Japan,2023-04-25 04:02:47
TXN-0003916,Jessica Miller,Beauty & Personal Care,1227.35,6,7364.1,1.4,Canada,2024-07-20 07:11:47
TXN-0002480,John White,Sports & Outdoors,198.96,8,1591.68,4.3,United States,2024-12-05 15:43:52
TXN-0004981,Mary Johnson,Apparel,279.85,7,1958.95,2.4,Japan,2024-02-24 11:33:39
TXN-0010386,Jennifer Hernandez,Beauty & Personal Care,473.77,1,473.77,4.3,Netherlands,2023-02-25 01:19:18
TXN-0001093,William Hernandez,Home & Kitchen,577.65,4,2310.6,3.3,Netherlands,2023-10-18 11:07:43
TXN-0005509,John Lopez,Automotive,1456.37,2,2912.74,4.7,India,2024-11-11 00:00:00
TXN-0003505,Christopher Moore,Beauty & Personal Care,982.52,8,7860.16,2.0,Netherlands,2024-04-17 13:11:07
TXN-0005193,Nancy Moore,Electronics,1491.53,8,11932.24,1.2,France,2023-11-16 20:31:50
TXN-0009954,Robert Garcia,Automotive,547.47,8,4379.76,3.3,Germany,2023-12-14 01:06:53
TXN-0008668,Susan Jackson,Home & Kitchen,229.1,5,1145.5,2.9,India,2023-03-08 00:00:00
TXN-0001743,Lisa Taylor,Apparel,73.95,4,295.8,3.6,Japan,2024-04-22 07:16:10
TXN-0002099,Jennifer Miller,Books,782.87,3,2348.61,3.5,United Kingdom,2023-07-01 00:00:00
TXN-0011174,Daniel Gonzalez,Automotive,1134.99,8,9079.92,1.1,United Kingdom,2023-07-28 00:00:00
TXN-0012465,Patricia Miller,Toys & Games,972.63,4,3890.52,3.2,Netherlands,2024-11-10 00:00:00
TXN-0002142,David Lee,Electronics,1215.37,5,6076.85,2.0,Australia,2024-02-16 05:51:09
TXN-0006497,John Brown,Apparel,225.37,2,450.74,1.0,Netherlands,2023-05-11 22:01:25
TXN-0009180,Richard Brown,Apparel,177.11,3,531.33,1.9,Canada,2023-12-25 21:31:42
TXN-0003082,Thomas Thomas,Books,381.14,3,1143.42,4.2,Canada,2024-03-16 16:48:12
TXN-0003967,Mary Anderson,Electronics,953.91,2,1907.82,4.8,France,2024-02-26 07:13:53
TXN-0006809,Jennifer Anderson,Apparel,1240.82,3,3722.46,4.6,Brazil,2024-02-18 16:16:05
TXN-0003659,Thomas Martin,Home & Kitchen,69.61,6,417.66,1.6,India,2024-04-13 00:00:00
TXN-0004350,Richard Martin,Home & Kitchen,826.53,6,4959.18,1.2,United Kingdom,2023-10-23 22:46:06
TXN-0012399,Linda Jackson,Apparel,1153.81,1,1153.81,1.7,United States,2023-08-31 00:37:58
TXN-0002369,Robert Williams,Books,944.28,6,5665.68,3.8,France,2024-02-24 04:44:55
TXN-0010200,Charles Perez,Beauty & Personal Care,563.68,8,4509.44,2.3,Netherlands,2024-04-13 11:17:35
TXN-0000140,Karen Johnson,Electronics,455.62,4,1822.48,4.1,Germany,2024-08-16 12:59:29
TXN-0008447,William Smith,Electronics,1259.82,3,3779.46,2.1,Japan,2024-01-11 07:49:47
TXN-0006788,Patricia Jones,Home & Kitchen,508.67,6,3052.02,3.3,Australia,2024-10-18 09:58:18
TXN-0005435,Jessica Thompson,Books,206.68,1,206.68,2.6,France,2023-05-28 08:15:36
TXN-0000177,Nancy Martinez,Sports & Outdoors,905.92,7,6341.44,1.7,India,2023-12-11 19:03:07
TXN-0002096,Christopher Perez,Automotive,1334.46,2,2668.92,2.9,India,2023-05-27 06:36:25
TXN-0007444,Richard Jones,Books,1027.26,8,8218.08,2.7,Netherlands,2024-11-25 05:58:02
TXN-0003174,John Smith,Toys & Games,340.1,7,2380.7,4.0,United States,2023-12-17 05:45:47
TXN-0006315,Patricia Hernandez,Apparel,1058.9,4,4235.6,4.4,United Kingdom,2024-04-06 07:32:31
TXN-0001074,Jessica White,Home & Kitchen,757.53,1,757.53,3.7,India,2024-10-23 12:56:12
TXN-0006185,Jessica Rodriguez,Sports & Outdoors,401.31,6,2407.86,3.9,Australia,2023-08-09 06:33:15
TXN-0008979,Linda Smith,Books,906.54,3,2719.62,3.9,Netherlands,2024-06-28 00:38:44
TXN-0010871,Patricia Lee,Electronics,1179.2,6,7075.2,4.5,Netherlands,2024-03-21 06:58:38
TXN-0001423,Karen Williams,Toys & Games,1100.17,4,4400.68,4.9,United Kingdom,2024-08-23 23:27:03
TXN-0009811,Karen Wilson,Books,721.96,1,721.96,4.1,India,2024-05-01 18:16:50
TXN-0009648,Jessica Johnson,Apparel,50.34,5,251.7,4.9,France,2023-03-29 07:43:47
TXN-0004514,Lisa Jackson,Electronics,316.71,8,2533.68,2.2,United Kingdom,2023-05-19 03:21:49
TXN-0009077,Mary Wilson,Toys & Games,296.1,3,888.3,1.5,Canada,2023-04-10 23:07:00
TXN-0003330,Patricia Gonzalez,Electronics,1061.3,8,8490.4,3.5,United Kingdom,2023-08-21 15:15:13
TXN-0003184,Lisa Davis,Beauty & Personal Care,1360.77,1,1360.77,2.2,Germany,2024-06-23 14:44:20
TXN-0000642,John Williams,Sports & Outdoors,33.05,8,264.4,1.6,India,2024-05-12 00:00:00
TXN-0007666,James Perez,Automotive,1086.65,8,8693.2,3.1,Japan,2024-06-28 20:36:49
TXN-0009075,Charles Moore,Apparel,91.01,7,637.07,1.3,Australia,2023-11-08 00:00:00
TXN-0009166,David Brown,Electronics,1175.18,4,4700.72,1.7,Netherlands,2024-02-15 13:05:09
TXN-0010971,Jennifer Smith,Automotive,681.66,2,1363.32,4.7,United States,2024-01-15 00:00:00
TXN-0005558,John Thomas,Automotive,121.16,2,242.32,4.4,Germany,2024-08-19 07:57:16
TXN-0009860,William Rodriguez,Toys & Games,163.55,2,327.1,2.6,United States,2023-06-09 00:00:00
TXN-0008428,Robert Jackson,Electronics,1487.79,7,10414.53,2.5,Canada,2023-03-23 22:55:14
TXN-0003550,Christopher Rodriguez,Books,783.97,5,3919.85,3.3,Australia,2024-03-12 20:17:56
TXN-0003910,Richard Thompson,Books,240.03,1,240.03,4.4,Australia,2024-01-30 00:12:55
TXN-0011585,David Smith,Automotive,1414.33,2,2828.66,4.0,Brazil,2023-05-11 00:00:00
TXN-0004580,Barbara Williams,Beauty & Personal Care,1348.06,2,2696.12,1.8,Australia,2023-05-02 22:42:44
TXN-0010183,Richard Rodriguez,Apparel,846.4,2,1692.8,3.2,France,2024-10-24 22:36:18
TXN-0009521,Mary Jackson,Sports & Outdoors,1318.69,8,10549.52,3.2,France,2023-10-15 07:01:21
TXN-0008206,Barbara Davis,Electronics,984.03,8,7872.24,3.5,United States,2023-07-08 00:00:00
TXN-0008956,David Jones,Home & Kitchen,1489.93,3,4469.79,1.5,Japan,2024-03-23 17:50:43
TXN-0006257,Nancy White,Apparel,463.78,2,927.56,2.0,Germany,2024-12-31 00:00:00
TXN-0009257,Daniel Jones,Books,1151.35,2,2302.7,2.2,Brazil,2023-01-18 00:00:00
TXN-0001735,William Johnson,Sports & Outdoors,781.92,7,5473.44,4.8,United Kingdom,2023-02-03 06:50:45
TXN-0010326,David Perez,Automotive,943.35,5,4716.75,1.9,India,2024-12-23 08:41:34
TXN-0011334,Christopher Rodriguez,Automotive,1196.05,6,7176.3,4.9,United Kingdom,2024-04-27 21:39:38
TXN-0006966,Joseph Garcia,Sports & Outdoors,239.58,5,1197.9,4.3,Netherlands,2024-08-30 17:58:00
TXN-0002209,Lisa Wilson,Electronics,93.31,6,559.86,4.3,Netherlands,2024-09-11 12:21:43
TXN-0006953,Michael Gonzalez,Sports & Outdoors,230.52,6,1383.12,3.3,Germany,2024-11-16 00:55:55
TXN-0001703,Joseph Garcia,Sports & Outdoors,49.79,1,49.79,4.1,Australia,2024-08-25 04:43:07
TXN-0001576,William Thomas,Automotive,877.46,5,4387.3,3.0,Brazil,2023-11-23 14:33:40
TXN-0012050,Michael Wilson,Apparel,1177.72,2,2355.44,4.0,India,2023-02-25 14:26:09
TXN-0011552,Elizabeth Jackson,Beauty & Personal Care,326.26,6,1957.56,4.2,Canada,2024-02-20 08:31:33
TXN-0001225,Sarah Miller,Home & Kitchen,918.07,3,2754.21,3.4,Netherlands,2023-01-16 11:20:02
TXN-0009057,Susan Williams,Apparel,394.83,4,1579.32,4.8,France,2023-08-28 10:41:47
TXN-0005595,Susan Davis,Home & Kitchen,219.94,1,219.94,3.6,Germany,2024-07-18 08:11:47
TXN-0010691,John Brown,Toys & Games,1295.63,8,10365.04,4.6,Netherlands,2023-08-05 00:00:00
TXN-0007097,Robert Anderson,Books,917.23,2,1834.46,3.3,Australia,2023-04-10 00:00:00
TXN-0005539,Patricia Taylor,Electronics,1076.27,1,1076.27,3.9,Japan,2024-08-05 16:38:46
TXN-0011424,Daniel Garcia,Electronics,321.8,6,1930.8,4.8,Netherlands,2023-07-21 00:00:00
TXN-0004409,Robert Jones,Automotive,1395.3,8,11162.4,3.8,Netherlands,2024-06-10 09:02:59
TXN-0008387,Jennifer Jackson,Automotive,79.04,4,316.16,4.0,Canada,2024-12-31 00:00:00
TXN-0002233,Patricia Jackson,Books,409.73,4,1638.92,4.4,United Kingdom,2024-05-14 14:59:05
TXN-0007630,Jessica Miller,Toys & Games,222.36,8,1778.88,3.2,France,2024-07-07 10:42:37
TXN-0011051,Christopher White,Toys & Games,63.79,3,191.37,1.3,India,2023-07-17 00:19:55
TXN-0007486,Joseph Miller,Home & Kitchen,226.27,4,905.08,1.9,United States,2023-03-15 00:00:00
TXN-0008121,Robert Smith,Books,1283.1,8,10264.8,4.4,United Kingdom,2024-08-13 23:33:25
TXN-0006616,Elizabeth Garcia,Automotive,1107.01,8,8856.08,3.1,India,2023-10-14 00:00:00
TXN-0010740,Barbara Gonzalez,Electronics,1291.92,1,1291.92,1.2,United Kingdom,2023-09-13 16:15:28
TXN-0011899,Sarah Thompson,Home & Kitchen,637.89,6,3827.34,3.5,Canada,2024-04-12 09:58:29
TXN-0001344,Richard Johnson,Toys & Games,970.46,3,2911.38,4.9,Australia,2024-08-18 18:49:20
TXN-0000169,Sarah Taylor,Electronics,1310.63,1,1310.63,3.5,Japan,2023-10-17 22:51:39
TXN-0005379,Susan Smith,Toys & Games,763.29,3,2289.87,3.0,Germany,2023-01-25 14:14:04
TXN-0011198,Lisa Moore,Automotive,1184.06,5,5920.3,3.3,India,2024-03-12 06:22:55
TXN-0003371,John Jones,Books,490.75,7,3435.25,1.0,United Kingdom,2024-03-06 01:29:43
TXN-0003932,Nancy Davis,Sports & Outdoors,1313.48,7,9194.36,2.7,France,2023-03-23 00:00:00
TXN-0002057,Michael Lopez,Electronics,367.15,8,2937.2,4.5,Japan,2023-07-10 00:00:00
TXN-0001287,David Jones,Toys & Games,22.33,7,156.31,2.7,India,2023-02-12 08:09:50
TXN-0008522,Thomas Lee,Apparel,910.47,8,7283.76,4.1,United States,2024-05-16 16:40:33
TXN-0002991,Susan Moore,Electronics,944.5,5,4722.5,2.7,Netherlands,2024-06-23 00:00:00
TXN-0010510,Lisa Moore,Automotive,679.97,5,3399.85,1.5,Japan,2024-07-20 00:00:00
TXN-0003496,Michael Johnson,Apparel,538.98,8,4311.84,3.3,Australia,2024-12-11 00:00:00
TXN-0005670,William Martinez,Apparel,1341.63,2,2683.26,4.3,Germany,2023-05-21 14:11:08
TXN-0005940,Barbara Perez,Home & Kitchen,229.24,8,1833.92,4.8,Netherlands,2023-07-27 01:09:59
TXN-0003858,Sarah Miller,Toys & Games,74.04,4,296.16,1.1,Netherlands,2024-12-01 12:09:09
TXN-0008465,Mary Jackson,Apparel,1329.8,2,2659.6,4.1,Brazil,2024-12-16 06:39:33
TXN-0006011,Linda Gonzalez,Sports & Outdoors,1082.39,4,4329.56,2.9,Brazil,2024-06-25 07:01:43
TXN-0008885,Daniel Moore,Beauty & Personal Care,879.8,8,7038.4,1.6,Brazil,2023-03-21 12:32:26
TXN-0006836,Michael Thomas,Sports & Outdoors,81.1,1,81.1,1.9,India,2023-11-02 09:16:43
TXN-0005973,Michael Lopez,Electronics,30.88,5,154.4,1.8,Netherlands,2023-09-30 18:07:05
TXN-0003741,James Jones,Beauty & Personal Care,1406.25,5,7031.25,1.6,Germany,2024-02-22 00:28:23
TXN-0003524,Robert Davis,Home & Kitchen,740.67,2,1481.34,3.0,Germany,2024-05-22 00:00:00
TXN-0008151,Daniel Martin,Toys & Games,404.16,3,1212.48,4.8,France,2024-12-31 00:00:00
TXN-0011246,John Jackson,Apparel,978.35,1,978.35,1.8,Japan,2024-04-10 12:12:04
TXN-0006632,Lisa Rodriguez,Books,1001.98,6,6011.88,4.7,Australia,2023-03-30 02:51:07
TXN-0008006,Mary Rodriguez,Toys & Games,218.94,5,1094.7,1.2,Australia,2024-07-19 19:35:30
TXN-0005862,Patricia Thomas,Electronics,852.18,7,5965.26,2.9,Australia,2023-03-25 02:56:41
TXN-0002770,Christopher Miller,Toys & Games,1070.59,4,4282.36,4.2,Netherlands,2023-03-11 10:42:27
TXN-0006652,Michael Rodriguez,Toys & Games,490.66,3,1471.98,3.4,France,2023-07-20 22:22:25
TXN-0007367,David Moore,Toys & Games,791.89,5,3959.45,4.7,Japan,2024-09-26 00:15:20
TXN-0003896,John Smith,Electronics,728.9,3,2186.7,1.9,India,2023-09-13 04:31:49
TXN-0005062,Christopher Williams,Sports & Outdoors,451.07,1,451.07,3.8,Germany,2024-12-04 11:10:04
TXN-0009914,Thomas Martinez,Sports & Outdoors,334.01,8,2672.08,4.0,Brazil,2023-06-20 21:32:55
TXN-0010858,Jennifer Garcia,Automotive,1302.06,3,3906.18,1.9,Japan,2023-06-16 13:28:53
TXN-0008895,Robert Lopez,Toys & Games,295.68,1,295.68,1.7,Japan,2023-11-17 02:02:22
TXN-0008967,Sarah Thomas,Books,551.19,5,2755.95,4.5,United Kingdom,2023-06-28 16:52:47
TXN-0004782,William Davis,Apparel,1026.8,3,3080.4,1.0,Australia,2023-05-25 04:54:45
TXN-0006169,Sarah Gonzalez,Books,145.74,1,145.74,2.7,Netherlands,2023-01-25 06:08:23
TXN-0001275,William White,Beauty & Personal Care,510.13,7,3570.91,2.2,Netherlands,2024-12-22 13:37:12
TXN-0011617,Richard Wilson,Beauty & Personal Care,762.31,2,1524.62,3.2,United States,2024-05-17 00:06:13
TXN-0000813,Daniel Gonzalez,Automotive,1331.93,8,10655.44,3.8,Germany,2024-11-20 11:27:33
TXN-0002920,Michael Lee,Sports & Outdoors,765.46,7,5358.22,4.0,Japan,2024-07-12 06:06:49
TXN-0003409,Charles Williams,Toys & Games,54.55,2,109.1,1.3,Australia,2023-11-16 21:41:15
TXN-0002259,Nancy White,Apparel,542.12,6,3252.72,1.0,United States,2023-06-11 15:57:39
TXN-0008297,James Taylor,Beauty & Personal Care,1126.94,3,3380.82,3.1,United Kingdom,2023-03-09 00:06:49
TXN-0009882,John Taylor,Automotive,233.66,6,1401.96,4.0,Germany,2023-09-11 23:12:20
TXN-0005582,David Johnson,Books,309.05,3,927.15,2.0,United States,2024-12-31 00:00:00
TXN-0003076,David Martinez,Automotive,371.89,2,743.78,4.8,Australia,2024-05-05 16:41:43
TXN-0008922,Robert Jackson,Books,54.27,8,434.16,4.3,Germany,2023-05-07 04:27:08
TXN-0000605,Charles Jones,Home & Kitchen,150.41,5,752.05,3.7,India,2024-07-05 15:23:02
TXN-0010407,David Davis,Books,652.46,4,2609.84,3.7,Netherlands,2024-02-04 00:00:00
TXN-0005857,Lisa Garcia,Electronics,1030.64,1,1030.64,3.7,Australia,2024-10-15 11:54:09
TXN-0010531,Jennifer Smith,Beauty & Personal Care,1140.53,8,9124.24,3.9,Brazil,2024-05-11 02:49:22
TXN-0006669,Linda Anderson,Apparel,64.02,8,512.16,1.9,Germany,2024-01-18 00:00:00
TXN-0010654,Daniel Martin,Beauty & Personal Care,585.17,7,4096.19,3.3,Japan,2024-04-07 01:35:27
TXN-0010342,Jessica Smith,Toys & Games,1387.44,3,4162.32,1.3,Australia,2024-07-15 00:57:02
TXN-0008054,Susan Rodriguez,Toys & Games,854.79,1,854.79,2.4,United Kingdom,2024-07-11 17:44:49
TXN-0001781,Thomas Lee,Apparel,1472.64,3,4417.92,2.3,Canada,2023-11-06 01:57:39
TXN-0011980,Nancy Wilson,Beauty & Personal Care,1394.41,3,4183.23,1.8,Brazil,2023-10-20 05:11:57
TXN-0009103,Jessica Moore,Automotive,1408.58,5,7042.9,4.1,Germany,2023-08-15 03:06:11
TXN-0007638,Susan Thompson,Beauty & Personal Care,117.7,8,941.6,1.6,India,2024-05-20 06:57:29
TXN-0004179,Jessica Hernandez,Toys & Games,960.5,4,3842.0,1.1,Netherlands,2024-10-26 11:26:04
TXN-0003220,James Moore,Electronics,599.89,4,2399.56,1.1,Australia,2024-01-30 16:51:14
TXN-0010283,John Davis,Automotive,1485.39,6,8912.34,4.7,France,2024-01-23 00:00:00
TXN-0001543,Thomas Perez,Toys & Games,867.64,7,6073.48,3.8,Germany,2023-03-24 15:56:10
TXN-0007932,John Lopez,Books,532.98,1,532.98,1.0,Canada,2023-10-07 22:19:27
TXN-0005024,Barbara Wilson,Books,505.03,6,3030.18,2.6,Germany,2024-01-31 10:39:50
TXN-0004524,Barbara Miller,Apparel,668.05,3,2004.15,2.1,Japan,2024-10-15 22:10:07
TXN-0006967,Charles Gonzalez,Toys & Games,740.09,6,4440.54,1.9,Australia,2023-12-28 11:53:21
TXN-0007947,Karen Brown,Sports & Outdoors,1264.63,6,7587.78,1.9,Germany,2024-03-19 22:32:58
TXN-0010475,James Jones,Automotive,407.27,4,1629.08,3.7,United States,2024-03-19 23:26:39
TXN-0004876,Daniel Rodriguez,Apparel,637.62,7,4463.34,4.9,India,2023-03-14 09:17:43
TXN-0009535,Jessica Perez,Sports & Outdoors,514.49,7,3601.43,2.6,Canada,2024-10-18 00:00:00
TXN-0006018,Sarah Lee,Toys & Games,375.17,2,750.34,4.9,Japan,2024-05-19 03:22:32
TXN-0002007,Lisa Jones,Home & Kitchen,635.08,6,3810.48,3.3,Canada,2024-07-05 21:25:44
TXN-0007899,Joseph Lee,Automotive,1450.3,3,4350.9,4.1,Netherlands,2024-08-03 00:00:00
TXN-0012334,David Thompson,Automotive,966.61,1,966.61,1.1,United Kingdom,2024-11-11 14:46:38
TXN-0004328,Thomas Miller,Beauty & Personal Care,1155.29,1,1155.29,2.4,United States,2024-09-11 10:33:23
TXN-0002734,Lisa White,Electronics,386.64,2,773.28,1.2,France,2023-02-17 17:14:49
TXN-0010265,Susan Jackson,Home & Kitchen,128.7,6,772.2,4.7,Brazil,2024-09-29 01:01:54
TXN-0000022,David Williams,Books,1005.12,4,4020.48,3.2,France,2024-07-15 20:16:08
TXN-0009289,Lisa Thomas,Electronics,1122.01,6,6732.06,4.8,Australia,2023-08-17 18:53:46
TXN-0009214,Charles Moore,Sports & Outdoors,544.59,5,2722.95,2.3,Australia,2024-10-16 00:13:36
TXN-0000491,Sarah Johnson,Automotive,932.9,8,7463.2,4.6,Australia,2024-11-15 06:47:33
TXN-0009505,Nancy Lopez,Sports & Outdoors,223.34,8,1786.72,2.1,United Kingdom,2024-07-28 20:36:36
TXN-0000977,William Jones,Books,19.75,7,138.25,4.9,France,2023-06-22 14:35:05
TXN-0010219,Karen Rodriguez,Automotive,364.88,6,2189.28,1.7,United Kingdom,2024-07-20 21:24:11
TXN-0011052,Jessica Martin,Automotive,163.21,6,979.26,2.9,Japan,2023-08-15 19:13:27
TXN-0000078,William Thomas,Home & Kitchen,604.06,2,1208.12,3.3,Canada,2024-06-17 00:00:00
TXN-0001084,William Perez,Electronics,129.03,3,387.09,3.5,France,2024-05-10 20:23:17
TXN-0003747,John Wilson,Books,270.93,7,1896.51,4.0,Netherlands,2024-08-08 05:08:12
TXN-0011888,James Hernandez,Electronics,798.89,2,1597.78,2.1,Australia,2023-05-04 00:24:57
TXN-0002413,John Perez,Apparel,184.4,3,553.2,2.7,India,2023-09-08 18:30:44
TXN-0004961,Nancy Brown,Apparel,714.86,3,2144.58,4.5,India,2024-01-16 11:14:18
TXN-0010189,John Martin,Apparel,1266.99,1,1266.99,1.4,France,2023-04-19 11:51:13
TXN-0006239,Jessica Martinez,Home & Kitchen,1260.36,4,5041.44,2.8,United States,2023-03-23 05:39:26
TXN-0011991,Elizabeth Johnson,Beauty & Personal Care,846.37,7,5924.59,4.1,Germany,2023-10-06 01:39:09
TXN-0000574,Joseph Jackson,Books,139.82,6,838.92,3.8,India,2024-12-05 14:44:02
TXN-0003854,Charles Jones,Electronics,1004.0,3,3012.0,2.9,Germany,2023-06-11 19:47:28
TXN-0011643,Nancy Miller,Electronics,1468.77,6,8812.62,1.2,Netherlands,2024-12-19 00:44:32
TXN-0006036,Patricia Jones,Toys & Games,824.72,2,1649.44,1.0,Brazil,2024-05-02 13:39:28
TXN-0004352,Robert Anderson,Toys & Games,753.36,7,5273.52,1.7,Netherlands,2024-11-04 08:45:29
TXN-0011694,Linda Perez,Electronics,1430.12,7,10010.84,3.4,Brazil,2024-04-17 14:02:02
TXN-0000410,Lisa Jones,Automotive,173.84,7,1216.88,2.8,India,2023-02-19 04:40:10
TXN-0010023,Thomas Smith,Automotive,555.0,2,1110.0,2.3,Germany,2024-11-14 05:37:30
TXN-0006078,Sarah Jackson,Home & Kitchen,638.44,2,1276.88,1.7,France,2024-05-24 16:07:30
TXN-0001288,Thomas Lopez,Automotive,1267.03,6,7602.18,1.4,Australia,2023-05-19 21:48:39
TXN-0006741,Michael Moore,Home & Kitchen,1097.06,7,7679.42,4.8,France,2023-02-09 20:59:17
TXN-0005412,Christopher Brown,Books,740.83,5,3704.15,1.8,India,2023-01-28 02:52:59
TXN-0010535,David Perez,Automotive,691.96,7,4843.72,3.5,Netherlands,2024-12-23 10:13:16
TXN-0010286,Jennifer Rodriguez,Sports & Outdoors,355.34,6,2132.04,4.4,France,2023-04-25 06:57:08
TXN-0003087,Nancy Thompson,Home & Kitchen,1303.32,5,6516.6,2.6,United States,2023-04-13 05:21:05
TXN-0004394,Linda Thomas,Beauty & Personal Care,1467.21,6,8803.26,3.6,Australia,2023-08-06 14:14:20
TXN-0007577,Charles White,Books,1099.09,4,4396.36,2.0,Brazil,2023-06-02 16:23:52
TXN-0009544,Sarah Wilson,Toys & Games,1399.43,5,6997.15,1.0,United States,2024-08-25 20:09:44
TXN-0000003,Daniel Lee,Toys & Games,676.57,5,3382.85,4.2,Germany,2023-01-06 01:08:44
TXN-0008377,Joseph Gonzalez,Home & Kitchen,82.45,8,659.6,4.3,Canada,2023-06-05 14:10:22
TXN-0010270,Daniel White,Apparel,625.66,4,2502.64,4.7,Japan,2023-01-02 04:35:52
TXN-0007429,Daniel Garcia,Electronics,844.65,6,5067.9,2.6,Japan,2024-08-30 12:37:43
TXN-0001106,Richard Rodriguez,Apparel,877.26,2,1754.52,1.5,United Kingdom,2024-10-31 10:53:07
TXN-0005628,Thomas Wilson,Toys & Games,245.76,5,1228.8,3.6,Netherlands,2024-11-11 19:10:26
TXN-0002598,Sarah Hernandez,Electronics,1115.71,6,6694.26,2.4,United Kingdom,2024-07-19 22:13:32
TXN-0009043,Jessica White,Electronics,919.37,3,2758.11,1.4,France,2024-10-24 10:50:52
TXN-0007104,Barbara Thompson,Beauty & Personal Care,1166.47,6,6998.82,1.9,India,2024-01-30 07:04:14
TXN-0006501,Mary Jackson,Beauty & Personal Care,464.67,6,2788.02,3.7,Netherlands,2023-04-14 02:39:06
TXN-0009457,Sarah Garcia,Automotive,851.99,1,851.99,3.3,Germany,2024-04-20 10:13:22
TXN-0009758,Charles Taylor,Apparel,884.31,8,7074.48,3.8,Netherlands,2024-08-04 21:58:00
TXN-0002269,Richard Jackson,Sports & Outdoors,875.1,5,4375.5,4.5,France,2023-12-02 11:59:26
TXN-0008036,James Garcia,Books,954.32,6,5725.92,1.6,Germany,2023-09-05 19:14:20
TXN-0000731,Nancy Davis,Books,973.88,2,1947.76,4.6,Germany,2023-02-20 21:00:46
TXN-0011042,Lisa White,Books,421.66,3,1264.98,2.8,Brazil,2023-05-04 00:00:00
TXN-0005330,Daniel Lee,Sports & Outdoors,734.17,7,5139.19,1.8,Germany,2023-11-11 18:20:02
TXN-0012030,Barbara Brown,Home & Kitchen,306.34,8,2450.72,1.4,Japan,2023-08-24 08:22:43
TXN-0000008,Michael Perez,Sports & Outdoors,915.65,3,2746.95,3.1,Canada,2023-07-10 03:36:23
TXN-0011893,Susan Smith,Toys & Games,1411.71,7,9881.97,2.1,United States,2024-12-02 16:52:25
TXN-0008738,Jennifer Wilson,Books,662.38,6,3974.28,2.2,Australia,2024-02-01 05:39:50
TXN-0012023,Patricia Lee,Electronics,1092.25,7,7645.75,3.6,United States,2023-04-30 23:07:04
TXN-0001970,Elizabeth Moore,Books,458.94,3,1376.82,2.3,Brazil,2023-06-26 23:27:35
TXN-0009721,Jessica Jackson,Beauty & Personal Care,65.36,1,65.36,3.8,Japan,2024-10-16 00:00:00
TXN-0001422,Charles Hernandez,Electronics,84.19,6,505.14,3.3,Netherlands,2024-08-24 15:58:49
TXN-0000720,Nancy Williams,Home & Kitchen,595.24,2,1190.48,4.0,United Kingdom,2024-11-24 04:03:24
TXN-0005169,Jennifer Lopez,Beauty & Personal Care,1283.6,6,7701.6,2.0,United States,2024-06-23 07:54:15
TXN-0002489,Barbara Lee,Beauty & Personal Care,320.99,5,1604.95,4.0,Brazil,2023-11-06 05:48:35
TXN-0002849,Barbara Hernandez,Toys & Games,902.06,8,7216.48,2.7,Canada,2023-03-02 18:38:10
TXN-0004784,Charles Taylor,Electronics,282.59,4,1130.36,4.2,Australia,2024-08-22 03:23:24
TXN-0005318,Elizabeth Smith,Toys & Games,1155.57,3,3466.71,4.9,Netherlands,2023-11-28 00:38:49
TXN-0011137,Jessica Anderson,Apparel,590.57,7,4133.99,2.0,Brazil,2024-11-17 10:07:48
TXN-0011927,Jennifer Thomas,Electronics,652.8,6,3916.8,3.0,Brazil,2023-12-30 00:00:00
TXN-0007552,James Brown,Beauty & Personal Care,110.07,4,440.28,3.2,United Kingdom,2023-02-09 09:36:29
TXN-0003988,David Brown,Sports & Outdoors,1472.45,2,2944.9,4.2,Australia,2023-06-21 01:35:39
TXN-0001848,Jennifer Thomas,Books,744.81,1,744.81,1.7,Brazil,2024-04-26 00:00:00
TXN-0007690,Susan Thompson,Electronics,13.26,4,53.04,3.9,Japan,2024-12-31 00:00:00
TXN-0007764,Susan Davis,Home & Kitchen,1099.37,7,7695.59,4.0,United States,2023-12-20 23:28:03
TXN-0009617,Robert Garcia,Beauty & Personal Care,505.16,6,3030.96,1.9,Canada,2023-02-02 04:44:43
TXN-0012193,Charles Hernandez,Beauty & Personal Care,201.96,4,807.84,2.6,Canada,2024-09-21 11:38:05
TXN-0001411,James Thomas,Books,371.8,4,1487.2,2.8,Germany,2024-09-22 07:55:42
TXN-0011055,Barbara Anderson,Apparel,1276.66,2,2553.32,3.8,Netherlands,2024-10-15 11:04:24
TXN-0008578,Sarah Garcia,Toys & Games,1064.62,3,3193.86,3.2,United States,2024-08-22 00:00:00
TXN-0001483,Charles Davis,Home & Kitchen,19.42,1,19.42,3.9,Canada,2023-09-22 23:12:49
TXN-0002567,Mary Davis,Beauty & Personal Care,633.98,6,3803.88,2.8,United States,2024-04-22 01:12:32
TXN-0006033,Barbara Brown,Electronics,909.94,1,909.94,3.2,Australia,2023-09-12 21:21:15
TXN-0000712,Patricia Brown,Books,1352.26,3,4056.78,3.7,Netherlands,2023-01-23 00:00:00
TXN-0009489,Lisa Thompson,Electronics,852.13,8,6817.04,4.6,Brazil,2024-03-05 16:32:47
TXN-0011546,Mary Garcia,Toys & Games,1050.6,8,8404.8,2.6,Canada,2023-02-18 00:33:14
TXN-0000587,Linda Thompson,Sports & Outdoors,7.36,1,7.36,2.9,Germany,2024-10-09 00:00:00
TXN-0004434,Jessica Jackson,Apparel,105.79,5,528.95,2.8,Brazil,2023-04-30 02:04:28
TXN-0002614,Michael Davis,Apparel,276.4,7,1934.8,4.8,Australia,2023-04-01 16:15:38
TXN-0010751,Jennifer Wilson,Automotive,404.85,8,3238.8,1.4,United Kingdom,2023-08-15 00:00:00
TXN-0006710,Michael Johnson,Automotive,336.58,3,1009.74,3.8,United States,2024-10-15 08:20:54
TXN-0008068,Jennifer Johnson,Toys & Games,917.62,4,3670.48,3.4,United States,2024-04-30 15:53:29
TXN-0006658,Daniel Lopez,Home & Kitchen,357.83,4,1431.32,4.4,France,2023-10-01 00:52:46
TXN-0007445,Karen Williams,Sports & Outdoors,687.57,6,4125.42,3.5,Australia,2024-06-27 01:53:32
TXN-0006881,Jennifer Gonzalez,Beauty & Personal Care,439.44,1,439.44,3.5,France,2024-05-04 07:29:47
TXN-0012316,Karen Anderson,Home & Kitchen,1078.75,3,3236.25,4.4,United States,2023-08-14 12:08:09
TXN-0008817,Charles Davis,Beauty & Personal Care,1494.08,2,2988.16,3.8,France,2023-01-18 23:34:35
TXN-0003881,David Lopez,Apparel,536.44,7,3755.08,1.4,France,2023-02-28 02:44:27
TXN-0011594,David White,Automotive,288.56,3,865.68,4.8,Netherlands,2024-07-24 00:00:00
TXN-0012473,Lisa Brown,Sports & Outdoors,767.95,2,1535.9,3.3,Japan,2023-04-15 07:35:11
TXN-0010378,Karen Smith,Sports & Outdoors,578.65,7,4050.55,1.9,India,2023-02-03 20:49:13
TXN-0005602,Linda Martin,Automotive,957.5,1,957.5,2.7,Brazil,2024-08-31 05:54:56
TXN-0009813,Christopher Smith,Toys & Games,351.54,6,2109.24,1.1,United Kingdom,2023-07-29 06:52:45
TXN-0006886,Lisa Gonzalez,Sports & Outdoors,732.93,1,732.93,1.2,Canada,2023-06-20 01:22:05
TXN-0008939,Sarah White,Apparel,351.69,6,2110.14,1.2,India,2023-03-30 06:51:02
TXN-0011608,Nancy Anderson,Books,698.31,6,4189.86,4.0,Canada,2023-08-18 11:44:23
TXN-0003115,Jennifer Lee,Books,603.83,8,4830.64,3.4,Canada,2024-07-16 10:32:42
TXN-0000880,David Wilson,Automotive,651.6,6,3909.6,4.2,India,2023-09-04 05:41:20
TXN-0005830,William Hernandez,Apparel,1129.6,8,9036.8,1.1,India,2023-01-30 15:35:08
TXN-0006869,Michael Jones,Automotive,1293.21,2,2586.42,3.4,Japan,2024-04-16 20:40:01
TXN-0010830,Daniel Brown,Apparel,1237.92,3,3713.76,4.1,United Kingdom,2024-06-02 20:14:36
TXN-0012164,Sarah Brown,Electronics,565.99,4,2263.96,3.2,India,2024-06-12 19:01:34
TXN-0001193,David Taylor,Beauty & Personal Care,571.37,1,571.37,3.6,Germany,2023-04-27 13:35:41
TXN-0001070,Barbara Lopez,Electronics,1345.5,2,2691.0,3.8,France,2024-05-19 00:35:25
TXN-0001224,William Thomas,Books,956.22,1,956.22,2.2,Australia,2023-11-15 07:26:27
TXN-0006718,William Thomas,Electronics,286.09,2,572.18,2.2,India,2023-08-04 11:05:14
TXN-0002900,Sarah Hernandez,Beauty & Personal Care,677.4,4,2709.6,2.4,United States,2024-08-10 00:00:00
TXN-0000505,Barbara White,Automotive,255.14,1,255.14,1.5,Japan,2023-07-02 05:46:04
TXN-0010968,Mary White,Home & Kitchen,71.29,1,71.29,4.1,Canada,2024-11-09 19:39:33
TXN-0002108,David Rodriguez,Toys & Games,935.34,3,2806.02,4.7,Canada,2023-02-08 20:55:59
TXN-0006830,Jennifer Lopez,Sports & Outdoors,842.65,6,5055.9,4.7,Australia,2024-10-16 00:59:17
TXN-0004027,Sarah Johnson,Apparel,51.97,4,207.88,4.7,Canada,2024-01-13 02:48:09
TXN-0004711,Karen Moore,Beauty & Personal Care,1209.95,4,4839.8,1.6,Australia,2024-12-27 07:24:58
TXN-0001958,Thomas Garcia,Apparel,1077.03,4,4308.12,1.4,France,2023-11-22 23:30:03
TXN-0009135,Patricia Brown,Beauty & Personal Care,999.28,8,7994.24,1.6,Netherlands,2023-07-24 19:00:37
TXN-0010159,Linda Rodriguez,Automotive,1269.07,8,10152.56,2.5,Netherlands,2023-11-09 00:00:00
TXN-0000743,Joseph Thomas,Toys & Games,972.15,1,972.15,1.8,Japan,2023-07-31 00:00:00
TXN-0004315,William Martinez,Apparel,616.08,8,4928.64,1.4,France,2023-04-15 15:34:10
TXN-0003036,Nancy Jones,Apparel,1419.45,5,7097.25,3.6,United States,2023-07-09 09:19:21
TXN-0006252,William Perez,Automotive,1073.83,6,6442.98,4.0,United Kingdom,2024-08-26 21:58:21
TXN-0010995,Linda Martin,Books,1454.91,7,10184.37,1.4,Germany,2024-03-15 00:00:00
TXN-0000858,John Jones,Electronics,86.91,7,608.37,1.3,India,2024-06-10 00:00:00
TXN-0005276,Jennifer Lopez,Apparel,271.93,2,543.86,2.6,India,2023-08-15 03:47:30
TXN-0001496,Robert White,Toys & Games,1424.7,3,4274.1,4.2,Japan,2023-10-24 06:52:49
TXN-0010107,William Anderson,Electronics,1097.35,2,2194.7,3.6,France,2023-07-19 15:11:13
TXN-0009418,Joseph Taylor,Toys & Games,305.92,1,305.92,1.0,Japan,2023-06-01 00:00:00
TXN-0011471,Mary Martin,Automotive,767.77,5,3838.85,1.3,United Kingdom,2023-06-28 18:48:10
TXN-0004477,Christopher Williams,Sports & Outdoors,526.93,1,526.93,2.6,United States,2024-01-07 00:00:00
TXN-0011527,Nancy Perez,Electronics,975.89,2,1951.78,2.9,India,2023-11-02 22:12:05
TXN-0007447,Richard Smith,Books,587.68,7,4113.76,4.1,United Kingdom,2023-04-15 02:10:28
TXN-0000570,Richard Martin,Electronics,168.43,8,1347.44,4.3,Brazil,2023-02-02 22:41:23
TXN-0011142,David Gonzalez,Home & Kitchen,21.37,5,106.85,2.9,Canada,2023-08-13 22:41:01
TXN-0003653,Linda Garcia,Automotive,554.63,2,1109.26,2.0,United States,2023-12-04 09:40:24
TXN-0003755,David Jackson,Beauty & Personal Care,918.28,5,4591.4,3.2,Canada,2024-07-28 15:46:01
TXN-0002276,Patricia Johnson,Electronics,904.41,4,3617.64,1.2,India,2023-11-28 05:59:13
TXN-0001260,Jessica White,Home & Kitchen,557.45,3,1672.35,3.8,United States,2023-05-18 09:47:52
TXN-0002386,Daniel Lopez,Electronics,860.8,4,3443.2,2.9,United States,2023-06-05 06:07:48
TXN-0000037,Christopher Rodriguez,Apparel,829.76,7,5808.32,3.2,India,2023-03-28 00:00:00
TXN-0006795,Mary Miller,Beauty & Personal Care,942.46,7,6597.22,4.7,Australia,2023-06-23 00:00:00
TXN-0004979,Jennifer Anderson,Home & Kitchen,495.81,5,2479.05,4.7,France,2023-03-04 19:39:37
TXN-0006896,Jessica Jones,Electronics,1158.81,5,5794.05,3.2,Canada,2024-11-11 18:54:54
TXN-0005327,Jennifer Miller,Home & Kitchen,227.11,7,1589.77,2.9,Germany,2023-06-17 22:00:16
TXN-0000304,John White,Home & Kitchen,473.46,5,2367.3,1.5,Canada,2024-08-23 18:20:54
TXN-0001168,James Johnson,Electronics,803.61,7,5625.27,3.7,Germany,2024-07-27 00:00:00
TXN-0006151,Christopher Johnson,Books,1260.56,4,5042.24,1.6,India,2023-02-09 03:23:54
TXN-0001320,Charles Brown,Apparel,622.28,6,3733.68,1.6,Australia,2023-07-08 19:07:42
TXN-0003923,Patricia Smith,Books,959.37,3,2878.11,2.2,Australia,2024-06-05 07:34:34
TXN-0011915,Nancy Thomas,Books,117.78,4,471.12,2.4,United Kingdom,2024-12-31 00:00:00
TXN-0005231,James White,Sports & Outdoors,197.24,6,1183.44,4.7,United Kingdom,2024-07-17 02:32:04
TXN-0008930,William Jackson,Sports & Outdoors,1409.0,7,9863.0,1.5,Canada,2024-11-25 07:06:05
TXN-0002325,Elizabeth Williams,Sports & Outdoors,1270.78,8,10166.24,3.7,Brazil,2023-10-25 17:39:07
TXN-0007391,Daniel Lopez,Automotive,86.22,4,344.88,4.7,United States,2024-08-12 00:00:00
TXN-0002226,Sarah Moore,Home & Kitchen,1137.55,5,5687.75,4.1,Canada,2024-08-17 17:03:36
TXN-0006101,Elizabeth Jackson,Toys & Games,551.19,6,3307.14,3.4,United Kingdom,2024-07-21 00:00:00
TXN-0009416,Christopher Anderson,Electronics,79.91,3,239.73,1.7,France,2023-05-08 14:16:02
TXN-0004402,Daniel Anderson,Home & Kitchen,1191.96,5,5959.8,2.3,Netherlands,2024-12-16 13:10:10
TXN-0004950,Joseph Gonzalez,Toys & Games,402.6,5,2013.0,4.2,Germany,2024-04-28 19:15:38
TXN-0006940,Patricia Perez,Electronics,500.87,6,3005.22,4.9,Canada,2023-04-29 04:39:47
TXN-0004278,Daniel Davis,Sports & Outdoors,1262.5,5,6312.5,4.8,India,2023-11-19 11:52:03
TXN-0003180,Michael Johnson,Automotive,159.38,2,318.76,2.8,Brazil,2024-03-21 15:11:04
TXN-0002960,Christopher Jones,Apparel,205.33,2,410.66,2.6,France,2023-04-20 19:48:01
TXN-0000292,Linda Miller,Beauty & Personal Care,950.99,3,2852.97,3.5,Netherlands,2024-09-01 14:39:05
TXN-0008677,James Jackson,Home & Kitchen,751.76,3,2255.28,3.0,Australia,2023-09-11 00:00:00
TXN-0010149,Karen Garcia,Beauty & Personal Care,659.34,3,1978.02,2.0,Netherlands,2024-05-19 16:23:16
TXN-0003443,Susan Davis,Books,198.63,6,1191.78,3.8,France,2023-05-04 18:19:44
TXN-0003186,Jessica Lee,Automotive,160.13,8,1281.04,1.9,Germany,2024-03-17 02:53:22
TXN-0003598,Elizabeth Rodriguez,Apparel,281.13,1,281.13,3.5,India,2023-05-27 00:00:00
TXN-0003500,Michael Wilson,Electronics,188.06,5,940.3,4.1,Brazil,2024-06-19 04:34:24
TXN-0010161,Lisa Davis,Apparel,694.06,8,5552.48,3.8,France,2024-08-09 00:00:00
TXN-0000439,Barbara Taylor,Automotive,70.56,4,282.24,2.3,India,2023-03-05 23:01:49
TXN-0004484,Patricia Hernandez,Electronics,239.89,2,479.78,4.1,India,2024-12-31 00:00:00
TXN-0004021,Lisa Garcia,Electronics,94.03,6,564.18,1.6,France,2023-11-06 00:52:44
TXN-0003005,Linda Wilson,Automotive,157.26,7,1100.82,4.2,India,2023-05-16 17:02:30
TXN-0007658,Jennifer Martin,Apparel,1004.42,2,2008.84,3.5,India,2023-11-11 18:36:54
TXN-0002942,William Anderson,Beauty & Personal Care,395.42,5,1977.1,4.5,United Kingdom,2024-04-10 00:00:00
TXN-0011450,Jessica Martin,Beauty & Personal Care,1067.49,8,8539.92,4.1,Germany,2023-01-17 19:06:04
TXN-0002957,Elizabeth Hernandez,Sports & Outdoors,1175.71,3,3527.13,3.4,Canada,2023-03-18 08:04:54
TXN-0005844,Linda Johnson,Beauty & Personal Care,1344.49,8,10755.92,2.5,India,2023-05-01 04:52:27
TXN-0002548,Patricia Perez,Sports & Outdoors,772.66,7,5408.62,4.0,Canada,2024-12-07 01:59:01
TXN-0007356,Thomas Wilson,Home & Kitchen,1027.72,2,2055.44,1.0,Germany,2024-11-16 15:26:34
TXN-0008560,Christopher Miller,Sports & Outdoors,1400.3,2,2800.6,3.4,France,2023-03-10 05:27:45
TXN-0005482,Robert Jones,Home & Kitchen,1054.84,4,4219.36,4.5,United Kingdom,2024-04-21 00:00:00
TXN-0005127,Daniel Lee,Electronics,1084.24,6,6505.44,1.1,France,2023-06-30 15:16:16
TXN-0008340,Joseph Hernandez,Beauty & Personal Care,545.29,3,1635.87,1.6,France,2024-05-17 20:31:31
TXN-0000827,Robert Jones,Automotive,1002.5,3,3007.5,4.5,India,2023-09-10 14:28:15
TXN-0011724,Robert Williams,Home & Kitchen,1355.86,1,1355.86,1.2,Germany,2024-06-30 10:25:56
TXN-0011533,Karen White,Beauty & Personal Care,388.96,2,777.92,2.9,Australia,2024-02-21 09:02:28
TXN-0000511,Sarah Davis,Home & Kitchen,465.26,7,3256.82,2.0,India,2023-08-24 19:00:33
TXN-0000416,James Williams,Sports & Outdoors,845.69,8,6765.52,4.8,Brazil,2023-10-10 05:11:40
TXN-0007910,Lisa Miller,Books,883.88,2,1767.76,2.6,India,2024-02-03 18:22:02
TXN-0008975,Richard White,Books,93.32,8,746.56,1.9,Germany,2024-03-20 07:49:01
TXN-0007527,Daniel Garcia,Books,1173.69,2,2347.38,3.7,Germany,2023-01-23 12:49:07
TXN-0006948,Joseph Martinez,Beauty & Personal Care,171.01,8,1368.08,1.7,India,2023-07-25 03:39:27
TXN-0000297,Lisa Williams,Automotive,1275.91,7,8931.37,1.9,Australia,2023-11-30 17:07:40
TXN-0006140,Robert Davis,Apparel,1437.22,1,1437.22,1.1,United States,2024-05-09 08:56:47
TXN-0011325,William Moore,Apparel,569.97,2,1139.94,4.5,India,2023-02-14 01:31:17
TXN-0012032,Charles Thomas,Sports & Outdoors,655.84,6,3935.04,2.7,France,2023-05-29 00:00:00
TXN-0000946,Joseph Garcia,Automotive,725.84,4,2903.36,2.0,Canada,2023-05-13 09:06:05
TXN-0007060,David White,Electronics,209.27,6,1255.62,4.3,France,2024-12-08 00:00:00
TXN-0007824,Nancy Anderson,Toys & Games,329.34,3,988.02,2.2,Canada,2024-03-04 00:30:55
TXN-0000514,Christopher Gonzalez,Toys & Games,398.16,7,2787.12,3.5,Germany,2024-02-06 06:18:34
TXN-0006887,William Anderson,Sports & Outdoors,179.56,1,179.56,2.7,United Kingdom,2024-11-09 13:39:29
TXN-0008445,Lisa Martin,Automotive,1397.38,4,5589.52,2.0,United Kingdom,2024-03-14 16:17:08
TXN-0010460,David White,Automotive,1276.74,2,2553.48,3.7,Brazil,2024-10-09 00:00:00
TXN-0004891,David Moore,Sports & Outdoors,467.52,5,2337.6,2.1,Japan,2024-10-09 17:29:55
TXN-0000268,Karen Jones,Sports & Outdoors,906.8,4,3627.2,2.9,Australia,2023-05-18 23:23:55
TXN-0008547,Lisa Rodriguez,Electronics,869.95,2,1739.9,2.7,United Kingdom,2024-01-14 14:32:51
TXN-0002801,Christopher Moore,Toys & Games,1282.74,8,10261.92,1.9,United Kingdom,2023-11-01 04:38:36
TXN-0007223,William Jones,Books,953.5,8,7628.0,3.6,Netherlands,2023-11-01 06:46:55
TXN-0010734,James Anderson,Sports & Outdoors,516.72,4,2066.88,1.2,France,2023-09-30 00:00:00
TXN-0008851,Jessica Taylor,Beauty & Personal Care,742.33,3,2226.99,3.9,United Kingdom,2023-08-30 06:23:40
TXN-0011658,Sarah Gonzalez,Automotive,1045.47,4,4181.88,4.6,Japan,2024-04-28 01:14:44
TXN-0003845,David Johnson,Sports & Outdoors,223.62,8,1788.96,4.5,Japan,2023-07-22 13:29:02
TXN-0006293,Jessica Jones,Beauty & Personal Care,675.84,4,2703.36,4.0,United Kingdom,2024-07-21 01:51:59
TXN-0007268,Jennifer Taylor,Apparel,1107.76,2,2215.52,2.7,Germany,2024-08-16 11:16:00
TXN-0002508,Jessica Hernandez,Beauty & Personal Care,495.74,5,2478.7,3.8,Canada,2023-04-09 12:25:35
TXN-0011165,William Brown,Electronics,604.44,1,604.44,1.9,United Kingdom,2024-10-04 00:00:00
TXN-0005691,Thomas Williams,Toys & Games,469.85,3,1409.55,4.4,Brazil,2024-07-08 04:56:56
TXN-0004794,Elizabeth Miller,Electronics,598.78,4,2395.12,1.6,India,2024-03-24 09:38:37
TXN-0003378,Michael Hernandez,Toys & Games,1091.95,4,4367.8,1.4,Brazil,2023-04-28 18:06:43
TXN-0001138,Joseph Smith,Electronics,137.2,3,411.6,3.5,Japan,2023-08-23 20:57:28
TXN-0007762,James Lopez,Toys & Games,352.67,7,2468.69,4.4,Germany,2023-02-07 05:19:14
TXN-0008931,Charles Smith,Automotive,1222.43,8,9779.44,2.3,Germany,2023-09-01 14:15:29
TXN-0011453,Jessica Martinez,Beauty & Personal Care,294.18,4,1176.72,3.8,United States,2023-06-02 04:00:00
TXN-0002864,Jennifer Jones,Home & Kitchen,229.7,5,1148.5,3.2,India,2024-12-31 00:00:00
TXN-0003219,Richard Lee,Automotive,160.59,3,481.77,2.5,Japan,2024-03-07 13:20:22
TXN-0002973,Michael Moore,Toys & Games,1383.55,8,11068.4,4.3,United States,2023-08-04 05:24:37
TXN-0005014,Michael Jones,Automotive,235.02,2,470.04,2.9,United States,2024-05-07 09:39:22
TXN-0007295,David Thomas,Apparel,1193.92,8,9551.36,3.3,Japan,2023-05-30 19:54:45
TXN-0003413,Susan Jackson,Beauty & Personal Care,211.59,2,423.18,4.9,France,2024-08-06 18:20:17
TXN-0010288,Michael Taylor,Books,281.41,5,1407.05,1.6,Netherlands,2024-05-23 20:14:19
TXN-0006619,Barbara Rodriguez,Sports & Outdoors,1008.29,4,4033.16,2.0,United Kingdom,2023-02-02 04:40:03
TXN-0001063,David Martinez,Apparel,527.17,7,3690.19,2.9,Germany,2024-02-20 22:33:38
TXN-0003061,Joseph White,Books,814.39,6,4886.34,2.5,Canada,2024-10-27 05:18:21
TXN-0012249,Sarah Lee,Electronics,1199.34,1,1199.34,4.3,Germany,2023-06-16 16:28:36
TXN-0005767,Charles Hernandez,Apparel,48.73,7,341.11,3.1,Japan,2023-05-23 20:35:58
TXN-0007053,Nancy Johnson,Automotive,960.64,1,960.64,2.9,Japan,2023-01-12 15:52:17
TXN-0006195,Sarah Garcia,Home & Kitchen,440.99,7,3086.93,3.6,United Kingdom,2023-12-01 19:16:08
TXN-0004127,John Thompson,Apparel,213.55,1,213.55,4.5,Germany,2024-08-16 15:25:22
TXN-0007767,John Jones,Automotive,330.8,8,2646.4,4.0,India,2023-08-18 22:28:00
TXN-0012011,Sarah Wilson,Electronics,432.2,3,1296.6,3.5,France,2023-09-11 00:00:00
TXN-0009518,Linda Taylor,Apparel,270.78,3,812.34,2.7,Brazil,2024-02-21 00:00:00
TXN-0005683,John Perez,Automotive,1336.67,7,9356.69,2.0,United States,2024-07-12 00:00:00
TXN-0011067,Daniel Williams,Electronics,1124.78,4,4499.12,2.2,United Kingdom,2023-12-22 15:02:19
TXN-0004937,Nancy Thomas,Electronics,401.23,1,401.23,4.5,Canada,2023-10-02 03:14:25
TXN-0010662,Christopher Anderson,Beauty & Personal Care,225.15,2,450.3,5.0,Netherlands,2024-07-22 22:40:45
TXN-0011290,Richard Smith,Books,973.86,4,3895.44,4.6,India,2023-03-26 00:00:00
TXN-0001443,Michael Thompson,Home & Kitchen,12.08,4,48.32,3.6,France,2024-12-11 21:24:11
TXN-0011457,Jennifer Brown,Home & Kitchen,664.27,4,2657.08,3.3,United Kingdom,2023-04-03 04:13:05
TXN-0000090,David Rodriguez,Beauty & Personal Care,1455.43,7,10188.01,4.5,Canada,2024-10-02 17:45:27
TXN-0003982,Patricia White,Sports & Outdoors,409.99,5,2049.95,4.7,Germany,2023-03-07 00:00:00
TXN-0011309,Barbara Taylor,Apparel,1279.21,1,1279.21,3.9,United Kingdom,2024-01-18 09:58:58
TXN-0006486,William Johnson,Toys & Games,1255.54,8,10044.32,4.2,Netherlands,2023-07-24 00:00:00
TXN-0004411,Jessica Brown,Beauty & Personal Care,144.96,5,724.8,1.6,Canada,2023-07-24 00:00:00
TXN-0012393,Mary Miller,Home & Kitchen,1064.86,2,2129.72,4.5,Australia,2024-01-17 00:00:00
TXN-0011056,Daniel Martin,Automotive,480.89,4,1923.56,4.4,Japan,2024-05-25 10:22:21
TXN-0011337,Michael Thompson,Electronics,1414.72,1,1414.72,2.7,Germany,2024-10-03 00:00:00
TXN-0010986,Karen Smith,Automotive,217.15,3,651.45,2.0,France,2023-10-08 12:35:17
TXN-0010764,Patricia Davis,Home & Kitchen,1251.78,5,6258.9,1.9,United Kingdom,2024-08-07 15:35:14
TXN-0008858,Karen Rodriguez,Sports & Outdoors,124.56,1,124.56,1.6,Japan,2024-01-02 00:00:00
TXN-0008514,David Wilson,Automotive,1328.09,4,5312.36,2.1,Japan,2024-08-03 00:00:00
TXN-0005075,Christopher Brown,Sports & Outdoors,400.99,4,1603.96,2.4,Canada,2023-02-25 21:41:13
TXN-0011890,Linda Wilson,Electronics,600.16,4,2400.64,3.7,India,2023-03-27 19:34:44
TXN-0005278,Richard Lopez,Automotive,244.02,5,1220.1,4.5,United Kingdom,2024-12-22 15:33:27
TXN-0004953,Robert Lee,Sports & Outdoors,394.52,8,3156.16,1.1,Australia,2024-05-01 08:50:01
TXN-0001602,Jessica Miller,Electronics,656.13,3,1968.39,2.8,Germany,2024-04-03 14:24:40
TXN-0010504,Patricia Jackson,Automotive,1158.09,2,2316.18,4.0,Canada,2024-05-23 00:00:00
TXN-0005442,Charles Lee,Home & Kitchen,219.3,4,877.2,1.3,Australia,2024-12-26 10:46:22
TXN-0003309,Karen Anderson,Toys & Games,177.24,7,1240.68,4.1,Brazil,2023-01-04 17:27:01
TXN-0006865,Christopher Jones,Home & Kitchen,515.44,2,1030.88,2.2,Japan,2023-12-03 19:41:11
TXN-0000342,Mary Thomas,Beauty & Personal Care,1499.41,3,4498.23,1.4,Netherlands,2024-05-25 04:50:25
TXN-0010690,Joseph Lee,Books,694.91,1,694.91,4.2,Australia,2023-01-29 10:42:28
TXN-0002572,Elizabeth Williams,Sports & Outdoors,1426.71,2,2853.42,4.0,India,2024-12-28 04:12:02
TXN-0010611,William Wilson,Beauty & Personal Care,995.63,8,7965.04,4.1,Brazil,2024-05-14 14:15:35
TXN-0011092,Elizabeth Brown,Beauty & Personal Care,965.13,4,3860.52,4.0,Australia,2023-03-29 01:22:28
TXN-0007814,John Martinez,Books,359.08,8,2872.64,3.7,Brazil,2024-09-27 00:00:00
TXN-0011301,Elizabeth Brown,Apparel,40.65,3,121.95,4.2,India,2024-04-30 00:00:00
TXN-0008487,Elizabeth Jackson,Toys & Games,537.47,6,3224.82,5.0,United Kingdom,2023-09-07 22:20:28
TXN-0011128,Richard Gonzalez,Apparel,268.39,8,2147.12,1.8,Japan,2024-12-05 08:42:24
TXN-0010171,Mary Jones,Sports & Outdoors,233.87,6,1403.22,3.7,Japan,2024-07-07 07:22:36
TXN-0009092,Joseph Martinez,Beauty & Personal Care,404.26,1,404.26,1.5,Germany,2024-10-06 06:20:17
TXN-0005953,Jennifer Thompson,Apparel,986.55,6,5919.3,2.3,Netherlands,2024-08-06 23:15:32
TXN-0010287,Sarah Lee,Toys & Games,1219.22,8,9753.76,3.0,United States,2024-06-26 15:05:12
TXN-0002936,John Taylor,Toys & Games,732.86,1,732.86,2.1,Brazil,2023-12-25 12:04:11
TXN-0004843,Elizabeth Miller,Books,1300.88,8,10407.04,2.3,Japan,2023-09-16 04:22:52
TXN-0009357,Linda Thompson,Toys & Games,519.63,7,3637.41,3.7,Brazil,2024-09-20 07:55:31
TXN-0004069,James Miller,Toys & Games,580.48,4,2321.92,2.6,Japan,2024-07-13 06:33:21
TXN-0006131,Jennifer Hernandez,Sports & Outdoors,1016.89,8,8135.12,1.2,United Kingdom,2023-05-14 18:43:50
TXN-0005620,Joseph Perez,Books,725.82,2,1451.64,4.9,Netherlands,2023-02-05 06:26:47
TXN-0001532,Charles Thompson,Sports & Outdoors,38.73,8,309.84,1.3,France,2024-06-21 08:06:54
TXN-0005461,Michael Lee,Automotive,1463.72,1,1463.72,3.8,Netherlands,2023-11-20 00:47:58
TXN-0007456,William Perez,Home & Kitchen,1212.09,3,3636.27,2.4,Canada,2023-07-28 22:52:48
TXN-0007827,Nancy Johnson,Home & Kitchen,1333.54,3,4000.62,5.0,France,2024-04-20 06:42:44
TXN-0010065,Richard Gonzalez,Toys & Games,65.52,6,393.12,4.1,Japan,2023-04-28 07:04:50
TXN-0006992,Daniel Perez,Apparel,816.96,6,4901.76,2.2,United Kingdom,2023-07-28 00:00:00
TXN-0007109,John Jackson,Beauty & Personal Care,123.16,7,862.12,4.9,India,2024-11-12 18:43:04
TXN-0009295,Michael Garcia,Home & Kitchen,1070.14,7,7490.98,1.8,Australia,2023-11-20 00:00:00
TXN-0008511,Mary Martin,Beauty & Personal Care,1327.36,1,1327.36,3.5,Australia,2023-08-06 05:00:11
TXN-0009506,Robert Jackson,Toys & Games,112.35,8,898.8,1.5,Canada,2024-07-22 01:32:51
TXN-0004999,Christopher Martin,Beauty & Personal Care,847.95,3,2543.85,1.7,Australia,2024-02-12 09:13:13
TXN-0003510,Richard Taylor,Beauty & Personal Care,1360.42,3,4081.26,4.9,Netherlands,2024-06-17 03:04:45
TXN-0009321,Charles Garcia,Sports & Outdoors,956.55,5,4782.75,2.9,Netherlands,2024-12-10 08:16:16
TXN-0008559,Jessica Anderson,Automotive,161.84,5,809.2,4.0,France,2023-11-30 09:07:45
TXN-0004956,Patricia Garcia,Automotive,74.46,4,297.84,1.8,Japan,2024-04-16 04:43:54
TXN-0012169,Charles Thomas,Beauty & Personal Care,1236.41,7,8654.87,1.9,Australia,2024-11-15 00:00:00
TXN-0007287,Richard Perez,Automotive,1115.59,6,6693.54,1.4,France,2024-05-01 00:00:00
TXN-0004853,Karen Lopez,Books,1080.67,3,3242.01,2.1,United Kingdom,2024-04-12 04:20:45
TXN-0009337,Christopher Lee,Automotive,1159.61,5,5798.05,3.1,United States,2024-04-09 05:56:06
TXN-0004110,Thomas Anderson,Beauty & Personal Care,408.38,6,2450.28,3.0,India,2024-08-07 09:46:50
TXN-0000349,Richard Martinez,Sports & Outdoors,270.67,1,270.67,4.8,United Kingdom,2024-03-20 22:24:52
TXN-0005202,Barbara Thompson,Home & Kitchen,26.32,1,26.32,4.0,France,2024-03-05 00:00:00
TXN-0012018,Lisa Thomas,Automotive,1256.76,4,5027.04,3.1,Australia,2024-05-12 07:02:33
TXN-0011886,Charles Jackson,Sports & Outdoors,829.48,1,829.48,1.3,Netherlands,2024-01-04 14:13:58
TXN-0009307,Patricia Anderson,Electronics,375.46,8,3003.68,2.0,United Kingdom,2024-04-04 14:16:28
TXN-0001833,Patricia Anderson,Home & Kitchen,1253.6,3,3760.8,4.8,Australia,2024-11-08 07:22:53
TXN-0005054,Barbara Thomas,Apparel,276.95,4,1107.8,1.1,Germany,2024-01-10 00:00:00
TXN-0011903,Susan Brown,Home & Kitchen,407.0,7,2849.0,2.3,United States,2024-02-21 00:29:19
TXN-0003558,Sarah Smith,Sports & Outdoors,651.37,8,5210.96,4.4,United Kingdom,2023-05-30 02:55:37
TXN-0008368,John Taylor,Toys & Games,524.02,3,1572.06,1.8,United States,2023-02-28 10:08:16
TXN-0003114,Elizabeth Martinez,Apparel,757.34,4,3029.36,4.4,India,2024-07-02 02:32:49
TXN-0000270,Barbara Brown,Books,1495.91,3,4487.73,3.7,Netherlands,2024-03-03 00:00:00
TXN-0005843,Daniel Hernandez,Beauty & Personal Care,40.84,1,40.84,4.1,United States,2023-08-20 07:41:51
TXN-0003191,David Anderson,Apparel,1321.85,2,2643.7,2.6,Canada,2023-09-21 07:26:24
TXN-0000534,Karen Rodriguez,Electronics,1252.51,2,2505.02,4.8,Canada,2024-08-02 00:00:00
TXN-0011412,Thomas Brown,Books,241.5,2,483.0,1.4,United Kingdom,2024-03-10 20:34:30
TXN-0008424,Lisa Jones,Automotive,1402.27,3,4206.81,1.2,United Kingdom,2024-03-19 00:18:10
TXN-0005717,Mary Rodriguez,Beauty & Personal Care,1252.93,7,8770.51,3.0,Canada,2024-10-31 10:27:51
TXN-0001763,Linda Lee,Sports & Outdoors,30.14,8,241.12,2.8,France,2024-04-10 03:06:24
TXN-0006511,Jessica Davis,Electronics,953.07,6,5718.42,4.8,Netherlands,2024-07-02 00:32:48
TXN-0010642,Christopher Thomas,Beauty & Personal Care,286.51,8,2292.08,4.5,France,2023-05-20 09:28:02
TXN-0003421,Linda Hernandez,Beauty & Personal Care,1181.83,4,4727.32,3.6,United Kingdom,2024-01-11 11:06:11
TXN-0010616,Jessica Thompson,Sports & Outdoors,578.42,8,4627.36,4.2,Germany,2023-03-18 01:05:59
TXN-0010157,John Martinez,Sports & Outdoors,801.09,1,801.09,2.1,Japan,2023-01-16 00:45:11
TXN-0007450,Lisa Wilson,Automotive,640.24,5,3201.2,1.4,United States,2024-01-30 13:03:30
TXN-0011879,Thomas Williams,Toys & Games,759.65,6,4557.9,2.1,Germany,2023-11-04 04:12:23
TXN-0010801,William Moore,Electronics,1030.47,3,3091.41,3.4,India,2024-09-26 03:09:11
TXN-0009408,Robert Thomas,Books,828.73,2,1657.46,1.2,Australia,2024-09-17 17:28:42
TXN-0001430,Barbara Brown,Apparel,564.38,3,1693.14,4.6,Netherlands,2024-07-02 15:38:44
TXN-0005168,Susan Perez,Books,318.25,7,2227.75,4.6,Canada,2023-08-20 06:12:01
TXN-0006186,Jessica Garcia,Automotive,1370.9,3,4112.7,2.2,Brazil,2024-09-11 02:18:40
TXN-0010481,Daniel Anderson,Home & Kitchen,74.74,1,74.74,1.4,United Kingdom,2023-04-25 02:03:36
TXN-0002299,Patricia Lee,Toys & Games,1142.04,6,6852.24,3.7,United Kingdom,2024-04-24 02:42:45
TXN-0004230,Karen Williams,Apparel,47.77,3,143.31,1.0,Japan,2024-12-31 00:00:00
TXN-0002238,Patricia Thompson,Toys & Games,80.14,1,80.14,1.6,Germany,2023-11-07 04:32:27
TXN-0003944,Christopher Jackson,Home & Kitchen,567.45,6,3404.7,4.4,India,2024-11-17 07:01:41
TXN-0004092,William Wilson,Automotive,1079.43,1,1079.43,4.0,Germany,2024-02-06 22:36:14
TXN-0011660,James Gonzalez,Home & Kitchen,67.16,6,402.96,4.9,Canada,2024-10-02 02:54:15
TXN-0009637,Patricia Lopez,Automotive,402.72,3,1208.16,4.6,United States,2023-02-21 20:23:49
TXN-0002430,David Taylor,Automotive,126.43,1,126.43,3.9,United States,2023-08-18 07:34:51
TXN-0001512,Joseph Rodriguez,Books,682.73,3,2048.19,3.3,Netherlands,2023-09-08 17:29:50
TXN-0003463,James Perez,Apparel,1410.32,7,9872.24,3.7,India,2023-06-22 00:04:38
TXN-0006769,Patricia Rodriguez,Electronics,985.89,2,1971.78,4.5,India,2023-12-06 05:44:42
TXN-0007855,Elizabeth Garcia,Apparel,321.97,5,1609.85,3.9,Canada,2023-06-18 00:00:00
TXN-0010917,David Thomas,Electronics,1270.96,5,6354.8,2.3,United Kingdom,2023-09-26 08:27:06
TXN-0000727,Elizabeth Thompson,Apparel,648.87,5,3244.35,3.9,India,2024-01-14 14:49:06
TXN-0008171,Nancy Martinez,Toys & Games,1255.72,1,1255.72,3.0,Germany,2023-06-30 16:15:46
TXN-0008194,Thomas White,Toys & Games,1294.98,8,10359.84,1.3,United Kingdom,2023-06-09 15:19:51
TXN-0006634,Charles Davis,Beauty & Personal Care,189.34,8,1514.72,3.2,Australia,2024-09-07 04:54:32
TXN-0010934,Barbara Johnson,Sports & Outdoors,1098.18,7,7687.26,4.1,France,2023-05-15 05:20:34
TXN-0001286,Mary Rodriguez,Toys & Games,249.5,2,499.0,2.9,United Kingdom,2023-03-06 04:31:48
TXN-0000836,Mary Miller,Books,881.11,8,7048.88,3.0,Netherlands,2024-01-27 19:05:37
TXN-0009595,Susan Martin,Sports & Outdoors,1320.91,2,2641.82,2.8,Canada,2023-04-16 20:42:29
TXN-0004654,Nancy Hernandez,Apparel,932.37,7,6526.59,4.3,Germany,2023-06-01 14:07:39
TXN-0005619,John Johnson,Automotive,663.35,8,5306.8,4.2,Japan,2024-02-23 02:34:42
TXN-0010970,Sarah Taylor,Books,200.88,4,803.52,4.0,United Kingdom,2023-08-18 16:41:57
TXN-0005386,Christopher Lee,Beauty & Personal Care,204.54,8,1636.32,3.6,United Kingdom,2023-09-07 00:00:00
TXN-0001531,Nancy Smith,Automotive,26.44,2,52.88,3.9,United Kingdom,2023-12-20 14:22:26
TXN-0010944,William Brown,Books,933.51,3,2800.53,4.8,France,2023-10-05 15:46:03
TXN-0003696,Joseph Miller,Beauty & Personal Care,546.22,2,1092.44,5.0,Netherlands,2024-09-26 22:06:04
TXN-0008045,John Martinez,Electronics,1422.73,5,7113.65,4.2,United States,2024-12-17 22:18:05
TXN-0003326,Michael Wilson,Electronics,1444.03,7,10108.21,1.7,Australia,2023-12-19 09:10:44
TXN-0011269,Nancy Davis,Home & Kitchen,1386.51,2,2773.02,3.9,Japan,2024-09-13 12:21:43
TXN-0006636,William Jones,Automotive,1107.29,7,7751.03,2.3,Canada,2023-08-07 22:14:08
TXN-0000636,John Smith,Toys & Games,790.27,8,6322.16,2.4,Canada,2024-07-17 07:39:07
TXN-0009875,Lisa Perez,Home & Kitchen,562.64,4,2250.56,3.2,Australia,2024-02-03 20:47:45
TXN-0002807,Daniel Anderson,Automotive,1372.44,8,10979.52,4.6,Germany,2024-10-17 23:17:54
TXN-0012388,David Jones,Electronics,382.03,6,2292.18,2.2,Brazil,2024-05-16 00:00:00
TXN-0009446,Jessica Wilson,Toys & Games,1360.44,1,1360.44,4.7,Japan,2024-08-20 12:52:31
TXN-0007336,Charles Hernandez,Sports & Outdoors,1137.34,3,3412.02,4.6,Germany,2023-08-04 01:20:43
TXN-0007488,Karen Moore,Automotive,1350.07,6,8100.42,2.0,Canada,2023-08-15 00:00:00
TXN-0008140,Linda Jones,Apparel,1485.88,3,4457.64,2.0,Germany,2024-07-05 05:10:37
TXN-0012236,John Taylor,Home & Kitchen,342.27,5,1711.35,3.7,United Kingdom,2023-10-24 18:51:15
TXN-0011650,Daniel Anderson,Apparel,585.26,6,3511.56,3.6,United States,2023-09-30 19:15:10
TXN-0009125,Lisa Jackson,Toys & Games,252.29,4,1009.16,1.8,India,2023-10-28 00:24:57
TXN-0000269,David Martinez,Automotive,1174.05,6,7044.3,2.5,Netherlands,2024-09-26 04:33:39
TXN-0002247,John Lee,Toys & Games,220.39,3,661.17,1.9,United States,2024-04-01 11:46:02
TXN-0011298,Karen Williams,Electronics,800.22,2,1600.44,2.2,United States,2024-10-23 01:07:11
TXN-0002517,Michael Taylor,Beauty & Personal Care,1325.14,5,6625.7,4.8,Japan,2024-07-20 04:12:44
TXN-0006544,James Martinez,Beauty & Personal Care,1200.67,7,8404.69,1.9,Brazil,2024-03-04 05:19:34
TXN-0002966,Sarah Anderson,Home & Kitchen,917.04,2,1834.08,2.2,United Kingdom,2023-05-25 16:15:21
TXN-0008962,Christopher White,Apparel,1419.87,8,11358.96,3.5,United States,2023-05-21 01:53:58
TXN-0007831,Nancy Thomas,Automotive,961.12,4,3844.48,4.9,United Kingdom,2023-01-14 00:00:00
TXN-0007042,William Perez,Sports & Outdoors,1182.22,1,1182.22,2.4,Australia,2024-07-24 13:53:56
TXN-0006864,Charles Perez,Beauty & Personal Care,1437.46,2,2874.92,1.0,Canada,2023-07-31 16:23:26
TXN-0010348,Richard White,Books,483.46,6,2900.76,4.7,Germany,2023-11-23 22:04:01
TXN-0002167,Barbara Smith,Electronics,323.22,6,1939.32,3.9,United States,2024-08-13 03:10:55
TXN-0004601,Richard Taylor,Home & Kitchen,732.08,1,732.08,2.2,United Kingdom,2024-11-03 07:43:04
TXN-0006413,Nancy Taylor,Electronics,342.47,3,1027.41,4.6,India,2023-04-05 19:00:02
TXN-0001732,Robert Johnson,Home & Kitchen,907.52,2,1815.04,4.5,France,2024-05-11 13:12:03
TXN-0007685,Thomas Smith,Home & Kitchen,498.03,2,996.06,3.6,United States,2024-01-28 18:14:26
TXN-0002006,Linda Jones,Apparel,381.68,5,1908.4,2.1,United States,2023-08-05 12:29:02
TXN-0007576,David Brown,Beauty & Personal Care,925.01,3,2775.03,1.8,United States,2023-07-11 09:17:11
TXN-0010144,Karen Anderson,Electronics,565.44,6,3392.64,1.4,Germany,2023-11-22 23:18:54
TXN-0007027,Daniel Anderson,Toys & Games,1414.13,8,11313.04,3.8,Canada,2023-11-16 10:06:00
TXN-0004749,Jessica Jones,Automotive,59.31,5,296.55,2.5,United Kingdom,2024-06-24 16:23:46
TXN-0008269,Sarah Johnson,Home & Kitchen,729.22,2,1458.44,3.9,Brazil,2023-03-11 14:25:34
TXN-0005414,Thomas Brown,Books,753.75,3,2261.25,1.2,Japan,2024-05-02 21:56:59
TXN-0009750,Joseph Miller,Apparel,461.46,1,461.46,1.5,Netherlands,2023-04-27 10:15:15
TXN-0005542,Karen Taylor,Automotive,973.74,5,4868.7,3.0,Canada,2024-06-13 10:13:36
TXN-0010816,Barbara Moore,Beauty & Personal Care,233.66,6,1401.96,1.7,France,2023-03-14 01:14:49
TXN-0001191,Susan Williams,Toys & Games,218.9,6,1313.4,3.4,France,2023-10-07 20:14:07
TXN-0003807,Nancy White,Beauty & Personal Care,764.44,1,764.44,2.3,United Kingdom,2024-12-20 06:57:33
TXN-0012499,Nancy Garcia,Sports & Outdoors,901.78,5,4508.9,2.8,Australia,2024-03-05 07:59:44
TXN-0005841,Mary Miller,Beauty & Personal Care,1094.98,3,3284.94,2.3,Japan,2024-06-22 08:39:53
TXN-0004952,Charles Garcia,Home & Kitchen,559.21,8,4473.68,1.4,India,2023-10-16 14:30:23
TXN-0006234,John Jackson,Automotive,1119.24,2,2238.48,2.5,Japan,2023-08-13 00:00:00
TXN-0002758,Charles Williams,Sports & Outdoors,1476.19,1,1476.19,2.8,Germany,2023-10-09 01:17:38
TXN-0008180,Daniel Moore,Toys & Games,1459.07,6,8754.42,1.1,Canada,2023-08-25 19:40:53
TXN-0003270,Christopher Jones,Automotive,1264.89,6,7589.34,1.1,United States,2024-07-24 20:19:44
TXN-0008907,David Perez,Beauty & Personal Care,589.33,6,3535.98,5.0,Australia,2024-08-08 17:33:00
TXN-0012412,Thomas Garcia,Home & Kitchen,1223.38,3,3670.14,2.9,France,2024-04-12 13:25:31
TXN-0002483,Karen Moore,Home & Kitchen,1290.07,1,1290.07,3.4,United States,2023-09-05 00:00:00
TXN-0006601,Lisa Moore,Apparel,1206.46,6,7238.76,3.8,Australia,2023-04-03 07:01:15
TXN-0006827,Barbara Taylor,Home & Kitchen,1460.12,8,11680.96,4.9,Germany,2024-04-25 21:44:24
TXN-0000323,David Williams,Automotive,556.53,5,2782.65,3.3,United States,2023-08-25 01:16:48
TXN-0001632,Mary Johnson,Sports & Outdoors,283.91,8,2271.28,2.9,Japan,2023-11-05 17:44:37
TXN-0010624,Robert Thomas,Home & Kitchen,25.11,2,50.22,3.9,France,2024-06-17 20:15:32
TXN-0009722,John Hernandez,Automotive,1208.84,3,3626.52,2.0,United Kingdom,2024-06-08 16:36:45
TXN-0004404,James Hernandez,Toys & Games,1197.9,4,4791.6,3.6,India,2023-05-03 04:14:31
TXN-0004347,Sarah Moore,Toys & Games,949.79,6,5698.74,1.4,India,2023-01-08 22:59:29
TXN-0004015,Jennifer Garcia,Automotive,1128.51,3,3385.53,3.5,Netherlands,2024-03-12 23:46:15
TXN-0007023,James Miller,Toys & Games,993.54,5,4967.7,1.5,Germany,2024-08-28 21:42:48
TXN-0006723,Susan Johnson,Home & Kitchen,1303.04,5,6515.2,4.8,India,2024-12-08 17:31:45
TXN-0008698,Lisa Perez,Sports & Outdoors,1448.0,1,1448.0,1.0,Canada,2024-09-13 20:29:29
TXN-0003848,Charles Taylor,Beauty & Personal Care,475.42,5,2377.1,3.5,Brazil,2024-08-06 00:00:00
TXN-0007052,Mary Jones,Sports & Outdoors,605.06,6,3630.36,4.5,Australia,2023-07-01 04:26:27
TXN-0008066,David Brown,Apparel,723.97,2,1447.94,4.4,Australia,2024-08-31 13:26:23
TXN-0010633,Mary Thompson,Sports & Outdoors,483.5,1,483.5,2.6,Canada,2024-12-03 06:31:37
TXN-0008120,Jessica Davis,Automotive,1047.37,5,5236.85,3.0,Netherlands,2023-01-30 11:02:45
TXN-0006386,William Martin,Home & Kitchen,983.81,5,4919.05,4.1,Netherlands,2023-12-11 06:18:56
TXN-0009051,Jennifer Anderson,Electronics,1398.61,8,11188.88,2.7,Netherlands,2023-05-08 18:12:21
TXN-0002014,Mary Garcia,Books,1416.45,1,1416.45,2.1,Canada,2024-10-16 02:45:18
TXN-0008102,Nancy Martinez,Electronics,1065.61,7,7459.27,3.7,Japan,2023-12-19 02:53:38
TXN-0002194,Karen Jackson,Sports & Outdoors,945.51,7,6618.57,2.0,Japan,2024-12-04 17:43:12
TXN-0001724,Robert Brown,Home & Kitchen,1068.4,8,8547.2,3.1,Canada,2024-07-14 05:06:23
TXN-0003859,John Davis,Toys & Games,983.08,3,2949.24,3.4,Australia,2023-09-09 00:27:41
TXN-0005867,Karen Taylor,Electronics,1081.13,5,5405.65,2.8,United States,2024-06-16 15:41:19
TXN-0000940,Nancy Gonzalez,Toys & Games,90.58,6,543.48,4.5,Netherlands,2024-09-18 00:00:00
TXN-0001254,Christopher Rodriguez,Apparel,842.93,8,6743.44,3.8,Japan,2023-07-14 14:23:10
TXN-0003772,James Williams,Electronics,170.24,2,340.48,1.9,France,2023-10-12 13:56:49
TXN-0003007,Barbara Miller,Beauty & Personal Care,698.4,2,1396.8,5.0,Netherlands,2024-05-30 00:00:00
TXN-0003077,Thomas Smith,Sports & Outdoors,546.35,5,2731.75,4.6,United Kingdom,2024-02-16 04:52:01
TXN-0002197,Elizabeth Martinez,Apparel,587.84,5,2939.2,3.5,France,2024-12-30 11:16:06
TXN-0000056,Richard Thompson,Apparel,101.02,7,707.14,2.3,Germany,2023-12-28 21:27:30
TXN-0010066,Linda Wilson,Apparel,1362.1,3,4086.3,4.1,Germany,2023-01-29 11:07:55
TXN-0011200,Susan Rodriguez,Sports & Outdoors,1204.36,3,3613.08,2.0,Australia,2024-05-18 00:48:34
TXN-0008274,Christopher Smith,Home & Kitchen,345.27,1,345.27,4.3,United Kingdom,2024-09-03 00:00:00
TXN-0004178,Charles Brown,Electronics,1298.53,1,1298.53,2.2,Brazil,2023-03-27 01:19:40
TXN-0008469,John Hernandez,Sports & Outdoors,1459.58,3,4378.74,4.7,United Kingdom,2024-08-01 03:51:01
TXN-0011721,Joseph Rodriguez,Beauty & Personal Care,1122.44,1,1122.44,3.4,France,2024-10-31 16:10:57
TXN-0010006,James Smith,Toys & Games,984.96,1,984.96,2.2,United States,2024-03-28 01:15:11
TXN-0002867,Michael Brown,Apparel,694.19,6,4165.14,4.3,Netherlands,2023-12-15 11:05:39
TXN-0011175,David Gonzalez,Apparel,1282.55,8,10260.4,4.1,France,2023-02-25 00:02:01
TXN-0001161,John Anderson,Toys & Games,1311.6,2,2623.2,1.5,Japan,2024-02-06 18:10:49
TXN-0000868,James Lee,Books,702.47,4,2809.88,2.0,Germany,2024-07-24 13:40:43
TXN-0002702,Susan Wilson,Toys & Games,92.33,3,276.99,3.6,Australia,2024-05-18 09:30:30
TXN-0003120,Michael Johnson,Apparel,637.54,2,1275.08,4.4,Germany,2023-04-29 11:18:36
TXN-0005346,David Gonzalez,Sports & Outdoors,208.92,7,1462.44,1.9,France,2023-06-13 16:25:13
TXN-0005671,William Taylor,Sports & Outdoors,971.11,7,6797.77,1.4,Netherlands,2023-10-26 23:33:48
TXN-0006035,Richard White,Beauty & Personal Care,1327.16,4,5308.64,2.0,France,2023-12-26 00:27:28
TXN-0005016,Elizabeth Rodriguez,Books,423.35,7,2963.45,1.0,Germany,2024-05-19 12:32:23
TXN-0004728,Sarah Perez,Toys & Games,1374.16,7,9619.12,3.3,United States,2024-09-11 09:28:00
TXN-0006328,Charles Brown,Electronics,470.53,3,1411.59,2.0,United States,2023-01-29 08:26:27
TXN-0011582,Thomas Smith,Sports & Outdoors,79.06,3,237.18,4.5,India,2024-12-31 00:00:00
TXN-0000710,John Wilson,Home & Kitchen,33.12,8,264.96,4.0,Canada,2023-02-03 00:34:23
TXN-0008017,Patricia Jackson,Apparel,103.34,6,620.04,3.7,Japan,2024-09-23 20:28:36
TXN-0012404,Nancy Miller,Automotive,1297.63,3,3892.89,1.3,United Kingdom,2024-02-23 22:46:49
TXN-0002660,James Lopez,Home & Kitchen,1485.66,6,8913.96,2.7,Netherlands,2023-09-28 04:43:52
TXN-0003169,Susan Smith,Sports & Outdoors,1210.97,7,8476.79,2.8,United States,2023-08-18 20:12:10
TXN-0007884,Susan Anderson,Apparel,1198.69,7,8390.83,2.9,Germany,2023-11-30 23:27:34
TXN-0002309,Joseph Rodriguez,Toys & Games,34.79,8,278.32,3.7,India,2023-10-04 21:46:40
TXN-0000921,Charles Anderson,Books,1294.33,8,10354.64,1.3,France,2023-10-07 07:05:35
TXN-0004155,Daniel Jones,Sports & Outdoors,99.72,5,498.6,2.0,Netherlands,2023-07-11 21:37:21
TXN-0007842,Christopher Rodriguez,Sports & Outdoors,1351.06,4,5404.24,1.0,India,2024-05-06 13:48:21
TXN-0000629,John Jones,Apparel,1130.38,7,7912.66,4.1,India,2023-07-04 19:39:42
TXN-0012270,Robert Lee,Beauty & Personal Care,1178.71,6,7072.26,1.9,Australia,2024-07-12 00:00:00
TXN-0001092,Richard Brown,Sports & Outdoors,1192.18,8,9537.44,2.7,United Kingdom,2023-12-13 12:58:58
TXN-0007079,Susan Garcia,Sports & Outdoors,331.08,1,331.08,1.7,Japan,2024-08-19 09:51:59
TXN-0005519,Thomas White,Books,1308.76,2,2617.52,2.7,Brazil,2023-08-22 09:03:07
TXN-0012161,Lisa Johnson,Apparel,27.82,3,83.46,2.0,United Kingdom,2023-11-02 00:00:00
TXN-0001858,Michael Taylor,Electronics,682.18,4,2728.72,1.2,Japan,2024-07-07 12:13:22
TXN-0001799,John Brown,Automotive,728.95,1,728.95,1.8,Netherlands,2024-10-09 00:42:09
TXN-0011078,Sarah Martin,Books,609.79,2,1219.58,4.7,Netherlands,2024-01-13 07:38:53
TXN-0003895,Thomas Johnson,Automotive,213.87,5,1069.35,1.0,United States,2024-12-21 16:48:04
TXN-0004338,James Jones,Sports & Outdoors,29.54,5,147.7,1.3,Canada,2023-02-16 00:49:14
TXN-0001854,Joseph Wilson,Electronics,70.96,1,70.96,4.1,Canada,2024-09-11 05:59:09
TXN-0004662,Christopher Johnson,Toys & Games,147.85,1,147.85,2.3,Germany,2023-06-17 14:09:55
TXN-0008659,Nancy Lee,Toys & Games,1378.35,8,11026.8,1.2,Canada,2023-03-04 11:58:44
TXN-0009822,Barbara Hernandez,Electronics,1338.93,2,2677.86,4.7,Germany,2024-04-20 09:16:43
TXN-0000004,Jennifer Thompson,Toys & Games,420.42,4,1681.68,4.8,Australia,2023-09-19 00:00:00
TXN-0007584,Mary Brown,Books,302.83,8,2422.64,2.7,United States,2023-01-09 11:41:53
TXN-0005550,Jessica Rodriguez,Home & Kitchen,100.85,5,504.25,1.1,France,2024-08-07 12:42:25
TXN-0009150,Richard Davis,Automotive,815.88,4,3263.52,1.4,Brazil,2023-01-29 19:19:45
TXN-0007648,Jessica Garcia,Toys & Games,478.86,7,3352.02,2.6,India,2024-02-22 08:10:44
TXN-0002551,James White,Beauty & Personal Care,568.23,5,2841.15,1.7,Brazil,2023-11-23 05:10:51
TXN-0003217,Jessica Jackson,Beauty & Personal Care,105.83,3,317.49,2.0,Australia,2023-12-17 15:25:58
TXN-0004649,John Garcia,Toys & Games,957.89,2,1915.78,4.9,France,2024-01-02 00:00:00
TXN-0000601,Sarah Taylor,Home & Kitchen,816.08,6,4896.48,2.1,Germany,2024-07-01 02:06:16
TXN-0003518,Linda Hernandez,Books,286.68,2,573.36,3.1,Canada,2023-10-16 12:38:38
TXN-0004521,Lisa Thomas,Beauty & Personal Care,1330.49,5,6652.45,2.5,France,2024-01-04 04:50:06
TXN-0005038,David Johnson,Automotive,148.34,4,593.36,2.3,Netherlands,2024-08-12 11:31:40
TXN-0000590,David Gonzalez,Electronics,295.05,6,1770.3,4.7,United Kingdom,2024-01-08 03:13:31
TXN-0006043,Charles Perez,Beauty & Personal Care,894.65,2,1789.3,2.0,Canada,2024-10-25 03:14:52
TXN-0000799,Daniel Gonzalez,Toys & Games,1194.98,3,3584.94,3.5,Australia,2023-08-08 09:23:02
TXN-0006995,Lisa Martin,Apparel,826.19,5,4130.95,4.6,India,2023-01-28 15:30:55
TXN-0004923,Sarah Garcia,Electronics,1273.74,1,1273.74,1.1,India,2023-11-01 23:30:52
TXN-0001925,Daniel Lee,Home & Kitchen,108.34,7,758.38,2.8,Brazil,2024-01-28 08:47:57
TXN-0008750,James Garcia,Home & Kitchen,850.39,1,850.39,4.2,France,2024-02-03 14:29:56
TXN-0004112,Christopher Garcia,Sports & Outdoors,710.86,3,2132.58,2.5,Netherlands,2023-09-23 07:57:13
TXN-0009381,Jennifer Thompson,Sports & Outdoors,1075.83,7,7530.81,1.8,Germany,2024-10-13 08:06:50
TXN-0007181,James Hernandez,Electronics,777.77,1,777.77,4.7,Japan,2024-11-28 14:43:14
TXN-0000876,Nancy Martin,Home & Kitchen,765.38,6,4592.28,3.0,United Kingdom,2023-12-27 14:34:09
TXN-0008656,Thomas Taylor,Beauty & Personal Care,535.09,7,3745.63,3.3,Canada,2024-11-11 00:00:00
TXN-0001086,Jessica Lopez,Books,155.5,1,155.5,2.7,Japan,2024-01-13 21:20:22
TXN-0011766,Patricia Miller,Home & Kitchen,207.4,5,1037.0,2.6,United Kingdom,2023-12-31 02:50:22
TXN-0000631,Patricia Johnson,Apparel,601.12,5,3005.6,2.9,India,2024-08-07 10:16:18
TXN-0012142,Karen Hernandez,Books,398.46,3,1195.38,4.5,Japan,2024-07-20 23:00:08
TXN-0007820,Barbara Jackson,Sports & Outdoors,907.36,3,2722.08,2.9,India,2024-11-17 17:56:24
TXN-0011512,William Miller,Electronics,1117.57,7,7822.99,3.3,Brazil,2023-08-25 00:00:00
TXN-0006450,Robert Thomas,Books,22.15,8,177.2,2.4,Japan,2023-01-09 16:21:50
TXN-0004229,Mary Anderson,Sports & Outdoors,36.52,5,182.6,3.3,Netherlands,2024-12-31 00:00:00
TXN-0006064,Jessica Jackson,Home & Kitchen,1352.8,5,6764.0,5.0,Netherlands,2024-07-04 19:14:15
TXN-0011641,Nancy Garcia,Apparel,300.62,3,901.86,4.7,United States,2023-02-13 00:00:00
TXN-0001893,Susan Gonzalez,Home & Kitchen,1134.63,8,9077.04,4.6,India,2024-12-24 09:46:16
TXN-0012075,David Gonzalez,Sports & Outdoors,651.86,6,3911.16,1.2,Canada,2024-11-05 21:57:40
TXN-0001149,Richard Smith,Sports & Outdoors,969.44,8,7755.52,1.2,United States,2024-12-05 12:47:41
TXN-0001199,Susan Perez,Apparel,394.12,5,1970.6,2.4,Netherlands,2023-04-02 00:00:00
TXN-0004892,Sarah Smith,Beauty & Personal Care,1010.78,1,1010.78,3.3,France,2023-05-09 02:07:44
TXN-0006056,Patricia Moore,Beauty & Personal Care,352.51,2,705.02,2.4,Germany,2023-08-18 03:32:21
TXN-0003075,Daniel Johnson,Electronics,1292.92,5,6464.6,2.0,Japan,2024-11-19 00:09:33
TXN-0002939,Daniel Davis,Electronics,863.51,3,2590.53,3.0,United Kingdom,2024-12-06 11:20:43
TXN-0003763,Lisa Hernandez,Apparel,110.56,3,331.68,2.8,Canada,2023-09-04 08:32:50
TXN-0007967,John Gonzalez,Toys & Games,326.67,1,326.67,2.0,Canada,2023-01-23 23:37:27
TXN-0004248,Sarah Davis,Sports & Outdoors,1113.81,3,3341.43,2.6,Germany,2024-09-07 10:34:28
TXN-0007973,James Jones,Electronics,1156.78,3,3470.34,4.2,Japan,2023-01-11 08:48:44
TXN-0007724,Thomas Jackson,Sports & Outdoors,1438.85,8,11510.8,3.2,Brazil,2024-04-20 02:26:01
TXN-0008419,Michael Anderson,Sports & Outdoors,1256.55,4,5026.2,3.9,Canada,2024-12-19 02:53:54
TXN-0006111,Christopher Anderson,Electronics,958.79,8,7670.32,4.6,India,2024-07-01 00:00:00
TXN-0003827,Joseph Wilson,Automotive,1192.91,3,3578.73,1.8,India,2023-06-13 06:19:58
TXN-0000649,Christopher Martinez,Automotive,1447.61,8,11580.88,4.9,Brazil,2023-01-13 00:00:00
TXN-0008421,Daniel Rodriguez,Automotive,38.01,3,114.03,2.1,Germany,2024-06-06 00:00:00
TXN-0006053,Patricia Miller,Beauty & Personal Care,1406.94,8,11255.52,4.7,France,2024-11-16 05:46:02
TXN-0002648,Jessica Jackson,Home & Kitchen,1256.81,2,2513.62,1.8,India,2024-02-27 04:25:00
TXN-0012436,Lisa Perez,Home & Kitchen,1212.63,4,4850.52,2.5,United States,2023-03-19 03:47:25
TXN-0001579,Nancy Wilson,Books,1337.51,1,1337.51,1.0,United States,2023-09-20 05:25:47
TXN-0001384,John Taylor,Apparel,1230.94,4,4923.76,1.6,Japan,2024-06-12 14:49:32
TXN-0001622,David Garcia,Beauty & Personal Care,568.39,2,1136.78,1.4,Netherlands,2023-03-05 22:22:27
TXN-0000463,James Taylor,Apparel,252.58,2,505.16,3.1,India,2023-08-07 02:40:07
TXN-0003730,Lisa Thomas,Apparel,94.02,6,564.12,1.7,Netherlands,2024-09-15 16:53:27
TXN-0003046,Richard Moore,Apparel,589.93,1,589.93,2.8,Netherlands,2023-05-17 00:00:00
TXN-0007745,Patricia Gonzalez,Sports & Outdoors,1119.34,6,6716.04,2.7,Japan,2024-11-19 15:22:07
TXN-0005884,Jessica Davis,Electronics,824.23,3,2472.69,1.3,Australia,2023-11-25 10:04:13
TXN-0008253,Thomas Perez,Beauty & Personal Care,905.05,2,1810.1,1.0,Japan,2024-04-03 04:02:32
TXN-0001784,Karen Thompson,Sports & Outdoors,1453.75,3,4361.25,2.2,Brazil,2024-04-15 09:09:29
TXN-0002589,Susan Gonzalez,Automotive,189.06,7,1323.42,5.0,India,2023-11-18 10:57:51
TXN-0011494,Robert Anderson,Electronics,935.71,2,1871.42,4.8,India,2023-05-10 01:06:35
TXN-0005991,William Brown,Sports & Outdoors,1498.82,8,11990.56,4.8,Australia,2024-02-25 14:16:28
TXN-0007216,Elizabeth Martin,Sports & Outdoors,215.44,4,861.76,2.7,Netherlands,2024-01-09 19:58:03
TXN-0010525,Linda Lee,Home & Kitchen,961.83,2,1923.66,4.6,Brazil,2024-03-11 06:57:04
TXN-0009591,Patricia Lopez,Beauty & Personal Care,228.72,4,914.88,1.2,Australia,2023-10-02 06:17:37
TXN-0000523,Linda Lee,Toys & Games,27.53,5,137.65,3.3,Australia,2023-11-04 10:24:05
TXN-0009715,Thomas Martin,Electronics,126.82,6,760.92,1.2,Brazil,2023-10-22 16:32:59
TXN-0005693,Nancy Smith,Toys & Games,396.27,2,792.54,3.7,United States,2024-04-22 00:00:00
TXN-0012442,Michael Brown,Beauty & Personal Care,551.98,5,2759.9,3.0,Canada,2024-07-19 15:41:04
TXN-0002913,Mary Jones,Beauty & Personal Care,1470.6,4,5882.4,3.2,United States,2024-11-07 18:05:02
TXN-0002998,Jennifer Williams,Beauty & Personal Care,1085.37,4,4341.48,3.2,Australia,2024-10-30 00:00:00
TXN-0005141,Nancy Lopez,Automotive,308.43,7,2159.01,1.3,India,2024-11-07 01:31:40
TXN-0003226,David Lopez,Beauty & Personal Care,1028.22,1,1028.22,1.1,Canada,2023-10-10 06:52:00
TXN-0008354,Patricia Thomas,Apparel,371.76,1,371.76,2.7,Brazil,2023-10-23 02:37:55
TXN-0009222,Michael Thomas,Toys & Games,1183.23,8,9465.84,2.1,Brazil,2024-05-16 17:25:45
TXN-0003267,David Lopez,Beauty & Personal Care,1480.11,1,1480.11,4.7,India,2023-04-26 00:00:00
TXN-0000319,Charles Perez,Home & Kitchen,1112.47,1,1112.47,1.2,Germany,2024-11-01 00:00:00
TXN-0011918,Joseph Anderson,Books,600.18,4,2400.72,2.6,United States,2024-06-25 16:17:46
TXN-0005643,Christopher Brown,Home & Kitchen,1242.03,1,1242.03,3.7,India,2024-03-24 20:57:34
TXN-0009806,Lisa Wilson,Home & Kitchen,669.35,7,4685.45,2.1,United States,2024-09-20 17:38:39
TXN-0005182,Thomas Johnson,Books,468.99,1,468.99,1.0,United States,2023-09-11 18:41:48
TXN-0001218,Karen Gonzalez,Books,728.93,3,2186.79,4.5,Australia,2024-10-14 23:37:55
TXN-0005651,Lisa Johnson,Beauty & Personal Care,1494.9,5,7474.5,2.1,Japan,2023-10-31 23:03:07
TXN-0002464,Mary Martinez,Electronics,372.52,1,372.52,3.9,Netherlands,2023-09-05 17:20:45
TXN-0002295,Mary Martinez,Toys & Games,1236.57,4,4946.28,3.0,United States,2023-03-20 01:05:06
TXN-0011011,Karen White,Books,260.44,3,781.32,1.2,Netherlands,2023-02-13 12:53:20
TXN-0000301,John Lee,Beauty & Personal Care,128.22,3,384.66,1.2,France,2024-04-30 22:06:32
TXN-0009566,Lisa Williams,Sports & Outdoors,841.54,8,6732.32,4.5,France,2024-06-23 20:52:09
TXN-0003206,Joseph Wilson,Sports & Outdoors,1255.72,3,3767.16,1.9,United States,2024-03-24 11:36:45
TXN-0000670,James White,Toys & Games,375.51,7,2628.57,3.3,Germany,2024-11-23 16:46:43
TXN-0009557,Lisa Moore,Electronics,1353.56,8,10828.48,3.0,Australia,2024-03-23 15:01:29
TXN-0011054,Linda Taylor,Home & Kitchen,401.93,4,1607.72,1.4,United Kingdom,2023-03-23 01:55:53
TXN-0000533,John Anderson,Electronics,839.24,7,5874.68,4.3,Australia,2024-09-08 21:53:06
TXN-0012054,Karen Gonzalez,Automotive,1304.12,2,2608.24,3.3,Canada,2023-02-27 20:54:27
TXN-0010869,Richard Lopez,Toys & Games,1308.62,6,7851.72,2.8,India,2023-02-20 16:21:32
TXN-0009319,Lisa Taylor,Sports & Outdoors,1336.7,4,5346.8,4.7,United Kingdom,2024-07-14 00:00:00
TXN-0009624,James Lee,Sports & Outdoors,993.51,2,1987.02,2.6,Brazil,2024-10-21 05:55:23
TXN-0008369,Christopher Garcia,Toys & Games,533.4,8,4267.2,2.1,United Kingdom,2024-02-03 08:58:26
TXN-0002935,Nancy Hernandez,Books,1182.4,5,5912.0,2.6,India,2023-03-01 10:04:40
TXN-0006763,Richard Miller,Home & Kitchen,106.31,1,106.31,4.7,France,2023-04-12 14:04:51
TXN-0007468,Sarah Williams,Sports & Outdoors,1262.25,1,1262.25,2.0,Australia,2024-01-06 09:01:06
TXN-0004415,Patricia Lee,Home & Kitchen,607.96,2,1215.92,2.8,India,2023-10-28 00:00:00
TXN-0005194,Nancy Gonzalez,Books,1077.65,1,1077.65,4.4,United Kingdom,2024-11-24 00:56:11
TXN-0011569,Susan Lopez,Toys & Games,571.69,2,1143.38,3.2,Brazil,2023-01-15 22:59:02
TXN-0012348,Patricia Moore,Automotive,1400.74,2,2801.48,3.2,France,2024-08-23 00:00:00
TXN-0001013,Richard Gonzalez,Sports & Outdoors,280.18,3,840.54,3.3,Germany,2024-04-04 21:46:54
TXN-0006477,William Perez,Books,981.16,7,6868.12,3.9,United Kingdom,2024-05-16 00:13:06
TXN-0005216,Jessica Garcia,Home & Kitchen,1051.72,8,8413.76,1.7,United States,2023-08-11 16:12:55
TXN-0005719,Jennifer Thompson,Toys & Games,509.85,5,2549.25,2.7,Germany,2024-12-06 00:00:00
TXN-0000606,Jessica Davis,Books,1292.34,5,6461.7,4.7,United Kingdom,2023-11-01 12:50:36
TXN-0009975,Patricia White,Beauty & Personal Care,370.8,1,370.8,3.6,United Kingdom,2023-09-19 13:52:06
TXN-0001995,Elizabeth Perez,Beauty & Personal Care,504.45,8,4035.6,2.3,India,2024-03-15 07:25:47
TXN-0008314,Christopher Rodriguez,Toys & Games,1388.03,4,5552.12,3.2,Netherlands,2023-07-25 00:00:00
TXN-0000265,Jennifer Jones,Sports & Outdoors,406.27,3,1218.81,1.3,France,2023-12-04 14:57:10
TXN-0007028,James Garcia,Apparel,169.48,3,508.44,4.3,Japan,2023-07-18 08:58:46
TXN-0010585,Richard Moore,Apparel,349.42,6,2096.52,1.4,Canada,2023-10-24 08:11:27
TXN-0007673,Jessica Lopez,Automotive,1230.89,2,2461.78,5.0,United States,2024-09-03 15:47:02
TXN-0007377,Richard White,Sports & Outdoors,439.43,8,3515.44,4.8,Japan,2023-08-22 19:48:44
TXN-0006381,David Rodriguez,Books,879.43,2,1758.86,3.9,France,2024-05-18 04:47:32
TXN-0001613,Michael Smith,Home & Kitchen,1288.97,5,6444.85,3.9,United Kingdom,2024-09-03 00:00:00
TXN-0011959,Karen Martinez,Apparel,501.72,3,1505.16,1.2,France,2023-02-17 15:10:42
TXN-0004827,Daniel Wilson,Sports & Outdoors,1437.27,7,10060.89,2.6,Germany,2024-07-04 04:52:49
TXN-0000759,Sarah Lee,Books,1461.32,4,5845.28,2.0,Canada,2024-10-23 15:16:42
TXN-0007308,James Rodriguez,Toys & Games,37.6,6,225.6,2.3,Japan,2024-08-12 02:59:12
TXN-0007198,Barbara Moore,Sports & Outdoors,297.6,2,595.2,4.2,Netherlands,2024-01-07 18:55:21
TXN-0001509,Elizabeth White,Electronics,787.64,5,3938.2,2.0,Germany,2023-10-20 01:18:50
TXN-0005911,Daniel Davis,Books,644.11,3,1932.33,3.6,India,2023-04-20 17:45:31
TXN-0001101,Mary Hernandez,Electronics,707.49,7,4952.43,3.9,Canada,2023-08-02 08:17:09
TXN-0010062,Richard Taylor,Electronics,1158.66,2,2317.32,1.7,United Kingdom,2024-03-30 08:53:53
TXN-0007543,Richard Williams,Electronics,1156.32,2,2312.64,1.4,France,2023-05-21 20:39:55
TXN-0008227,Nancy Jackson,Sports & Outdoors,921.95,8,7375.6,2.2,Germany,2023-04-26 14:28:58
TXN-0001906,Elizabeth Hernandez,Books,1172.98,1,1172.98,2.7,Germany,2023-07-08 08:50:15
TXN-0006897,Linda Jones,Beauty & Personal Care,141.94,7,993.58,1.8,Brazil,2024-03-06 14:25:01
TXN-0012438,Nancy Johnson,Toys & Games,1474.2,6,8845.2,3.6,United Kingdom,2024-03-27 00:00:00
TXN-0000861,Joseph Taylor,Beauty & Personal Care,292.76,2,585.52,1.0,Netherlands,2024-08-07 00:00:00
TXN-0007708,Sarah White,Electronics,943.71,1,943.71,2.5,Japan,2023-11-04 00:00:00
TXN-0007360,Nancy Johnson,Electronics,1301.65,4,5206.6,2.6,Germany,2023-12-28 14:30:50
TXN-0008247,Mary Lee,Automotive,688.61,3,2065.83,1.4,France,2024-03-01 08:59:05
TXN-0009053,David Garcia,Home & Kitchen,90.03,7,630.21,1.5,United States,2024-04-09 04:01:49
TXN-0004305,Robert Wilson,Electronics,719.91,7,5039.37,1.7,Netherlands,2023-03-01 01:23:56
TXN-0004638,Daniel Rodriguez,Sports & Outdoors,344.76,3,1034.28,3.4,France,2023-08-29 01:42:57
TXN-0005420,Lisa Jackson,Sports & Outdoors,661.57,6,3969.42,2.2,Netherlands,2024-10-16 00:00:00
TXN-0003358,Sarah Perez,Electronics,552.13,4,2208.52,1.8,Canada,2023-08-06 15:22:19
TXN-0006416,Elizabeth Martin,Sports & Outdoors,1315.56,3,3946.68,2.9,Germany,2024-06-23 08:27:39
TXN-0011881,Sarah Martinez,Apparel,893.47,3,2680.41,1.7,United States,2024-05-17 00:00:00
TXN-0011405,Sarah Jones,Home & Kitchen,940.44,2,1880.88,1.8,Japan,2024-10-04 20:25:34
TXN-0007958,Lisa Williams,Sports & Outdoors,487.28,2,974.56,3.3,Japan,2024-08-18 00:16:37
TXN-0001143,Robert Martinez,Sports & Outdoors,1209.4,4,4837.6,1.5,United States,2023-01-01 00:39:56
TXN-0001796,Thomas Brown,Toys & Games,551.88,8,4415.04,3.1,Australia,2023-10-28 00:45:50
TXN-0003989,Jessica Jackson,Apparel,77.83,8,622.64,4.3,Germany,2024-03-09 04:22:37
TXN-0011191,Patricia Lopez,Automotive,975.56,5,4877.8,4.1,United States,2024-10-31 04:24:02
TXN-0010922,James Johnson,Books,52.03,7,364.21,4.6,United Kingdom,2023-02-28 20:38:48
TXN-0008450,Jennifer Jackson,Electronics,698.09,1,698.09,4.3,United Kingdom,2024-09-29 10:53:59
TXN-0004078,Robert Thompson,Toys & Games,1260.32,6,7561.92,3.6,Canada,2024-07-04 06:10:39
TXN-0012085,Robert Taylor,Books,857.7,4,3430.8,3.2,France,2023-11-10 21:29:22
TXN-0012256,Mary Miller,Electronics,872.62,6,5235.72,4.2,Japan,2023-06-06 05:05:11
TXN-0002962,Charles Gonzalez,Apparel,795.97,5,3979.85,3.0,United States,2024-09-13 02:12:04
TXN-0006642,Barbara Wilson,Beauty & Personal Care,1329.84,3,3989.52,3.7,India,2024-02-22 00:51:30
TXN-0008313,Lisa Wilson,Beauty & Personal Care,768.54,8,6148.32,3.4,Brazil,2024-09-22 03:32:03
TXN-0007978,Jessica Thomas,Electronics,35.52,5,177.6,2.4,India,2023-05-16 00:00:00
TXN-0006060,Karen Miller,Electronics,1492.15,3,4476.45,1.4,Germany,2024-08-11 21:05:38
TXN-0010593,Joseph Perez,Apparel,1064.32,4,4257.28,4.8,France,2023-04-10 18:41:05
TXN-0001707,John Jones,Apparel,754.62,1,754.62,2.3,France,2023-12-31 00:00:00
TXN-0010022,Charles Gonzalez,Beauty & Personal Care,563.22,1,563.22,1.2,France,2023-01-17 09:23:35
TXN-0011118,Jennifer Lee,Beauty & Personal Care,189.77,7,1328.39,4.1,Canada,2024-06-09 02:45:29
TXN-0001842,Sarah Perez,Toys & Games,215.21,6,1291.26,4.4,Brazil,2024-03-23 17:25:32
TXN-0005682,Barbara Jones,Toys & Games,470.36,5,2351.8,1.0,Germany,2023-11-27 19:47:29
TXN-0002988,Linda White,Electronics,850.76,4,3403.04,2.4,United States,2024-01-27 17:08:48
TXN-0003865,William Lopez,Toys & Games,187.3,3,561.9,2.2,Japan,2024-02-23 19:40:31
TXN-0001437,Elizabeth Lee,Toys & Games,655.53,2,1311.06,3.0,Japan,2024-01-17 13:21:58
TXN-0005157,Michael Thomas,Home & Kitchen,1334.42,2,2668.84,4.4,Australia,2023-11-10 12:42:52
TXN-0011311,Lisa Anderson,Toys & Games,246.12,6,1476.72,2.1,India,2024-06-08 09:16:16
TXN-0003269,Charles Rodriguez,Automotive,171.18,3,513.54,1.4,Japan,2024-03-13 20:28:25
TXN-0004612,Patricia Davis,Automotive,1073.04,5,5365.2,4.3,Germany,2023-04-03 18:33:19
TXN-0003691,Linda Wilson,Electronics,975.78,5,4878.9,4.4,Netherlands,2023-01-03 17:01:26
TXN-0005381,Jennifer Brown,Apparel,843.81,3,2531.43,3.3,Germany,2024-06-05 22:39:51
TXN-0002008,Nancy Jones,Electronics,58.99,4,235.96,4.9,United Kingdom,2023-08-04 03:37:15
TXN-0001991,David Rodriguez,Apparel,279.55,2,559.1,2.8,Japan,2023-07-17 21:16:43
TXN-0010292,Michael Jackson,Automotive,1262.99,7,8840.93,1.9,Brazil,2023-07-23 08:58:29
TXN-0009969,David Moore,Beauty & Personal Care,824.53,1,824.53,3.0,United States,2023-11-30 00:00:00
TXN-0006711,Lisa Jones,Automotive,441.79,8,3534.32,3.5,United States,2023-06-29 16:22:05
TXN-0008916,James Miller,Home & Kitchen,1190.63,1,1190.63,2.9,Japan,2024-07-13 05:00:19
TXN-0005251,Robert Smith,Apparel,81.68,2,163.36,1.0,United Kingdom,2023-08-16 05:54:29
TXN-0010139,Jessica Johnson,Apparel,1364.53,3,4093.59,1.2,Japan,2024-07-10 00:00:00
TXN-0002619,William Perez,Beauty & Personal Care,934.64,4,3738.56,2.4,United Kingdom,2024-10-10 10:31:49
TXN-0007483,William Rodriguez,Beauty & Personal Care,504.89,2,1009.78,1.5,Brazil,2024-11-01 19:50:58
TXN-0006859,Christopher White,Electronics,1214.57,4,4858.28,1.2,United Kingdom,2024-09-26 05:35:48
TXN-0003397,Linda Brown,Automotive,521.08,3,1563.24,3.3,Australia,2024-01-09 10:29:54
TXN-0001755,John Moore,Toys & Games,570.55,7,3993.85,3.5,Netherlands,2024-12-18 06:34:06
TXN-0007043,Christopher Johnson,Home & Kitchen,1121.18,6,6727.08,1.5,Netherlands,2023-02-28 05:01:21
TXN-0000840,Sarah Anderson,Electronics,1219.9,5,6099.5,3.6,United States,2023-05-11 00:00:00
TXN-0001588,Jennifer Gonzalez,Books,474.75,7,3323.25,2.1,Germany,2024-07-09 07:19:54
TXN-0006717,Richard Moore,Home & Kitchen,1228.79,2,2457.58,5.0,United States,2024-05-22 16:27:51
TXN-0008555,Richard Anderson,Sports & Outdoors,762.7,7,5338.9,2.5,United States,2024-07-23 00:00:00
TXN-0002825,Thomas Moore,Electronics,755.61,2,1511.22,3.6,France,2024-05-20 00:50:48
TXN-0006552,Richard Lee,Sports & Outdoors,887.51,5,4437.55,2.9,France,2023-08-08 00:27:02
TXN-0001121,David Anderson,Apparel,1000.72,7,7005.04,2.3,United States,2023-05-18 21:07:13
TXN-0005105,David Lopez,Electronics,422.22,8,3377.76,2.4,United States,2024-11-07 08:51:37
TXN-0008384,William Moore,Beauty & Personal Care,687.21,4,2748.84,4.4,Australia,2024-06-16 14:02:22
TXN-0002740,Susan Brown,Home & Kitchen,859.07,7,6013.49,2.8,Netherlands,2024-03-25 19:59:53
TXN-0001883,Christopher Johnson,Toys & Games,1253.45,7,8774.15,2.5,France,2023-07-13 03:15:49
TXN-0005303,Jessica Anderson,Automotive,1063.76,5,5318.8,1.6,France,2023-04-23 00:00:00
TXN-0012082,Sarah Garcia,Toys & Games,294.66,1,294.66,3.6,France,2024-11-16 03:38:26
TXN-0008649,Richard Johnson,Toys & Games,1455.73,1,1455.73,1.3,Germany,2024-10-11 23:53:53
TXN-0005447,Christopher Davis,Sports & Outdoors,1457.44,2,2914.88,4.0,India,2024-02-29 16:48:17
TXN-0005668,Barbara Wilson,Apparel,589.38,6,3536.28,2.2,Japan,2024-08-31 18:32:51
TXN-0011966,Jennifer Moore,Beauty & Personal Care,49.43,8,395.44,2.7,Netherlands,2024-04-08 11:49:27
TXN-0008235,Mary Moore,Toys & Games,591.67,5,2958.35,1.2,Netherlands,2023-10-09 08:26:53
TXN-0008830,Susan Jackson,Beauty & Personal Care,766.03,4,3064.12,4.1,Netherlands,2024-07-11 01:47:04
TXN-0010704,Robert Hernandez,Sports & Outdoors,640.24,2,1280.48,3.9,Netherlands,2023-07-06 09:59:44
TXN-0008928,Mary Taylor,Home & Kitchen,1015.89,2,2031.78,3.6,Australia,2023-01-24 00:00:00
TXN-0010683,Robert Gonzalez,Apparel,35.32,3,105.96,3.7,France,2024-10-01 00:00:00
TXN-0004489,Linda Garcia,Home & Kitchen,1284.98,4,5139.92,4.5,Canada,2024-06-05 00:00:00
TXN-0012255,James Garcia,Home & Kitchen,1320.41,4,5281.64,2.1,Brazil,2024-05-30 17:28:16
TXN-0009353,James Moore,Toys & Games,549.79,3,1649.37,4.5,Netherlands,2023-10-10 00:00:00
TXN-0007982,Elizabeth Johnson,Toys & Games,607.75,2,1215.5,4.5,Japan,2024-11-05 13:26:29
TXN-0010563,James Thompson,Toys & Games,1129.35,5,5646.75,1.5,United Kingdom,2024-07-29 00:00:00
TXN-0002281,Christopher Martinez,Toys & Games,165.07,2,330.14,2.3,United States,2023-01-06 07:34:24
TXN-0004445,James Jackson,Beauty & Personal Care,1035.19,8,8281.52,3.0,Australia,2024-09-13 22:37:34
TXN-0002473,Richard Gonzalez,Home & Kitchen,506.25,5,2531.25,3.2,Canada,2024-11-03 00:00:00
TXN-0004024,Patricia Thompson,Home & Kitchen,132.12,7,924.84,1.2,India,2023-07-10 11:01:28
TXN-0010249,Christopher Anderson,Home & Kitchen,828.84,8,6630.72,2.0,Brazil,2023-07-18 15:50:41
TXN-0002156,David Davis,Sports & Outdoors,944.27,1,944.27,4.1,Japan,2024-07-27 08:33:46
TXN-0001527,Jessica Moore,Sports & Outdoors,121.12,2,242.24,4.5,Germany,2024-10-24 00:00:00
TXN-0001723,Michael Lopez,Books,390.29,6,2341.74,4.5,Brazil,2023-04-05 21:36:29
TXN-0009873,Karen Rodriguez,Apparel,1338.06,6,8028.36,2.3,Australia,2024-05-25 23:12:50
TXN-0007199,Jennifer Wilson,Sports & Outdoors,1177.25,4,4709.0,2.1,United States,2024-05-28 18:27:03
TXN-0007257,David Wilson,Home & Kitchen,257.74,6,1546.44,3.3,Netherlands,2023-03-04 00:00:00
TXN-0009701,Nancy Jackson,Beauty & Personal Care,33.45,3,100.35,4.4,Japan,2023-08-29 03:55:24
TXN-0002277,John Jones,Books,219.27,2,438.54,1.1,Brazil,2024-07-15 21:16:13
TXN-0005480,Michael Jones,Beauty & Personal Care,575.01,2,1150.02,3.2,Japan,2023-10-21 13:04:45
TXN-0005333,Thomas Martin,Beauty & Personal Care,1168.77,3,3506.31,3.4,Brazil,2024-02-22 23:15:50
TXN-0005611,Robert Perez,Electronics,1442.89,1,1442.89,1.2,India,2023-07-18 02:48:24
TXN-0001113,Charles Lee,Home & Kitchen,694.13,2,1388.26,4.0,United Kingdom,2023-07-06 00:00:00
TXN-0002267,Daniel Rodriguez,Beauty & Personal Care,216.57,5,1082.85,1.6,Brazil,2023-01-15 02:44:02
TXN-0003601,James Miller,Apparel,694.45,6,4166.7,2.7,United States,2024-10-18 03:07:33
TXN-0009645,David Thomas,Beauty & Personal Care,1442.96,5,7214.8,4.0,Netherlands,2024-10-27 01:32:11
TXN-0001230,Christopher Gonzalez,Apparel,1293.67,2,2587.34,1.3,France,2024-07-14 21:09:34
TXN-0007712,Sarah Smith,Books,599.12,3,1797.36,4.5,Canada,2024-10-26 02:24:45
TXN-0001529,Susan White,Beauty & Personal Care,423.57,1,423.57,2.2,Canada,2023-01-28 04:18:43
TXN-0007737,Richard Brown,Electronics,1386.89,3,4160.67,2.7,United States,2023-12-29 05:25:24
TXN-0012202,Barbara Williams,Automotive,797.92,6,4787.52,4.5,India,2023-10-26 07:54:04
TXN-0006325,Nancy Brown,Home & Kitchen,436.54,7,3055.78,1.3,India,2023-04-12 00:00:00
TXN-0011167,Patricia Thomas,Electronics,395.15,4,1580.6,1.3,Canada,2023-05-16 16:28:01
TXN-0001126,Karen Thomas,Home & Kitchen,1030.25,1,1030.25,1.6,France,2023-11-15 16:53:58
TXN-0003363,Jennifer Thompson,Beauty & Personal Care,1109.91,6,6659.46,1.6,United Kingdom,2024-12-25 00:00:00
TXN-0002212,Thomas White,Toys & Games,371.79,6,2230.74,2.0,Netherlands,2024-04-25 00:00:00
TXN-0001841,Nancy Garcia,Automotive,1166.09,2,2332.18,1.6,France,2024-09-01 17:28:46
TXN-0003922,Mary Garcia,Automotive,819.96,4,3279.84,4.2,United States,2023-05-01 14:10:24
TXN-0011452,Daniel Hernandez,Toys & Games,486.51,4,1946.04,3.6,India,2023-10-15 19:05:24
TXN-0007780,Joseph Thomas,Books,801.06,5,4005.3,4.9,United States,2024-03-25 17:50:02
TXN-0006354,Susan Jackson,Toys & Games,936.69,3,2810.07,4.1,France,2024-03-11 17:10:01
TXN-0003857,Richard Gonzalez,Electronics,872.6,1,872.6,4.5,United States,2023-09-17 03:34:56
TXN-0007476,Elizabeth Jackson,Apparel,237.53,3,712.59,2.2,Germany,2023-08-28 08:46:36
TXN-0008043,William Jackson,Sports & Outdoors,787.29,5,3936.45,4.0,United States,2023-12-27 21:09:19
TXN-0003947,Joseph Smith,Apparel,215.24,3,645.72,4.6,India,2024-10-17 08:56:24
TXN-0001131,Elizabeth Thomas,Sports & Outdoors,1200.68,1,1200.68,2.8,Canada,2023-06-18 19:14:14
TXN-0001067,Patricia Perez,Toys & Games,783.43,1,783.43,5.0,France,2024-10-08 15:07:35
TXN-0000993,Linda Thomas,Toys & Games,452.43,7,3167.01,4.6,Australia,2024-02-21 15:43:52
TXN-0000953,Linda Thomas,Automotive,904.19,3,2712.57,4.0,United Kingdom,2024-10-21 12:52:59
TXN-0000641,Patricia Jones,Toys & Games,922.88,2,1845.76,4.7,Germany,2024-07-09 16:01:42
TXN-0004780,Linda Jackson,Apparel,705.42,1,705.42,4.5,Australia,2024-03-25 16:26:15
TXN-0006247,James Martinez,Apparel,216.08,2,432.16,4.2,Canada,2023-01-05 00:00:00
TXN-0010604,John Thomas,Electronics,1392.5,5,6962.5,2.3,Canada,2024-11-06 19:37:11
TXN-0011692,Karen Davis,Sports & Outdoors,373.22,4,1492.88,1.2,United Kingdom,2024-08-03 09:02:21
TXN-0010337,Susan Martin,Sports & Outdoors,28.1,8,224.8,1.3,Brazil,2024-02-04 14:20:40
TXN-0012174,Jessica Martinez,Toys & Games,457.57,6,2745.42,3.5,Japan,2023-09-06 05:38:13
TXN-0008617,Christopher Williams,Beauty & Personal Care,950.31,8,7602.48,1.4,Canada,2023-07-19 00:00:00
TXN-0002890,Joseph Johnson,Beauty & Personal Care,1247.07,3,3741.21,2.2,France,2023-09-10 06:29:09
TXN-0009900,Christopher Rodriguez,Automotive,271.38,2,542.76,3.3,France,2023-02-24 14:20:12
TXN-0010728,Thomas Brown,Toys & Games,324.27,7,2269.89,4.3,United Kingdom,2024-03-19 11:17:54
TXN-0001634,Daniel Garcia,Electronics,1431.66,7,10021.62,1.4,United Kingdom,2024-11-11 00:53:36
TXN-0010870,John Martinez,Beauty & Personal Care,255.78,2,511.56,4.3,United Kingdom,2024-08-03 14:34:24
TXN-0008486,Michael Davis,Books,965.82,6,5794.92,4.3,Netherlands,2024-08-23 23:35:09
TXN-0003765,James Moore,Toys & Games,1461.11,1,1461.11,4.3,United Kingdom,2024-07-22 13:31:49
TXN-0010636,Daniel Jackson,Beauty & Personal Care,72.82,7,509.74,4.1,Japan,2024-01-08 11:17:07
TXN-0012284,Jessica Hernandez,Automotive,905.88,5,4529.4,1.5,Germany,2023-10-21 14:32:18
TXN-0008853,Sarah Taylor,Apparel,120.95,4,483.8,4.9,United Kingdom,2023-04-04 03:20:53
TXN-0004334,Susan Hernandez,Toys & Games,1401.79,8,11214.32,2.9,United States,2024-12-26 11:39:33
TXN-0012091,Lisa Moore,Apparel,32.9,6,197.4,4.0,Japan,2024-01-07 00:00:00
TXN-0005738,Susan Rodriguez,Home & Kitchen,261.78,7,1832.46,2.2,United Kingdom,2023-04-16 08:49:53
TXN-0001587,Joseph Martin,Books,221.05,2,442.1,3.4,Australia,2024-06-26 20:58:40
TXN-0001837,Nancy Thompson,Automotive,702.5,3,2107.5,1.2,Japan,2024-04-15 13:37:33
TXN-0011235,Karen Anderson,Electronics,1412.23,6,8473.38,1.6,Brazil,2024-10-07 22:36:25
TXN-0000665,Linda Brown,Beauty & Personal Care,151.61,7,1061.27,4.5,Germany,2023-10-19 16:25:51
TXN-0006301,Jessica Perez,Automotive,214.87,3,644.61,4.2,Australia,2024-10-21 15:47:04
TXN-0009650,Lisa Perez,Toys & Games,1332.65,8,10661.2,4.1,Brazil,2023-03-31 07:03:37
TXN-0011090,Barbara Martin,Sports & Outdoors,461.25,8,3690.0,2.4,Japan,2024-06-30 10:28:54
TXN-0010225,Jennifer White,Toys & Games,735.83,8,5886.64,4.3,United States,2023-01-17 06:31:42
TXN-0008284,Daniel Wilson,Automotive,1478.51,6,8871.06,1.9,Brazil,2023-08-03 22:41:42
TXN-0003592,Robert Miller,Automotive,384.06,5,1920.3,4.8,India,2023-03-21 13:52:54
TXN-0003207,Daniel Jackson,Books,1466.38,3,4399.14,4.2,United Kingdom,2024-02-19 00:00:00
TXN-0012153,Patricia Martinez,Electronics,1489.92,5,7449.6,2.4,Australia,2024-02-29 00:00:00
TXN-0012080,Karen Hernandez,Home & Kitchen,1113.42,6,6680.52,1.5,India,2023-01-26 11:50:04
TXN-0005310,David Martinez,Home & Kitchen,1202.21,3,3606.63,3.8,India,2023-04-25 06:26:30
TXN-0002851,Robert White,Toys & Games,1385.88,8,11087.04,3.2,Japan,2024-12-31 00:00:00
TXN-0012214,Daniel Rodriguez,Books,54.25,3,162.75,4.2,Canada,2023-04-28 05:02:19
TXN-0001951,Karen Garcia,Home & Kitchen,815.01,3,2445.03,2.1,Canada,2024-04-17 16:13:31
TXN-0008586,Jennifer Wilson,Home & Kitchen,480.76,5,2403.8,4.1,Netherlands,2024-12-03 05:52:16
TXN-0006109,James Gonzalez,Beauty & Personal Care,797.7,5,3988.5,4.8,United Kingdom,2024-07-24 07:35:38
TXN-0007930,Linda Gonzalez,Automotive,650.15,2,1300.3,3.3,United States,2024-10-21 11:40:47
TXN-0006264,Joseph Gonzalez,Beauty & Personal Care,506.68,7,3546.76,4.4,India,2024-11-19 06:09:03
TXN-0008244,Linda Hernandez,Electronics,24.57,8,196.56,3.1,Netherlands,2023-11-12 00:00:00
TXN-0012459,Jessica Rodriguez,Books,690.47,2,1380.94,4.0,Netherlands,2024-12-06 00:00:00
TXN-0002603,Susan Wilson,Home & Kitchen,295.51,6,1773.06,3.0,Brazil,2023-02-16 10:16:41
TXN-0010862,Christopher Moore,Books,897.43,3,2692.29,2.2,United States,2024-12-30 07:44:40
TXN-0004045,David Johnson,Apparel,1048.03,1,1048.03,4.2,Brazil,2023-08-29 11:07:40
TXN-0007521,Nancy Martinez,Automotive,1109.83,5,5549.15,1.5,United States,2024-04-19 22:07:23
TXN-0001427,Patricia Taylor,Sports & Outdoors,1319.56,1,1319.56,4.9,United States,2023-02-15 22:33:54
TXN-0004764,Michael White,Toys & Games,640.34,8,5122.72,4.1,Australia,2023-05-08 00:00:00
TXN-0011920,Robert Thomas,Beauty & Personal Care,788.9,3,2366.7,4.1,United Kingdom,2024-04-05 22:52:21
TXN-0001052,James Jones,Sports & Outdoors,1301.96,2,2603.92,3.0,Brazil,2023-12-20 06:13:58
TXN-0000324,Linda Anderson,Beauty & Personal Care,1457.93,4,5831.72,3.9,Netherlands,2024-02-29 12:36:09
TXN-0001668,Michael Taylor,Sports & Outdoors,208.63,7,1460.41,4.6,Australia,2023-08-12 10:25:20
TXN-0006893,Daniel Gonzalez,Beauty & Personal Care,657.83,8,5262.64,4.2,Canada,2024-03-30 00:47:24
TXN-0010418,Michael Taylor,Electronics,586.43,6,3518.58,3.3,Netherlands,2024-05-15 03:32:58
TXN-0009493,Jennifer Davis,Apparel,134.23,6,805.38,1.4,France,2024-09-20 07:55:30
TXN-0005564,Susan Lee,Automotive,671.55,5,3357.75,2.7,Australia,2023-09-02 21:40:54
TXN-0003637,John Moore,Books,449.25,8,3594.0,3.1,Brazil,2024-08-07 15:10:08
TXN-0011626,Elizabeth Rodriguez,Electronics,469.59,6,2817.54,1.7,India,2023-04-27 13:25:28
TXN-0010096,Joseph Davis,Books,1151.57,1,1151.57,2.5,Japan,2024-02-09 22:29:39
TXN-0002654,Mary Lee,Automotive,923.93,2,1847.86,3.6,France,2023-10-22 08:09:19
TXN-0009830,Daniel Gonzalez,Home & Kitchen,659.33,7,4615.31,2.4,United Kingdom,2024-12-28 16:16:01
TXN-0005599,Joseph Brown,Apparel,864.96,4,3459.84,4.4,Canada,2024-05-24 07:43:31
TXN-0003391,Karen Lee,Apparel,704.84,1,704.84,4.4,Germany,2024-01-18 20:05:20
TXN-0011391,James Rodriguez,Home & Kitchen,822.59,3,2467.77,2.7,Japan,2023-07-15 14:45:58
TXN-0002956,Mary Martin,Toys & Games,922.8,5,4614.0,3.7,Australia,2023-09-01 00:10:19
TXN-0008296,Barbara Thomas,Automotive,1315.89,5,6579.45,3.2,Netherlands,2023-07-17 15:13:22
TXN-0004814,Christopher Davis,Books,469.81,8,3758.48,4.0,Brazil,2023-12-20 11:14:37
TXN-0001591,Jessica Garcia,Apparel,1281.2,4,5124.8,4.4,Germany,2023-10-24 06:37:59
TXN-0007960,Joseph Thomas,Automotive,473.98,5,2369.9,2.9,Netherlands,2024-06-28 00:00:00
TXN-0009119,James Lee,Electronics,520.8,3,1562.4,3.3,France,2024-12-11 20:05:54
TXN-0005478,Charles Jones,Automotive,916.38,8,7331.04,2.2,Australia,2024-12-20 00:00:00
TXN-0007285,Sarah Martinez,Books,807.12,4,3228.48,3.8,Netherlands,2024-03-16 00:00:00
TXN-0009176,Christopher Anderson,Toys & Games,205.76,6,1234.56,2.2,France,2024-01-17 23:00:30
TXN-0001473,Charles Thompson,Beauty & Personal Care,879.41,3,2638.23,2.8,India,2023-01-16 10:09:18
TXN-0007760,Patricia Taylor,Electronics,474.54,5,2372.7,4.4,Australia,2023-02-09 00:00:00
TXN-0008013,Barbara Thomas,Electronics,440.56,1,440.56,3.5,Germany,2024-10-25 11:18:46
TXN-0000011,Joseph Jones,Sports & Outdoors,373.71,5,1868.55,4.0,United Kingdom,2023-11-29 18:35:07
TXN-0004951,William Rodriguez,Automotive,514.91,3,1544.73,4.4,Japan,2023-04-11 05:48:10
TXN-0009179,Charles White,Apparel,6.18,6,37.08,4.1,India,2024-12-11 00:35:54
TXN-0009268,Jennifer White,Home & Kitchen,794.61,5,3973.05,2.4,Japan,2023-11-01 18:25:31
TXN-0009485,Patricia Rodriguez,Home & Kitchen,465.4,6,2792.4,1.1,India,2024-06-07 02:47:45
TXN-0005218,Thomas White,Home & Kitchen,512.66,2,1025.32,3.2,Australia,2024-04-05 13:29:37
TXN-0000949,Richard Thompson,Toys & Games,1449.54,7,10146.78,4.2,Brazil,2023-06-23 15:17:22
TXN-0006863,William Rodriguez,Beauty & Personal Care,1163.15,3,3489.45,2.4,Germany,2023-12-31 00:00:00
TXN-0005351,Patricia Moore,Apparel,940.2,3,2820.6,1.4,Canada,2023-10-25 09:53:00
TXN-0006113,Joseph Jackson,Books,1365.02,8,10920.16,3.9,Netherlands,2024-02-03 03:32:34
TXN-0010424,Barbara Johnson,Toys & Games,122.74,2,245.48,3.9,Japan,2023-12-02 18:00:24
TXN-0008944,Joseph Martinez,Automotive,539.72,5,2698.6,4.2,United States,2024-02-15 00:00:00
TXN-0011375,John Rodriguez,Electronics,237.23,6,1423.38,4.7,Netherlands,2024-10-11 03:56:36
TXN-0002951,Lisa Johnson,Books,102.22,5,511.1,4.5,Brazil,2023-05-27 20:40:49
TXN-0010101,Michael Williams,Books,606.17,6,3637.02,1.6,Germany,2023-01-02 00:59:43
TXN-0012360,Christopher Davis,Books,823.67,5,4118.35,4.4,Netherlands,2023-06-04 20:07:38
TXN-0005764,Lisa Moore,Apparel,1245.64,1,1245.64,1.7,Canada,2023-11-20 22:04:24
TXN-0006139,Christopher Martin,Apparel,1341.46,1,1341.46,4.3,Japan,2023-12-01 23:50:33
TXN-0003874,Robert Smith,Beauty & Personal Care,881.24,5,4406.2,2.3,United Kingdom,2023-09-07 01:26:51
TXN-0006509,James Jones,Sports & Outdoors,1048.72,1,1048.72,3.7,Japan,2023-02-24 19:06:43
TXN-0008091,James Davis,Automotive,198.45,2,396.9,3.1,Japan,2024-03-07 16:55:51
TXN-0001659,Robert Thompson,Sports & Outdoors,1498.92,5,7494.6,2.4,Japan,2023-11-17 00:47:33
TXN-0008160,James Rodriguez,Apparel,992.15,7,6945.05,4.2,United States,2024-07-14 00:46:20
TXN-0005241,Elizabeth Martinez,Toys & Games,179.51,2,359.02,2.6,India,2024-02-13 14:52:58
TXN-0009577,David Moore,Books,1167.09,6,7002.54,4.5,Brazil,2023-03-10 23:09:41
TXN-0004676,Richard Lopez,Automotive,1089.05,8,8712.4,2.9,Germany,2023-08-22 00:00:00
TXN-0009458,Sarah White,Beauty & Personal Care,721.72,5,3608.6,2.8,Germany,2024-12-12 06:53:22
TXN-0004193,Nancy White,Books,1365.13,1,1365.13,4.4,India,2023-09-08 13:58:13
TXN-0006444,Robert Gonzalez,Automotive,333.72,2,667.44,4.7,India,2023-10-02 09:20:27
TXN-0000592,Joseph Wilson,Electronics,452.52,6,2715.12,3.2,Brazil,2023-01-15 12:56:12
TXN-0008184,Daniel Davis,Beauty & Personal Care,429.61,8,3436.88,4.1,Australia,2024-12-31 00:00:00
TXN-0004416,Patricia Brown,Apparel,323.76,4,1295.04,4.4,India,2024-05-31 06:16:56
TXN-0001582,Richard Miller,Electronics,141.31,5,706.55,4.2,United Kingdom,2023-04-07 00:00:00
TXN-0002375,Nancy Jackson,Apparel,461.19,4,1844.76,4.4,Australia,2024-05-10 06:37:09
TXN-0006622,Lisa Martin,Toys & Games,1012.96,7,7090.72,3.8,France,2024-03-10 06:38:53
TXN-0006684,Jessica Anderson,Books,64.69,6,388.14,2.3,Netherlands,2023-08-18 17:38:13
TXN-0011682,Jessica Smith,Automotive,900.99,4,3603.96,3.4,United States,2023-12-17 08:22:41
TXN-0000010,Richard Rodriguez,Home & Kitchen,1370.14,6,8220.84,1.9,Germany,2024-01-23 18:20:42
TXN-0006126,Nancy Moore,Books,1178.5,2,2357.0,2.1,Canada,2023-11-02 00:00:00
TXN-0003808,David Johnson,Automotive,136.6,8,1092.8,4.2,Brazil,2023-10-08 04:09:46
TXN-0009927,John Wilson,Books,744.54,2,1489.08,4.4,France,2024-08-23 13:40:41
TXN-0010590,William Thompson,Books,1297.61,3,3892.83,3.2,Brazil,2024-01-24 18:14:36
TXN-0002474,Richard Davis,Apparel,171.6,7,1201.2,1.1,Canada,2023-12-20 06:29:36
TXN-0012158,Charles Garcia,Apparel,1088.77,1,1088.77,3.8,France,2024-12-31 20:17:11
TXN-0001375,Charles Miller,Apparel,774.53,3,2323.59,1.9,Germany,2023-03-05 20:06:49
TXN-0012470,Michael Johnson,Beauty & Personal Care,84.87,1,84.87,1.3,Canada,2024-07-17 20:33:23
TXN-0003551,Nancy Martinez,Toys & Games,151.63,5,758.15,1.7,Australia,2023-01-23 14:15:48
TXN-0007742,Susan Martinez,Automotive,1007.75,4,4031.0,4.2,United Kingdom,2023-09-03 03:14:55
TXN-0007324,Charles Lopez,Home & Kitchen,1269.75,2,2539.5,2.7,United Kingdom,2024-09-14 09:13:50
TXN-0001653,Richard Miller,Apparel,933.51,8,7468.08,4.1,Germany,2024-08-03 18:46:42
TXN-0007592,Elizabeth Thomas,Sports & Outdoors,278.13,4,1112.52,1.2,Netherlands,2024-02-24 00:00:00
TXN-0009241,Barbara Smith,Sports & Outdoors,383.49,5,1917.45,1.5,India,2024-11-08 04:33:08
TXN-0010308,Elizabeth Moore,Home & Kitchen,885.77,1,885.77,1.6,Brazil,2023-01-31 00:00:00
TXN-0002730,Christopher Perez,Sports & Outdoors,1376.44,7,9635.08,4.5,Netherlands,2024-04-10 13:30:48
TXN-0002123,Linda Rodriguez,Apparel,1382.32,8,11058.56,2.3,India,2023-05-13 10:16:56
TXN-0004224,Thomas Johnson,Home & Kitchen,29.04,4,116.16,2.1,France,2024-10-13 00:00:00
TXN-0007157,James Perez,Sports & Outdoors,252.49,3,757.47,3.9,Canada,2023-09-24 00:00:00
TXN-0006472,Elizabeth Jackson,Electronics,148.77,2,297.54,1.9,India,2023-11-24 22:38:13
TXN-0001805,James Rodriguez,Beauty & Personal Care,356.34,6,2138.04,2.6,United Kingdom,2024-11-22 00:00:00
TXN-0004911,Michael Smith,Electronics,1106.08,2,2212.16,3.5,Canada,2024-02-12 16:41:08
TXN-0002891,Nancy Lee,Electronics,1364.4,3,4093.2,2.5,Brazil,2023-03-01 02:28:54
TXN-0011598,David Brown,Sports & Outdoors,44.31,2,88.62,4.9,Germany,2024-01-21 21:52:34
TXN-0010794,Mary Miller,Apparel,1134.64,2,2269.28,1.5,Germany,2024-04-30 04:42:16
TXN-0008684,Linda Jones,Home & Kitchen,504.69,2,1009.38,4.8,Japan,2023-09-04 12:16:40
TXN-0010575,Elizabeth White,Toys & Games,990.44,1,990.44,2.9,United Kingdom,2024-09-14 04:35:26
TXN-0000298,Jessica Rodriguez,Beauty & Personal Care,509.94,3,1529.82,3.3,France,2024-01-12 23:21:15
TXN-0010323,John Hernandez,Toys & Games,749.81,4,2999.24,1.3,United Kingdom,2023-04-08 13:29:22
TXN-0007492,Barbara Thompson,Apparel,547.26,6,3283.56,1.2,United States,2024-12-01 09:48:52
TXN-0000927,Patricia Gonzalez,Apparel,1145.61,5,5728.05,4.1,Germany,2024-08-06 18:25:05
TXN-0002688,Elizabeth Jackson,Electronics,265.31,8,2122.48,3.3,Japan,2023-10-22 00:00:00
TXN-0010442,Mary Moore,Home & Kitchen,292.45,4,1169.8,4.3,United Kingdom,2023-06-16 20:45:46
TXN-0001251,Karen Jones,Apparel,715.82,1,715.82,2.3,United Kingdom,2024-11-26 21:46:50
TXN-0004188,Mary Anderson,Beauty & Personal Care,72.48,4,289.92,4.1,Japan,2023-04-06 00:00:00
TXN-0001464,Jessica Brown,Automotive,1357.49,7,9502.43,1.2,France,2023-06-18 16:29:38
TXN-0006561,Thomas Rodriguez,Home & Kitchen,563.92,6,3383.52,5.0,France,2024-07-26 01:13:43
TXN-0004529,Patricia White,Beauty & Personal Care,334.5,1,334.5,1.6,India,2023-08-10 00:00:00
TXN-0006551,Daniel Miller,Toys & Games,1111.86,2,2223.72,2.3,Canada,2024-03-09 04:39:59
TXN-0012291,Christopher Anderson,Electronics,556.69,3,1670.07,1.4,India,2023-09-30 00:00:00
TXN-0011515,David Moore,Home & Kitchen,745.09,5,3725.45,2.3,France,2023-12-24 14:12:04
TXN-0012325,William Rodriguez,Beauty & Personal Care,29.65,1,29.65,3.5,Australia,2023-10-21 04:48:53
TXN-0003442,Mary White,Beauty & Personal Care,602.16,7,4215.12,3.4,Germany,2023-06-12 05:32:41
TXN-0000384,Karen Gonzalez,Beauty & Personal Care,1083.32,8,8666.56,5.0,United Kingdom,2023-07-21 12:03:22
TXN-0011045,James Smith,Beauty & Personal Care,50.16,3,150.48,5.0,Brazil,2024-07-31 01:16:47
TXN-0005148,Elizabeth Jackson,Books,676.17,6,4057.02,2.3,Netherlands,2023-11-07 03:40:57
TXN-0012213,Elizabeth Johnson,Toys & Games,347.91,3,1043.73,4.2,United Kingdom,2024-08-27 09:17:11
TXN-0009647,Jennifer Martinez,Sports & Outdoors,996.23,1,996.23,1.7,Australia,2023-06-21 08:37:16
TXN-0003039,James Wilson,Automotive,167.07,4,668.28,4.1,Japan,2023-10-20 23:49:27
TXN-0006091,Joseph Taylor,Beauty & Personal Care,1155.49,7,8088.43,1.6,Japan,2023-12-31 15:43:27
TXN-0004228,Robert Taylor,Home & Kitchen,1059.95,6,6359.7,3.3,United Kingdom,2024-11-02 01:11:45
TXN-0007580,William Gonzalez,Sports & Outdoors,1269.25,3,3807.75,2.9,United Kingdom,2023-10-02 00:00:00
TXN-0003675,Christopher Perez,Beauty & Personal Care,862.44,3,2587.32,3.9,Canada,2023-08-25 00:00:00
TXN-0008894,Joseph Smith,Automotive,1446.34,5,7231.7,3.3,India,2023-05-14 00:00:00
TXN-0010007,Michael Miller,Apparel,298.33,3,894.99,4.2,Japan,2024-06-03 04:57:33
TXN-0009950,Karen White,Sports & Outdoors,23.28,2,46.56,3.6,India,2023-05-23 22:35:32
TXN-0006785,John Smith,Electronics,540.1,6,3240.6,1.2,India,2024-12-25 21:20:43
TXN-0003296,William Williams,Toys & Games,131.69,2,263.38,4.9,United States,2024-03-08 03:25:50
TXN-0005525,Sarah Gonzalez,Toys & Games,1464.82,7,10253.74,3.4,United Kingdom,2024-10-21 21:27:26
TXN-0007388,Patricia Williams,Books,714.9,7,5004.3,2.6,United States,2024-09-11 21:07:24
TXN-0001458,Karen Rodriguez,Beauty & Personal Care,721.3,3,2163.9,2.8,India,2024-11-14 02:01:48
TXN-0004131,Thomas Jones,Toys & Games,290.22,5,1451.1,4.5,India,2023-01-08 01:06:23
TXN-0012335,John Martinez,Books,304.98,4,1219.92,4.9,United Kingdom,2023-10-16 03:32:02
TXN-0000668,Mary Rodriguez,Apparel,1278.22,8,10225.76,2.7,Canada,2024-08-13 13:45:25
TXN-0006342,Daniel White,Toys & Games,950.41,8,7603.28,4.5,Canada,2024-09-08 13:47:58
TXN-0006197,Mary Martin,Books,528.72,4,2114.88,2.9,India,2024-11-19 14:13:44
TXN-0005593,Karen Perez,Sports & Outdoors,1442.92,3,4328.76,1.4,United Kingdom,2024-09-25 00:00:00
TXN-0008002,Lisa Martinez,Sports & Outdoors,167.0,7,1169.0,2.4,France,2023-08-11 02:48:23
TXN-0012238,Thomas Rodriguez,Home & Kitchen,1196.34,2,2392.68,4.9,United Kingdom,2023-09-20 12:14:25
TXN-0004862,Joseph Hernandez,Home & Kitchen,372.3,2,744.6,4.7,Netherlands,2023-10-24 13:49:23
TXN-0000202,Michael Martin,Toys & Games,65.18,1,65.18,1.5,Brazil,2023-09-16 16:19:43
TXN-0011502,Barbara Martinez,Automotive,1447.75,3,4343.25,3.3,Canada,2024-04-28 16:42:00
TXN-0009569,Christopher Jones,Electronics,880.42,1,880.42,3.3,Germany,2024-03-06 03:58:36
TXN-0001761,Karen Lee,Sports & Outdoors,443.09,2,886.18,4.4,Canada,2023-09-07 00:00:00
TXN-0003530,Jennifer Smith,Sports & Outdoors,598.08,7,4186.56,2.5,India,2023-10-22 06:31:45
TXN-0010609,David Jones,Apparel,442.31,1,442.31,3.2,Japan,2023-07-14 12:39:33
TXN-0010390,Christopher Smith,Home & Kitchen,345.03,2,690.06,5.0,United States,2024-06-16 03:45:34
TXN-0011414,Thomas Martinez,Electronics,836.85,7,5857.95,3.7,Brazil,2024-01-14 16:46:31
TXN-0001011,Thomas Smith,Apparel,414.85,3,1244.55,2.2,Netherlands,2024-03-15 00:00:00
TXN-0007386,Jennifer Johnson,Sports & Outdoors,1201.46,7,8410.22,4.4,United States,2024-08-24 18:02:47
TXN-0011295,Jessica Moore,Books,137.4,1,137.4,1.1,United Kingdom,2023-06-25 18:17:27
TXN-0011858,Charles Davis,Electronics,1018.26,3,3054.78,2.7,Canada,2023-01-12 19:41:11
TXN-0010217,William Rodriguez,Toys & Games,23.08,5,115.4,3.5,Netherlands,2023-11-07 20:54:35
TXN-0010579,Richard White,Automotive,200.94,1,200.94,3.2,Netherlands,2024-07-15 09:56:05
TXN-0002605,Susan Thomas,Toys & Games,948.8,1,948.8,2.9,United Kingdom,2024-03-02 00:00:00
TXN-0006380,Thomas Miller,Apparel,1492.94,1,1492.94,2.1,Brazil,2023-10-23 00:00:00
TXN-0003990,Lisa Miller,Home & Kitchen,1087.71,2,2175.42,1.6,United States,2023-11-11 04:27:46
TXN-0000085,Patricia Anderson,Sports & Outdoors,1414.3,8,11314.4,2.8,Japan,2024-04-09 00:00:00
TXN-0012074,Susan White,Automotive,1273.14,3,3819.42,2.0,France,2024-03-26 09:15:58
TXN-0000540,Elizabeth Smith,Sports & Outdoors,326.16,6,1956.96,1.1,Germany,2024-09-30 10:04:14
TXN-0001365,William Taylor,Home & Kitchen,29.14,7,203.98,4.2,India,2023-11-07 22:17:18
TXN-0000432,Lisa Taylor,Home & Kitchen,65.75,5,328.75,3.2,Japan,2023-04-12 00:36:57
TXN-0006858,Christopher Martin,Sports & Outdoors,330.41,8,2643.28,3.6,Netherlands,2024-03-05 12:35:32
TXN-0004754,David Jackson,Toys & Games,509.46,4,2037.84,3.3,Japan,2023-06-22 15:54:19
TXN-0003300,Karen Gonzalez,Automotive,973.93,5,4869.65,2.6,United Kingdom,2024-06-04 00:00:00
TXN-0006694,Linda Johnson,Apparel,171.92,3,515.76,2.5,United States,2024-02-21 06:23:40
TXN-0010958,Joseph Thomas,Apparel,821.2,1,821.2,2.8,United States,2024-04-04 07:46:12
TXN-0007741,Robert Martin,Sports & Outdoors,1340.91,2,2681.82,1.4,United Kingdom,2023-11-25 08:18:44
TXN-0000857,Christopher Anderson,Home & Kitchen,1461.92,1,1461.92,2.5,Canada,2024-11-22 08:21:48
TXN-0006348,Charles Moore,Apparel,456.85,8,3654.8,3.3,United States,2024-07-10 11:37:21
TXN-0012336,Elizabeth White,Apparel,1174.47,4,4697.88,3.2,United States,2023-07-02 09:18:44
TXN-0007130,Mary Johnson,Home & Kitchen,1486.92,6,8921.52,1.9,United Kingdom,2023-08-31 07:41:22
TXN-0006178,Joseph Brown,Sports & Outdoors,44.72,4,178.88,3.8,Japan,2023-08-22 22:52:28
TXN-0005353,Nancy Taylor,Home & Kitchen,993.82,1,993.82,3.2,Canada,2024-12-22 00:00:00
TXN-0005372,Barbara Gonzalez,Apparel,872.18,3,2616.54,3.4,Canada,2024-07-17 09:56:27
TXN-0001390,John Davis,Sports & Outdoors,1339.49,2,2678.98,3.9,United Kingdom,2024-03-31 02:31:18
TXN-0000913,James Martin,Automotive,768.98,4,3075.92,3.0,Japan,2024-07-01 07:14:20
TXN-0005750,Daniel Martinez,Apparel,621.32,7,4349.24,1.8,United Kingdom,2023-10-13 19:10:32
TXN-0006074,Susan Moore,Toys & Games,137.97,4,551.88,3.2,Australia,2024-04-08 20:03:33
TXN-0010134,Michael Lopez,Beauty & Personal Care,331.73,2,663.46,1.2,Netherlands,2024-03-08 03:15:45
TXN-0009846,Joseph Wilson,Beauty & Personal Care,513.7,8,4109.6,2.5,United States,2023-07-25 05:15:30
TXN-0009788,Lisa Thomas,Electronics,743.75,3,2231.25,2.1,India,2023-03-26 20:48:17
TXN-0011352,Elizabeth White,Books,1163.44,4,4653.76,3.0,Canada,2024-11-24 04:54:34
TXN-0004655,Thomas Martinez,Beauty & Personal Care,405.22,4,1620.88,4.9,France,2024-12-11 07:09:05
TXN-0007212,Nancy Jones,Home & Kitchen,1436.94,2,2873.88,3.8,Germany,2024-04-27 10:37:36
TXN-0001819,Sarah Lee,Sports & Outdoors,207.82,3,623.46,4.5,India,2023-01-26 09:27:22
TXN-0001978,Charles Lopez,Electronics,241.07,7,1687.49,4.0,United States,2024-06-27 10:09:39
TXN-0002550,Thomas Gonzalez,Sports & Outdoors,857.97,3,2573.91,2.0,Canada,2024-08-18 07:43:15
TXN-0012124,James Hernandez,Beauty & Personal Care,399.75,3,1199.25,2.0,Australia,2024-07-19 08:51:05
TXN-0011365,Richard White,Electronics,1239.08,6,7434.48,2.7,France,2023-02-18 00:00:00
TXN-0002048,Michael Davis,Apparel,230.41,8,1843.28,1.9,United Kingdom,2024-04-23 10:06:50
TXN-0002563,Sarah Moore,Home & Kitchen,1392.96,7,9750.72,4.4,United Kingdom,2024-09-01 01:23:29
TXN-0008774,Joseph Jackson,Electronics,405.76,7,2840.32,1.0,France,2024-01-19 14:27:08
TXN-0010793,Daniel Perez,Automotive,459.57,2,919.14,2.8,United States,2024-03-06 07:33:59
TXN-0008799,Jennifer Anderson,Apparel,848.8,7,5941.6,2.8,Australia,2023-08-19 12:03:27
TXN-0006765,Lisa Brown,Automotive,1151.64,8,9213.12,4.6,United Kingdom,2023-04-17 19:18:43
TXN-0010284,Jessica Brown,Sports & Outdoors,259.0,8,2072.0,2.5,United Kingdom,2023-03-16 00:00:00
TXN-0005489,Daniel Rodriguez,Apparel,1267.51,3,3802.53,4.7,Canada,2024-10-09 15:43:56
TXN-0003054,Michael Johnson,Beauty & Personal Care,752.97,1,752.97,4.6,Japan,2023-08-24 00:00:00
TXN-0008401,Robert Perez,Beauty & Personal Care,848.62,6,5091.72,4.1,Brazil,2023-10-23 03:44:11
TXN-0009854,Susan Smith,Home & Kitchen,435.49,1,435.49,4.0,United Kingdom,2023-11-28 00:00:00
TXN-0001419,Robert Williams,Beauty & Personal Care,1432.33,5,7161.65,3.3,Canada,2024-11-27 08:30:38
TXN-0010422,Barbara Miller,Electronics,535.39,8,4283.12,1.8,Canada,2024-10-29 13:53:10
TXN-0005822,Barbara Moore,Sports & Outdoors,993.78,1,993.78,1.4,Netherlands,2023-08-25 00:00:00
TXN-0009528,Linda Lopez,Automotive,417.44,2,834.88,4.1,Brazil,2023-12-23 11:12:31
TXN-0005064,David Perez,Toys & Games,374.95,1,374.95,3.5,Brazil,2024-11-24 19:27:36
TXN-0005613,Karen Miller,Books,297.56,4,1190.24,3.1,Brazil,2024-09-28 02:05:21
TXN-0009003,Richard White,Apparel,1491.78,5,7458.9,3.2,Brazil,2023-11-06 04:13:30
TXN-0001171,Lisa Moore,Electronics,1310.52,4,5242.08,4.3,United States,2023-03-01 00:00:00
TXN-0005985,Linda Lopez,Toys & Games,1069.21,8,8553.68,3.9,United Kingdom,2024-07-11 23:08:55
TXN-0004273,Susan Williams,Electronics,1264.34,7,8850.38,2.6,India,2024-07-03 21:44:31
TXN-0005270,Karen White,Electronics,713.0,7,4991.0,1.3,France,2023-04-26 14:07:50
TXN-0009073,Jessica Smith,Home & Kitchen,619.27,3,1857.81,5.0,Germany,2024-04-11 06:27:42
TXN-0005481,David Davis,Automotive,14.68,1,14.68,4.3,United States,2023-03-19 00:00:00
TXN-0003066,Charles Smith,Sports & Outdoors,794.99,6,4769.94,4.0,Japan,2023-01-09 20:39:23
TXN-0004733,Michael Hernandez,Apparel,795.4,1,795.4,3.7,Brazil,2024-03-01 23:25:56
TXN-0010746,Linda White,Sports & Outdoors,86.72,5,433.6,2.2,Canada,2023-02-11 19:05:20
TXN-0002042,Barbara Jones,Automotive,99.01,6,594.06,2.3,Brazil,2024-02-08 05:32:43
TXN-0004690,William Thomas,Beauty & Personal Care,1482.05,1,1482.05,1.5,Netherlands,2023-05-31 23:51:49
TXN-0008248,Lisa Davis,Books,857.82,1,857.82,1.3,Australia,2024-01-29 19:44:30
TXN-0000862,Charles Jones,Sports & Outdoors,634.41,8,5075.28,1.7,Australia,2023-04-17 22:24:18
TXN-0000204,Thomas Taylor,Automotive,453.19,1,453.19,2.5,Netherlands,2024-06-07 00:00:00
TXN-0000965,Daniel Wilson,Sports & Outdoors,192.23,6,1153.38,1.3,Netherlands,2024-12-06 22:45:39
TXN-0001057,Richard Anderson,Home & Kitchen,701.49,8,5611.92,1.4,Australia,2023-05-21 00:32:20
TXN-0010738,William Moore,Electronics,578.32,4,2313.28,1.3,Brazil,2024-07-11 05:13:48
TXN-0006134,Christopher Anderson,Electronics,1319.71,4,5278.84,1.8,Brazil,2023-08-24 00:21:58
TXN-0008075,Linda Anderson,Home & Kitchen,109.75,6,658.5,3.1,France,2024-07-11 13:09:49
TXN-0001749,Michael Garcia,Books,281.51,4,1126.04,2.2,Canada,2023-04-20 17:52:40
TXN-0011339,Lisa Davis,Toys & Games,1169.9,3,3509.7,3.0,Germany,2024-11-08 10:11:38
TXN-0000142,Barbara Williams,Toys & Games,657.15,8,5257.2,4.7,United States,2024-10-31 14:53:43
TXN-0008430,James Miller,Books,33.59,7,235.13,3.0,Australia,2024-06-24 00:00:00
TXN-0008309,Christopher Lopez,Apparel,1284.08,1,1284.08,3.5,France,2024-06-27 07:53:14
TXN-0009367,Richard Anderson,Automotive,457.76,4,1831.04,1.9,Japan,2024-06-30 01:23:52
TXN-0010234,Joseph Miller,Beauty & Personal Care,1129.25,8,9034.0,1.3,Netherlands,2024-05-29 17:46:36
TXN-0005868,Jessica Davis,Sports & Outdoors,228.77,3,686.31,1.9,Germany,2024-04-16 00:00:00
TXN-0003062,Joseph Martin,Beauty & Personal Care,1078.59,5,5392.95,4.2,Netherlands,2023-11-18 05:15:10
TXN-0012301,Elizabeth Wilson,Beauty & Personal Care,413.89,6,2483.34,1.4,Brazil,2023-12-04 00:00:00
TXN-0002521,Robert Wilson,Toys & Games,328.63,3,985.89,4.0,France,2024-04-03 15:18:01
TXN-0008791,Linda Thompson,Books,307.56,6,1845.36,2.7,Canada,2023-05-21 00:00:00
TXN-0004718,Lisa White,Automotive,1150.4,3,3451.2,3.5,United States,2023-10-08 13:16:59
TXN-0001546,Elizabeth Brown,Books,1242.35,2,2484.7,1.3,United Kingdom,2023-12-18 13:03:48
TXN-0003928,James Perez,Sports & Outdoors,779.47,3,2338.41,4.5,Germany,2024-07-31 10:02:17
TXN-0000363,Jessica Jackson,Books,451.78,7,3162.46,4.6,India,2024-07-08 19:37:24
TXN-0005495,Jessica Miller,Electronics,1382.16,5,6910.8,3.4,United States,2023-06-28 22:48:18
TXN-0010856,Daniel Thompson,Toys & Games,162.99,8,1303.92,4.8,India,2024-07-14 23:20:14
TXN-0011081,Susan Martinez,Automotive,1020.45,4,4081.8,1.9,Brazil,2024-01-14 07:55:03
TXN-0012251,Thomas Johnson,Electronics,326.94,3,980.82,3.9,Brazil,2023-07-30 09:37:23
TXN-0007385,Jessica Hernandez,Electronics,953.2,4,3812.8,4.9,India,2023-11-27 00:00:00
TXN-0010223,Robert Rodriguez,Books,916.29,6,5497.74,3.4,Canada,2024-09-29 06:22:49
TXN-0002310,Daniel Brown,Books,1275.31,6,7651.86,3.8,Netherlands,2024-12-30 19:28:12
TXN-0003389,Charles Thomas,Home & Kitchen,985.67,7,6899.69,1.8,France,2023-05-22 20:01:00
TXN-0007595,Robert Hernandez,Home & Kitchen,1307.44,1,1307.44,3.6,India,2024-11-30 20:55:16
TXN-0000016,Thomas Martin,Books,564.0,3,1692.0,3.2,United Kingdom,2024-08-27 18:38:58
TXN-0009390,Patricia Moore,Beauty & Personal Care,121.39,8,971.12,5.0,Australia,2023-02-01 10:42:37
TXN-0012297,Christopher Perez,Electronics,1343.98,5,6719.9,4.4,Australia,2024-04-14 16:00:01
TXN-0011967,Barbara Hernandez,Electronics,889.76,4,3559.04,3.3,United States,2024-01-31 12:26:23
TXN-0001824,David Lee,Beauty & Personal Care,1185.08,4,4740.32,2.3,Germany,2024-12-30 21:12:19
TXN-0003716,James Martinez,Apparel,1170.39,8,9363.12,2.0,India,2023-05-30 20:52:28
TXN-0007002,Nancy Smith,Beauty & Personal Care,483.66,5,2418.3,4.8,France,2023-03-09 11:15:17
TXN-0001045,John Lopez,Beauty & Personal Care,363.1,3,1089.3,3.2,United States,2023-02-20 17:38:15
TXN-0005587,Michael Hernandez,Sports & Outdoors,609.02,2,1218.04,5.0,Australia,2024-07-14 05:13:33
TXN-0003813,Barbara Lee,Sports & Outdoors,35.94,2,71.88,1.6,Japan,2023-01-18 04:42:23
TXN-0003044,Charles Johnson,Automotive,348.05,3,1044.15,2.3,United States,2024-05-29 04:38:34
TXN-0012117,Michael Brown,Apparel,57.09,2,114.18,4.7,Brazil,2024-10-09 19:01:43
TXN-0003777,Karen Anderson,Apparel,420.21,8,3361.68,1.9,United States,2023-08-02 12:42:27
TXN-0007297,Joseph Jackson,Electronics,956.93,3,2870.79,4.6,United States,2024-10-14 13:26:14
TXN-0006779,Lisa Rodriguez,Electronics,253.22,3,759.66,1.6,Germany,2023-11-25 17:30:52
TXN-0006556,Susan Smith,Home & Kitchen,1399.24,3,4197.72,3.7,India,2024-04-28 16:54:40
TXN-0001615,William Jackson,Beauty & Personal Care,792.43,5,3962.15,4.2,Australia,2024-08-27 12:29:27
TXN-0003646,Nancy Taylor,Home & Kitchen,993.63,3,2980.89,4.4,Canada,2024-03-23 19:27:23
TXN-0009876,Linda Taylor,Sports & Outdoors,1484.54,7,10391.78,4.9,India,2024-03-18 05:31:45
TXN-0011147,David Taylor,Books,245.48,3,736.44,4.7,France,2024-08-30 14:11:56
TXN-0001590,Joseph Wilson,Home & Kitchen,386.11,4,1544.44,2.1,Japan,2024-12-09 01:25:49
TXN-0000524,James Johnson,Automotive,236.71,2,473.42,2.0,Netherlands,2024-01-24 07:10:10
TXN-0011088,Michael Martinez,Books,1115.86,8,8926.88,4.7,Brazil,2023-07-01 08:09:59
TXN-0002067,Karen Gonzalez,Automotive,851.96,8,6815.68,2.6,Brazil,2024-03-15 22:21:44
TXN-0008748,Lisa Moore,Electronics,255.24,2,510.48,4.5,United States,2023-09-06 16:37:02
TXN-0005505,Charles Martinez,Beauty & Personal Care,833.42,3,2500.26,4.9,Germany,2023-06-17 00:00:00
TXN-0002191,Michael Hernandez,Books,1219.19,1,1219.19,1.4,India,2024-03-14 11:30:35
TXN-0007519,Karen Brown,Sports & Outdoors,785.06,6,4710.36,2.7,Canada,2023-04-10 07:21:55
TXN-0008779,Mary Thomas,Beauty & Personal Care,1417.79,4,5671.16,2.4,Germany,2024-06-11 07:43:03
TXN-0010210,Thomas Taylor,Apparel,1311.67,2,2623.34,4.3,France,2024-09-12 15:25:18
TXN-0007281,Nancy Miller,Books,797.02,3,2391.06,1.9,Australia,2024-01-11 00:00:00
TXN-0012068,Susan Rodriguez,Automotive,649.12,3,1947.36,1.3,France,2024-11-17 07:37:34
TXN-0002721,Michael Martinez,Automotive,827.41,1,827.41,2.1,India,2023-09-25 21:11:43
TXN-0004207,Patricia Thompson,Toys & Games,419.92,6,2519.52,1.9,Netherlands,2023-05-10 10:51:06
TXN-0006042,Jessica Williams,Apparel,388.65,6,2331.9,3.2,Australia,2024-09-11 09:05:25
TXN-0007434,James Martin,Electronics,1392.75,6,8356.5,1.6,France,2023-01-22 11:58:22
TXN-0000418,Patricia Brown,Books,515.33,5,2576.65,3.2,United States,2023-10-18 09:49:17
TXN-0002753,Mary Lopez,Automotive,1478.26,2,2956.52,4.0,India,2024-10-09 22:57:46
TXN-0001859,Mary Martinez,Beauty & Personal Care,1431.06,8,11448.48,2.2,Brazil,2024-09-14 04:13:08
TXN-0006825,Michael Thomas,Electronics,690.78,3,2072.34,1.8,France,2023-12-18 23:20:52
TXN-0004242,Sarah White,Electronics,1358.1,3,4074.3,4.6,United Kingdom,2023-01-14 00:00:00
TXN-0005234,Karen Taylor,Beauty & Personal Care,1188.75,2,2377.5,2.5,Canada,2024-02-28 10:22:55
TXN-0005686,Barbara Thomas,Books,715.38,5,3576.9,1.0,Germany,2024-04-25 00:00:00
TXN-0005794,Thomas Garcia,Electronics,1177.96,1,1177.96,3.2,Canada,2024-10-21 00:00:00
TXN-0005710,Barbara Jones,Beauty & Personal Care,326.62,4,1306.48,4.8,France,2024-06-19 08:31:39
TXN-0008496,Joseph Moore,Automotive,375.47,8,3003.76,1.4,United States,2024-08-07 21:28:06
TXN-0004593,Thomas Lee,Books,993.81,7,6956.67,1.0,Canada,2023-04-23 18:16:18
TXN-0010889,Christopher Perez,Toys & Games,292.36,6,1754.16,1.5,Brazil,2024-04-25 00:00:00
TXN-0012289,John Lee,Automotive,929.01,7,6503.07,4.4,Brazil,2024-05-09 00:00:00
TXN-0001403,Barbara Perez,Beauty & Personal Care,1460.5,4,5842.0,2.1,Australia,2024-08-31 00:00:00
TXN-0011536,Jennifer Moore,Apparel,687.3,8,5498.4,2.9,Canada,2024-10-20 02:33:24
TXN-0006231,James Taylor,Toys & Games,466.12,2,932.24,2.6,France,2023-04-22 13:43:40
TXN-0011530,Charles Moore,Books,287.93,8,2303.44,4.6,Japan,2024-09-25 00:00:00
TXN-0006080,William Perez,Automotive,1022.65,2,2045.3,3.2,Brazil,2023-04-23 14:58:45
TXN-0010718,Elizabeth Thompson,Toys & Games,303.49,2,606.98,1.5,United Kingdom,2024-12-05 13:00:22
TXN-0011023,Charles Taylor,Books,497.93,1,497.93,3.5,Australia,2024-11-20 18:20:25
TXN-0006495,David Garcia,Home & Kitchen,58.24,6,349.44,1.8,Canada,2023-11-05 21:52:21
TXN-0011047,Susan Thomas,Home & Kitchen,587.46,4,2349.84,4.3,India,2024-01-04 19:29:15
TXN-0001816,Christopher Martinez,Home & Kitchen,568.85,1,568.85,4.5,United States,2024-02-08 13:52:14
TXN-0003160,Elizabeth Jones,Electronics,244.31,5,1221.55,3.8,United Kingdom,2023-04-26 20:49:42
TXN-0009585,Jennifer Hernandez,Toys & Games,1154.93,8,9239.44,2.2,United Kingdom,2024-11-29 11:36:23
TXN-0005659,Robert Davis,Automotive,292.26,2,584.52,4.1,India,2024-10-27 01:57:49
TXN-0006204,Patricia Perez,Apparel,1438.36,3,4315.08,2.5,United Kingdom,2024-11-14 17:03:12
TXN-0007522,John Miller,Electronics,449.75,6,2698.5,1.6,India,2024-04-10 00:00:00
TXN-0004130,William Smith,Electronics,524.0,4,2096.0,1.1,Germany,2024-12-03 14:34:24
TXN-0001908,Mary Brown,Toys & Games,907.46,6,5444.76,1.9,Australia,2023-02-11 00:00:00
TXN-0007259,Barbara Miller,Apparel,1079.9,5,5399.5,4.4,Netherlands,2024-08-01 02:55:21
TXN-0000747,Jessica Williams,Books,187.8,6,1126.8,2.3,Netherlands,2024-03-29 20:37:48
TXN-0009460,Karen Taylor,Toys & Games,95.92,6,575.52,4.5,United States,2023-08-21 00:00:00
TXN-0010303,David Thomas,Automotive,452.14,7,3164.98,3.1,Germany,2024-04-28 15:27:01
TXN-0000087,Charles Johnson,Apparel,780.85,8,6246.8,4.7,India,2023-05-21 23:12:10
TXN-0003805,Sarah Brown,Sports & Outdoors,872.89,5,4364.45,4.9,Netherlands,2023-05-23 02:51:11
TXN-0007151,James Hernandez,Books,1263.72,3,3791.16,2.7,United Kingdom,2023-02-01 00:00:00
TXN-0008142,Linda Taylor,Apparel,474.81,7,3323.67,4.7,France,2023-05-11 05:53:49
TXN-0011727,Richard Thompson,Beauty & Personal Care,32.19,3,96.57,2.4,Netherlands,2023-12-03 05:10:55
TXN-0009695,Jessica Moore,Apparel,665.15,2,1330.3,4.4,India,2024-08-13 10:26:33
TXN-0002959,James Wilson,Home & Kitchen,1473.39,7,10313.73,3.8,Japan,2023-03-14 10:55:46
TXN-0007325,Thomas White,Electronics,576.08,2,1152.16,4.1,United Kingdom,2024-09-25 07:56:53
TXN-0005621,Charles Jackson,Books,54.34,4,217.36,3.8,Germany,2023-08-06 00:00:00
TXN-0012347,Barbara Johnson,Sports & Outdoors,213.27,1,213.27,4.2,Australia,2024-06-18 15:45:49
TXN-0012034,Elizabeth Martinez,Home & Kitchen,1454.74,1,1454.74,1.2,India,2024-01-12 20:38:05
TXN-0000906,Richard Thompson,Sports & Outdoors,83.36,1,83.36,1.2,India,2023-10-21 03:09:45
TXN-0009757,Sarah Moore,Toys & Games,104.72,3,314.16,4.6,United States,2023-09-21 16:05:13
TXN-0001934,Thomas Taylor,Electronics,837.78,4,3351.12,1.7,Netherlands,2023-04-05 00:00:00
TXN-0006438,Barbara Jackson,Sports & Outdoors,451.22,8,3609.76,2.9,Canada,2023-05-19 00:00:00
TXN-0004029,Barbara Martinez,Beauty & Personal Care,1329.01,4,5316.04,2.0,Netherlands,2024-01-27 00:00:00
TXN-0008365,Nancy Smith,Automotive,631.35,1,631.35,4.8,Brazil,2024-12-22 10:50:39
TXN-0002642,John White,Electronics,1298.14,8,10385.12,3.4,Canada,2023-01-30 00:00:00
TXN-0002591,Robert Perez,Books,922.51,1,922.51,1.3,France,2023-06-12 03:30:29
TXN-0006770,Elizabeth Martin,Apparel,19.94,1,19.94,1.8,Netherlands,2024-09-23 00:19:08
TXN-0010905,Christopher Davis,Electronics,335.21,8,2681.68,3.3,Germany,2023-07-09 16:37:03
TXN-0004003,Thomas Garcia,Books,513.32,8,4106.56,2.9,United States,2023-12-31 11:03:37
TXN-0010884,Charles Lopez,Electronics,1115.37,7,7807.59,1.5,India,2024-01-27 06:08:09
TXN-0011156,Joseph Rodriguez,Sports & Outdoors,104.62,6,627.72,1.2,Netherlands,2024-12-31 00:00:00
TXN-0006462,Daniel Brown,Electronics,1387.36,8,11098.88,3.3,United States,2023-12-31 23:00:13
TXN-0010164,Joseph Anderson,Books,308.96,7,2162.72,4.5,Australia,2024-08-09 13:43:00
TXN-0001451,Nancy Taylor,Books,1088.74,1,1088.74,3.3,Germany,2023-04-29 14:43:50
TXN-0007895,Charles Jones,Electronics,108.44,4,433.76,2.0,Australia,2024-08-25 15:52:20
TXN-0004103,Robert Davis,Automotive,1480.95,7,10366.65,4.4,Japan,2023-01-29 04:11:29
TXN-0010350,Susan Gonzalez,Electronics,948.26,1,948.26,1.7,Germany,2023-09-03 00:00:00
TXN-0011734,Patricia Garcia,Books,322.76,6,1936.56,4.8,France,2023-05-24 05:52:44
TXN-0009076,Michael Garcia,Automotive,1369.92,8,10959.36,1.4,Canada,2024-02-27 20:39:14
TXN-0008132,William Davis,Sports & Outdoors,809.58,2,1619.16,4.8,Canada,2024-08-07 17:53:23
TXN-0001028,Susan Gonzalez,Apparel,984.77,4,3939.08,4.7,Australia,2024-06-15 14:27:59
TXN-0002651,Jennifer Taylor,Home & Kitchen,142.56,3,427.68,4.4,France,2023-12-23 19:23:59
TXN-0010844,Christopher Miller,Home & Kitchen,121.68,6,730.08,3.6,Germany,2023-12-01 22:23:22
TXN-0006960,James Brown,Books,1319.58,5,6597.9,1.0,Japan,2024-07-31 07:04:02
TXN-0002492,Joseph Lee,Apparel,1353.19,7,9472.33,1.1,Japan,2023-06-02 19:30:20
TXN-0004774,Barbara Martinez,Home & Kitchen,558.11,1,558.11,1.4,India,2023-07-12 02:27:22
TXN-0001983,Michael Thompson,Home & Kitchen,419.76,3,1259.28,4.8,United States,2024-11-13 04:27:14
TXN-0002862,Richard Lee,Electronics,505.33,8,4042.64,3.1,India,2024-07-20 07:22:40
TXN-0006884,Elizabeth Thompson,Beauty & Personal Care,381.38,6,2288.28,4.0,Japan,2023-08-08 23:29:39
TXN-0003022,Nancy Davis,Beauty & Personal Care,1186.93,8,9495.44,5.0,Germany,2023-10-13 20:17:09
TXN-0000892,Thomas Smith,Apparel,1290.26,7,9031.82,2.6,Australia,2023-03-28 00:00:00
TXN-0001181,James Hernandez,Toys & Games,1175.01,1,1175.01,4.2,Japan,2024-03-05 18:09:02
TXN-0000133,Karen Martinez,Beauty & Personal Care,868.99,4,3475.96,1.6,Canada,2024-01-10 12:39:42
TXN-0001611,Christopher Rodriguez,Apparel,1144.35,4,4577.4,1.4,United Kingdom,2023-10-26 04:13:10
TXN-0001062,Daniel Anderson,Toys & Games,325.09,5,1625.45,1.7,Brazil,2023-02-11 00:00:00
TXN-0000773,Robert Brown,Beauty & Personal Care,309.58,5,1547.9,1.7,Canada,2023-05-11 17:14:46
TXN-0008073,Sarah Williams,Beauty & Personal Care,1033.52,6,6201.12,4.0,Netherlands,2023-08-28 10:45:10
TXN-0006620,David Williams,Electronics,789.85,3,2369.55,3.5,Brazil,2023-03-22 08:02:52
TXN-0009423,David Rodriguez,Home & Kitchen,1239.98,3,3719.94,2.3,Japan,2023-10-07 06:18:35
TXN-0004756,Elizabeth Brown,Toys & Games,1024.09,8,8192.72,2.4,United Kingdom,2023-03-13 20:45:00
TXN-0003812,Barbara Lopez,Books,696.64,4,2786.56,4.1,India,2024-09-25 11:24:51
TXN-0008181,Jennifer Jones,Beauty & Personal Care,101.11,1,101.11,1.3,Brazil,2023-01-08 03:08:46
TXN-0000936,John Martinez,Home & Kitchen,191.4,2,382.8,2.4,Japan,2024-03-30 21:14:24
TXN-0002141,Lisa Garcia,Electronics,13.05,4,52.2,4.0,United States,2024-02-23 20:11:15
TXN-0005638,Charles Perez,Apparel,1300.61,5,6503.05,2.3,United Kingdom,2023-12-05 18:02:39
TXN-0000903,Joseph Jones,Automotive,1263.14,3,3789.42,4.4,France,2024-04-16 00:00:00
TXN-0004017,Charles Martin,Electronics,95.03,4,380.12,3.7,United Kingdom,2023-09-21 15:13:49
TXN-0006004,Jennifer Thomas,Apparel,1257.1,4,5028.4,2.3,Australia,2024-04-20 15:10:49
TXN-0005198,Karen Rodriguez,Apparel,25.94,3,77.82,2.3,Netherlands,2024-12-09 02:16:12
TXN-0003070,Linda Lopez,Home & Kitchen,833.08,7,5831.56,1.7,United Kingdom,2024-05-28 04:07:59
TXN-0008257,Richard Perez,Automotive,982.23,6,5893.38,2.0,Brazil,2024-10-20 08:18:27
TXN-0005760,Christopher Gonzalez,Books,1401.84,3,4205.52,2.9,Japan,2023-04-29 16:09:13
TXN-0012386,Susan Hernandez,Toys & Games,945.61,4,3782.44,2.1,Australia,2024-04-08 14:42:42
TXN-0009939,Jessica Johnson,Sports & Outdoors,1388.68,3,4166.04,4.9,India,2023-04-19 00:00:00
TXN-0007326,Jennifer Jones,Sports & Outdoors,434.07,8,3472.56,3.1,India,2024-11-19 00:00:00
TXN-0011632,Mary Martin,Electronics,60.3,3,180.9,4.1,Canada,2023-07-19 22:37:11
TXN-0007873,Robert Jones,Sports & Outdoors,651.93,3,1955.79,4.8,France,2023-09-17 01:59:46
TXN-0011554,Daniel Gonzalez,Toys & Games,186.67,5,933.35,2.5,United Kingdom,2024-07-30 00:00:00
TXN-0003712,Charles Jones,Automotive,79.99,5,399.95,3.1,United Kingdom,2024-07-23 09:28:08
TXN-0007402,Michael Martin,Books,644.66,8,5157.28,1.9,India,2024-09-14 10:23:17
TXN-0008471,Jessica Hernandez,Sports & Outdoors,1186.63,7,8306.41,1.9,France,2023-07-26 06:56:22
TXN-0003815,Karen Wilson,Electronics,1134.72,1,1134.72,3.3,Canada,2024-04-22 07:02:28
TXN-0003000,Richard Thomas,Sports & Outdoors,1123.84,1,1123.84,2.8,France,2024-04-18 10:05:44
TXN-0007530,Mary Garcia,Automotive,112.79,8,902.32,3.2,Japan,2023-03-20 17:20:48
TXN-0011168,Robert Jones,Home & Kitchen,833.46,7,5834.22,4.8,Netherlands,2024-07-02 12:12:51
TXN-0009085,David Moore,Apparel,677.42,6,4064.52,1.0,United Kingdom,2024-05-15 04:30:55
TXN-0007133,Jessica Moore,Apparel,123.52,8,988.16,2.5,Japan,2024-12-31 00:00:00
TXN-0000404,Thomas Williams,Home & Kitchen,968.28,8,7746.24,5.0,France,2023-08-18 22:15:12
TXN-0011086,Nancy Lee,Automotive,1409.33,1,1409.33,3.5,Australia,2023-01-11 02:46:32
TXN-0006454,James Jones,Apparel,1020.75,5,5103.75,4.4,United Kingdom,2023-12-03 00:00:00
TXN-0006128,Patricia Jackson,Sports & Outdoors,287.28,1,287.28,1.7,United Kingdom,2023-02-22 14:44:05
TXN-0004730,Karen Jones,Home & Kitchen,222.83,7,1559.81,1.1,Japan,2024-06-23 01:24:22
TXN-0004589,Elizabeth Miller,Toys & Games,315.31,7,2207.17,2.4,France,2024-06-22 12:49:40
TXN-0001881,Linda Thompson,Home & Kitchen,1357.56,2,2715.12,4.2,France,2023-11-25 00:00:00
TXN-0004491,William Martinez,Sports & Outdoors,1334.16,5,6670.8,2.5,United States,2024-10-22 18:51:43
TXN-0003706,Jennifer Johnson,Apparel,1014.93,8,8119.44,2.0,Netherlands,2024-01-27 00:00:00
TXN-0008127,Christopher Johnson,Toys & Games,1056.98,5,5284.9,4.1,Canada,2023-11-11 23:15:02
TXN-0012363,James Davis,Automotive,93.5,8,748.0,4.9,Germany,2023-04-28 00:00:00
TXN-0011119,Joseph Thompson,Sports & Outdoors,70.87,8,566.96,1.3,Germany,2024-10-30 09:09:31
TXN-0009672,Charles Thomas,Sports & Outdoors,1194.62,8,9556.96,1.3,Brazil,2023-02-26 14:38:38
TXN-0003275,Mary Smith,Apparel,603.46,7,4224.22,3.9,Germany,2024-09-28 14:46:14
TXN-0000235,Linda White,Electronics,661.25,4,2645.0,4.0,Japan,2024-08-25 18:52:28
TXN-0010307,William Jones,Home & Kitchen,1211.0,6,7266.0,4.0,Canada,2024-02-04 06:37:39
TXN-0003155,Elizabeth Johnson,Beauty & Personal Care,1116.62,8,8932.96,4.4,Japan,2023-03-21 06:59:36
TXN-0009779,Thomas Williams,Beauty & Personal Care,232.11,3,696.33,3.3,France,2024-04-04 14:30:26
TXN-0005800,Thomas Garcia,Sports & Outdoors,1247.36,5,6236.8,4.0,Canada,2023-01-17 05:46:44
TXN-0004914,Patricia Gonzalez,Automotive,322.33,5,1611.65,2.5,United Kingdom,2024-07-28 09:00:04
TXN-0005572,Patricia Johnson,Sports & Outdoors,880.19,2,1760.38,4.0,Germany,2024-08-14 00:00:00
TXN-0008298,Thomas Jones,Automotive,615.83,1,615.83,2.5,United Kingdom,2024-01-07 08:59:27
TXN-0011534,Jessica Taylor,Home & Kitchen,53.16,1,53.16,3.8,Canada,2023-01-10 13:39:57
TXN-0000841,William Martin,Sports & Outdoors,1498.87,4,5995.48,3.3,Japan,2024-02-01 09:12:40
TXN-0011185,Sarah Hernandez,Beauty & Personal Care,927.3,8,7418.4,1.8,India,2024-11-25 00:00:00
TXN-0000761,Susan Anderson,Automotive,340.6,4,1362.4,1.8,Canada,2024-10-31 11:39:54
TXN-0011038,Sarah Brown,Apparel,1216.21,1,1216.21,2.2,Brazil,2024-03-24 14:31:51
TXN-0007664,Susan Brown,Home & Kitchen,516.68,5,2583.4,3.3,Australia,2024-06-02 07:10:00
TXN-0006798,Richard Garcia,Home & Kitchen,344.35,5,1721.75,4.8,Australia,2023-07-20 00:00:00
TXN-0000553,Linda Martin,Apparel,25.53,2,51.06,2.2,France,2024-01-01 00:00:00
TXN-0007314,John Wilson,Books,371.83,4,1487.32,2.0,Canada,2023-06-05 21:52:30
TXN-0003165,Nancy Perez,Apparel,1090.79,7,7635.53,3.2,France,2024-06-03 16:34:04
TXN-0007943,Lisa Lee,Beauty & Personal Care,39.05,5,195.25,2.1,India,2024-10-26 00:00:00
TXN-0003316,Karen Davis,Apparel,367.93,7,2575.51,1.5,Canada,2024-06-01 07:17:50
TXN-0003836,James Moore,Automotive,1307.76,2,2615.52,3.1,Canada,2024-10-18 12:58:14
TXN-0011623,Linda Thompson,Sports & Outdoors,1225.77,5,6128.85,3.2,France,2023-10-17 09:25:59
TXN-0009435,Robert White,Automotive,220.7,1,220.7,2.1,Canada,2023-11-08 00:00:00
TXN-0004093,Susan Moore,Home & Kitchen,1275.5,6,7653.0,1.8,United States,2023-03-15 09:58:22
TXN-0010328,Robert Johnson,Sports & Outdoors,463.28,5,2316.4,2.6,Japan,2023-12-31 22:12:25
TXN-0004018,James Johnson,Sports & Outdoors,517.02,2,1034.04,4.8,Canada,2023-08-08 17:03:05
TXN-0004070,Elizabeth Thomas,Apparel,115.09,4,460.36,1.6,Brazil,2024-10-21 11:26:20
TXN-0001056,Nancy Johnson,Electronics,1051.12,1,1051.12,1.6,Germany,2023-03-23 18:53:49
TXN-0008965,Sarah Johnson,Apparel,348.42,8,2787.36,2.8,India,2024-04-19 05:52:33
TXN-0009678,William White,Toys & Games,666.86,5,3334.3,2.5,Australia,2024-09-28 09:32:24
TXN-0007063,William Gonzalez,Toys & Games,645.59,7,4519.13,3.1,India,2024-04-23 06:15:26
TXN-0009704,Sarah Brown,Home & Kitchen,425.24,1,425.24,1.5,Japan,2024-12-17 17:36:22
TXN-0011215,Daniel Williams,Apparel,402.2,6,2413.2,3.9,Brazil,2023-01-26 15:40:19
TXN-0010126,Jennifer Martinez,Sports & Outdoors,1314.22,4,5256.88,2.0,United Kingdom,2024-08-17 00:00:00
TXN-0010605,Michael Lopez,Apparel,1240.25,2,2480.5,1.9,Netherlands,2023-08-16 13:22:01
TXN-0007727,Charles Thompson,Electronics,246.75,7,1727.25,3.3,France,2024-03-01 00:00:00
TXN-0000164,John Lopez,Books,481.43,2,962.86,4.4,United States,2024-05-19 20:08:43
TXN-0002652,Elizabeth Hernandez,Apparel,1401.16,2,2802.32,4.1,India,2024-04-16 21:57:45
TXN-0000396,Nancy Jones,Beauty & Personal Care,542.08,4,2168.32,1.7,India,2024-12-05 09:44:01
TXN-0006496,David Gonzalez,Toys & Games,1077.08,6,6462.48,3.5,India,2024-08-08 00:00:00
TXN-0009016,Susan Taylor,Beauty & Personal Care,1151.82,7,8062.74,2.4,United States,2023-12-10 21:43:30
TXN-0006657,Joseph Johnson,Automotive,949.36,4,3797.44,3.6,United States,2024-01-04 19:32:12
TXN-0002799,Linda Rodriguez,Beauty & Personal Care,424.63,7,2972.41,4.6,Canada,2024-02-21 16:19:26
TXN-0005008,Elizabeth Johnson,Apparel,1129.99,5,5649.95,4.7,Brazil,2024-04-27 11:28:18
TXN-0006330,Linda Brown,Beauty & Personal Care,770.42,1,770.42,3.2,United States,2023-12-06 18:43:26
TXN-0004517,William Johnson,Books,1486.42,3,4459.26,3.2,Canada,2024-04-10 16:28:37
TXN-0011737,Sarah Moore,Home & Kitchen,618.31,2,1236.62,3.0,Japan,2023-12-21 14:21:03
TXN-0002082,Karen Davis,Sports & Outdoors,869.59,5,4347.95,1.9,France,2024-11-15 05:29:34
TXN-0003376,Jennifer Martin,Electronics,30.48,2,60.96,3.3,Brazil,2024-12-31 00:00:00
TXN-0007494,Karen Jones,Beauty & Personal Care,318.97,3,956.91,1.2,United Kingdom,2024-04-21 04:13:13
TXN-0012480,Jessica Brown,Automotive,1178.77,5,5893.85,2.0,Netherlands,2023-09-20 22:33:59
TXN-0012146,Nancy Smith,Books,1492.09,8,11936.72,3.6,Japan,2023-05-29 00:00:00
TXN-0010981,Michael Brown,Apparel,757.26,6,4543.56,1.4,Canada,2023-04-29 00:00:00
TXN-0011624,Karen Smith,Electronics,194.67,5,973.35,4.6,India,2023-09-30 05:28:22
TXN-0010044,William Hernandez,Home & Kitchen,389.88,1,389.88,4.9,Germany,2024-12-31 00:00:00
TXN-0005068,Nancy White,Electronics,788.68,1,788.68,3.9,India,2024-07-23 00:00:00
TXN-0006469,Daniel Brown,Sports & Outdoors,1283.49,7,8984.43,1.4,Germany,2023-07-03 13:32:52
TXN-0001760,John Williams,Books,505.59,1,505.59,1.2,Netherlands,2023-02-21 10:28:32
TXN-0006383,Lisa Davis,Books,89.4,1,89.4,1.9,Germany,2024-11-14 00:00:00
TXN-0002905,Thomas Wilson,Toys & Games,885.62,5,4428.1,2.8,India,2023-11-14 08:32:21
TXN-0001903,Thomas Jackson,Sports & Outdoors,75.2,7,526.4,5.0,United Kingdom,2024-06-14 01:00:53
TXN-0000353,Barbara Moore,Toys & Games,1244.07,4,4976.28,1.7,Canada,2023-02-27 06:02:33
TXN-0001141,Christopher Brown,Beauty & Personal Care,150.61,5,753.05,3.3,Netherlands,2024-06-20 09:35:05
TXN-0003340,Michael Wilson,Toys & Games,657.54,5,3287.7,1.5,Brazil,2023-12-10 17:03:29
TXN-0002676,Christopher Jones,Electronics,132.08,4,528.32,1.1,United Kingdom,2023-06-22 10:37:21
TXN-0011651,Lisa Martin,Sports & Outdoors,1233.49,4,4933.96,3.0,Netherlands,2023-06-01 11:52:03
TXN-0011394,Joseph Jackson,Books,332.7,5,1663.5,2.9,Japan,2023-08-19 00:00:00
TXN-0007696,Richard Wilson,Apparel,232.61,7,1628.27,4.9,France,2023-10-20 09:30:56
TXN-0002634,Christopher Rodriguez,Apparel,1487.29,3,4461.87,2.6,Netherlands,2024-06-29 16:07:55
TXN-0007201,David Wilson,Toys & Games,473.6,1,473.6,4.4,Germany,2024-10-05 05:38:40
TXN-0008831,William Thomas,Books,1163.47,3,3490.41,4.0,Canada,2024-05-01 02:58:29
TXN-0007364,Robert Wilson,Toys & Games,915.58,8,7324.64,2.2,Brazil,2024-12-29 09:12:12
TXN-0000443,James Gonzalez,Home & Kitchen,13.82,2,27.64,4.0,Brazil,2024-03-30 00:00:00
TXN-0006757,Jennifer Miller,Apparel,600.9,5,3004.5,1.7,Brazil,2023-09-17 00:00:00
TXN-0008165,Elizabeth Lee,Electronics,445.41,4,1781.64,3.1,India,2023-07-25 19:46:23
TXN-0011150,Mary Perez,Beauty & Personal Care,113.51,4,454.04,4.5,France,2023-04-01 08:07:55
TXN-0003247,James Moore,Beauty & Personal Care,857.81,1,857.81,4.2,Brazil,2023-03-26 16:27:41
TXN-0012240,Mary Rodriguez,Sports & Outdoors,410.7,2,821.4,4.2,Japan,2024-02-18 05:27:23
TXN-0012137,David Taylor,Beauty & Personal Care,201.35,5,1006.75,4.5,United Kingdom,2023-04-04 14:14:40
TXN-0010799,William Gonzalez,Apparel,1238.75,7,8671.25,4.8,Germany,2024-12-30 17:45:47
TXN-0006702,Jessica Miller,Sports & Outdoors,1272.97,2,2545.94,3.5,Germany,2023-01-20 14:07:50
TXN-0002201,John Anderson,Electronics,1127.17,5,5635.85,4.7,Australia,2023-07-24 00:56:10
TXN-0007065,William Davis,Beauty & Personal Care,454.73,3,1364.19,2.5,United States,2024-12-31 00:00:00
TXN-0007121,Jennifer Lee,Books,278.72,8,2229.76,2.3,Netherlands,2023-03-13 23:35:35
TXN-0002353,Linda Martin,Electronics,392.28,1,392.28,3.3,France,2023-05-15 15:31:44
TXN-0009106,Robert Taylor,Electronics,1479.92,8,11839.36,3.8,United States,2024-03-27 22:10:44
TXN-0007892,Robert Rodriguez,Beauty & Personal Care,1381.52,2,2763.04,3.9,Netherlands,2023-07-06 12:29:23
TXN-0003668,Robert Rodriguez,Automotive,500.98,3,1502.94,2.7,Australia,2024-12-31 00:00:00
TXN-0011506,Elizabeth Williams,Electronics,1363.38,7,9543.66,3.0,Canada,2024-10-09 07:22:09
TXN-0003073,James Gonzalez,Sports & Outdoors,1021.68,1,1021.68,2.6,Germany,2023-09-25 00:42:25
TXN-0005713,James Moore,Electronics,63.15,4,252.6,4.3,Canada,2023-05-07 02:08:28
TXN-0001132,James Wilson,Beauty & Personal Care,79.6,3,238.8,2.4,United States,2023-08-09 00:27:08
TXN-0011558,William Moore,Books,1147.53,6,6885.18,1.7,India,2023-05-30 19:39:17
TXN-0003403,Linda Thomas,Automotive,1483.01,1,1483.01,1.8,Canada,2024-11-12 09:46:40
TXN-0005635,Linda Moore,Electronics,166.87,6,1001.22,2.0,Australia,2024-03-06 08:58:13
TXN-0008047,Jennifer Brown,Toys & Games,1349.38,1,1349.38,3.8,France,2023-03-14 10:45:59
TXN-0010837,Richard Smith,Sports & Outdoors,62.92,3,188.76,4.8,Netherlands,2023-11-21 22:04:57
TXN-0008391,Jennifer Hernandez,Beauty & Personal Care,1438.83,6,8632.98,2.1,Germany,2024-04-20 07:39:47
TXN-0000157,David Thomas,Books,1499.97,3,4499.91,1.3,Germany,2024-10-17 21:17:09
TXN-0003369,Christopher Smith,Sports & Outdoors,268.16,2,536.32,4.3,Canada,2024-11-30 00:00:00
TXN-0009991,Jessica Miller,Home & Kitchen,948.3,5,4741.5,1.5,Australia,2023-03-19 10:13:38
TXN-0007064,Lisa Thomas,Books,26.86,8,214.88,4.2,India,2023-08-14 17:50:04
TXN-0006892,Daniel Johnson,Electronics,560.53,6,3363.18,4.0,Brazil,2024-03-22 00:00:00
TXN-0006323,Nancy Johnson,Home & Kitchen,346.28,8,2770.24,2.1,Australia,2024-09-27 00:00:00
TXN-0011911,William Wilson,Sports & Outdoors,570.23,5,2851.15,4.9,United States,2024-02-12 02:48:14
TXN-0001035,Jessica Moore,Books,130.01,7,910.07,3.1,Japan,2024-08-26 04:44:04
TXN-0001373,Sarah Anderson,Apparel,1215.09,1,1215.09,2.2,Netherlands,2023-12-31 15:52:17
TXN-0006089,Thomas Perez,Home & Kitchen,1261.64,4,5046.56,4.5,Brazil,2024-07-15 20:19:17
TXN-0000433,James Hernandez,Automotive,64.71,6,388.26,3.4,United Kingdom,2024-08-23 22:05:07
TXN-0011358,Jennifer Wilson,Electronics,239.75,4,959.0,3.5,Brazil,2024-04-18 02:23:56
TXN-0003227,Mary Taylor,Home & Kitchen,458.84,5,2294.2,3.8,Netherlands,2023-04-11 01:24:12
TXN-0009776,James White,Home & Kitchen,200.3,5,1001.5,4.0,Canada,2024-08-28 00:00:00
TXN-0000095,Linda Anderson,Apparel,289.96,3,869.88,4.5,Japan,2023-08-03 13:37:29
TXN-0005364,James Anderson,Sports & Outdoors,552.82,8,4422.56,1.1,United States,2023-05-27 15:06:43
TXN-0009588,Patricia Hernandez,Sports & Outdoors,197.96,4,791.84,5.0,France,2023-07-27 09:32:05
TXN-0000973,William Gonzalez,Apparel,686.82,5,3434.1,3.7,Japan,2024-12-31 06:35:08
TXN-0003579,Richard Jackson,Books,1083.82,2,2167.64,2.0,United Kingdom,2024-04-11 16:23:15
TXN-0004868,Linda Davis,Toys & Games,1187.73,2,2375.46,2.0,Germany,2024-12-29 22:02:06
TXN-0002813,Jennifer Anderson,Sports & Outdoors,829.28,7,5804.96,4.6,United Kingdom,2024-09-18 03:14:49
TXN-0011905,Jennifer Lopez,Beauty & Personal Care,815.71,4,3262.84,1.7,United States,2023-08-14 21:10:04
TXN-0006852,Robert Martinez,Toys & Games,529.61,6,3177.66,1.6,Canada,2023-08-14 11:41:23
TXN-0005203,John Thomas,Electronics,60.62,5,303.1,3.1,United States,2023-10-05 22:09:01
TXN-0011232,Linda Rodriguez,Automotive,470.66,1,470.66,1.0,Australia,2024-12-05 18:07:50
TXN-0006208,Mary Anderson,Books,1081.78,3,3245.34,3.5,India,2024-07-16 00:00:00
TXN-0004691,Michael Gonzalez,Automotive,1091.6,2,2183.2,1.3,United Kingdom,2023-09-12 09:35:47
TXN-0004033,John Martinez,Beauty & Personal Care,1121.33,1,1121.33,2.9,Australia,2023-04-22 06:29:18
TXN-0005443,Joseph Thomas,Beauty & Personal Care,642.21,6,3853.26,4.4,Canada,2023-02-13 18:21:23
TXN-0009038,Daniel Johnson,Toys & Games,1089.32,5,5446.6,4.0,Brazil,2023-02-10 00:00:00
TXN-0002816,Karen Lee,Home & Kitchen,352.06,2,704.12,1.3,Netherlands,2024-05-31 22:58:43
TXN-0004050,Susan Gonzalez,Home & Kitchen,541.07,8,4328.56,1.4,Australia,2023-09-10 12:19:33
TXN-0001662,David Hernandez,Home & Kitchen,866.73,2,1733.46,1.9,United Kingdom,2023-08-03 18:36:40
TXN-0002100,Robert Hernandez,Toys & Games,1487.3,4,5949.2,1.8,Netherlands,2023-01-08 17:40:59
TXN-0006284,John Anderson,Apparel,1107.02,5,5535.1,4.4,Canada,2023-11-03 21:13:53
TXN-0002393,William Williams,Automotive,332.44,6,1994.64,2.7,United Kingdom,2023-09-18 09:20:50
TXN-0001965,Barbara Jones,Sports & Outdoors,1435.04,2,2870.08,2.7,France,2024-07-23 02:33:49
TXN-0011755,Jennifer Anderson,Automotive,285.39,8,2283.12,1.3,Canada,2024-10-03 14:54:13
TXN-0010186,Susan Gonzalez,Home & Kitchen,692.55,2,1385.1,2.1,Canada,2023-01-12 14:52:17
TXN-0008994,Charles Martin,Beauty & Personal Care,130.58,5,652.9,1.2,Australia,2024-09-06 23:47:22
TXN-0011575,Susan Martin,Books,1377.05,1,1377.05,4.9,Brazil,2023-05-04 00:00:00
TXN-0001112,Thomas Miller,Toys & Games,107.62,7,753.34,1.7,Germany,2023-08-27 13:37:51
TXN-0011900,Christopher Davis,Home & Kitchen,525.74,4,2102.96,1.6,Germany,2024-05-13 05:36:36
TXN-0002004,Thomas Rodriguez,Beauty & Personal Care,1300.02,2,2600.04,5.0,France,2023-04-18 06:24:35
TXN-0010354,Charles Lee,Beauty & Personal Care,327.19,4,1308.76,2.5,United Kingdom,2024-07-09 00:00:00
TXN-0005581,Karen Jackson,Sports & Outdoors,31.52,4,126.08,1.7,United Kingdom,2023-10-27 05:52:48
TXN-0006748,Susan Miller,Automotive,786.93,1,786.93,1.1,Netherlands,2024-08-09 12:39:19
TXN-0006079,David Perez,Books,683.1,2,1366.2,4.8,France,2023-11-12 12:18:04
TXN-0012277,Robert Thompson,Apparel,580.74,1,580.74,1.8,India,2024-03-01 19:17:24
TXN-0006105,Karen White,Sports & Outdoors,1428.96,8,11431.68,1.7,Australia,2024-11-22 01:56:22
TXN-0011460,Michael Perez,Home & Kitchen,1454.49,2,2908.98,3.0,France,2024-03-29 09:41:48
TXN-0005763,James Williams,Books,334.79,8,2678.32,3.5,Germany,2024-03-11 16:43:32
TXN-0004159,Lisa Taylor,Electronics,341.02,1,341.02,3.1,Germany,2024-05-12 13:00:36
TXN-0011284,Richard Lopez,Apparel,160.33,4,641.32,1.0,Netherlands,2024-06-25 17:42:46
TXN-0000564,Jennifer Hernandez,Apparel,1149.33,7,8045.31,4.8,United States,2023-08-24 14:49:06
TXN-0011862,Robert Lee,Automotive,44.01,8,352.08,1.6,Brazil,2023-03-19 00:00:00
TXN-0008717,Jessica Lopez,Automotive,1068.36,3,3205.08,4.3,Australia,2024-06-08 03:55:03
TXN-0001779,Jennifer Davis,Beauty & Personal Care,1012.46,2,2024.92,5.0,Australia,2024-06-11 04:45:48
TXN-0010861,Karen Wilson,Home & Kitchen,61.83,7,432.81,3.4,Netherlands,2024-11-02 10:22:51
TXN-0000345,Mary Davis,Books,792.04,1,792.04,2.3,United States,2024-04-22 00:18:06
TXN-0005047,Jennifer White,Apparel,510.09,1,510.09,2.5,Germany,2024-01-12 23:29:37
TXN-0011461,Susan Moore,Toys & Games,1430.84,7,10015.88,3.0,India,2024-07-29 08:11:07
TXN-0009985,Lisa Garcia,Beauty & Personal Care,1495.12,2,2990.24,2.3,Australia,2023-05-14 09:09:51
TXN-0006975,Richard Rodriguez,Home & Kitchen,1260.85,2,2521.7,3.0,Australia,2023-05-22 02:24:32
TXN-0002577,Jessica Miller,Automotive,994.55,2,1989.1,2.4,Brazil,2024-01-22 23:29:02
TXN-0010132,Joseph Wilson,Automotive,826.16,8,6609.28,2.6,Netherlands,2023-01-28 13:39:41
TXN-0007556,Linda Martinez,Books,859.62,6,5157.72,3.5,Canada,2024-06-28 00:46:01
TXN-0010545,Karen Jones,Home & Kitchen,1044.71,4,4178.84,4.3,United Kingdom,2024-06-29 23:48:55
TXN-0009790,Lisa Martinez,Beauty & Personal Care,332.57,6,1995.42,1.0,Netherlands,2024-04-19 22:23:43
TXN-0012422,Charles Williams,Automotive,315.27,7,2206.89,2.0,India,2023-11-14 00:00:00
TXN-0005300,Charles Anderson,Toys & Games,1112.26,3,3336.78,1.8,United States,2023-08-02 09:30:09
TXN-0011417,Daniel Lee,Apparel,343.89,6,2063.34,4.6,Germany,2024-12-13 20:53:20
TXN-0011529,Robert Moore,Sports & Outdoors,274.91,6,1649.46,5.0,Canada,2024-02-05 21:51:56
TXN-0003830,John Rodriguez,Books,1430.87,7,10016.09,4.8,France,2024-03-18 03:36:16
TXN-0005802,James Smith,Home & Kitchen,680.13,4,2720.52,2.0,Netherlands,2023-07-10 00:00:00
TXN-0005103,Karen Moore,Books,742.51,5,3712.55,3.4,Japan,2023-07-04 00:00:00
TXN-0011730,Barbara Miller,Books,551.59,2,1103.18,2.1,France,2023-06-18 09:53:16
TXN-0003168,Jennifer Hernandez,Home & Kitchen,1311.44,1,1311.44,2.2,India,2023-12-16 00:00:00
TXN-0006989,Elizabeth Rodriguez,Electronics,346.28,6,2077.68,4.9,Canada,2023-12-16 00:00:00
TXN-0012357,Sarah Moore,Books,1155.65,6,6933.9,2.2,United States,2023-06-21 03:15:39
TXN-0009320,Thomas Brown,Sports & Outdoors,528.62,7,3700.34,4.5,Brazil,2023-03-06 00:00:00
TXN-0000687,Joseph Garcia,Apparel,431.44,3,1294.32,4.4,Brazil,2024-06-22 03:49:58
TXN-0005936,Elizabeth Johnson,Apparel,1446.58,8,11572.64,4.5,United States,2023-06-12 00:00:00
TXN-0004497,Robert Hernandez,Books,675.25,8,5402.0,4.4,Canada,2024-10-19 00:00:00
TXN-0007788,Karen Jones,Electronics,826.29,5,4131.45,4.0,Canada,2023-09-10 02:00:53
TXN-0006821,Richard Brown,Automotive,532.56,3,1597.68,3.7,United Kingdom,2024-02-05 21:37:24
TXN-0000136,Charles Perez,Toys & Games,217.1,1,217.1,1.4,Canada,2024-02-17 00:54:50
TXN-0000261,Charles Perez,Toys & Games,1159.39,5,5796.95,4.2,Canada,2024-07-07 00:00:00
TXN-0004880,Elizabeth Williams,Automotive,1004.21,7,7029.47,2.5,Germany,2023-04-20 04:06:27
TXN-0002012,Linda Anderson,Automotive,537.01,2,1074.02,3.4,India,2023-06-24 00:00:00
TXN-0005151,James Williams,Automotive,1159.91,3,3479.73,4.3,Japan,2023-02-18 11:54:22
TXN-0002983,Charles Hernandez,Automotive,224.11,4,896.44,2.4,Australia,2023-06-05 00:00:00
TXN-0011349,Michael Anderson,Toys & Games,554.8,1,554.8,4.4,Japan,2024-02-02 06:47:46
TXN-0009374,Sarah Thomas,Automotive,762.08,3,2286.24,3.3,Germany,2023-10-19 17:25:57
TXN-0003198,Lisa Martin,Home & Kitchen,1421.6,4,5686.4,1.0,United Kingdom,2024-06-06 09:54:38
TXN-0011524,Thomas Martin,Apparel,1363.13,1,1363.13,4.2,France,2023-07-28 02:12:42
TXN-0007913,Mary Lopez,Sports & Outdoors,839.14,4,3356.56,2.4,United Kingdom,2024-01-15 10:17:41
TXN-0001319,Lisa Johnson,Beauty & Personal Care,1076.35,8,8610.8,2.7,Japan,2023-07-04 00:00:00
TXN-0005106,David Anderson,Beauty & Personal Care,1340.23,6,8041.38,1.2,United Kingdom,2024-02-23 04:08:04
TXN-0011815,Lisa Martinez,Apparel,1019.46,6,6116.76,3.0,Canada,2023-01-28 01:40:29
TXN-0000338,Jessica Smith,Toys & Games,263.35,4,1053.4,4.6,Japan,2023-08-02 14:01:54
TXN-0001976,Daniel Garcia,Apparel,612.15,6,3672.9,4.7,United States,2023-09-02 18:23:37
TXN-0005031,Robert Garcia,Books,437.76,1,437.76,2.0,United Kingdom,2023-01-15 00:00:00
TXN-0011961,Elizabeth Anderson,Home & Kitchen,255.11,7,1785.77,2.0,Australia,2023-10-27 20:06:36
TXN-0011684,Linda Lee,Sports & Outdoors,934.93,6,5609.58,1.2,United States,2024-12-11 00:00:00
TXN-0002804,Elizabeth Davis,Toys & Games,1037.31,1,1037.31,2.4,Netherlands,2024-08-15 18:18:51
TXN-0002275,John Lee,Apparel,522.2,1,522.2,2.1,Australia,2024-11-03 20:35:03
TXN-0009213,Karen Lee,Automotive,1397.04,5,6985.2,2.2,Australia,2023-01-03 00:00:00
TXN-0011480,Jessica Moore,Toys & Games,659.61,7,4617.27,3.0,Brazil,2024-04-26 23:24:03
TXN-0007071,Daniel Rodriguez,Apparel,64.54,4,258.16,3.4,India,2023-11-16 09:15:05
TXN-0004664,Jennifer Thompson,Automotive,1014.91,7,7104.37,4.1,France,2023-05-20 00:32:23
TXN-0009666,William Taylor,Electronics,919.15,8,7353.2,2.7,Canada,2023-12-16 04:42:29
TXN-0009221,Robert Miller,Apparel,616.02,5,3080.1,2.7,Australia,2024-09-29 15:03:17
TXN-0001667,Charles White,Books,823.61,1,823.61,2.7,India,2024-04-21 07:57:24
TXN-0011126,Linda Moore,Home & Kitchen,1449.94,8,11599.52,3.2,United Kingdom,2024-09-05 00:00:00
TXN-0011302,Nancy Perez,Automotive,1355.14,7,9485.98,2.3,United Kingdom,2024-04-20 00:00:00
TXN-0006212,Robert Jackson,Books,1354.46,2,2708.92,3.7,Australia,2024-08-23 14:50:20
TXN-0002887,William Jones,Electronics,1041.23,4,4164.92,4.2,United Kingdom,2024-08-08 14:25:03
TXN-0010360,Jennifer Wilson,Toys & Games,1273.62,6,7641.72,2.9,Japan,2024-05-28 18:11:29
TXN-0009112,Mary Gonzalez,Sports & Outdoors,1327.3,7,9291.1,3.5,Germany,2024-11-10 15:18:55
TXN-0002153,Barbara Jackson,Toys & Games,1280.58,4,5122.32,3.2,Netherlands,2023-08-21 04:03:35
TXN-0000021,Charles Moore,Books,334.22,2,668.44,3.8,Netherlands,2023-02-15 17:29:11
TXN-0008561,Jennifer Jackson,Home & Kitchen,305.47,5,1527.35,4.8,France,2023-04-24 01:33:29
TXN-0008763,Nancy Anderson,Automotive,812.21,8,6497.68,3.0,United Kingdom,2023-05-01 00:46:51
TXN-0004316,Linda Johnson,Toys & Games,358.93,6,2153.58,4.5,Australia,2023-06-01 06:23:10
TXN-0008816,James White,Home & Kitchen,971.68,8,7773.44,4.0,Netherlands,2024-11-20 00:00:00
TXN-0006319,Jessica Miller,Beauty & Personal Care,921.62,4,3686.48,1.3,United Kingdom,2024-07-23 00:00:00
TXN-0009001,Charles Smith,Automotive,813.69,4,3254.76,3.1,Japan,2024-06-05 07:50:40
TXN-0007874,Nancy Anderson,Apparel,510.33,6,3061.98,4.4,Germany,2024-08-01 00:00:00
TXN-0000833,David Gonzalez,Sports & Outdoors,176.39,2,352.78,3.2,Canada,2023-10-08 00:00:00
TXN-0007321,Jessica Lopez,Toys & Games,54.22,1,54.22,4.1,Australia,2024-05-26 00:00:00
TXN-0005027,Michael Taylor,Electronics,937.5,3,2812.5,2.6,India,2023-10-29 00:00:00
TXN-0000889,David Jackson,Toys & Games,310.29,7,2172.03,1.3,Japan,2023-10-28 03:38:56
TXN-0002149,Lisa Davis,Beauty & Personal Care,694.32,2,1388.64,3.1,United Kingdom,2023-09-10 17:16:38
TXN-0009311,Barbara Thompson,Electronics,827.7,2,1655.4,4.9,Canada,2023-05-04 13:46:04
TXN-0007678,Elizabeth Gonzalez,Electronics,745.89,3,2237.67,2.0,Australia,2024-05-29 16:00:16
TXN-0002455,Jessica Thomas,Books,114.55,6,687.3,1.2,United Kingdom,2023-11-22 11:32:27
TXN-0003060,David Brown,Electronics,816.55,1,816.55,3.3,France,2024-06-28 09:54:01
TXN-0007106,Nancy Thompson,Beauty & Personal Care,928.55,2,1857.1,3.9,Japan,2024-01-02 22:48:56
TXN-0010628,Lisa Gonzalez,Automotive,93.94,4,375.76,2.8,Australia,2024-12-31 00:00:00
TXN-0010748,Richard Thompson,Sports & Outdoors,219.11,6,1314.66,3.3,United Kingdom,2023-11-28 00:00:00
TXN-0011811,Elizabeth Rodriguez,Toys & Games,927.52,6,5565.12,3.8,India,2023-12-05 17:25:36
TXN-0010462,Elizabeth White,Apparel,472.22,7,3305.54,2.1,France,2023-08-19 05:16:46
TXN-0007061,Nancy Wilson,Books,244.2,2,488.4,4.5,Netherlands,2024-09-05 08:29:33
TXN-0011545,Charles Perez,Sports & Outdoors,79.45,4,317.8,1.8,France,2023-11-21 11:18:08
TXN-0000063,Charles Miller,Automotive,1151.51,3,3454.53,3.4,France,2024-08-03 22:20:40
TXN-0010479,Jennifer Johnson,Apparel,1222.21,6,7333.26,2.6,Brazil,2024-07-05 00:00:00
TXN-0008381,Susan Anderson,Books,761.83,1,761.83,2.0,United States,2024-05-30 00:00:00
TXN-0010505,Sarah White,Apparel,1274.26,6,7645.56,2.3,United Kingdom,2024-10-11 05:06:02
TXN-0001790,Daniel Rodriguez,Electronics,1134.57,7,7941.99,2.5,Australia,2024-04-26 05:02:49
TXN-0007636,Elizabeth Williams,Home & Kitchen,1322.18,3,3966.54,3.0,Japan,2024-05-21 09:10:36
TXN-0011926,Richard Moore,Automotive,364.85,6,2189.1,1.9,Australia,2024-10-21 07:27:40
TXN-0001769,Susan Davis,Beauty & Personal Care,704.25,6,4225.5,2.5,United Kingdom,2023-05-28 21:04:28
TXN-0010765,William Jackson,Toys & Games,472.67,5,2363.35,3.5,Brazil,2024-06-04 13:55:27
TXN-0006278,John White,Apparel,762.98,2,1525.96,2.4,Japan,2023-11-12 07:36:29
TXN-0000507,Sarah Johnson,Electronics,788.35,2,1576.7,1.4,Japan,2024-04-25 02:15:34
TXN-0003055,Daniel Gonzalez,Electronics,144.37,7,1010.59,2.0,Australia,2024-09-20 11:40:29
TXN-0001340,Joseph Hernandez,Apparel,1169.29,4,4677.16,1.9,Germany,2024-01-25 17:51:03
TXN-0007147,Jennifer Taylor,Apparel,607.95,1,607.95,1.7,Netherlands,2023-08-31 08:26:01
TXN-0003713,Richard Jackson,Beauty & Personal Care,967.26,7,6770.82,1.7,India,2024-04-20 04:59:22
TXN-0011895,Elizabeth Martin,Automotive,691.1,5,3455.5,4.1,United States,2024-12-10 06:46:12
TXN-0005946,Charles Garcia,Automotive,1012.72,7,7089.04,3.8,India,2023-10-20 16:36:58
TXN-0004575,Linda Johnson,Sports & Outdoors,27.06,8,216.48,3.6,India,2024-03-24 00:00:00
TXN-0003118,Charles Garcia,Beauty & Personal Care,772.51,4,3090.04,2.3,United Kingdom,2023-06-03 21:22:26
TXN-0001989,Elizabeth Jackson,Beauty & Personal Care,35.66,7,249.62,3.0,Germany,2023-10-20 19:21:34
TXN-0004739,Charles Thomas,Beauty & Personal Care,771.36,5,3856.8,1.7,Japan,2024-03-07 00:00:00
TXN-0011665,Michael Hernandez,Home & Kitchen,1027.18,3,3081.54,3.9,France,2023-11-13 03:17:39
TXN-0004541,David Johnson,Home & Kitchen,1120.81,2,2241.62,3.8,Australia,2024-03-20 10:06:26
TXN-0009702,Elizabeth Smith,Sports & Outdoors,1243.98,8,9951.84,4.8,India,2024-06-25 00:00:00
TXN-0000884,Richard Jackson,Electronics,982.87,3,2948.61,4.5,India,2023-06-26 18:22:14
TXN-0011663,Sarah Anderson,Electronics,1482.12,3,4446.36,2.5,France,2023-04-08 01:33:43
TXN-0004157,Linda Moore,Books,1440.62,5,7203.1,1.2,Brazil,2024-12-09 19:57:13
TXN-0003980,John Lopez,Toys & Games,198.37,6,1190.22,1.7,Germany,2024-12-31 00:00:00
TXN-0004623,Barbara Thomas,Sports & Outdoors,82.45,5,412.25,1.8,Brazil,2024-05-21 06:51:54
TXN-0007288,Nancy Thompson,Toys & Games,225.31,8,1802.48,4.8,Canada,2024-09-11 11:51:43
TXN-0002762,David Martinez,Books,740.53,2,1481.06,3.4,Australia,2023-03-25 17:28:51
TXN-0001511,Joseph Jones,Automotive,835.12,8,6680.96,4.0,Japan,2023-03-25 16:30:35
TXN-0010552,Elizabeth Smith,Electronics,1487.74,1,1487.74,1.4,Canada,2023-07-06 02:27:01
TXN-0011725,Thomas Taylor,Books,1258.67,1,1258.67,1.6,Brazil,2023-08-24 02:04:08
TXN-0006190,Sarah Thomas,Automotive,48.48,2,96.96,1.7,Netherlands,2023-03-01 13:49:57
TXN-0007403,Jennifer Wilson,Toys & Games,666.73,1,666.73,1.3,India,2024-12-19 00:00:00
TXN-0004469,Robert Jackson,Electronics,1076.17,4,4304.68,2.5,Australia,2024-12-11 20:27:00
TXN-0012497,Lisa Anderson,Home & Kitchen,1309.02,2,2618.04,4.5,Japan,2023-04-17 17:12:24
TXN-0000982,Nancy Martin,Toys & Games,278.74,6,1672.44,4.2,India,2024-01-26 02:13:54
TXN-0007726,Jennifer Miller,Home & Kitchen,292.91,1,292.91,3.7,France,2023-04-29 03:03:46
TXN-0012033,Michael Taylor,Sports & Outdoors,999.69,6,5998.14,2.1,Germany,2024-03-14 22:05:36
TXN-0008873,Daniel Rodriguez,Sports & Outdoors,713.47,7,4994.29,3.7,Australia,2023-12-03 23:37:22
TXN-0000386,Nancy Lopez,Sports & Outdoors,1261.75,3,3785.25,2.2,United Kingdom,2024-01-01 00:00:00
TXN-0009526,Susan Davis,Sports & Outdoors,1310.09,5,6550.45,3.6,India,2024-07-14 00:00:00
TXN-0011313,Barbara Moore,Toys & Games,426.65,6,2559.9,4.0,United Kingdom,2023-07-21 00:00:00
TXN-0007472,Charles White,Home & Kitchen,653.68,1,653.68,4.4,Japan,2024-06-24 00:00:00
TXN-0010686,Thomas Lopez,Electronics,691.35,8,5530.8,4.0,Germany,2023-05-29 01:41:25
TXN-0008541,Nancy Moore,Automotive,869.91,2,1739.82,2.0,Canada,2023-05-26 00:00:00
TXN-0003694,Mary Williams,Sports & Outdoors,698.9,7,4892.3,3.0,Netherlands,2024-11-15 05:56:09
TXN-0001133,Thomas Perez,Apparel,1071.23,3,3213.69,5.0,Canada,2023-06-02 19:15:53
TXN-0012491,William Williams,Toys & Games,645.44,6,3872.64,4.8,India,2024-08-30 09:13:37
TXN-0010684,Nancy White,Apparel,1402.98,8,11223.84,4.3,France,2023-04-19 23:05:55
TXN-0007617,Sarah Moore,Beauty & Personal Care,299.77,8,2398.16,1.7,United States,2024-12-13 01:48:43
TXN-0003863,Michael Gonzalez,Automotive,992.17,7,6945.19,2.0,Canada,2024-12-08 03:33:18
TXN-0003941,Nancy Williams,Sports & Outdoors,892.5,3,2677.5,1.3,United States,2024-12-01 00:00:00
TXN-0007801,Daniel Hernandez,Apparel,94.66,7,662.62,4.0,Japan,2024-11-10 20:31:01
TXN-0011384,Robert Davis,Sports & Outdoors,1045.4,1,1045.4,3.8,Brazil,2023-10-24 22:16:14
TXN-0010992,Susan Hernandez,Apparel,274.69,2,549.38,4.7,Brazil,2023-10-01 21:24:07
TXN-0008164,Robert White,Beauty & Personal Care,1299.73,3,3899.19,4.4,Netherlands,2023-08-02 09:39:37
TXN-0011883,Karen Hernandez,Books,1244.81,4,4979.24,4.1,France,2024-06-24 11:56:23
TXN-0012139,Nancy Taylor,Beauty & Personal Care,1360.28,2,2720.56,2.5,India,2023-06-26 15:06:10
TXN-0004099,Charles Taylor,Beauty & Personal Care,570.05,2,1140.1,3.1,Netherlands,2023-04-22 00:00:00
TXN-0004767,David Miller,Home & Kitchen,548.18,6,3289.08,2.4,France,2024-03-10 21:54:12
TXN-0006650,Thomas Williams,Sports & Outdoors,1497.51,7,10482.57,3.7,India,2024-07-04 01:09:41
TXN-0007411,Jennifer White,Toys & Games,1459.79,8,11678.32,3.2,United States,2024-11-28 09:29:26
TXN-0006471,James Wilson,Home & Kitchen,851.39,4,3405.56,4.2,Brazil,2024-02-01 00:00:00
TXN-0012125,Jennifer Martin,Automotive,279.49,7,1956.43,2.1,United States,2023-03-29 19:28:51
TXN-0010195,Linda Martin,Toys & Games,1154.37,1,1154.37,4.0,Japan,2023-01-02 20:28:38
TXN-0004960,Christopher Garcia,Books,782.07,5,3910.35,3.2,Australia,2024-11-26 07:01:50
TXN-0006996,Nancy Brown,Automotive,874.54,3,2623.62,2.6,United Kingdom,2024-03-02 00:00:00
TXN-0004650,William Thomas,Books,955.29,8,7642.32,1.2,India,2023-02-15 05:39:55
TXN-0010086,Lisa Thomas,Toys & Games,791.48,8,6331.84,3.3,Netherlands,2024-09-20 00:00:00
TXN-0000101,David Martin,Toys & Games,1278.39,7,8948.73,4.8,Canada,2024-05-01 20:23:00
TXN-0002725,Jessica Gonzalez,Automotive,596.16,7,4173.12,3.5,United States,2024-06-05 02:31:34
TXN-0011919,Robert Taylor,Toys & Games,1280.0,5,6400.0,2.8,United States,2024-11-23 00:55:21
TXN-0008299,Daniel Martin,Toys & Games,224.53,3,673.59,4.3,India,2023-08-27 18:03:24
TXN-0008786,John Hernandez,Automotive,498.58,8,3988.64,3.9,United States,2024-10-16 00:00:00
TXN-0001031,Nancy Martinez,Sports & Outdoors,1313.73,5,6568.65,4.7,Australia,2024-05-28 23:34:23
TXN-0011588,Sarah Rodriguez,Apparel,166.84,7,1167.88,3.2,Australia,2024-11-25 16:24:11
TXN-0004265,Charles Johnson,Toys & Games,151.74,1,151.74,3.7,India,2023-07-01 00:00:00
TXN-0011810,Elizabeth Rodriguez,Electronics,339.58,2,679.16,1.2,United States,2024-04-29 16:41:13
TXN-0011521,Richard Hernandez,Home & Kitchen,1350.0,8,10800.0,1.6,Australia,2023-02-16 11:16:53
TXN-0007816,Patricia Lopez,Home & Kitchen,1436.31,3,4308.93,4.5,Canada,2023-02-10 17:35:02
TXN-0000366,David White,Home & Kitchen,585.21,7,4096.47,3.2,Canada,2024-10-27 08:37:55
TXN-0004346,Richard Thompson,Books,57.65,1,57.65,3.9,Netherlands,2023-07-21 19:57:11
TXN-0008548,Sarah Lee,Books,283.95,3,851.85,1.5,Germany,2023-01-18 23:53:02
TXN-0007013,Karen Gonzalez,Apparel,1133.19,8,9065.52,2.0,Australia,2023-03-20 19:20:49
TXN-0000158,Thomas Moore,Electronics,1315.21,3,3945.63,3.4,Australia,2023-04-30 19:28:47
TXN-0008662,Jennifer Brown,Apparel,770.49,6,4622.94,1.8,United Kingdom,2023-09-07 13:21:57
TXN-0004572,Linda Thompson,Books,1135.92,5,5679.6,2.7,United States,2023-06-24 21:00:32
TXN-0006714,Charles Lopez,Home & Kitchen,297.14,7,2079.98,2.5,United Kingdom,2024-01-30 17:50:18
TXN-0005614,Michael Moore,Toys & Games,873.38,3,2620.14,2.4,Brazil,2023-04-06 08:25:06
TXN-0006628,Jennifer Davis,Electronics,1043.6,7,7305.2,1.3,Japan,2024-09-15 12:49:29
TXN-0008027,Susan Anderson,Books,517.89,3,1553.67,2.3,Canada,2023-07-29 00:00:00
TXN-0003819,Susan Williams,Automotive,1365.94,7,9561.58,3.9,Netherlands,2023-09-19 01:47:31
TXN-0001284,Karen Martin,Toys & Games,970.14,3,2910.42,3.0,Canada,2023-02-04 08:50:27
TXN-0011282,Daniel Thompson,Home & Kitchen,559.65,7,3917.55,4.3,Brazil,2024-04-14 08:25:37
TXN-0000067,Patricia Wilson,Beauty & Personal Care,1062.43,7,7437.01,1.7,India,2024-02-10 06:03:51
TXN-0000316,Jennifer Thomas,Beauty & Personal Care,778.25,5,3891.25,1.7,Brazil,2023-04-09 14:09:28
TXN-0005708,Barbara Miller,Sports & Outdoors,115.18,5,575.9,3.9,United Kingdom,2023-06-16 14:14:06
TXN-0003861,James Thomas,Sports & Outdoors,153.47,5,767.35,4.1,Japan,2023-07-12 06:07:03
TXN-0011706,Barbara Rodriguez,Electronics,364.79,7,2553.53,1.9,Brazil,2024-07-31 00:00:00
TXN-0011214,Joseph Jones,Books,982.14,4,3928.56,3.7,Brazil,2024-06-01 21:03:30
TXN-0000634,David Rodriguez,Sports & Outdoors,386.74,7,2707.18,2.8,Canada,2024-06-08 12:20:19
TXN-0010911,Sarah White,Toys & Games,931.76,1,931.76,2.7,Brazil,2023-12-22 01:03:00
TXN-0005684,David Miller,Books,1035.2,6,6211.2,4.4,India,2023-01-16 00:00:00
TXN-0008111,Mary Thomas,Sports & Outdoors,1227.59,3,3682.77,4.5,United Kingdom,2023-01-16 17:35:09
TXN-0007672,Thomas Anderson,Beauty & Personal Care,471.75,7,3302.25,3.0,Australia,2024-11-07 00:00:00
TXN-0001646,Nancy Rodriguez,Toys & Games,1359.4,4,5437.6,3.9,United Kingdom,2023-08-10 00:00:00
TXN-0006709,Joseph Martin,Sports & Outdoors,463.18,6,2779.08,1.0,Canada,2023-12-28 15:31:34
TXN-0011803,Robert Miller,Toys & Games,550.55,1,550.55,2.4,India,2024-11-16 14:43:28
TXN-0003649,Michael Taylor,Toys & Games,1380.28,6,8281.68,3.0,India,2023-09-07 00:00:00
TXN-0005425,William Davis,Home & Kitchen,1393.01,5,6965.05,1.6,India,2023-07-04 13:06:04
TXN-0010977,Richard Wilson,Automotive,782.84,7,5479.88,3.0,Netherlands,2023-04-14 05:15:33
TXN-0011573,Elizabeth Martin,Books,811.81,6,4870.86,1.1,India,2024-04-11 23:48:43
TXN-0011095,Robert Jackson,Beauty & Personal Care,214.72,5,1073.6,3.7,Canada,2024-04-18 00:00:00
TXN-0010321,Richard Lee,Toys & Games,1222.58,4,4890.32,2.6,France,2023-03-30 00:00:00
TXN-0010670,Linda Lee,Sports & Outdoors,1409.77,1,1409.77,2.4,India,2024-10-02 20:01:59
TXN-0009689,Christopher Martin,Automotive,1004.29,1,1004.29,4.1,Australia,2023-02-17 00:00:00
TXN-0000445,Joseph Gonzalez,Toys & Games,713.61,4,2854.44,1.5,United States,2023-10-31 16:37:46
TXN-0001853,Barbara Lopez,Sports & Outdoors,1266.04,4,5064.16,2.0,Japan,2024-10-15 00:00:00
TXN-0009287,Sarah Johnson,Home & Kitchen,550.13,4,2200.52,3.0,United Kingdom,2024-02-20 13:32:40
TXN-0002027,Barbara White,Sports & Outdoors,1296.03,7,9072.21,4.7,Australia,2024-03-13 20:25:05
TXN-0002268,Nancy Smith,Home & Kitchen,309.16,4,1236.64,2.1,Australia,2023-11-16 00:00:00
TXN-0000653,Joseph Martin,Apparel,100.62,2,201.24,1.5,Netherlands,2024-04-07 03:10:57
TXN-0001140,Nancy Smith,Automotive,693.03,1,693.03,1.3,Brazil,2023-07-29 20:25:26
TXN-0011758,William Thompson,Toys & Games,559.17,7,3914.19,1.9,Canada,2024-07-18 00:00:00
TXN-0009847,Christopher Hernandez,Books,372.83,7,2609.81,2.9,Canada,2023-04-08 22:45:23
TXN-0005201,Joseph Rodriguez,Automotive,121.07,4,484.28,2.0,Brazil,2023-01-18 09:58:49
TXN-0008319,Christopher Johnson,Electronics,1435.93,2,2871.86,3.1,United States,2023-04-29 02:14:28
TXN-0010194,Sarah Gonzalez,Sports & Outdoors,903.79,8,7230.32,1.4,Brazil,2024-10-20 14:14:36
TXN-0001530,Elizabeth Jones,Sports & Outdoors,1395.54,4,5582.16,1.5,India,2024-05-09 13:07:50
TXN-0002253,Susan Taylor,Toys & Games,324.77,7,2273.39,5.0,United Kingdom,2024-12-06 03:38:11
TXN-0011913,James Jones,Sports & Outdoors,1240.3,2,2480.6,1.8,France,2023-11-02 15:41:41
TXN-0006406,Daniel Gonzalez,Automotive,440.22,4,1760.88,3.7,France,2024-12-05 02:53:16
TXN-0011342,Michael Perez,Toys & Games,75.73,1,75.73,3.1,Canada,2023-08-21 10:34:22
TXN-0002583,Karen Brown,Toys & Games,665.72,6,3994.32,1.1,Canada,2023-05-06 11:43:59
TXN-0011153,Elizabeth Gonzalez,Books,497.79,5,2488.95,4.9,Netherlands,2023-11-10 10:34:52
TXN-0009608,Karen Thomas,Apparel,489.53,5,2447.65,4.2,India,2024-02-12 09:24:16
TXN-0002015,Sarah Rodriguez,Home & Kitchen,583.71,3,1751.13,1.6,Netherlands,2023-03-05 00:55:46
TXN-0001872,John Thompson,Sports & Outdoors,1325.72,3,3977.16,1.1,United Kingdom,2023-12-29 00:00:00
TXN-0008262,Nancy Hernandez,Sports & Outdoors,317.9,2,635.8,1.6,Germany,2024-04-02 18:18:11
TXN-0000062,Christopher Johnson,Electronics,303.04,1,303.04,3.5,Germany,2023-07-05 00:00:00
TXN-0002664,Thomas Lee,Toys & Games,394.71,8,3157.68,4.1,United Kingdom,2023-03-21 16:44:27
TXN-0006366,Charles Thompson,Apparel,1454.22,2,2908.44,1.1,Germany,2024-08-03 13:25:22
TXN-0003353,Elizabeth Moore,Beauty & Personal Care,804.32,8,6434.56,1.1,Australia,2024-05-27 01:02:22
TXN-0004035,Elizabeth Taylor,Automotive,239.99,7,1679.93,4.8,Japan,2024-03-12 21:31:08
TXN-0004076,Daniel Williams,Beauty & Personal Care,418.42,8,3347.36,2.8,Canada,2023-11-18 07:06:18
TXN-0008601,Elizabeth Smith,Beauty & Personal Care,123.28,7,862.96,4.7,United States,2023-03-20 09:35:11
TXN-0009439,Michael Brown,Sports & Outdoors,1219.76,8,9758.08,1.8,India,2023-02-08 08:17:14
TXN-0009370,Robert Hernandez,Electronics,1174.56,6,7047.36,1.8,India,2023-06-16 20:56:10
TXN-0000060,Jennifer Johnson,Sports & Outdoors,494.39,8,3955.12,2.3,Japan,2024-08-14 06:21:00
TXN-0007624,Christopher Rodriguez,Sports & Outdoors,195.62,8,1564.96,3.3,Germany,2024-06-20 00:25:20
TXN-0008963,Karen Lopez,Toys & Games,832.95,2,1665.9,4.6,United Kingdom,2024-04-21 06:56:38
TXN-0010834,Jennifer Jones,Books,343.11,3,1029.33,4.7,India,2023-01-29 05:12:23
TXN-0003829,Jennifer Williams,Beauty & Personal Care,66.39,3,199.17,2.5,Canada,2024-01-16 08:59:18
TXN-0000083,John Perez,Books,1182.8,4,4731.2,2.7,France,2024-02-27 23:22:42
TXN-0000273,Karen Thomas,Toys & Games,762.39,7,5336.73,3.2,Brazil,2024-09-06 04:06:22
TXN-0004704,John White,Toys & Games,673.75,7,4716.25,1.7,Canada,2023-04-29 07:39:15
TXN-0005506,Elizabeth Hernandez,Books,526.92,7,3688.44,3.1,Germany,2023-05-06 18:14:52
TXN-0001982,Nancy Lopez,Electronics,1001.31,2,2002.62,1.2,Germany,2023-11-01 23:54:25
TXN-0005219,William Davis,Beauty & Personal Care,210.9,8,1687.2,1.8,United Kingdom,2024-03-04 12:15:05
TXN-0010381,Linda Smith,Toys & Games,163.64,6,981.84,2.5,United States,2024-01-18 03:52:47
TXN-0004431,Robert Lopez,Books,1000.31,8,8002.48,4.2,Canada,2023-09-06 00:00:00
TXN-0011108,Joseph Wilson,Books,329.53,8,2636.24,2.5,France,2023-06-24 11:19:52
TXN-0009197,Christopher Moore,Beauty & Personal Care,728.18,7,5097.26,4.8,United States,2023-11-22 14:29:07
TXN-0000838,Sarah Jackson,Home & Kitchen,1145.65,3,3436.95,2.2,Germany,2023-11-12 22:17:36
TXN-0010146,James Davis,Home & Kitchen,564.13,6,3384.78,4.6,United States,2023-07-09 03:51:21
TXN-0001969,Richard Rodriguez,Toys & Games,1119.27,8,8954.16,1.8,United States,2024-03-01 14:35:49
TXN-0000315,Patricia Anderson,Electronics,1000.79,3,3002.37,1.5,France,2024-07-03 00:00:00
TXN-0002345,Lisa Gonzalez,Beauty & Personal Care,95.99,6,575.94,3.5,France,2024-04-20 22:27:13
TXN-0005179,Lisa Miller,Automotive,1312.9,2,2625.8,1.6,United Kingdom,2023-01-15 09:15:05
TXN-0002221,Jessica Wilson,Books,205.81,2,411.62,2.1,Japan,2023-07-21 07:08:58
TXN-0005136,Mary Anderson,Toys & Games,672.46,6,4034.76,2.3,India,2023-01-27 20:21:56
TXN-0005810,Jennifer Miller,Home & Kitchen,47.72,8,381.76,1.2,Netherlands,2024-09-14 19:51:05
TXN-0004940,John Thompson,Home & Kitchen,959.76,6,5758.56,3.7,Australia,2024-05-03 12:20:38
TXN-0010921,Lisa Thomas,Sports & Outdoors,712.66,4,2850.64,4.0,Japan,2024-04-16 05:54:36
TXN-0007122,Thomas Thomas,Electronics,1384.51,5,6922.55,4.2,Australia,2023-01-21 21:08:23
TXN-0006430,Jennifer Moore,Toys & Games,228.06,2,456.12,1.2,Germany,2023-11-10 11:32:06
TXN-0000213,Michael Miller,Sports & Outdoors,371.52,3,1114.56,1.4,Brazil,2024-12-31 00:00:00
TXN-0003556,Joseph Wilson,Automotive,734.73,4,2938.92,2.4,India,2024-03-10 04:30:15
TXN-0005088,Christopher Martin,Toys & Games,1341.88,2,2683.76,4.5,Japan,2023-01-30 03:31:41
TXN-0002317,William Thomas,Toys & Games,1154.22,3,3462.66,3.0,France,2024-09-29 02:48:30
TXN-0012126,Patricia White,Toys & Games,1124.55,5,5622.75,2.4,Canada,2023-06-05 10:39:16
TXN-0005869,Nancy Thompson,Home & Kitchen,1189.06,4,4756.24,2.7,Brazil,2024-03-26 14:43:55
TXN-0001192,Karen Smith,Apparel,71.69,3,215.07,4.6,Australia,2023-01-20 00:00:00
TXN-0008410,Michael Smith,Electronics,47.13,6,282.78,2.5,Germany,2023-07-15 08:04:21
TXN-0003455,Barbara Jackson,Toys & Games,1197.81,2,2395.62,3.7,Australia,2024-07-19 00:00:00
TXN-0011836,Michael Johnson,Electronics,518.69,7,3630.83,1.9,Australia,2023-02-13 15:47:21
TXN-0006270,Jessica Hernandez,Beauty & Personal Care,331.05,8,2648.4,1.8,Germany,2023-08-20 02:43:51
TXN-0001664,Robert Williams,Home & Kitchen,10.99,8,87.92,1.2,Netherlands,2024-09-20 18:11:04
TXN-0010364,Susan Garcia,Books,216.15,3,648.45,4.6,Japan,2024-04-24 20:27:21
TXN-0000109,Linda Martin,Beauty & Personal Care,956.74,5,4783.7,3.7,Germany,2024-07-13 23:04:44
TXN-0004490,Jessica Thompson,Apparel,689.05,6,4134.3,4.9,Netherlands,2023-03-13 16:54:40
TXN-0007266,Michael Thompson,Sports & Outdoors,691.98,2,1383.96,4.5,Netherlands,2024-03-10 00:00:00
TXN-0010882,Robert Rodriguez,Electronics,345.53,2,691.06,2.4,Brazil,2024-06-22 00:18:54
TXN-0001484,Karen Williams,Apparel,941.06,8,7528.48,3.5,Netherlands,2023-09-15 00:26:05
TXN-0011956,Elizabeth Lee,Sports & Outdoors,1291.94,5,6459.7,4.5,France,2024-08-27 11:54:59
TXN-0007439,Jessica Johnson,Electronics,618.72,5,3093.6,2.1,Australia,2023-05-30 19:03:11
TXN-0010127,Michael Garcia,Automotive,319.03,3,957.09,1.5,India,2023-12-08 05:10:10
TXN-0004107,Linda Taylor,Apparel,710.53,6,4263.18,4.7,United States,2024-10-03 00:00:00
TXN-0007655,William Lopez,Automotive,1161.66,8,9293.28,4.4,India,2024-05-13 12:21:35
TXN-0008139,John Johnson,Toys & Games,1405.46,2,2810.92,3.8,United States,2024-05-05 04:48:44
TXN-0003256,Joseph Gonzalez,Apparel,207.48,6,1244.88,2.1,Japan,2023-06-30 09:37:56
TXN-0009628,Linda Smith,Toys & Games,1359.31,7,9515.17,3.4,Netherlands,2024-06-25 23:12:12
TXN-0003537,Charles Anderson,Apparel,651.04,8,5208.32,1.1,Netherlands,2023-01-20 12:50:24
TXN-0009574,Elizabeth Jones,Sports & Outdoors,401.51,6,2409.06,1.6,Japan,2023-01-31 16:10:50
TXN-0004449,Richard Jackson,Sports & Outdoors,1249.27,5,6246.35,3.8,Brazil,2024-12-11 00:00:00
TXN-0011376,Barbara Thomas,Sports & Outdoors,886.83,5,4434.15,2.8,Netherlands,2024-08-02 10:34:41
TXN-0011664,David Moore,Automotive,1069.93,8,8559.44,3.1,United States,2023-04-12 17:59:20
TXN-0010737,Christopher Anderson,Sports & Outdoors,1289.25,5,6446.25,1.3,Japan,2023-10-06 17:43:29
TXN-0000588,Karen Wilson,Toys & Games,504.02,4,2016.08,1.0,United States,2023-06-06 06:24:00
TXN-0008507,James Smith,Books,37.21,2,74.42,2.3,Netherlands,2023-04-16 23:19:19
TXN-0004856,Daniel Rodriguez,Sports & Outdoors,841.93,3,2525.79,2.5,Germany,2024-04-01 17:13:01
TXN-0009301,Daniel Martinez,Toys & Games,719.18,2,1438.36,3.0,India,2024-05-24 21:23:07
TXN-0011448,Michael Martin,Home & Kitchen,269.35,3,808.05,2.2,United Kingdom,2024-08-16 15:18:43
TXN-0003203,Sarah Jones,Apparel,618.94,2,1237.88,3.1,United States,2023-11-05 20:27:29
TXN-0004418,William Smith,Electronics,856.76,6,5140.56,2.2,Canada,2023-04-11 21:08:33
TXN-0001499,Karen White,Automotive,655.49,3,1966.47,2.9,Japan,2024-06-01 00:00:00
TXN-0001142,Nancy Taylor,Electronics,776.81,8,6214.48,1.5,Germany,2024-11-26 04:59:05
TXN-0007032,Jessica Smith,Books,1124.34,6,6746.04,2.6,Germany,2023-11-21 11:02:24
TXN-0000438,Richard Brown,Toys & Games,812.65,5,4063.25,1.1,France,2024-02-06 11:06:52
TXN-0011517,Lisa Brown,Electronics,711.66,2,1423.32,2.7,United States,2023-03-03 14:41:00
TXN-0010121,Linda Moore,Books,821.77,7,5752.39,3.6,France,2024-11-04 17:06:05
TXN-0002493,James Williams,Beauty & Personal Care,1022.94,2,2045.88,2.8,Germany,2024-06-11 16:45:40
TXN-0004254,Daniel Moore,Automotive,1249.12,5,6245.6,1.7,Brazil,2024-08-31 00:00:00
TXN-0007957,Linda Miller,Automotive,932.48,7,6527.36,2.4,Canada,2024-12-16 06:18:32
TXN-0011581,Barbara Garcia,Electronics,1335.54,4,5342.16,3.3,Australia,2023-10-18 00:00:00
TXN-0006263,Thomas Gonzalez,Beauty & Personal Care,784.52,5,3922.6,1.6,Australia,2023-10-01 01:14:55
TXN-0001914,William Anderson,Apparel,1189.83,3,3569.49,3.6,Japan,2023-11-27 00:00:00
TXN-0000937,Nancy Brown,Electronics,402.79,1,402.79,3.7,United States,2024-09-04 23:53:16
TXN-0003170,Thomas Anderson,Books,37.56,2,75.12,2.1,Canada,2024-09-19 00:02:46
TXN-0006167,Charles Jackson,Automotive,211.5,3,634.5,3.6,Germany,2023-04-14 10:32:16
TXN-0003122,David Williams,Toys & Games,192.64,3,577.92,2.3,United States,2024-09-28 00:00:00
TXN-0002703,Susan Williams,Apparel,1176.71,3,3530.13,3.2,United States,2024-09-29 23:23:18
TXN-0003856,James Smith,Beauty & Personal Care,991.3,6,5947.8,4.2,India,2023-03-31 10:20:41
TXN-0000172,Jessica Lee,Apparel,99.34,8,794.72,1.1,United Kingdom,2023-06-06 00:00:00
TXN-0002101,Michael Rodriguez,Toys & Games,664.25,2,1328.5,3.7,India,2023-11-29 06:19:40
TXN-0009310,Elizabeth Smith,Apparel,1482.55,4,5930.2,1.3,Brazil,2023-07-28 03:01:38
TXN-0012423,Elizabeth Perez,Books,1243.48,3,3730.44,4.0,United Kingdom,2023-01-13 00:00:00
TXN-0011997,Thomas Davis,Electronics,298.52,2,597.04,2.1,Canada,2024-06-03 09:23:22
TXN-0005176,Michael Jones,Toys & Games,1143.23,3,3429.69,3.5,India,2023-10-20 19:55:20
TXN-0003201,Thomas Brown,Automotive,1423.29,4,5693.16,3.5,India,2023-11-17 13:08:07
TXN-0008664,Linda Gonzalez,Books,492.43,2,984.86,2.4,United Kingdom,2023-12-03 00:00:00
TXN-0002412,Richard Garcia,Electronics,291.53,3,874.59,4.1,India,2024-01-31 07:53:30
TXN-0011456,Christopher Martinez,Apparel,1216.23,8,9729.84,3.3,Germany,2023-01-08 00:20:06
TXN-0007925,David Martin,Apparel,47.06,2,94.12,4.8,Australia,2024-10-24 20:40:05
TXN-0001413,Michael Wilson,Apparel,484.77,7,3393.39,4.0,Brazil,2024-12-31 00:00:00
TXN-0007838,Joseph Taylor,Electronics,980.43,3,2941.29,3.4,United States,2024-08-17 22:09:17
TXN-0011695,Charles Brown,Books,1124.33,5,5621.65,1.2,Germany,2024-06-18 00:00:00
TXN-0005834,William Martin,Sports & Outdoors,830.4,3,2491.2,3.2,Germany,2024-08-16 14:58:04
TXN-0010630,Elizabeth Wilson,Apparel,606.52,2,1213.04,1.5,Brazil,2024-11-16 00:41:09
TXN-0001578,Barbara Johnson,Electronics,419.65,5,2098.25,1.5,Canada,2023-03-16 11:31:50
TXN-0003051,William Gonzalez,Books,187.57,3,562.71,3.9,Australia,2023-08-25 00:00:00
TXN-0003446,William Johnson,Books,21.66,4,86.64,1.8,India,2024-11-19 20:48:46
TXN-0007683,Lisa Taylor,Beauty & Personal Care,989.73,7,6928.11,2.7,Netherlands,2023-04-22 00:00:00
TXN-0000753,Joseph Lee,Beauty & Personal Care,1185.03,5,5925.15,4.5,Japan,2024-10-01 09:31:07
TXN-0002065,James Rodriguez,Apparel,1464.71,1,1464.71,1.3,Japan,2024-11-04 07:45:45
TXN-0000583,David Lopez,Toys & Games,1138.87,2,2277.74,2.2,Canada,2023-04-15 00:00:00
TXN-0004808,Daniel Williams,Home & Kitchen,679.88,3,2039.64,4.1,Germany,2024-04-02 20:33:43
TXN-0006110,Jennifer Perez,Books,159.31,5,796.55,4.5,Japan,2024-08-17 00:00:00
TXN-0000334,Jennifer Smith,Toys & Games,836.15,4,3344.6,1.4,India,2023-03-21 03:41:26
TXN-0007570,Jennifer Martinez,Apparel,840.06,5,4200.3,3.2,Germany,2023-04-11 14:01:27
TXN-0002376,Lisa Lopez,Home & Kitchen,590.73,3,1772.19,1.7,Netherlands,2024-11-06 10:04:43
TXN-0003904,Robert Martin,Electronics,677.63,2,1355.26,3.8,Germany,2023-03-27 00:00:00
TXN-0000228,Lisa Smith,Toys & Games,1225.6,4,4902.4,3.3,France,2023-02-05 04:15:47
TXN-0009780,Sarah Johnson,Sports & Outdoors,1303.98,2,2607.96,3.4,Netherlands,2024-05-19 10:03:57
TXN-0000598,Michael White,Electronics,584.44,2,1168.88,1.0,India,2024-12-25 04:01:40
TXN-0005184,Michael Davis,Toys & Games,1374.0,8,10992.0,2.0,United States,2023-05-25 00:00:00
TXN-0005768,Thomas Anderson,Beauty & Personal Care,112.09,2,224.18,4.0,Japan,2024-03-15 07:43:46
TXN-0009312,Christopher Johnson,Beauty & Personal Care,1493.13,6,8958.78,4.6,United States,2024-03-06 00:00:00
TXN-0002150,Lisa Thompson,Electronics,1429.24,8,11433.92,3.0,Japan,2023-03-15 18:24:17
TXN-0002584,John Taylor,Home & Kitchen,848.99,2,1697.98,3.6,Japan,2023-08-11 16:05:19
TXN-0006823,Sarah Martin,Beauty & Personal Care,245.96,8,1967.68,4.6,Canada,2024-08-06 22:16:14
TXN-0004561,Joseph Rodriguez,Electronics,1018.42,2,2036.84,1.7,Brazil,2024-08-21 08:33:00
TXN-0011390,David Smith,Electronics,287.67,1,287.67,2.8,United Kingdom,2024-08-19 16:35:31
TXN-0006400,Christopher Thomas,Sports & Outdoors,1373.34,6,8240.04,1.3,United Kingdom,2024-03-11 21:59:06
TXN-0008077,John Miller,Electronics,527.39,3,1582.17,1.9,United States,2023-10-18 05:11:46
TXN-0006246,James Jones,Electronics,759.05,8,6072.4,1.0,Germany,2023-12-18 00:00:00
TXN-0012189,Mary Thompson,Books,856.8,6,5140.8,3.5,India,2023-12-20 02:44:32
TXN-0009740,John Wilson,Apparel,88.32,5,441.6,3.0,Germany,2023-05-01 12:26:40
TXN-0010544,Jessica Davis,Sports & Outdoors,701.28,1,701.28,2.0,Canada,2023-03-06 17:23:03
TXN-0010483,Richard Thompson,Home & Kitchen,929.46,4,3717.84,1.3,United Kingdom,2023-02-25 14:27:09
TXN-0001795,Daniel Davis,Beauty & Personal Care,913.87,6,5483.22,1.4,Brazil,2024-10-30 07:57:15
TXN-0009603,Linda White,Toys & Games,1190.45,1,1190.45,3.2,Australia,2024-10-17 04:57:28
TXN-0007987,Nancy Perez,Home & Kitchen,204.37,1,204.37,3.0,France,2023-08-18 00:00:00
TXN-0000225,Michael Davis,Home & Kitchen,672.89,6,4037.34,1.3,Brazil,2024-03-14 04:52:02
TXN-0002916,Michael Hernandez,Beauty & Personal Care,33.32,2,66.64,1.1,Germany,2023-03-03 17:21:38
TXN-0008898,James Garcia,Automotive,1000.0,2,2000.0,1.9,Canada,2024-12-06 16:47:17
TXN-0000305,Robert Lee,Apparel,798.11,1,798.11,3.4,Canada,2023-05-08 11:21:15
TXN-0005252,Richard Johnson,Automotive,567.11,3,1701.33,3.9,United Kingdom,2024-10-05 14:43:29
TXN-0008678,Daniel Davis,Toys & Games,232.97,3,698.91,4.5,United Kingdom,2023-05-06 13:31:05
TXN-0011068,William Thomas,Apparel,80.15,3,240.45,1.8,Netherlands,2024-02-07 12:22:19
TXN-0012257,Daniel Brown,Home & Kitchen,1185.46,4,4741.84,1.4,India,2023-03-30 00:00:00
TXN-0009924,Linda Jones,Beauty & Personal Care,847.82,7,5934.74,3.4,United Kingdom,2023-08-03 00:00:00
TXN-0000468,Karen Jones,Apparel,991.17,5,4955.85,1.7,Netherlands,2024-06-16 12:20:44
TXN-0009993,David Johnson,Books,791.26,1,791.26,2.7,Japan,2024-12-31 23:54:46
TXN-0006024,Linda Moore,Apparel,414.19,5,2070.95,1.9,United Kingdom,2023-10-26 14:27:16
TXN-0011229,Mary Moore,Automotive,693.17,2,1386.34,2.5,Germany,2024-01-16 10:03:15
TXN-0001183,Robert Smith,Sports & Outdoors,132.88,4,531.52,4.1,France,2023-08-18 18:34:34
TXN-0003307,Michael Anderson,Sports & Outdoors,1412.03,6,8472.18,1.4,United States,2024-11-28 13:15:45
TXN-0000602,Charles Davis,Apparel,470.51,6,2823.06,3.2,Canada,2023-02-09 00:00:00
TXN-0005402,Christopher Perez,Toys & Games,310.75,6,1864.5,3.3,Germany,2024-02-02 14:47:37
TXN-0005733,Sarah Gonzalez,Automotive,139.17,6,835.02,4.5,Netherlands,2024-12-31 00:00:00
TXN-0009201,David Lopez,Automotive,134.2,5,671.0,4.6,Brazil,2023-05-31 00:02:13
TXN-0010789,Jennifer Smith,Apparel,1010.04,2,2020.08,2.9,Germany,2023-02-06 13:08:11
TXN-0005453,Nancy Rodriguez,Automotive,337.7,2,675.4,2.7,Japan,2023-03-13 15:31:24
TXN-0005820,Sarah Lopez,Books,1240.15,2,2480.3,3.8,United Kingdom,2023-03-01 00:00:00
TXN-0012108,Sarah Hernandez,Electronics,1143.86,7,8007.02,3.4,India,2023-07-28 16:24:16
TXN-0001663,Elizabeth Brown,Toys & Games,471.28,7,3298.96,1.4,United States,2023-09-16 20:32:19
TXN-0000554,Lisa Moore,Books,821.9,5,4109.5,3.2,Germany,2024-04-28 22:20:40
TXN-0001009,Michael Moore,Apparel,196.11,7,1372.77,3.2,United States,2023-07-16 03:24:59
TXN-0003587,Jessica Miller,Books,1295.25,1,1295.25,2.7,Germany,2023-07-24 17:35:40
TXN-0004966,William Hernandez,Apparel,961.73,8,7693.84,4.9,Japan,2024-12-02 00:00:00
TXN-0009681,Mary Davis,Automotive,275.0,4,1100.0,2.4,Australia,2024-09-15 14:27:57
TXN-0009297,Charles Martinez,Sports & Outdoors,201.4,4,805.6,4.0,Australia,2023-03-02 13:30:25
TXN-0009630,Barbara Martinez,Books,508.33,3,1524.99,1.1,France,2024-12-01 16:23:10
TXN-0000390,Robert Jones,Books,616.74,8,4933.92,1.6,Australia,2024-10-31 20:11:17
TXN-0002982,Karen Gonzalez,Sports & Outdoors,1203.56,4,4814.24,2.9,Australia,2023-07-28 18:48:37
TXN-0000174,Mary Lee,Beauty & Personal Care,191.09,6,1146.54,2.7,France,2023-11-07 16:56:46
TXN-0008697,Barbara Jackson,Toys & Games,555.76,8,4446.08,2.7,Australia,2024-11-14 12:58:09
TXN-0003907,Daniel Gonzalez,Beauty & Personal Care,137.82,1,137.82,3.9,Netherlands,2024-10-09 21:52:25
TXN-0001096,Nancy Lopez,Beauty & Personal Care,1170.37,2,2340.74,1.0,United Kingdom,2024-06-18 00:00:00
TXN-0009731,Mary Hernandez,Electronics,410.7,4,1642.8,3.3,France,2024-01-01 23:33:56
TXN-0008435,Susan Brown,Books,1074.25,8,8594.0,3.6,India,2023-02-17 21:44:29
TXN-0001863,Susan Jones,Home & Kitchen,879.8,4,3519.2,4.3,Australia,2024-06-27 07:12:03
TXN-0007902,Christopher Jackson,Sports & Outdoors,1488.54,6,8931.24,1.7,Germany,2023-03-13 20:34:44
TXN-0005780,Jennifer Jackson,Home & Kitchen,316.69,1,316.69,3.1,Canada,2023-07-04 13:29:14
TXN-0006883,Michael White,Electronics,449.53,2,899.06,2.9,France,2023-09-10 16:43:16
TXN-0007686,Lisa Smith,Apparel,1217.66,1,1217.66,2.5,United Kingdom,2023-07-05 20:57:20
TXN-0000447,Patricia Johnson,Electronics,897.0,2,1794.0,2.2,Netherlands,2024-08-04 05:15:33
TXN-0004677,David Smith,Toys & Games,490.02,1,490.02,4.2,Brazil,2024-09-14 17:55:10
TXN-0002686,Jennifer Miller,Sports & Outdoors,12.13,1,12.13,2.1,Brazil,2023-12-19 22:03:20
TXN-0000440,Jennifer Moore,Electronics,320.12,4,1280.48,4.5,Canada,2023-11-26 11:50:14
TXN-0010071,Linda Taylor,Beauty & Personal Care,1073.07,3,3219.21,1.5,India,2023-05-01 18:39:56
TXN-0005856,Charles Wilson,Electronics,1002.71,7,7018.97,2.8,Japan,2024-07-09 00:27:46
TXN-0011714,William Williams,Apparel,704.13,8,5633.04,2.2,United Kingdom,2023-08-24 06:26:23
TXN-0004309,William White,Toys & Games,1378.63,4,5514.52,4.4,Canada,2023-09-06 15:42:31
TXN-0001630,Patricia Anderson,Apparel,1085.54,5,5427.7,4.1,United Kingdom,2024-06-18 04:08:17
TXN-0005642,Michael Wilson,Home & Kitchen,1212.7,8,9701.6,2.2,Canada,2024-07-01 12:53:27
TXN-0003121,Charles Moore,Beauty & Personal Care,1073.3,8,8586.4,1.6,Germany,2023-07-07 18:07:39
TXN-0012321,Linda Smith,Home & Kitchen,981.2,7,6868.4,2.4,Netherlands,2023-05-20 22:29:45
TXN-0008527,Elizabeth Jackson,Sports & Outdoors,391.82,3,1175.46,1.5,India,2023-05-18 00:00:37
TXN-0009869,David Garcia,Apparel,189.39,1,189.39,1.7,Brazil,2023-11-28 00:00:00
TXN-0005534,Susan Williams,Apparel,967.96,3,2903.88,4.7,United States,2023-11-23 18:23:41
TXN-0000932,John Brown,Beauty & Personal Care,407.19,4,1628.76,4.7,United Kingdom,2023-11-06 02:42:09
TXN-0006528,William Thomas,Toys & Games,453.09,5,2265.45,1.2,United States,2023-04-25 06:50:43
TXN-0010517,Daniel Perez,Books,779.57,3,2338.71,3.3,Netherlands,2024-10-24 15:15:43
TXN-0011265,Susan Anderson,Books,380.2,2,760.4,2.7,Germany,2023-06-11 08:58:13
TXN-0005076,Lisa Jones,Automotive,82.37,3,247.11,1.3,India,2024-08-27 15:07:07
TXN-0002263,Richard Jackson,Apparel,212.6,8,1700.8,1.8,Germany,2023-12-21 18:22:07
TXN-0000419,Mary Garcia,Automotive,1233.65,7,8635.55,1.4,United Kingdom,2024-04-19 11:06:08
TXN-0011328,Michael Rodriguez,Apparel,494.3,4,1977.2,3.3,Australia,2024-11-19 02:46:19
TXN-0012272,Michael Perez,Books,805.34,4,3221.36,3.0,United Kingdom,2024-12-06 00:23:14
TXN-0008390,Jessica Anderson,Apparel,646.04,5,3230.2,1.2,Canada,2024-09-08 00:00:00
TXN-0009564,Joseph Thompson,Books,1046.04,4,4184.16,4.4,India,2024-01-06 00:00:00
TXN-0007226,Daniel Martinez,Apparel,629.07,5,3145.35,3.7,France,2024-11-19 12:04:08
TXN-0000703,Charles Johnson,Apparel,694.26,3,2082.78,2.4,Australia,2023-02-11 01:54:35
TXN-0002732,Barbara Williams,Books,79.63,1,79.63,1.3,Australia,2024-11-29 05:07:13
TXN-0005905,James Davis,Beauty & Personal Care,234.83,5,1174.15,4.6,United States,2023-09-22 00:00:00
TXN-0000910,James Gonzalez,Books,334.04,5,1670.2,3.6,India,2023-10-14 00:00:00
TXN-0002949,David Lopez,Home & Kitchen,693.77,3,2081.31,1.9,Japan,2023-06-09 15:25:54
TXN-0004109,John Jackson,Apparel,831.24,3,2493.72,4.1,Brazil,2024-11-10 07:12:10
TXN-0003246,Joseph Wilson,Apparel,1311.7,6,7870.2,4.1,India,2024-06-14 00:00:00
TXN-0009152,William Davis,Books,291.36,7,2039.52,4.0,Brazil,2024-08-28 09:15:19
TXN-0011606,Barbara Davis,Sports & Outdoors,1163.93,5,5819.65,1.5,Germany,2024-03-28 15:13:10
TXN-0001550,Richard Johnson,Automotive,714.93,2,1429.86,1.3,Canada,2024-07-16 13:31:56
TXN-0007301,Nancy Johnson,Toys & Games,98.89,6,593.34,1.3,Australia,2023-11-08 16:07:16
TXN-0000657,Karen Gonzalez,Apparel,1320.04,2,2640.08,1.0,United States,2023-05-20 08:29:52
TXN-0008654,David Taylor,Books,1080.77,7,7565.39,4.4,France,2023-09-15 11:27:12
TXN-0002088,Linda Jackson,Electronics,216.45,6,1298.7,1.4,United States,2024-08-27 00:00:00
TXN-0003367,Robert Martinez,Electronics,1234.69,6,7408.14,3.7,Germany,2023-07-07 22:41:32
TXN-0009373,Jessica Gonzalez,Automotive,451.35,4,1805.4,3.2,Canada,2023-08-27 16:17:56
TXN-0011029,Charles Brown,Home & Kitchen,1177.13,7,8239.91,4.0,India,2024-06-04 22:32:02
TXN-0003658,Daniel Thompson,Electronics,197.64,4,790.56,3.2,France,2023-01-02 05:09:07
TXN-0010487,Lisa Davis,Sports & Outdoors,107.27,7,750.89,3.5,India,2024-05-27 12:45:42
TXN-0005644,Linda Taylor,Apparel,416.72,3,1250.16,3.2,Canada,2024-11-21 15:14:38
TXN-0005527,Lisa Lopez,Books,505.34,3,1516.02,4.5,Netherlands,2023-10-14 18:59:33
TXN-0008009,Michael Anderson,Electronics,900.59,2,1801.18,1.3,United States,2024-10-04 03:37:55
TXN-0007740,Daniel Martinez,Sports & Outdoors,159.03,3,477.09,3.0,Australia,2023-05-14 01:58:17
TXN-0000579,Michael Jackson,Automotive,618.18,2,1236.36,3.4,India,2023-01-06 02:31:48
TXN-0002898,Thomas Gonzalez,Toys & Games,385.33,1,385.33,3.0,Netherlands,2024-08-25 18:32:51
TXN-0007014,Patricia Wilson,Beauty & Personal Care,1032.77,6,6196.62,4.6,Japan,2023-11-09 05:45:17
TXN-0007156,Patricia Hernandez,Electronics,1206.23,2,2412.46,1.3,Brazil,2024-06-22 00:00:00
TXN-0006463,Mary Johnson,Apparel,25.52,4,102.08,3.8,United Kingdom,2023-12-01 01:28:48
TXN-0008448,Lisa Taylor,Toys & Games,37.38,5,186.9,4.2,United States,2024-04-04 20:25:50
TXN-0009534,Richard Miller,Sports & Outdoors,1068.15,4,4272.6,1.6,France,2023-05-03 03:36:53
TXN-0004912,David Garcia,Electronics,1259.49,8,10075.92,2.2,United States,2024-09-19 01:52:48
TXN-0006209,William Moore,Electronics,602.95,5,3014.75,3.5,Germany,2024-08-20 17:18:58
TXN-0004885,Susan White,Electronics,1041.88,2,2083.76,4.3,India,2023-07-12 16:09:59
TXN-0011653,Robert Hernandez,Apparel,1392.85,2,2785.7,3.9,Brazil,2023-12-12 02:14:30
TXN-0005988,Richard Moore,Apparel,603.26,7,4222.82,1.5,Canada,2024-01-15 04:51:07
TXN-0002114,John Anderson,Electronics,440.57,1,440.57,4.2,India,2024-12-25 07:39:50
TXN-0000738,David Miller,Toys & Games,380.64,8,3045.12,3.7,Japan,2024-03-01 07:18:16
TXN-0009845,Michael Martin,Books,1280.27,8,10242.16,3.9,Netherlands,2024-10-31 19:02:48
TXN-0007662,John Martinez,Home & Kitchen,28.63,2,57.26,1.3,United Kingdom,2024-03-27 00:00:00
TXN-0009398,Robert Rodriguez,Electronics,59.47,5,297.35,3.3,Australia,2023-03-19 04:47:26
TXN-0010887,Elizabeth Martin,Toys & Games,246.36,7,1724.52,1.4,India,2024-04-05 00:00:00
TXN-0008273,Joseph Lopez,Beauty & Personal Care,299.62,1,299.62,4.1,United Kingdom,2024-10-10 19:26:23
TXN-0002674,Linda Martinez,Home & Kitchen,502.71,3,1508.13,4.1,Netherlands,2024-02-01 13:07:45
TXN-0001742,Sarah Smith,Automotive,517.2,4,2068.8,2.9,Germany,2024-06-02 03:46:18
TXN-0006249,Barbara Perez,Beauty & Personal Care,1411.81,7,9882.67,4.3,Japan,2023-05-22 23:54:05
TXN-0010447,Sarah Thomas,Toys & Games,1017.52,3,3052.56,4.0,United States,2024-07-28 00:00:00
TXN-0001449,Michael Williams,Automotive,195.04,1,195.04,2.9,Germany,2023-03-26 00:00:00
TXN-0010819,Karen Jackson,Home & Kitchen,1354.72,6,8128.32,2.6,Australia,2024-11-10 06:05:27
TXN-0011015,Lisa Davis,Home & Kitchen,837.7,1,837.7,2.8,Japan,2024-02-10 14:56:49
TXN-0010678,Nancy Taylor,Automotive,1487.15,5,7435.75,4.5,France,2024-12-07 15:10:58
TXN-0005886,Robert Lopez,Beauty & Personal Care,755.22,4,3020.88,3.9,Brazil,2023-05-11 19:13:52
TXN-0005378,Richard Martin,Automotive,538.88,1,538.88,4.1,Netherlands,2023-08-21 13:17:52
TXN-0011305,Michael Thompson,Home & Kitchen,362.73,3,1088.19,3.5,Germany,2024-06-24 13:20:14
TXN-0007529,Jennifer White,Home & Kitchen,318.72,1,318.72,5.0,Australia,2024-09-18 00:00:00
TXN-0003761,Mary Thompson,Books,328.64,2,657.28,1.6,United Kingdom,2023-03-04 06:37:55
TXN-0003866,Elizabeth Williams,Sports & Outdoors,736.1,6,4416.6,4.5,United Kingdom,2024-05-02 00:00:00
TXN-0003271,Jennifer Jones,Books,550.19,5,2750.95,2.1,United States,2024-03-08 23:45:22
TXN-0005164,Robert Martin,Electronics,1178.8,4,4715.2,2.2,United States,2023-02-24 12:17:09
TXN-0010059,Barbara Williams,Beauty & Personal Care,850.14,8,6801.12,3.6,Canada,2024-08-29 04:48:08
TXN-0011912,Christopher Lee,Electronics,1390.67,1,1390.67,3.9,France,2023-10-09 08:21:57
TXN-0007622,Christopher Martin,Beauty & Personal Care,1212.35,6,7274.1,2.3,Australia,2024-09-04 20:43:35
TXN-0002885,Mary Wilson,Books,1101.61,7,7711.27,2.3,United Kingdom,2024-12-01 10:32:09
TXN-0003964,Karen Johnson,Beauty & Personal Care,272.26,1,272.26,2.6,United States,2023-02-19 00:00:00
TXN-0009290,Barbara Gonzalez,Beauty & Personal Care,213.28,7,1492.96,2.9,United States,2023-09-05 05:24:23
TXN-0000683,Thomas Lee,Electronics,627.72,3,1883.16,2.9,France,2023-11-23 07:47:25
TXN-0005222,Jessica Taylor,Home & Kitchen,164.5,6,987.0,4.8,Germany,2024-11-01 14:10:44
TXN-0005958,Elizabeth Martin,Beauty & Personal Care,568.81,5,2844.05,1.8,Netherlands,2023-10-18 05:30:43
TXN-0006388,Barbara Hernandez,Toys & Games,514.82,1,514.82,4.4,Brazil,2024-11-23 09:37:23
TXN-0003461,Karen Martinez,Electronics,836.72,6,5020.32,2.3,Germany,2024-07-31 23:00:32
TXN-0003209,Jennifer Garcia,Beauty & Personal Care,1360.96,7,9526.72,4.0,United Kingdom,2023-07-20 12:02:41
TXN-0002086,Daniel Wilson,Beauty & Personal Care,711.56,3,2134.68,4.4,Australia,2023-04-08 00:00:00
TXN-0011619,Joseph Martinez,Books,42.18,4,168.72,2.2,Australia,2023-01-07 15:54:49
TXN-0002870,Christopher Smith,Automotive,641.9,8,5135.2,2.4,Canada,2024-09-09 18:17:53
TXN-0011256,Daniel Taylor,Electronics,584.68,3,1754.04,3.7,Netherlands,2024-01-10 09:16:25
TXN-0006502,Thomas Jackson,Electronics,1372.57,8,10980.56,2.9,United Kingdom,2023-05-31 16:19:29
TXN-0002199,David Lee,Beauty & Personal Care,194.0,2,388.0,4.4,Brazil,2023-02-09 21:05:12
TXN-0001382,Nancy Hernandez,Sports & Outdoors,1174.02,7,8218.14,3.6,Canada,2024-02-27 00:00:00
TXN-0002337,Joseph Lopez,Automotive,912.09,8,7296.72,1.4,Japan,2023-08-05 00:00:00
TXN-0008258,Karen Jones,Electronics,1333.46,7,9334.22,3.7,Japan,2023-04-14 17:31:28
TXN-0009705,Michael Lee,Toys & Games,1366.3,7,9564.1,1.9,India,2023-12-13 17:43:27
TXN-0009568,Jennifer Gonzalez,Electronics,1345.22,1,1345.22,3.5,France,2023-10-01 02:22:29
TXN-0003555,Patricia Miller,Toys & Games,1364.84,7,9553.88,2.3,Germany,2024-01-21 16:15:53
TXN-0005803,Patricia Martin,Beauty & Personal Care,1001.6,4,4006.4,3.5,Canada,2023-06-16 00:00:00
TXN-0005906,Robert White,Automotive,1400.1,6,8400.6,1.6,United States,2024-12-05 23:10:51
TXN-0004646,William Rodriguez,Electronics,1039.21,1,1039.21,2.7,India,2024-05-21 15:59:27
TXN-0000121,Joseph Williams,Books,1456.78,1,1456.78,4.1,Netherlands,2023-07-09 04:27:11
TXN-0008996,Richard Moore,Electronics,837.24,5,4186.2,2.6,United Kingdom,2024-06-22 07:37:33
TXN-0008459,David Jones,Electronics,536.67,3,1610.01,2.1,France,2024-05-24 13:37:46
TXN-0003167,Patricia Moore,Home & Kitchen,19.51,6,117.06,4.7,France,2024-06-25 16:37:10
TXN-0002986,David Brown,Home & Kitchen,930.13,7,6510.91,2.0,Netherlands,2023-06-24 00:01:50
TXN-0011130,Charles Thompson,Electronics,204.67,7,1432.69,3.7,Canada,2023-04-25 03:04:34
TXN-0005679,Patricia White,Automotive,613.95,8,4911.6,2.9,Australia,2024-03-20 01:57:25
TXN-0003438,Robert Jones,Electronics,659.01,3,1977.03,2.6,United Kingdom,2023-06-25 00:00:00
TXN-0001194,John Williams,Books,757.73,7,5304.11,3.2,Netherlands,2023-04-05 04:07:17
TXN-0006814,Karen Gonzalez,Electronics,1051.33,7,7359.31,1.8,Japan,2024-06-30 09:33:56
TXN-0007977,David Williams,Books,1320.35,7,9242.45,4.3,United States,2024-04-17 23:50:52
TXN-0003080,Patricia Davis,Home & Kitchen,56.1,2,112.2,3.5,India,2024-07-10 23:22:26
TXN-0005801,Joseph Moore,Sports & Outdoors,1195.63,7,8369.41,1.9,United Kingdom,2024-03-26 05:18:02
TXN-0007887,John Taylor,Automotive,426.95,2,853.9,3.1,United Kingdom,2023-12-11 00:00:00
TXN-0001351,John Thompson,Beauty & Personal Care,1358.13,8,10865.04,4.0,Australia,2023-06-16 20:24:04
TXN-0012300,Charles Perez,Electronics,1053.73,7,7376.11,4.7,Brazil,2023-02-28 16:20:05
TXN-0007629,Jessica Thomas,Automotive,286.25,3,858.75,2.0,Australia,2023-11-02 03:26:46
TXN-0000009,William Lee,Books,1265.06,1,1265.06,1.9,Australia,2023-01-25 22:23:30
TXN-0002092,Nancy White,Apparel,1287.67,4,5150.68,2.2,United States,2023-08-16 09:21:01
TXN-0003436,Elizabeth Perez,Sports & Outdoors,595.48,8,4763.84,1.5,Australia,2024-01-01 18:02:45
TXN-0011562,Patricia Lopez,Electronics,741.34,3,2224.02,4.7,Germany,2024-07-27 18:12:45
TXN-0005128,Sarah Gonzalez,Books,1325.95,4,5303.8,4.0,Brazil,2023-10-20 19:59:22
TXN-0006819,Richard Martinez,Sports & Outdoors,708.73,2,1417.46,1.5,India,2024-01-26 06:46:53
TXN-0010370,Charles Rodriguez,Automotive,257.4,8,2059.2,1.9,Canada,2023-09-17 00:00:00
TXN-0007748,Susan Miller,Toys & Games,984.76,3,2954.28,1.4,India,2024-06-16 14:18:10
TXN-0000125,Jessica Anderson,Beauty & Personal Care,892.53,8,7140.24,3.0,Brazil,2024-04-22 18:25:21
TXN-0000994,Patricia Anderson,Automotive,214.11,7,1498.77,1.0,United Kingdom,2024-11-17 07:03:19
TXN-0008101,Elizabeth Taylor,Electronics,1328.06,3,3984.18,3.7,United States,2023-10-03 18:29:09
TXN-0009450,Mary Wilson,Electronics,691.1,2,1382.2,4.8,Brazil,2023-03-11 16:14:34
TXN-0005622,Jennifer Rodriguez,Apparel,180.44,4,721.76,2.0,Japan,2023-08-06 05:08:28
TXN-0007479,Michael White,Automotive,970.19,3,2910.57,1.6,India,2023-11-16 09:50:37
TXN-0002950,Patricia Jackson,Books,801.08,2,1602.16,3.2,France,2024-07-10 12:05:42
TXN-0005711,Jennifer Williams,Beauty & Personal Care,737.83,5,3689.15,4.2,Canada,2023-11-23 04:56:06
TXN-0010476,William Brown,Home & Kitchen,716.9,5,3584.5,2.2,India,2023-06-08 00:00:00
TXN-0009601,Nancy Davis,Beauty & Personal Care,773.67,2,1547.34,4.6,Australia,2023-01-19 20:27:24
TXN-0002673,James Williams,Electronics,157.98,5,789.9,4.6,France,2024-07-07 06:08:30
TXN-0002552,Elizabeth Taylor,Books,1274.71,8,10197.68,1.8,Canada,2023-01-02 22:22:36
TXN-0011478,Thomas Gonzalez,Automotive,940.38,8,7523.04,3.1,United Kingdom,2023-03-17 15:23:47
TXN-0005788,Jennifer Wilson,Beauty & Personal Care,405.29,6,2431.74,1.5,Netherlands,2024-12-24 05:15:28
TXN-0010245,William Davis,Books,1485.84,8,11886.72,3.2,United Kingdom,2024-02-10 08:37:08
TXN-0010369,Susan Jones,Automotive,218.08,8,1744.64,1.4,India,2024-05-04 19:07:33
TXN-0003516,Mary Smith,Beauty & Personal Care,1257.34,5,6286.7,3.4,Brazil,2024-11-13 00:00:00
TXN-0011094,Sarah Davis,Books,1451.76,1,1451.76,3.6,Canada,2024-09-12 00:50:54
TXN-0004773,John Miller,Sports & Outdoors,677.91,3,2033.73,5.0,Canada,2024-02-29 01:59:01
TXN-0006951,Jennifer Davis,Automotive,885.72,8,7085.76,2.8,Germany,2024-06-28 19:45:45
TXN-0009187,Jessica Johnson,Home & Kitchen,744.83,3,2234.49,3.6,Canada,2023-07-04 18:07:52
TXN-0001234,Daniel Moore,Books,30.73,8,245.84,3.9,Japan,2023-10-17 12:20:01
TXN-0007463,James Jackson,Automotive,707.75,6,4246.5,2.5,United States,2023-06-30 00:00:00
TXN-0006555,James Martin,Toys & Games,1009.28,6,6055.68,2.8,France,2024-01-19 05:27:36
TXN-0004432,Charles Miller,Automotive,128.5,2,257.0,3.1,United States,2024-04-27 15:20:13
TXN-0009190,John Wilson,Automotive,1402.36,4,5609.44,5.0,France,2023-04-30 01:21:23
TXN-0006254,Thomas Miller,Electronics,589.15,8,4713.2,4.5,India,2024-11-12 16:46:46
TXN-0006338,Mary Jackson,Toys & Games,620.73,5,3103.65,2.5,France,2024-04-18 16:59:24
TXN-0000713,Charles Lopez,Beauty & Personal Care,1283.43,4,5133.72,3.0,United Kingdom,2023-02-23 01:53:41
TXN-0003931,Daniel Wilson,Apparel,1441.61,5,7208.05,2.9,India,2023-05-30 11:17:06
TXN-0012313,John Jackson,Toys & Games,851.86,3,2555.58,3.1,United Kingdom,2023-08-30 11:47:33
TXN-0001203,Patricia Hernandez,Beauty & Personal Care,915.09,2,1830.18,5.0,Netherlands,2023-05-02 00:00:00
TXN-0004163,Linda Jackson,Home & Kitchen,710.14,8,5681.12,4.8,Canada,2024-10-25 09:45:54
TXN-0012133,John Rodriguez,Beauty & Personal Care,652.74,7,4569.18,4.2,United States,2024-11-28 00:08:57
TXN-0000627,William Jones,Sports & Outdoors,1287.5,1,1287.5,4.0,France,2024-04-14 00:02:57
TXN-0008048,Mary Taylor,Apparel,492.37,6,2954.22,1.5,Netherlands,2024-07-22 11:48:08
TXN-0006244,David Jackson,Beauty & Personal Care,1415.92,2,2831.84,4.1,Germany,2023-10-29 02:03:54
TXN-0009377,Sarah Jackson,Electronics,1051.14,2,2102.28,3.8,Netherlands,2023-01-19 12:20:59
TXN-0003766,Charles Rodriguez,Electronics,356.14,2,712.28,3.0,United States,2023-01-15 12:49:31
TXN-0006360,Nancy Moore,Home & Kitchen,723.76,4,2895.04,1.6,United States,2024-09-11 00:00:00
TXN-0000113,David Brown,Automotive,215.43,4,861.72,4.4,Canada,2024-07-16 12:22:40
TXN-0005522,Christopher Martinez,Beauty & Personal Care,690.08,3,2070.24,1.7,Netherlands,2024-09-11 12:32:10
TXN-0002485,Barbara Jackson,Automotive,553.17,2,1106.34,3.3,Netherlands,2024-10-02 07:33:13
TXN-0001657,Charles Jones,Automotive,832.61,6,4995.66,1.5,India,2024-09-21 00:00:00
TXN-0009019,Michael Thompson,Toys & Games,227.65,8,1821.2,3.1,Brazil,2024-08-30 12:46:53
TXN-0005356,Nancy Miller,Beauty & Personal Care,1365.31,8,10922.48,3.8,France,2024-02-11 12:19:51
TXN-0011470,Thomas Lopez,Home & Kitchen,475.99,1,475.99,1.2,United Kingdom,2024-01-08 10:20:50
TXN-0002727,Lisa Perez,Sports & Outdoors,1377.57,3,4132.71,2.6,Brazil,2023-07-16 14:38:03
TXN-0004474,Sarah Williams,Automotive,445.16,3,1335.48,1.1,France,2023-09-02 08:27:41
TXN-0009167,Patricia Garcia,Beauty & Personal Care,842.67,6,5056.02,1.7,United Kingdom,2024-11-18 00:00:00
TXN-0009026,Jennifer Thompson,Home & Kitchen,1250.3,4,5001.2,4.1,Netherlands,2023-11-06 03:31:52
TXN-0005964,Robert Garcia,Home & Kitchen,161.43,7,1130.01,1.1,Germany,2023-01-28 03:27:28
TXN-0010133,Charles Thomas,Apparel,826.99,5,4134.95,4.2,Brazil,2024-10-18 12:13:06
TXN-0006554,Richard Wilson,Home & Kitchen,1152.33,6,6913.98,2.6,Canada,2024-05-16 00:00:00
TXN-0007389,Karen Thompson,Toys & Games,1347.21,8,10777.68,3.4,India,2023-12-02 05:25:24
TXN-0004716,Lisa Taylor,Electronics,1173.98,3,3521.94,3.5,France,2023-08-16 06:34:15
TXN-0002363,Robert Wilson,Sports & Outdoors,481.16,7,3368.12,2.0,India,2023-03-21 21:55:36
TXN-0003251,Charles Martin,Apparel,162.17,6,973.02,3.8,India,2024-12-27 00:00:00
TXN-0000492,William Thomas,Apparel,424.0,4,1696.0,4.0,Brazil,2023-04-10 00:00:00
TXN-0009562,Jennifer Johnson,Books,1142.15,6,6852.9,2.3,Japan,2023-07-01 20:11:08
TXN-0009932,Jessica Martin,Toys & Games,808.12,1,808.12,2.1,Canada,2024-05-17 00:00:00
TXN-0008593,Christopher Moore,Electronics,1176.51,5,5882.55,1.3,United States,2024-06-15 00:00:00
TXN-0006566,Richard Lopez,Toys & Games,1477.71,8,11821.68,1.4,France,2024-09-05 19:45:00
TXN-0006976,Linda Perez,Apparel,562.19,2,1124.38,1.1,Netherlands,2023-07-10 01:45:42
TXN-0000035,Robert Rodriguez,Sports & Outdoors,319.89,6,1919.34,1.8,Netherlands,2024-05-07 15:03:08
TXN-0001290,Mary Anderson,Sports & Outdoors,186.72,8,1493.76,2.8,United States,2023-02-08 21:26:16
TXN-0009578,Karen Hernandez,Automotive,742.58,1,742.58,4.8,Japan,2024-08-20 21:20:07
TXN-0009621,Joseph Miller,Apparel,55.18,1,55.18,3.0,Japan,2024-02-21 01:00:30
TXN-0008632,Susan Davis,Home & Kitchen,1441.53,6,8649.18,2.5,Brazil,2024-05-29 14:18:57
TXN-0002541,Karen Thomas,Automotive,1261.85,6,7571.1,5.0,United Kingdom,2024-03-07 06:23:56
TXN-0007691,Susan Thomas,Books,1045.55,5,5227.75,3.9,Japan,2023-02-07 01:26:39
TXN-0001209,Patricia Davis,Sports & Outdoors,148.48,3,445.44,1.1,United Kingdom,2024-12-02 00:35:21
TXN-0009227,Charles Davis,Books,542.3,4,2169.2,2.6,India,2023-03-05 21:27:04
TXN-0007528,Mary Moore,Apparel,607.01,2,1214.02,4.9,Australia,2023-08-15 17:32:34
TXN-0007731,Robert Garcia,Books,1380.31,5,6901.55,2.2,Germany,2023-08-31 01:12:14
TXN-0004463,Jessica Johnson,Toys & Games,1149.5,4,4598.0,1.4,Germany,2024-03-21 02:48:46
TXN-0002408,Thomas Hernandez,Electronics,708.74,4,2834.96,3.3,Japan,2023-06-08 17:21:58
TXN-0009004,Daniel Miller,Beauty & Personal Care,1205.73,7,8440.11,1.6,Canada,2023-11-11 06:50:46
TXN-0000333,Robert Williams,Books,597.39,1,597.39,3.7,Australia,2023-07-22 01:51:37
TXN-0004401,Linda Brown,Toys & Games,442.79,3,1328.37,1.8,Canada,2023-01-07 00:00:00
TXN-0002930,Susan Lopez,Toys & Games,1090.33,3,3270.99,2.0,Australia,2023-08-14 15:24:02
TXN-0006001,Thomas Garcia,Apparel,872.51,3,2617.53,2.4,United States,2024-05-01 07:38:06
TXN-0011146,Barbara Lee,Automotive,854.95,2,1709.9,4.3,Japan,2023-05-20 00:00:00
TXN-0001987,Richard Jackson,Toys & Games,92.89,7,650.23,3.9,Brazil,2024-01-06 21:15:26
TXN-0009943,Mary Williams,Sports & Outdoors,261.4,2,522.8,4.8,Netherlands,2024-09-01 16:57:03
TXN-0002248,Robert White,Electronics,411.04,8,3288.32,4.2,Netherlands,2024-01-04 12:34:54
TXN-0000806,Patricia Jones,Beauty & Personal Care,1229.65,2,2459.3,4.4,Australia,2023-12-08 01:34:29
TXN-0006586,Sarah Gonzalez,Home & Kitchen,213.36,4,853.44,4.4,United States,2024-07-04 18:34:55
TXN-0001706,Jennifer Williams,Apparel,1003.87,8,8030.96,2.1,Netherlands,2024-02-10 14:55:35
TXN-0001701,David Moore,Apparel,70.81,8,566.48,4.4,United Kingdom,2023-09-06 00:00:00
TXN-0012055,Thomas Williams,Beauty & Personal Care,961.14,4,3844.56,3.6,India,2023-12-19 17:10:38
TXN-0003647,Robert Davis,Apparel,578.64,8,4629.12,1.5,France,2024-12-02 00:00:00
TXN-0012185,James Perez,Apparel,367.49,1,367.49,3.3,France,2023-06-19 00:00:00
TXN-0009977,Lisa Anderson,Sports & Outdoors,924.49,2,1848.98,2.7,Netherlands,2023-08-15 03:39:41
TXN-0011428,David Smith,Toys & Games,429.23,3,1287.69,3.8,Brazil,2024-07-08 00:45:36
TXN-0006403,Charles Garcia,Automotive,627.03,4,2508.12,3.5,Netherlands,2024-10-28 20:01:56
TXN-0008576,Patricia Anderson,Automotive,268.98,1,268.98,3.4,Japan,2023-07-17 01:33:36
TXN-0008287,William Taylor,Home & Kitchen,218.2,6,1309.2,1.7,Japan,2024-12-24 00:00:00
TXN-0000599,John Hernandez,Automotive,159.14,5,795.7,1.1,United States,2024-08-12 03:20:58
TXN-0003652,Richard Lee,Automotive,395.4,5,1977.0,4.8,Japan,2023-07-25 00:42:49
TXN-0001060,Karen Gonzalez,Electronics,1185.39,8,9483.12,1.9,Australia,2023-06-14 06:30:47
TXN-0006125,Christopher Davis,Sports & Outdoors,264.07,2,528.14,1.0,Germany,2024-10-23 00:00:00
TXN-0009006,Joseph Garcia,Electronics,253.82,2,507.64,3.5,United States,2024-04-14 00:00:00
TXN-0003479,Elizabeth Jackson,Electronics,718.02,5,3590.1,2.8,Germany,2023-12-23 22:44:31
TXN-0007153,John Lee,Apparel,135.52,5,677.6,3.5,United Kingdom,2024-08-02 17:33:36
TXN-0004534,Jessica Johnson,Electronics,1480.72,8,11845.76,2.1,Canada,2023-05-29 00:00:00
TXN-0011277,Nancy Davis,Books,1198.51,7,8389.57,4.6,Netherlands,2023-05-30 14:56:29
TXN-0010631,Sarah Miller,Beauty & Personal Care,1037.93,8,8303.44,2.5,Brazil,2023-05-31 08:38:22
TXN-0000350,Mary Garcia,Beauty & Personal Care,335.24,2,670.48,4.7,Netherlands,2023-04-20 05:46:56
TXN-0009487,John Martin,Automotive,1224.81,7,8573.67,2.1,Australia,2024-09-04 23:44:20
TXN-0002843,Nancy White,Home & Kitchen,786.84,7,5507.88,1.9,Japan,2024-10-15 07:10:04
TXN-0004488,William Gonzalez,Toys & Games,551.38,3,1654.14,2.0,France,2023-08-28 11:19:48
TXN-0001695,Susan Brown,Home & Kitchen,321.62,3,964.86,2.7,United Kingdom,2023-12-04 13:52:31
TXN-0009064,Joseph Jackson,Home & Kitchen,364.4,7,2550.8,3.5,United Kingdom,2024-07-09 15:26:26
TXN-0008604,Robert Rodriguez,Home & Kitchen,9.79,8,78.32,3.6,Canada,2023-03-09 21:44:55
TXN-0011946,Richard Martin,Electronics,1135.13,8,9081.04,4.1,Japan,2023-07-15 14:26:54
TXN-0007180,Jennifer Lee,Beauty & Personal Care,880.53,5,4402.65,2.6,United States,2023-10-26 09:40:59
TXN-0011079,Thomas Brown,Home & Kitchen,466.03,7,3262.21,4.3,Brazil,2024-06-21 02:04:04
TXN-0001939,Christopher Jones,Books,467.45,6,2804.7,4.3,Australia,2024-09-05 00:00:00
TXN-0003263,David Martinez,Electronics,1356.76,7,9497.32,3.3,Germany,2024-04-14 03:39:05
TXN-0010501,Daniel Garcia,Sports & Outdoors,128.74,1,128.74,1.0,Brazil,2024-04-15 03:20:17
TXN-0007460,Mary Johnson,Apparel,421.35,2,842.7,1.4,United Kingdom,2024-03-01 00:00:00
TXN-0008886,Sarah Martin,Toys & Games,449.43,8,3595.44,1.7,Japan,2024-06-25 05:24:01
TXN-0006888,James Lopez,Electronics,1151.96,7,8063.72,3.4,Brazil,2023-01-05 23:57:35
TXN-0010874,David Taylor,Toys & Games,1021.17,3,3063.51,1.8,Brazil,2024-07-24 01:35:31
TXN-0004119,John Jackson,Books,653.71,1,653.71,1.7,France,2024-01-12 14:35:32
TXN-0012071,Daniel Davis,Apparel,810.86,1,810.86,1.7,United States,2023-09-28 03:05:42
TXN-0008042,Jessica Williams,Automotive,822.74,6,4936.44,1.8,Japan,2024-10-02 00:08:00
TXN-0010923,Christopher Thompson,Automotive,1372.75,3,4118.25,4.1,India,2024-11-10 01:09:14
TXN-0005147,Jessica Lopez,Toys & Games,684.14,5,3420.7,2.4,United Kingdom,2024-10-02 18:00:49
TXN-0007784,John White,Apparel,807.16,7,5650.12,3.7,United Kingdom,2023-05-28 00:25:06
TXN-0002604,Jessica Davis,Home & Kitchen,313.16,2,626.32,2.3,France,2024-12-29 00:00:00
TXN-0006122,Joseph Moore,Beauty & Personal Care,312.93,8,2503.44,1.4,Japan,2023-08-19 07:58:38
TXN-0000885,Jessica Davis,Automotive,514.29,2,1028.58,2.3,India,2023-05-26 21:42:48
TXN-0000907,Linda Lopez,Books,141.62,7,991.34,1.1,Germany,2023-01-12 07:25:02
TXN-0004922,Sarah Smith,Sports & Outdoors,1259.92,4,5039.68,2.1,Australia,2023-06-14 16:35:26
TXN-0008998,Thomas Jones,Home & Kitchen,663.15,6,3978.9,3.6,Australia,2023-08-27 02:12:14
TXN-0011228,Robert Wilson,Toys & Games,768.16,1,768.16,4.0,Canada,2024-01-23 06:40:01
TXN-0004185,Barbara Miller,Automotive,97.26,5,486.3,1.9,Germany,2024-11-29 10:19:35
TXN-0002565,Karen Johnson,Home & Kitchen,684.75,3,2054.25,1.9,United States,2024-08-28 07:52:18
TXN-0010672,Patricia Taylor,Apparel,175.9,1,175.9,4.6,Japan,2023-09-19 00:00:00
TXN-0008787,Nancy Smith,Apparel,1251.7,7,8761.9,2.8,India,2024-04-26 18:06:40
TXN-0007035,Sarah Martin,Beauty & Personal Care,1113.14,2,2226.28,1.3,Japan,2024-10-16 08:14:58
TXN-0006051,Susan Garcia,Books,970.98,6,5825.88,1.7,Netherlands,2023-11-22 00:00:00
TXN-0011178,Richard Garcia,Toys & Games,981.84,7,6872.88,2.4,Germany,2024-07-13 03:49:11
TXN-0002714,Barbara Williams,Apparel,278.7,5,1393.5,2.3,India,2023-09-26 07:12:41
TXN-0002819,Patricia Jones,Home & Kitchen,1246.53,6,7479.18,4.9,Australia,2024-07-12 13:46:28
TXN-0007442,James Smith,Books,390.56,3,1171.68,1.5,India,2023-04-27 14:57:46
TXN-0007453,Nancy Johnson,Electronics,980.89,6,5885.34,4.3,Germany,2024-05-01 04:52:32
TXN-0004152,Thomas Perez,Home & Kitchen,1180.28,3,3540.84,1.2,Australia,2024-03-31 13:20:11
TXN-0004850,Jennifer Hernandez,Toys & Games,1173.55,8,9388.4,1.5,Japan,2023-07-13 00:00:00
TXN-0007395,Joseph Taylor,Sports & Outdoors,489.45,6,2936.7,4.7,United States,2024-05-20 00:00:00
TXN-0003033,William Martinez,Home & Kitchen,783.55,6,4701.3,1.3,Canada,2023-10-24 17:51:48
TXN-0007879,John Brown,Electronics,1414.04,1,1414.04,4.6,Japan,2023-04-23 11:28:12
TXN-0002401,Richard Davis,Toys & Games,1387.3,2,2774.6,2.5,Brazil,2023-08-19 15:15:45
TXN-0007421,Lisa White,Home & Kitchen,1182.62,2,2365.24,4.4,India,2024-02-11 03:18:31
TXN-0008731,Michael Smith,Home & Kitchen,79.22,5,396.1,4.9,United States,2024-10-09 09:03:51
TXN-0000068,William Martin,Automotive,656.18,5,3280.9,2.3,India,2023-07-10 16:21:41
TXN-0006047,Jessica Lopez,Apparel,968.18,3,2904.54,1.1,France,2024-10-16 22:26:30
TXN-0001797,Sarah Hernandez,Electronics,484.06,8,3872.48,4.1,Netherlands,2023-08-12 03:44:55
TXN-0010709,Elizabeth Wilson,Apparel,454.95,1,454.95,2.6,Brazil,2023-10-27 12:55:29
TXN-0007524,Michael Jackson,Apparel,626.31,1,626.31,4.8,United Kingdom,2023-06-09 19:59:39
TXN-0007132,Jessica Smith,Toys & Games,57.51,4,230.04,5.0,France,2024-01-19 18:12:41
TXN-0006485,Daniel Johnson,Electronics,1365.26,5,6826.3,1.5,Australia,2023-12-15 16:59:39
TXN-0002427,Nancy Brown,Toys & Games,261.38,8,2091.04,2.6,Canada,2023-04-13 00:00:00
TXN-0010713,Elizabeth Williams,Electronics,970.22,8,7761.76,1.4,France,2023-09-30 00:32:27
TXN-0001455,Lisa Hernandez,Beauty & Personal Care,219.51,2,439.02,3.7,United States,2023-01-05 14:00:50
TXN-0005273,William Gonzalez,Sports & Outdoors,1473.33,7,10313.31,1.0,Australia,2024-02-22 07:51:31
TXN-0010530,Richard Jones,Electronics,1387.33,2,2774.66,3.3,Japan,2024-11-06 21:50:28
TXN-0010111,Jennifer Smith,Sports & Outdoors,830.1,7,5810.7,1.8,Brazil,2024-06-02 17:44:30
TXN-0010803,James Lee,Sports & Outdoors,557.29,4,2229.16,2.2,United Kingdom,2023-05-29 17:55:18
TXN-0011193,David Wilson,Toys & Games,1224.85,3,3674.55,2.7,Australia,2024-06-14 22:23:56
TXN-0012252,Daniel Moore,Automotive,445.92,7,3121.44,1.4,Japan,2023-06-28 23:54:12
TXN-0001338,Sarah Taylor,Sports & Outdoors,171.65,3,514.95,3.0,India,2023-09-05 22:27:35
TXN-0000823,Robert Thompson,Home & Kitchen,685.87,1,685.87,4.0,Germany,2024-03-10 05:00:46
TXN-0007782,Lisa Perez,Sports & Outdoors,1177.54,7,8242.78,3.7,Japan,2023-04-20 21:02:52
TXN-0004719,Joseph White,Books,34.11,1,34.11,2.5,Japan,2024-02-23 00:00:00
TXN-0011840,Nancy Wilson,Automotive,529.15,6,3174.9,3.0,India,2023-01-01 23:26:08
TXN-0003451,Sarah Davis,Automotive,1004.73,7,7033.11,2.2,Netherlands,2023-09-09 01:02:57
TXN-0002011,Susan Hernandez,Electronics,383.93,4,1535.72,1.0,Japan,2024-10-02 16:50:56
TXN-0011484,Patricia Wilson,Apparel,343.67,1,343.67,3.2,India,2024-06-14 00:00:00
TXN-0002661,Richard Miller,Beauty & Personal Care,1168.55,5,5842.75,4.5,Australia,2024-10-23 13:32:34
TXN-0010614,Thomas Smith,Sports & Outdoors,613.15,4,2452.6,2.8,Canada,2023-11-18 14:14:39
TXN-0010355,William Lee,Toys & Games,546.85,3,1640.55,3.8,Canada,2023-10-18 11:07:07
TXN-0003484,James Garcia,Beauty & Personal Care,293.57,1,293.57,1.4,India,2024-11-11 09:17:11
TXN-0001782,Karen Johnson,Sports & Outdoors,647.79,5,3238.95,4.1,Germany,2024-05-11 00:00:00
TXN-0003473,Richard Wilson,Beauty & Personal Care,831.92,8,6655.36,3.2,Canada,2024-11-25 08:02:39
TXN-0001852,Richard Thomas,Automotive,637.67,5,3188.35,3.5,Australia,2023-10-16 01:51:12
TXN-0001145,Elizabeth Gonzalez,Automotive,1231.31,5,6156.55,4.3,United Kingdom,2024-06-13 04:44:01
TXN-0007251,John Lopez,Home & Kitchen,338.54,4,1354.16,4.2,Brazil,2023-06-25 22:24:11
TXN-0009799,Joseph Johnson,Home & Kitchen,1171.82,2,2343.64,3.7,Germany,2024-08-25 16:29:06
TXN-0005207,Robert Jackson,Sports & Outdoors,746.9,7,5228.3,1.4,Canada,2023-03-16 18:00:08
TXN-0008460,Barbara Garcia,Toys & Games,306.62,1,306.62,3.6,India,2024-08-19 12:25:03
TXN-0006607,Daniel Rodriguez,Toys & Games,1429.92,2,2859.84,4.6,Netherlands,2024-11-21 04:30:12
TXN-0011753,Barbara Perez,Sports & Outdoors,25.08,5,125.4,4.7,Japan,2024-03-28 17:28:23
TXN-0000093,Elizabeth Moore,Electronics,614.95,4,2459.8,5.0,Brazil,2024-12-10 00:00:00
TXN-0010387,William Martinez,Automotive,1446.92,5,7234.6,2.9,Germany,2024-04-30 07:50:15
TXN-0010226,Joseph Hernandez,Apparel,1395.21,2,2790.42,3.8,Brazil,2023-06-02 18:21:39
TXN-0006025,Thomas Martin,Home & Kitchen,733.24,6,4399.44,4.4,Netherlands,2023-02-20 12:47:04
TXN-0009065,Joseph Martinez,Toys & Games,1246.93,5,6234.65,3.5,France,2024-01-17 11:01:58
TXN-0002255,Charles Johnson,Automotive,931.47,3,2794.41,1.3,France,2023-08-22 00:00:00
TXN-0000139,Thomas Brown,Beauty & Personal Care,170.78,8,1366.24,3.1,Japan,2023-08-28 00:00:00
TXN-0008813,Karen Taylor,Automotive,329.76,8,2638.08,4.7,Netherlands,2024-11-08 00:00:00
TXN-0011798,Karen Moore,Books,1498.24,3,4494.72,4.4,Canada,2023-09-20 04:34:17
TXN-0008941,Michael Martinez,Sports & Outdoors,934.98,1,934.98,4.6,United Kingdom,2023-04-04 18:28:39
TXN-0009479,Linda Martinez,Sports & Outdoors,691.64,8,5533.12,1.9,India,2023-03-06 01:22:30
TXN-0007548,Joseph Martinez,Automotive,739.1,2,1478.2,2.3,Canada,2023-11-15 09:59:58
TXN-0006417,Sarah Hernandez,Apparel,553.23,1,553.23,1.7,France,2024-07-14 03:16:46
TXN-0002208,Linda Jackson,Home & Kitchen,376.69,3,1130.07,4.4,United States,2024-01-04 09:47:23
TXN-0010584,Nancy Martin,Sports & Outdoors,256.8,8,2054.4,1.3,Brazil,2024-08-26 06:55:23
TXN-0006627,James Thomas,Electronics,1356.24,6,8137.44,1.5,France,2024-06-20 17:30:10
TXN-0009946,Karen Wilson,Automotive,971.01,2,1942.02,4.5,India,2023-09-03 09:45:55
TXN-0007025,David Wilson,Toys & Games,351.34,1,351.34,2.5,India,2024-06-12 08:57:16
TXN-0002510,Daniel Gonzalez,Sports & Outdoors,324.1,3,972.3,1.7,Germany,2024-08-12 01:00:19
TXN-0011251,Daniel Lee,Sports & Outdoors,1262.0,4,5048.0,1.2,Canada,2024-10-26 22:48:43
TXN-0010361,Robert Thompson,Toys & Games,183.39,5,916.95,4.6,Netherlands,2024-01-31 21:19:31
TXN-0007632,Linda Gonzalez,Home & Kitchen,1448.99,5,7244.95,4.8,India,2023-05-26 09:37:46
TXN-0005949,Linda Thomas,Books,851.07,5,4255.35,2.9,Germany,2023-08-08 10:41:22
TXN-0011763,Susan Lopez,Electronics,1321.27,3,3963.81,3.1,Canada,2023-02-07 10:06:19
TXN-0008138,Charles Thomas,Books,1224.31,8,9794.48,4.2,Netherlands,2023-12-13 05:16:37
TXN-0002151,Susan Lee,Beauty & Personal Care,254.74,2,509.48,4.4,Netherlands,2024-09-23 15:29:40
TXN-0003935,William Smith,Books,543.54,7,3804.78,3.5,Netherlands,2023-09-09 15:58:22
TXN-0012025,Joseph Brown,Automotive,282.89,4,1131.56,2.0,Netherlands,2024-04-07 16:29:09
TXN-0000955,Jessica Lee,Books,440.79,7,3085.53,1.2,India,2024-09-21 07:24:44
TXN-0009156,Charles Rodriguez,Automotive,165.96,6,995.76,4.4,United Kingdom,2024-07-11 11:10:51
TXN-0004648,William Hernandez,Electronics,317.86,2,635.72,1.6,India,2023-05-08 00:00:00
TXN-0008294,Elizabeth Taylor,Toys & Games,273.74,7,1916.18,4.6,United States,2024-01-05 00:01:28
TXN-0000402,Thomas Miller,Beauty & Personal Care,446.55,1,446.55,3.2,Japan,2024-12-08 02:16:39
TXN-0009796,Joseph Thomas,Beauty & Personal Care,1409.25,7,9864.75,1.3,India,2023-04-29 14:12:59
TXN-0001822,David Garcia,Apparel,867.09,4,3468.36,4.0,United Kingdom,2024-11-15 17:26:43
TXN-0009792,William Martin,Apparel,849.82,8,6798.56,2.7,Australia,2023-01-16 04:19:03
TXN-0000760,Karen Wilson,Sports & Outdoors,138.15,6,828.9,1.7,United Kingdom,2024-03-16 14:10:26
TXN-0002034,Mary Perez,Sports & Outdoors,877.36,4,3509.44,4.2,Brazil,2023-05-03 06:23:38
TXN-0007103,Joseph Johnson,Automotive,105.33,1,105.33,3.3,United States,2024-12-11 15:32:05
TXN-0002252,David Moore,Home & Kitchen,1209.11,7,8463.77,5.0,United Kingdom,2024-06-30 03:04:56
TXN-0001239,William Thompson,Books,1193.07,8,9544.56,2.3,Brazil,2024-05-21 10:19:18
TXN-0007475,William Perez,Books,1461.72,3,4385.16,1.5,Canada,2024-07-07 13:14:21
TXN-0010468,Jessica Wilson,Home & Kitchen,336.76,8,2694.08,3.3,United Kingdom,2024-09-15 00:00:00
TXN-0006862,Thomas Williams,Home & Kitchen,711.8,1,711.8,1.5,Germany,2023-02-04 03:13:11
TXN-0011010,Jennifer Jones,Automotive,339.66,2,679.32,1.5,Brazil,2024-03-22 06:37:26
TXN-0004703,Nancy Jackson,Beauty & Personal Care,269.08,1,269.08,1.1,India,2023-02-15 14:37:01
TXN-0000581,Nancy Jackson,Sports & Outdoors,1380.98,1,1380.98,1.4,Australia,2023-05-19 10:47:27
TXN-0004250,Elizabeth Jones,Apparel,321.56,4,1286.24,4.8,Australia,2023-11-04 00:00:00
TXN-0006418,Patricia Smith,Home & Kitchen,534.63,5,2673.15,3.9,Brazil,2024-07-20 00:00:00
TXN-0005180,Lisa Jackson,Books,1136.27,1,1136.27,1.4,Netherlands,2024-11-21 00:00:00
TXN-0006423,David Hernandez,Beauty & Personal Care,290.52,2,581.04,4.6,Japan,2023-03-30 23:52:53
TXN-0008599,Richard Smith,Beauty & Personal Care,806.79,3,2420.37,2.6,Netherlands,2023-03-27 00:00:00
TXN-0000330,Lisa Hernandez,Beauty & Personal Care,411.57,2,823.14,4.8,India,2023-04-16 17:18:31
TXN-0011642,John Martinez,Home & Kitchen,711.23,5,3556.15,4.8,Canada,2024-06-01 06:35:07
TXN-0003952,Jennifer Taylor,Books,1336.35,8,10690.8,3.7,United Kingdom,2023-03-20 20:21:25
TXN-0000704,Elizabeth Taylor,Home & Kitchen,294.75,3,884.25,4.1,Brazil,2024-04-10 01:44:30
TXN-0005199,Christopher Hernandez,Automotive,1187.2,1,1187.2,1.8,Brazil,2023-01-19 09:55:56
TXN-0012219,Patricia Anderson,Automotive,1050.7,4,4202.8,1.2,United States,2023-07-27 14:15:00
TXN-0008348,Elizabeth Anderson,Home & Kitchen,1112.35,2,2224.7,4.2,Brazil,2023-01-15 10:28:36
TXN-0004712,James Taylor,Books,744.98,2,1489.96,2.9,Netherlands,2024-11-27 21:32:45
TXN-0009364,Richard Smith,Toys & Games,98.22,3,294.66,2.4,Germany,2024-09-23 20:42:43
TXN-0010741,Susan Martinez,Electronics,1236.2,8,9889.6,4.3,United States,2024-11-24 16:12:32
TXN-0007108,Thomas Lee,Toys & Games,357.59,4,1430.36,2.9,United Kingdom,2023-07-27 00:00:00
TXN-0005954,Jessica Gonzalez,Books,770.54,4,3082.16,3.0,United States,2024-06-15 00:40:50
TXN-0010449,Barbara Williams,Books,803.05,4,3212.2,3.3,Germany,2023-12-17 04:57:42
TXN-0011613,Charles Smith,Toys & Games,1174.25,3,3522.75,1.1,United States,2024-04-15 00:00:00
TXN-0001325,William Lee,Books,1277.12,5,6385.6,1.6,United States,2023-01-10 08:56:23
TXN-0010702,Patricia Perez,Automotive,563.57,7,3944.99,2.5,Brazil,2023-12-20 20:32:42
TXN-0001901,Michael Wilson,Beauty & Personal Care,619.13,3,1857.39,1.4,Germany,2024-03-25 22:21:14
TXN-0005994,Christopher Jones,Sports & Outdoors,1254.56,4,5018.24,2.1,France,2023-10-18 15:46:03
TXN-0009555,William Williams,Electronics,112.87,4,451.48,3.8,United States,2023-07-30 22:03:00
TXN-0001680,Lisa Gonzalez,Electronics,852.9,2,1705.8,2.0,Canada,2023-08-08 16:01:21
TXN-0012203,Mary Jones,Books,515.77,4,2063.08,1.8,Australia,2023-04-15 03:43:47
TXN-0001433,Jessica Miller,Apparel,1380.4,8,11043.2,4.7,Netherlands,2024-03-01 15:05:44
TXN-0008699,Joseph Williams,Electronics,224.46,6,1346.76,4.1,Japan,2024-05-18 05:32:50
TXN-0012260,Nancy Jackson,Electronics,34.81,8,278.48,4.2,Japan,2024-08-24 09:42:57
TXN-0005432,Jennifer Brown,Electronics,515.5,4,2062.0,4.9,Brazil,2023-12-24 07:45:41
TXN-0004681,Daniel Taylor,Home & Kitchen,227.65,4,910.6,1.2,Japan,2024-03-23 00:06:52
TXN-0010329,Nancy Martin,Automotive,630.14,7,4410.98,3.5,France,2024-09-02 09:11:56
TXN-0008070,Richard Brown,Automotive,275.4,4,1101.6,4.6,India,2023-04-14 00:00:00
TXN-0010258,Jessica Miller,Books,526.61,7,3686.27,2.3,France,2023-06-22 08:33:56
TXN-0011989,Joseph Gonzalez,Sports & Outdoors,253.32,3,759.96,3.4,Netherlands,2023-02-03 06:11:43
TXN-0012046,Michael Brown,Books,768.29,5,3841.45,4.7,France,2024-01-18 04:47:54
TXN-0001669,Daniel Wilson,Sports & Outdoors,749.03,2,1498.06,2.6,Netherlands,2023-05-29 11:34:21
TXN-0009334,Jennifer Johnson,Automotive,1289.09,8,10312.72,1.5,France,2024-05-24 10:57:43
TXN-0010285,Karen Anderson,Beauty & Personal Care,758.37,5,3791.85,1.6,Japan,2023-11-14 20:42:12
TXN-0011466,Nancy Martinez,Toys & Games,37.58,2,75.16,4.2,Japan,2023-05-06 17:03:17
TXN-0012155,Thomas Jones,Automotive,317.88,2,635.76,1.5,United Kingdom,2024-03-02 03:12:48
TXN-0007971,Charles Perez,Beauty & Personal Care,1107.48,8,8859.84,3.5,United Kingdom,2024-01-24 17:16:42
TXN-0012241,Nancy Thompson,Electronics,1496.94,6,8981.64,4.8,Brazil,2023-10-25 13:46:46
TXN-0009186,Elizabeth Martinez,Toys & Games,1063.33,4,4253.32,1.7,Germany,2023-02-28 00:00:00
TXN-0010621,Sarah Jones,Apparel,854.06,5,4270.3,1.9,United Kingdom,2023-05-07 01:04:39
TXN-0000685,Christopher Lee,Beauty & Personal Care,892.07,8,7136.56,2.8,India,2024-03-16 00:00:00
TXN-0002404,Richard Smith,Sports & Outdoors,548.19,7,3837.33,1.1,Germany,2024-11-29 00:00:00
TXN-0003913,Elizabeth Gonzalez,Beauty & Personal Care,622.72,8,4981.76,1.7,Brazil,2024-05-26 03:18:54
TXN-0006488,Christopher Jackson,Apparel,921.93,4,3687.72,1.2,United Kingdom,2023-04-28 00:00:00
TXN-0002876,David Moore,Home & Kitchen,1248.95,7,8742.65,4.6,France,2024-12-03 15:02:02
TXN-0011099,James Lopez,Books,334.2,7,2339.4,2.3,United States,2023-09-06 20:40:06
TXN-0003404,William Lee,Beauty & Personal Care,1487.86,6,8927.16,3.7,France,2024-09-04 00:03:58
TXN-0008751,William Smith,Home & Kitchen,695.42,3,2086.26,2.4,United States,2023-01-11 00:00:00
TXN-0005138,Michael Miller,Toys & Games,407.34,5,2036.7,2.9,Canada,2023-03-07 15:50:48
TXN-0007890,Jessica Thompson,Toys & Games,73.66,3,220.98,4.8,United Kingdom,2024-02-23 07:57:12
TXN-0003739,Jennifer Davis,Sports & Outdoors,817.0,1,817.0,3.9,United Kingdom,2023-04-25 14:33:31
TXN-0005774,Charles Moore,Beauty & Personal Care,162.82,2,325.64,4.8,Canada,2024-05-01 14:20:30
TXN-0003225,Jennifer Thomas,Toys & Games,101.57,6,609.42,1.3,Germany,2024-12-31 00:00:00
TXN-0001279,Elizabeth Martinez,Home & Kitchen,358.09,4,1432.36,2.7,United Kingdom,2024-07-16 10:50:36
TXN-0007574,John Jones,Sports & Outdoors,1214.42,5,6072.1,4.0,United States,2024-11-05 16:19:12
TXN-0009483,Charles Perez,Apparel,1376.44,3,4129.32,4.6,Brazil,2024-05-28 02:50:53
TXN-0003512,Michael Martinez,Apparel,1212.83,7,8489.81,4.5,France,2024-04-06 18:12:32
TXN-0000425,Nancy Lopez,Apparel,758.32,6,4549.92,3.8,United Kingdom,2024-08-13 21:52:27
TXN-0009271,Jessica Thomas,Home & Kitchen,137.08,2,274.16,2.7,Netherlands,2024-05-20 12:22:24
TXN-0006434,Michael Lopez,Books,1067.53,6,6405.18,4.5,Netherlands,2023-05-08 05:57:04
TXN-0009080,Charles Johnson,Toys & Games,1457.41,3,4372.23,1.6,Australia,2023-06-28 04:16:10
TXN-0004026,Susan Johnson,Apparel,947.54,4,3790.16,1.3,United States,2024-01-02 00:17:06
TXN-0007763,Joseph Wilson,Apparel,1305.77,8,10446.16,1.3,Brazil,2024-05-27 19:58:24
TXN-0000476,Sarah Moore,Automotive,1482.82,6,8896.92,4.1,France,2023-11-06 05:40:35
TXN-0006483,Jennifer Rodriguez,Books,178.13,8,1425.04,3.3,United Kingdom,2023-04-30 11:50:35
TXN-0009664,Jennifer Jones,Automotive,1150.23,4,4600.92,2.3,France,2023-08-22 15:43:16
TXN-0008374,Christopher Jones,Apparel,844.58,4,3378.32,3.8,Brazil,2023-11-24 04:56:16
TXN-0008865,Charles Hernandez,Beauty & Personal Care,916.8,2,1833.6,3.1,Germany,2024-10-19 19:57:50
TXN-0012340,John Brown,Home & Kitchen,1165.14,8,9321.12,1.3,United Kingdom,2024-04-12 16:14:59
TXN-0000266,William Davis,Automotive,926.92,8,7415.36,1.4,Netherlands,2023-08-25 00:00:00
TXN-0006934,Lisa Williams,Home & Kitchen,429.91,8,3439.28,4.0,India,2023-12-09 16:21:44
TXN-0009883,Christopher Johnson,Electronics,1163.99,4,4655.96,3.1,Australia,2023-09-28 06:59:07
TXN-0004361,Jessica Perez,Toys & Games,1059.03,8,8472.24,2.1,United States,2024-06-08 00:00:00
TXN-0009089,James Miller,Electronics,314.4,3,943.2,2.0,Brazil,2024-09-25 07:38:26
TXN-0003603,Robert Martin,Toys & Games,297.77,1,297.77,4.8,Japan,2024-09-30 20:54:04
TXN-0005874,Susan Martinez,Toys & Games,755.54,8,6044.32,1.7,Australia,2023-07-27 20:15:56
TXN-0003150,Patricia Gonzalez,Books,307.29,5,1536.45,2.0,United States,2023-06-20 16:36:16
TXN-0001202,Robert Taylor,Toys & Games,534.78,7,3743.46,3.8,Japan,2023-07-07 12:40:22
TXN-0005951,Christopher Moore,Beauty & Personal Care,1260.97,1,1260.97,4.0,France,2024-08-09 15:16:40
TXN-0010901,Jennifer Williams,Toys & Games,296.13,1,296.13,2.2,India,2023-12-16 03:18:07
TXN-0003850,Christopher Jackson,Automotive,918.67,6,5512.02,1.9,Brazil,2024-03-01 00:00:00
TXN-0008282,Elizabeth Williams,Toys & Games,1020.27,8,8162.16,1.1,Australia,2024-11-24 00:00:00
TXN-0009713,Patricia White,Toys & Games,561.16,7,3928.12,3.3,India,2023-08-11 19:39:57
TXN-0003481,Lisa Jackson,Toys & Games,1468.66,7,10280.62,3.8,Australia,2024-07-06 05:11:59
TXN-0002522,Patricia Jones,Home & Kitchen,1079.31,2,2158.62,3.6,United Kingdom,2024-12-07 23:54:28
TXN-0003477,Richard Martin,Beauty & Personal Care,1495.14,3,4485.42,4.3,United Kingdom,2024-06-16 20:30:43
TXN-0003006,Lisa Smith,Sports & Outdoors,1288.6,1,1288.6,2.9,Netherlands,2024-06-22 23:51:35
TXN-0002371,Charles Miller,Books,1137.54,7,7962.78,2.4,Germany,2023-10-06 01:00:55
TXN-0002667,Nancy Garcia,Apparel,218.52,3,655.56,1.7,Germany,2024-03-07 21:49:44
TXN-0007515,William Garcia,Toys & Games,1496.28,1,1496.28,2.8,India,2023-10-31 17:48:27
TXN-0009263,Jennifer Jackson,Home & Kitchen,98.11,3,294.33,3.7,France,2023-12-06 05:30:11
TXN-0003222,Jennifer Brown,Electronics,1026.01,4,4104.04,1.3,India,2024-05-09 12:30:50
TXN-0001687,Charles Wilson,Home & Kitchen,966.31,8,7730.48,4.6,France,2023-03-14 14:38:55
TXN-0010145,Karen Taylor,Toys & Games,742.13,8,5937.04,3.6,United States,2024-10-01 10:18:36
TXN-0006442,Christopher White,Home & Kitchen,752.67,4,3010.68,3.7,India,2023-10-11 11:50:29
TXN-0009046,Elizabeth Rodriguez,Automotive,1000.4,2,2000.8,4.7,United Kingdom,2024-06-25 23:24:17
TXN-0011578,David Johnson,Automotive,1398.4,3,4195.2,1.0,Australia,2024-08-21 06:28:50
TXN-0006774,Charles Lopez,Apparel,180.22,4,720.88,3.5,France,2024-09-03 01:09:34
TXN-0001246,Sarah Anderson,Beauty & Personal Care,96.36,8,770.88,3.4,Canada,2023-02-21 20:43:13
TXN-0012179,Sarah Lopez,Sports & Outdoors,103.82,2,207.64,3.2,Australia,2024-09-03 00:00:00
TXN-0000924,Richard Anderson,Sports & Outdoors,428.42,8,3427.36,1.3,India,2023-04-17 03:27:32
TXN-0003154,Christopher Gonzalez,Electronics,253.07,4,1012.28,1.1,United States,2023-06-24 08:08:23
TXN-0000229,John Moore,Electronics,1479.28,8,11834.24,1.1,Canada,2023-11-14 13:49:55
TXN-0005698,Michael Jackson,Automotive,1154.46,6,6926.76,1.4,Germany,2024-06-09 21:03:54
TXN-0001409,Sarah Lopez,Toys & Games,1382.28,2,2764.56,4.4,United Kingdom,2024-07-25 21:17:52
TXN-0012250,Richard Martinez,Electronics,517.36,8,4138.88,3.3,Brazil,2024-11-28 00:00:00
TXN-0009861,James Johnson,Sports & Outdoors,160.84,4,643.36,4.6,United Kingdom,2023-10-28 18:21:23
TXN-0004326,Daniel Jackson,Automotive,1473.42,5,7367.1,1.0,United States,2023-09-13 19:10:17
TXN-0011435,Richard Smith,Toys & Games,518.33,5,2591.65,4.7,Australia,2024-08-01 05:03:35
TXN-0002418,Sarah Anderson,Books,554.96,3,1664.88,4.8,United States,2023-07-30 22:08:25
TXN-0001297,Susan Brown,Books,395.16,5,1975.8,3.5,Netherlands,2024-02-23 18:37:35
TXN-0009266,Joseph Smith,Beauty & Personal Care,943.73,2,1887.46,4.1,India,2023-06-29 13:24:09
TXN-0002961,Robert Jones,Home & Kitchen,536.98,7,3758.86,1.7,India,2024-08-30 12:35:33
TXN-0000449,Patricia Garcia,Electronics,694.59,2,1389.18,2.2,Brazil,2023-02-22 07:43:58
TXN-0007992,Christopher Miller,Books,1470.49,4,5881.96,3.3,Germany,2024-11-19 05:37:16
TXN-0010719,Thomas Garcia,Apparel,408.71,5,2043.55,4.2,United Kingdom,2024-02-20 00:00:00
TXN-0009239,Karen Williams,Home & Kitchen,917.91,4,3671.64,3.8,United States,2024-04-17 21:16:25
TXN-0007900,Joseph Johnson,Electronics,248.09,6,1488.54,4.4,Australia,2023-11-02 00:00:00
TXN-0005242,Daniel Anderson,Books,1236.33,8,9890.64,2.2,France,2023-11-21 09:01:19
TXN-0008325,David Jackson,Books,551.14,2,1102.28,4.7,United Kingdom,2024-01-31 20:46:12
TXN-0005748,David Gonzalez,Toys & Games,670.33,5,3351.65,4.7,France,2023-02-22 03:45:41
TXN-0002374,Daniel Thomas,Apparel,1183.86,1,1183.86,4.0,Japan,2023-07-26 16:56:19
TXN-0008484,Robert Wilson,Toys & Games,1259.45,5,6297.25,2.2,Canada,2024-01-02 13:42:48
TXN-0000786,James Brown,Automotive,1180.33,7,8262.31,1.2,United Kingdom,2023-11-20 07:29:29
TXN-0008214,Patricia Gonzalez,Home & Kitchen,511.95,5,2559.75,2.6,Netherlands,2023-04-28 14:12:06
TXN-0010588,Karen Perez,Sports & Outdoors,547.32,4,2189.28,1.1,Australia,2023-10-15 00:00:00
TXN-0011221,Charles Rodriguez,Home & Kitchen,1356.97,7,9498.79,4.3,Netherlands,2024-06-28 00:00:00
TXN-0008917,Michael Lopez,Beauty & Personal Care,1382.84,6,8297.04,1.3,India,2024-11-06 18:46:26
TXN-0002952,Elizabeth Garcia,Home & Kitchen,1315.07,8,10520.56,4.0,Netherlands,2023-07-08 02:14:23
TXN-0010947,Christopher Anderson,Beauty & Personal Care,857.45,4,3429.8,1.5,Netherlands,2024-08-07 07:19:23
TXN-0011728,Susan Martinez,Toys & Games,815.46,3,2446.38,2.6,India,2023-02-17 08:01:44
TXN-0005664,Sarah Brown,Beauty & Personal Care,1249.1,1,1249.1,4.7,India,2024-10-24 17:33:06
TXN-0009286,Susan Jackson,Books,10.93,2,21.86,2.2,Netherlands,2023-12-28 05:19:44
TXN-0004064,Elizabeth Smith,Electronics,1283.44,3,3850.32,2.9,Germany,2023-01-15 08:14:04
TXN-0004317,Barbara Martin,Automotive,1399.39,1,1399.39,3.3,Australia,2024-09-21 13:47:35
TXN-0004574,James Martinez,Sports & Outdoors,1325.95,1,1325.95,3.5,India,2023-09-02 13:48:29
TXN-0001255,Sarah Wilson,Beauty & Personal Care,42.82,6,256.92,4.4,United Kingdom,2024-08-21 15:43:26
TXN-0004977,James Lopez,Beauty & Personal Care,276.51,4,1106.04,1.1,Brazil,2024-12-31 00:00:00
TXN-0000638,Jennifer Brown,Apparel,445.38,2,890.76,3.6,France,2024-12-17 16:17:19
TXN-0011124,Charles Jackson,Beauty & Personal Care,1293.21,6,7759.26,3.2,India,2024-12-12 00:00:00
TXN-0008869,Robert Miller,Sports & Outdoors,460.55,2,921.1,2.8,Brazil,2024-06-30 12:00:13
TXN-0004174,Lisa Martinez,Automotive,412.14,8,3297.12,1.8,Australia,2024-11-06 07:19:04
TXN-0009514,Robert Garcia,Home & Kitchen,431.21,6,2587.26,2.1,United Kingdom,2024-12-22 04:51:15
TXN-0001826,Charles Thomas,Home & Kitchen,1340.44,8,10723.52,1.0,United Kingdom,2024-03-19 13:01:01
TXN-0009137,John Gonzalez,Automotive,193.65,2,387.3,4.8,Canada,2024-07-03 08:16:40
TXN-0012120,John Taylor,Home & Kitchen,218.7,3,656.1,1.6,United Kingdom,2024-03-20 00:00:00
TXN-0009899,William Hernandez,Beauty & Personal Care,439.86,2,879.72,1.3,Brazil,2023-10-22 00:00:00
TXN-0004928,Sarah Lee,Electronics,1334.1,7,9338.7,4.5,Brazil,2023-03-03 00:00:00
TXN-0012268,Mary Martinez,Books,1455.23,6,8731.38,1.8,Canada,2023-03-08 00:34:49
TXN-0007033,James Hernandez,Books,972.82,1,972.82,3.1,Germany,2023-09-12 21:54:33
TXN-0008934,Jessica Lopez,Electronics,765.66,8,6125.28,1.8,United Kingdom,2024-06-03 00:00:00
TXN-0009134,Charles Williams,Books,755.31,2,1510.62,4.0,United States,2024-04-27 13:04:21
TXN-0002125,Robert Smith,Beauty & Personal Care,1089.07,3,3267.21,1.6,Netherlands,2023-11-08 00:00:00
TXN-0007293,Jennifer White,Home & Kitchen,730.17,5,3650.85,1.7,Germany,2024-07-08 00:00:00
TXN-0007657,John White,Home & Kitchen,523.68,6,3142.08,2.7,Canada,2024-09-09 16:44:48
TXN-0003868,Robert Miller,Books,1304.93,3,3914.79,1.5,Netherlands,2024-03-13 10:33:54
TXN-0008229,Michael Thompson,Electronics,1266.79,4,5067.16,3.2,Canada,2023-10-26 05:09:23
TXN-0007191,Patricia White,Toys & Games,1178.94,8,9431.52,1.6,Netherlands,2023-01-13 04:55:46
TXN-0007392,Joseph Williams,Apparel,1218.33,2,2436.66,4.1,Canada,2024-09-13 17:02:04
TXN-0007785,William White,Home & Kitchen,1310.22,3,3930.66,3.6,Netherlands,2024-12-16 07:47:07
TXN-0005616,Mary Thomas,Books,817.41,8,6539.28,1.9,India,2024-05-05 17:39:38
TXN-0010322,Lisa Williams,Automotive,1008.06,1,1008.06,2.3,Germany,2024-06-13 10:14:01
TXN-0002925,Nancy Martinez,Books,1259.77,6,7558.62,1.6,France,2023-10-03 01:40:40
TXN-0001207,Lisa Miller,Toys & Games,420.99,6,2525.94,1.4,Brazil,2023-08-10 04:53:17
TXN-0001754,Karen Wilson,Beauty & Personal Care,826.13,3,2478.39,2.6,United States,2024-08-15 17:18:47
TXN-0007018,Jennifer Thompson,Books,899.74,5,4498.7,2.8,India,2024-05-04 23:47:22
TXN-0009455,Susan Thomas,Beauty & Personal Care,450.39,7,3152.73,5.0,United States,2024-05-06 08:23:20
TXN-0010950,Thomas Anderson,Sports & Outdoors,926.39,2,1852.78,1.6,United Kingdom,2024-07-09 03:50:19
TXN-0006735,Jessica Moore,Automotive,411.39,1,411.39,3.2,Germany,2023-06-09 00:00:00
TXN-0001362,Patricia Gonzalez,Electronics,1301.96,4,5207.84,2.5,India,2023-12-14 01:11:11
TXN-0004588,Robert Lee,Beauty & Personal Care,1482.76,2,2965.52,3.3,Brazil,2024-11-25 01:39:37
TXN-0010472,William Moore,Home & Kitchen,1449.3,8,11594.4,1.3,Japan,2024-01-17 11:26:42
TXN-0009605,Karen Johnson,Home & Kitchen,588.01,7,4116.07,2.7,Japan,2024-11-25 02:40:31
TXN-0008364,Daniel Rodriguez,Sports & Outdoors,146.82,3,440.46,1.6,Australia,2023-11-23 14:13:46
TXN-0012280,Mary Johnson,Electronics,524.27,5,2621.35,2.7,Canada,2024-07-06 00:49:31
TXN-0001691,Charles Smith,Sports & Outdoors,262.24,3,786.72,1.9,Germany,2023-02-05 02:40:00
TXN-0010054,Patricia Thomas,Electronics,1223.01,3,3669.03,3.3,United Kingdom,2024-07-28 14:15:31
TXN-0000020,Daniel Martinez,Toys & Games,659.96,8,5279.68,1.5,Australia,2023-06-24 00:00:00
TXN-0010866,Nancy Rodriguez,Toys & Games,48.54,2,97.08,4.5,United States,2024-09-16 20:07:06
TXN-0002390,Mary Wilson,Books,908.59,3,2725.77,3.5,France,2023-02-04 22:54:53
TXN-0008622,Charles Garcia,Home & Kitchen,288.45,1,288.45,3.7,Australia,2023-01-12 12:34:08
TXN-0003679,Linda Anderson,Automotive,961.48,3,2884.44,1.4,United States,2023-12-26 00:00:00
TXN-0002272,Mary Taylor,Beauty & Personal Care,1331.43,8,10651.44,2.0,Brazil,2023-09-10 05:59:46
TXN-0001567,Susan Lee,Apparel,900.47,5,4502.35,3.0,Germany,2023-02-28 07:08:03
TXN-0006096,Robert Williams,Sports & Outdoors,154.7,2,309.4,1.5,Brazil,2023-02-11 16:26:28
TXN-0010707,Jessica Williams,Apparel,1277.45,1,1277.45,3.8,Australia,2023-07-08 19:44:20
TXN-0005204,Nancy Rodriguez,Home & Kitchen,1312.66,5,6563.3,3.7,United States,2023-05-09 11:31:53
TXN-0010829,William Perez,Home & Kitchen,363.78,3,1091.34,2.3,France,2024-01-28 22:17:04
TXN-0009387,Nancy Williams,Home & Kitchen,540.16,7,3781.12,4.2,Netherlands,2023-09-28 06:59:37
TXN-0003262,Thomas Moore,Books,877.88,3,2633.64,1.8,Japan,2024-07-09 17:49:20
TXN-0004451,Thomas Hernandez,Automotive,1411.99,5,7059.95,1.8,United States,2024-10-07 10:20:06
TXN-0006054,Robert Miller,Books,967.25,1,967.25,1.2,United Kingdom,2023-09-09 21:18:18
TXN-0002258,David Rodriguez,Toys & Games,226.31,1,226.31,1.7,United Kingdom,2023-05-10 07:46:46
TXN-0005824,Karen Johnson,Beauty & Personal Care,89.18,8,713.44,3.9,Netherlands,2024-03-13 00:00:00
TXN-0005666,Elizabeth Taylor,Home & Kitchen,1006.21,2,2012.42,4.8,Australia,2023-07-30 13:40:04
TXN-0011867,John Perez,Beauty & Personal Care,1192.62,5,5963.1,4.7,France,2023-11-14 01:29:02
TXN-0001425,Susan Gonzalez,Automotive,1271.66,3,3814.98,1.4,United Kingdom,2023-10-03 20:36:19
TXN-0002685,Jennifer Hernandez,Electronics,426.57,3,1279.71,2.0,Brazil,2023-04-20 09:25:18
TXN-0006923,James Jones,Electronics,1361.31,5,6806.55,4.9,India,2024-09-10 07:45:15
TXN-0011921,Daniel Smith,Beauty & Personal Care,68.53,8,548.24,1.2,Brazil,2023-12-25 06:10:52
TXN-0002171,Christopher Miller,Toys & Games,1333.39,2,2666.78,1.2,Australia,2023-07-30 18:57:06
TXN-0001420,Daniel Martin,Automotive,1057.81,3,3173.43,4.9,Japan,2023-06-17 03:41:45
TXN-0002021,Patricia Williams,Sports & Outdoors,387.31,7,2711.17,3.7,United Kingdom,2024-12-15 07:14:30
TXN-0003687,Joseph Smith,Automotive,1298.18,1,1298.18,3.3,Japan,2023-11-01 10:37:09
TXN-0010399,David Lee,Home & Kitchen,233.41,6,1400.46,3.5,United Kingdom,2023-06-18 11:56:17
TXN-0003986,Nancy Gonzalez,Sports & Outdoors,882.02,8,7056.16,1.7,United Kingdom,2023-12-09 11:28:37
TXN-0010877,Robert Taylor,Apparel,891.8,7,6242.6,1.9,Germany,2023-04-07 18:21:17
TXN-0000652,Mary Davis,Apparel,262.51,1,262.51,4.6,United States,2024-09-29 11:41:16
TXN-0000233,Barbara Jones,Sports & Outdoors,1406.43,2,2812.86,1.1,Germany,2024-05-27 18:58:36
TXN-0004841,Richard Brown,Toys & Games,991.69,4,3966.76,4.9,Canada,2023-12-09 03:36:46
TXN-0005630,Barbara White,Automotive,413.46,5,2067.3,4.8,Australia,2023-09-07 18:56:01
TXN-0005021,Robert White,Books,434.52,8,3476.16,1.6,Australia,2023-05-11 20:16:15
TXN-0003431,Barbara Anderson,Home & Kitchen,464.62,3,1393.86,4.9,Japan,2024-08-19 22:32:55
TXN-0007738,Thomas Perez,Beauty & Personal Care,634.28,5,3171.4,5.0,Canada,2024-11-19 05:16:43
TXN-0005538,John Hernandez,Toys & Games,479.98,1,479.98,1.7,Brazil,2024-08-04 09:23:01
TXN-0004148,Nancy Anderson,Apparel,776.14,1,776.14,1.7,Netherlands,2024-05-28 14:05:40
TXN-0001085,Patricia Brown,Automotive,188.41,3,565.23,2.1,Netherlands,2024-11-25 20:38:31
TXN-0000809,Susan Wilson,Automotive,1192.94,6,7157.64,4.8,Brazil,2023-12-10 00:00:00
TXN-0011676,Joseph Rodriguez,Toys & Games,712.04,2,1424.08,4.0,Japan,2023-10-09 12:37:24
TXN-0003437,William Williams,Apparel,158.93,5,794.65,3.0,Brazil,2024-03-24 11:25:08
TXN-0006507,James Martinez,Home & Kitchen,263.34,5,1316.7,1.7,Japan,2023-03-17 00:00:00
TXN-0001518,Linda Davis,Electronics,41.22,4,164.88,2.9,Brazil,2023-02-02 18:12:55
TXN-0009759,Karen Anderson,Home & Kitchen,653.57,7,4574.99,4.4,France,2024-05-06 13:29:01
TXN-0005894,Jennifer Brown,Electronics,356.82,8,2854.56,4.3,United Kingdom,2024-12-22 20:17:29
TXN-0001415,David Thompson,Books,870.54,2,1741.08,4.9,Brazil,2024-09-01 02:53:39
TXN-0006990,Linda Lee,Apparel,1159.6,8,9276.8,4.2,France,2023-12-22 20:54:10
TXN-0011444,Daniel Wilson,Sports & Outdoors,591.88,2,1183.76,1.5,United States,2023-07-16 16:25:58
TXN-0006516,Joseph Anderson,Beauty & Personal Care,443.72,4,1774.88,2.5,Japan,2023-06-10 05:35:59
TXN-0004604,Mary Moore,Electronics,322.13,1,322.13,3.5,Brazil,2024-12-11 00:22:39
TXN-0009652,Patricia Smith,Home & Kitchen,803.54,5,4017.7,5.0,Canada,2023-04-26 17:49:17
TXN-0011100,Lisa Wilson,Electronics,157.76,1,157.76,2.0,France,2024-10-02 02:49:51
TXN-0007049,Susan Jones,Apparel,1091.77,7,7642.39,1.7,Germany,2024-10-24 12:55:38
TXN-0011693,Robert Brown,Home & Kitchen,1341.89,3,4025.67,1.8,United States,2023-01-30 05:10:29
TXN-0003593,Michael Davis,Automotive,1403.09,8,11224.72,1.0,Japan,2024-12-12 23:54:00
TXN-0008910,Michael Hernandez,Electronics,1120.33,7,7842.31,2.9,India,2023-04-10 00:00:00
TXN-0006557,Elizabeth White,Automotive,30.49,5,152.45,4.7,Germany,2024-07-12 00:00:00
TXN-0009437,Karen Johnson,Electronics,52.99,3,158.97,3.5,Netherlands,2024-07-17 06:16:45
TXN-0009920,Charles Martin,Automotive,780.76,6,4684.56,3.0,Brazil,2024-08-20 10:15:32
TXN-0005740,Sarah Williams,Automotive,1063.22,5,5316.1,1.6,France,2024-06-06 11:56:57
TXN-0006941,Michael Williams,Electronics,1055.54,6,6333.24,2.9,India,2024-02-04 12:01:55
TXN-0008971,Susan Martinez,Automotive,55.39,8,443.12,3.4,United Kingdom,2023-12-28 14:36:51
TXN-0010694,Christopher Davis,Electronics,1294.07,8,10352.56,4.0,Canada,2023-03-26 00:00:00
TXN-0001658,Linda Martinez,Toys & Games,63.21,2,126.42,1.2,France,2023-08-22 04:13:44
TXN-0008041,David Moore,Sports & Outdoors,564.55,4,2258.2,1.8,Japan,2024-09-07 05:41:06
TXN-0002514,Robert Lee,Sports & Outdoors,1093.25,1,1093.25,3.6,Canada,2024-09-06 10:54:02
TXN-0011995,Jennifer Johnson,Beauty & Personal Care,871.49,8,6971.92,2.6,Japan,2023-12-27 02:36:49
TXN-0001378,Mary White,Toys & Games,1192.32,3,3576.96,1.1,United States,2024-07-05 00:00:00
TXN-0002908,Susan Wilson,Beauty & Personal Care,980.67,2,1961.34,3.2,United States,2024-01-28 09:17:49
TXN-0003235,Robert Jackson,Toys & Games,776.01,3,2328.03,2.2,United Kingdom,2023-04-03 10:36:20
TXN-0006595,Karen Davis,Electronics,198.0,1,198.0,1.4,France,2024-03-12 00:10:19
TXN-0010512,Lisa Johnson,Toys & Games,355.61,1,355.61,1.7,Australia,2024-10-22 20:45:25
TXN-0010300,James Williams,Books,840.06,7,5880.42,1.6,Brazil,2024-05-13 04:04:35
TXN-0004012,Lisa Jackson,Beauty & Personal Care,1235.32,7,8647.24,4.7,United States,2024-12-20 15:53:12
TXN-0005805,William Wilson,Sports & Outdoors,1013.23,3,3039.69,4.2,Brazil,2023-01-25 01:04:33
TXN-0008228,Christopher Jones,Home & Kitchen,485.28,3,1455.84,4.7,France,2023-06-02 22:40:54
TXN-0007010,Mary Perez,Sports & Outdoors,32.42,1,32.42,1.3,Germany,2024-12-31 00:00:00
TXN-0000626,Lisa Martin,Electronics,729.72,3,2189.16,3.0,France,2024-10-23 08:05:23
TXN-0006697,Robert Martinez,Sports & Outdoors,620.79,8,4966.32,4.0,Germany,2023-01-03 09:47:44
TXN-0000719,Jessica Perez,Beauty & Personal Care,24.11,8,192.88,3.7,United Kingdom,2023-11-04 20:52:04
TXN-0002250,John Lee,Automotive,1228.42,1,1228.42,4.9,Netherlands,2024-09-06 00:00:00
TXN-0008288,Nancy Wilson,Electronics,1042.51,4,4170.04,1.6,Australia,2024-05-15 00:00:00
TXN-0006055,Nancy Davis,Electronics,1245.86,7,8721.02,2.9,France,2023-08-28 00:00:00
TXN-0007007,Thomas Perez,Home & Kitchen,1496.29,6,8977.74,3.9,United States,2024-03-13 20:00:03
TXN-0011629,Joseph Thompson,Home & Kitchen,697.89,6,4187.34,1.5,United Kingdom,2024-04-12 21:09:08
TXN-0006268,Lisa Thompson,Books,687.53,8,5500.24,2.8,Australia,2023-06-21 00:00:00
TXN-0002356,Thomas Moore,Sports & Outdoors,937.55,4,3750.2,1.8,Germany,2023-05-06 23:38:58
TXN-0008583,Karen Martinez,Beauty & Personal Care,699.72,2,1399.44,2.0,Netherlands,2023-03-26 16:50:41
TXN-0007054,Nancy Jackson,Toys & Games,825.98,7,5781.86,2.9,United States,2023-07-24 23:13:58
TXN-0001399,Richard Johnson,Home & Kitchen,1258.12,2,2516.24,3.3,Netherlands,2023-04-02 05:51:43
TXN-0006927,David Rodriguez,Beauty & Personal Care,634.97,4,2539.88,3.6,Germany,2023-05-14 20:58:39
TXN-0003292,Joseph Smith,Electronics,297.83,8,2382.64,1.3,Australia,2024-02-05 17:55:46
TXN-0011703,Jennifer Davis,Home & Kitchen,81.76,5,408.8,4.6,United Kingdom,2023-12-29 06:20:39
TXN-0008692,Robert Smith,Sports & Outdoors,823.22,1,823.22,3.6,France,2023-01-10 08:42:16
TXN-0005473,Patricia Martin,Automotive,1066.52,5,5332.6,1.3,United Kingdom,2023-02-14 12:56:48
TXN-0011321,Christopher Hernandez,Automotive,272.94,6,1637.64,4.7,Japan,2024-01-16 13:13:05
TXN-0005426,Patricia Davis,Toys & Games,928.09,8,7424.72,2.4,Netherlands,2024-02-14 06:45:54
TXN-0011467,Joseph Gonzalez,Electronics,385.98,5,1929.9,1.6,Netherlands,2024-01-06 00:00:00
TXN-0005037,James Smith,Home & Kitchen,198.47,3,595.41,3.2,Germany,2024-06-06 00:27:27
TXN-0004132,Patricia Wilson,Toys & Games,143.11,3,429.33,4.1,United Kingdom,2024-09-08 12:41:16
TXN-0011848,Linda Garcia,Automotive,754.69,4,3018.76,1.1,United States,2024-10-20 20:31:56
TXN-0004879,John Wilson,Apparel,1262.64,6,7575.84,1.2,Netherlands,2023-11-18 21:18:43
TXN-0010627,Linda Martinez,Beauty & Personal Care,1387.44,7,9712.08,3.9,Brazil,2023-11-16 01:33:07
TXN-0010244,Elizabeth Garcia,Apparel,604.14,1,604.14,3.9,India,2023-12-06 08:43:19
TXN-0008551,Robert Thompson,Toys & Games,1407.36,8,11258.88,2.7,United States,2023-04-08 09:55:29
TXN-0001898,David Hernandez,Sports & Outdoors,1206.35,1,1206.35,1.4,Australia,2024-04-21 16:08:35
TXN-0008452,Robert Anderson,Apparel,739.15,6,4434.9,1.9,Netherlands,2024-02-13 10:09:42
TXN-0006524,Richard Perez,Sports & Outdoors,35.04,7,245.28,3.4,Japan,2024-12-08 00:00:00
TXN-0004520,William Jones,Books,1421.43,5,7107.15,4.3,Netherlands,2024-03-09 02:52:20
TXN-0001110,Michael Thomas,Home & Kitchen,316.95,6,1901.7,4.0,Australia,2023-08-31 04:50:50
TXN-0004217,David Taylor,Electronics,938.5,8,7508.0,2.7,Canada,2023-04-05 00:00:00
TXN-0000538,Susan White,Beauty & Personal Care,364.88,4,1459.52,2.5,Netherlands,2024-03-03 09:11:34
TXN-0008246,Thomas Jones,Toys & Games,727.51,5,3637.55,3.7,Germany,2024-09-06 03:05:43
TXN-0009350,David Jones,Sports & Outdoors,279.97,5,1399.85,2.8,Japan,2024-11-29 00:00:00
TXN-0002739,Jessica Thompson,Home & Kitchen,144.65,6,867.9,3.1,Japan,2023-10-30 08:22:25
TXN-0005586,Robert Thompson,Automotive,738.92,3,2216.76,1.5,Japan,2024-05-09 12:32:50
TXN-0011933,Sarah Anderson,Electronics,1453.06,3,4359.18,4.8,Netherlands,2024-08-19 13:52:12
TXN-0009748,Mary Brown,Automotive,1062.29,3,3186.87,1.2,Netherlands,2024-01-07 00:00:00
TXN-0003992,Christopher Williams,Sports & Outdoors,24.8,7,173.6,3.9,Japan,2024-04-03 12:41:53
TXN-0010699,Nancy Davis,Toys & Games,263.0,6,1578.0,2.8,Japan,2024-06-21 00:00:00
TXN-0009778,Charles Lee,Beauty & Personal Care,1147.79,1,1147.79,3.1,United Kingdom,2024-10-10 20:51:25
TXN-0002954,John Martinez,Toys & Games,358.73,2,717.46,2.3,Canada,2024-12-31 00:00:00
TXN-0003569,Susan Smith,Toys & Games,513.8,7,3596.6,4.0,Brazil,2023-01-28 03:12:20
TXN-0008921,Christopher Thomas,Beauty & Personal Care,1442.65,5,7213.25,2.2,India,2023-06-08 14:26:47
TXN-0003480,Patricia Perez,Home & Kitchen,126.19,3,378.57,1.5,Japan,2023-09-20 00:00:00
TXN-0004737,Michael Garcia,Toys & Games,1490.4,7,10432.8,1.8,India,2024-03-10 05:47:37
TXN-0004996,Karen Taylor,Beauty & Personal Care,879.52,5,4397.6,2.2,United Kingdom,2023-01-05 16:50:09
TXN-0002139,Karen Martin,Sports & Outdoors,1037.53,2,2075.06,3.6,Netherlands,2024-02-03 23:49:28
TXN-0009753,Daniel Garcia,Automotive,20.73,8,165.84,2.0,Netherlands,2024-05-24 08:19:13
TXN-0001762,Jennifer Lee,Books,1424.39,7,9970.73,3.5,Netherlands,2023-02-09 01:38:40
TXN-0012411,Susan Perez,Home & Kitchen,477.67,6,2866.02,3.3,Brazil,2023-12-15 14:08:42
TXN-0011386,Christopher Thomas,Automotive,637.89,6,3827.34,3.7,Brazil,2024-03-06 08:51:12
TXN-0002016,Michael Brown,Toys & Games,25.92,1,25.92,2.5,India,2024-03-08 18:35:19
TXN-0002617,Jennifer Rodriguez,Toys & Games,294.02,3,882.06,4.0,Japan,2024-07-20 18:16:03
TXN-0001808,Susan Lopez,Beauty & Personal Care,435.61,3,1306.83,2.2,Netherlands,2024-04-22 04:55:13
TXN-0005980,Jennifer Thompson,Sports & Outdoors,1116.18,3,3348.54,3.0,Netherlands,2024-07-31 20:54:44
TXN-0000897,Elizabeth Gonzalez,Apparel,377.46,7,2642.22,2.8,Japan,2024-12-08 11:09:34
TXN-0007781,David Johnson,Automotive,63.29,3,189.87,1.8,India,2024-02-23 00:00:00
TXN-0003737,Elizabeth Rodriguez,Home & Kitchen,291.13,3,873.39,3.9,Australia,2024-03-10 18:25:48
TXN-0001095,Richard Smith,Home & Kitchen,1214.52,7,8501.64,4.2,United Kingdom,2023-10-05 20:50:28
TXN-0002524,Susan White,Apparel,1364.88,5,6824.4,4.8,United Kingdom,2023-08-22 03:35:49
TXN-0008834,Charles Taylor,Beauty & Personal Care,1253.99,8,10031.92,3.1,United States,2023-04-20 03:20:28
TXN-0008596,Linda Lee,Toys & Games,1382.67,1,1382.67,3.8,Netherlands,2023-05-10 15:55:13
TXN-0005752,Susan Thomas,Home & Kitchen,604.4,7,4230.8,4.5,Germany,2024-07-02 05:55:28
TXN-0000902,David Perez,Automotive,694.73,2,1389.46,3.2,India,2023-07-08 04:40:48
TXN-0008589,Charles Williams,Toys & Games,1173.95,6,7043.7,4.2,Canada,2023-04-21 21:32:12
TXN-0008358,Robert Taylor,Automotive,1433.72,4,5734.88,4.6,France,2024-08-17 22:44:01
TXN-0002187,Linda Thomas,Electronics,296.88,4,1187.52,2.7,Germany,2024-11-09 17:41:14
TXN-0002766,Charles Garcia,Automotive,438.7,1,438.7,4.2,United Kingdom,2024-06-19 07:43:58
TXN-0006076,William Taylor,Electronics,1160.56,7,8123.92,3.4,India,2024-07-17 04:59:54
TXN-0006311,Patricia Williams,Sports & Outdoors,1415.68,7,9909.76,2.5,United States,2023-07-29 22:06:56
TXN-0000191,Jennifer Perez,Beauty & Personal Care,66.59,1,66.59,1.3,Netherlands,2024-05-13 05:33:51
TXN-0005702,Daniel Lopez,Sports & Outdoors,644.89,1,644.89,2.7,United Kingdom,2024-02-24 10:40:18
TXN-0000506,Lisa Thompson,Home & Kitchen,254.53,2,509.06,1.4,Germany,2024-12-28 15:05:58
TXN-0009682,Christopher Rodriguez,Apparel,772.24,8,6177.92,3.8,United States,2023-01-28 00:00:00
TXN-0008716,Thomas Hernandez,Automotive,1444.28,6,8665.68,1.1,Japan,2024-10-25 12:14:08
TXN-0001044,Christopher Gonzalez,Toys & Games,86.73,6,520.38,3.6,United Kingdom,2023-06-01 06:02:28
TXN-0001508,William Hernandez,Automotive,909.13,4,3636.52,4.3,Australia,2024-05-16 15:21:34
TXN-0010523,Christopher Taylor,Books,1039.37,3,3118.11,4.8,United States,2023-04-21 00:00:00
TXN-0008277,Mary Gonzalez,Toys & Games,903.73,4,3614.92,2.4,Australia,2024-08-10 00:00:00
TXN-0010089,Linda Perez,Electronics,1081.87,7,7573.09,2.7,Netherlands,2023-08-17 00:00:00
TXN-0006150,Nancy Hernandez,Automotive,52.6,8,420.8,2.0,Germany,2024-10-29 17:30:32
TXN-0004147,Charles Miller,Beauty & Personal Care,1115.09,1,1115.09,2.8,France,2024-09-13 00:00:00
TXN-0002877,Daniel Garcia,Books,1217.59,2,2435.18,3.8,Japan,2023-11-03 22:24:32
TXN-0008311,Elizabeth Martinez,Home & Kitchen,1268.63,1,1268.63,1.0,Brazil,2024-08-10 14:05:57
TXN-0009755,Lisa Lopez,Beauty & Personal Care,913.06,2,1826.12,3.5,Brazil,2024-10-16 09:06:59
TXN-0008483,John Moore,Apparel,35.94,7,251.58,4.1,India,2024-10-28 18:22:40
TXN-0001292,Barbara Wilson,Electronics,490.33,1,490.33,3.4,India,2023-10-05 11:31:11
TXN-0007789,Karen Thomas,Books,1159.31,1,1159.31,2.6,United States,2024-01-01 00:00:00
TXN-0008332,Linda Brown,Books,512.0,8,4096.0,1.1,Netherlands,2023-11-23 00:00:00
TXN-0005160,Nancy Gonzalez,Toys & Games,1320.44,7,9243.08,1.7,India,2024-07-26 00:00:00
TXN-0001366,Patricia Lopez,Beauty & Personal Care,1255.62,7,8789.34,4.8,France,2024-05-21 10:11:42
TXN-0011649,Christopher Hernandez,Home & Kitchen,1356.39,8,10851.12,1.7,Canada,2023-06-16 00:00:00
TXN-0002373,David Lee,Beauty & Personal Care,797.96,3,2393.88,4.9,Brazil,2023-09-07 01:08:39
TXN-0004772,James Garcia,Apparel,115.79,6,694.74,4.6,Australia,2024-12-31 00:00:00
TXN-0001870,Mary Thomas,Automotive,402.93,4,1611.72,4.3,Netherlands,2024-08-15 00:20:47
TXN-0005007,David Miller,Home & Kitchen,1489.28,1,1489.28,2.5,United Kingdom,2024-06-25 07:23:42
TXN-0011049,Patricia Taylor,Books,1433.16,4,5732.64,3.8,United States,2023-03-22 00:00:00
TXN-0005281,Thomas Gonzalez,Toys & Games,40.28,1,40.28,2.9,Brazil,2023-10-14 18:45:45
TXN-0003867,Lisa White,Automotive,630.31,5,3151.55,3.7,United Kingdom,2023-05-14 00:00:00
TXN-0001759,Susan Martin,Toys & Games,98.59,1,98.59,1.5,Japan,2024-08-15 20:05:06
TXN-0001454,Robert Moore,Beauty & Personal Care,171.49,2,342.98,2.6,United States,2024-02-19 00:00:00
TXN-0007868,Robert Williams,Apparel,78.03,5,390.15,3.6,United States,2023-11-10 21:31:58
TXN-0006474,Jessica Martin,Electronics,290.69,8,2325.52,2.3,Australia,2024-07-12 09:42:33
TXN-0010608,James Davis,Sports & Outdoors,906.03,5,4530.15,5.0,Netherlands,2024-11-17 00:00:00
TXN-0003985,John Garcia,Home & Kitchen,211.8,7,1482.6,2.1,Canada,2024-12-31 00:00:00
TXN-0007278,Richard Davis,Electronics,304.15,3,912.45,1.6,India,2024-11-19 20:59:29
TXN-0000255,John Thomas,Toys & Games,850.96,2,1701.92,4.6,Australia,2024-12-14 00:00:00
TXN-0009956,Sarah Perez,Toys & Games,871.91,5,4359.55,3.5,Germany,2023-10-10 03:23:54
TXN-0000513,James Moore,Beauty & Personal Care,620.55,7,4343.85,2.6,Germany,2023-05-07 19:33:50
TXN-0006581,James Rodriguez,Toys & Games,789.77,8,6318.16,3.6,Japan,2023-01-22 09:06:11
TXN-0007534,Robert Williams,Sports & Outdoors,615.95,6,3695.7,1.2,Canada,2023-04-19 00:00:00
TXN-0007631,Nancy Thomas,Apparel,774.65,1,774.65,4.3,United Kingdom,2023-07-27 07:35:04
TXN-0004887,Joseph Perez,Sports & Outdoors,136.87,6,821.22,1.1,Netherlands,2024-06-26 18:37:37
TXN-0006875,Mary Anderson,Toys & Games,489.62,6,2937.72,4.6,United States,2024-02-20 20:34:00
TXN-0010555,John Jones,Books,715.43,1,715.43,3.8,Germany,2024-04-22 19:51:57
TXN-0005754,David White,Apparel,673.05,4,2692.2,3.8,Netherlands,2024-04-07 23:54:20
TXN-0008400,Patricia Jones,Sports & Outdoors,1498.66,2,2997.32,4.1,Brazil,2024-10-01 08:01:33
TXN-0003398,William Lopez,Sports & Outdoors,771.74,2,1543.48,4.0,United States,2023-07-29 05:08:11
TXN-0007866,Patricia Taylor,Sports & Outdoors,805.85,5,4029.25,1.0,United Kingdom,2024-02-21 23:52:02
TXN-0009466,James Miller,Home & Kitchen,1408.15,7,9857.05,5.0,Japan,2023-03-01 18:16:12
TXN-0009465,Patricia Johnson,Home & Kitchen,65.19,8,521.52,2.4,Germany,2024-11-10 22:49:52
TXN-0007813,Joseph Smith,Books,1301.47,3,3904.41,2.9,Netherlands,2024-04-27 05:01:53
TXN-0000219,William Miller,Home & Kitchen,247.93,8,1983.44,3.6,Australia,2024-07-12 03:38:27
TXN-0010730,Daniel White,Books,606.21,1,606.21,2.6,Germany,2023-11-11 00:00:00
TXN-0000695,Nancy Lopez,Toys & Games,1075.37,7,7527.59,2.5,United Kingdom,2023-10-17 00:00:00
TXN-0011151,Elizabeth White,Toys & Games,368.13,4,1472.52,3.7,United Kingdom,2024-05-06 11:28:08
TXN-0010280,Karen Brown,Home & Kitchen,145.31,4,581.24,1.9,Germany,2023-09-30 16:47:58
TXN-0004118,Christopher Lopez,Electronics,1127.6,1,1127.6,4.9,Japan,2024-02-28 00:00:28
TXN-0003533,Daniel Jones,Toys & Games,147.45,1,147.45,2.9,United Kingdom,2023-08-18 13:09:28
TXN-0010814,Elizabeth Williams,Apparel,419.91,6,2519.46,2.3,Canada,2023-11-20 18:20:31
TXN-0000212,Richard Gonzalez,Beauty & Personal Care,439.23,5,2196.15,4.8,United Kingdom,2023-03-03 09:12:55
TXN-0011240,David Thomas,Sports & Outdoors,278.89,2,557.78,2.3,Canada,2024-12-11 21:14:22
TXN-0005069,Elizabeth Martinez,Electronics,590.63,5,2953.15,4.8,Australia,2023-03-23 09:20:07
TXN-0001040,Robert Garcia,Automotive,1123.42,5,5617.1,2.9,United Kingdom,2024-07-15 05:26:47
TXN-0003557,Elizabeth Williams,Automotive,1497.64,2,2995.28,3.3,France,2023-06-20 22:11:37
TXN-0008344,Thomas Gonzalez,Books,540.29,8,4322.32,1.7,France,2023-10-26 17:50:41
TXN-0003089,Jennifer Johnson,Books,87.83,6,526.98,2.2,Japan,2024-02-26 15:30:42
TXN-0007751,John Brown,Sports & Outdoors,890.22,4,3560.88,3.7,Brazil,2024-07-11 08:32:09
TXN-0000778,Elizabeth Hernandez,Electronics,823.0,7,5761.0,1.4,Canada,2023-07-18 04:35:59
TXN-0011463,Richard Smith,Books,966.95,5,4834.75,3.4,Netherlands,2024-11-08 19:18:42
TXN-0003439,Lisa Gonzalez,Sports & Outdoors,261.89,6,1571.34,4.8,Australia,2023-06-22 23:03:59
TXN-0001713,Patricia Gonzalez,Sports & Outdoors,190.78,1,190.78,2.0,Brazil,2024-07-23 13:25:23
TXN-0007354,Richard Miller,Beauty & Personal Care,1042.6,2,2085.2,1.6,Netherlands,2023-04-02 01:44:09
TXN-0002531,Richard Jones,Electronics,630.95,6,3785.7,4.6,Canada,2024-07-22 21:56:56
TXN-0012365,David Thompson,Electronics,1349.24,7,9444.68,3.2,Australia,2023-09-12 10:10:00
TXN-0001038,Patricia Thompson,Apparel,1100.96,7,7706.72,2.5,Japan,2024-06-28 19:04:35
TXN-0003018,Jessica Martinez,Beauty & Personal Care,60.43,8,483.44,1.1,Japan,2024-04-17 14:56:50
TXN-0011396,Richard Garcia,Home & Kitchen,930.65,5,4653.25,4.3,United Kingdom,2023-09-10 21:27:38
TXN-0005072,Karen Miller,Electronics,437.3,5,2186.5,1.3,Japan,2023-02-26 00:00:00
TXN-0005547,Jennifer Hernandez,Electronics,1080.01,7,7560.07,2.7,India,2023-02-04 15:36:29
TXN-0008999,Daniel Martin,Beauty & Personal Care,661.75,4,2647.0,5.0,Japan,2024-01-29 12:36:33
TXN-0009711,Richard Jackson,Toys & Games,1451.74,1,1451.74,1.7,Germany,2023-08-12 17:34:57
TXN-0003676,David Thompson,Sports & Outdoors,759.11,6,4554.66,1.4,Brazil,2024-04-16 07:25:03
TXN-0006412,Sarah Brown,Toys & Games,353.32,8,2826.56,3.6,Canada,2024-03-27 10:41:32
TXN-0000178,William Lee,Electronics,1008.42,7,7058.94,2.5,Canada,2024-09-14 05:30:40
TXN-0000801,Jessica Martinez,Books,837.46,1,837.46,2.4,Germany,2023-07-22 13:48:49
TXN-0004988,Jennifer Martinez,Automotive,436.82,7,3057.74,2.0,India,2024-11-28 10:10:30
TXN-0010173,Charles White,Sports & Outdoors,668.05,8,5344.4,3.9,Brazil,2023-04-03 09:27:30
TXN-0002319,Patricia Jones,Home & Kitchen,1361.87,6,8171.22,4.2,India,2023-04-15 01:41:15
TXN-0008464,Mary Johnson,Electronics,330.76,1,330.76,4.4,United States,2023-03-26 00:00:00
TXN-0011621,Susan Jones,Beauty & Personal Care,935.27,5,4676.35,2.1,Brazil,2023-08-21 21:33:27
TXN-0008815,Robert Martinez,Automotive,297.23,1,297.23,2.3,Canada,2023-01-03 22:39:05
TXN-0008063,Linda Anderson,Beauty & Personal Care,591.71,7,4141.97,3.1,United Kingdom,2024-01-06 22:18:47
TXN-0001398,Patricia Thompson,Automotive,911.93,7,6383.51,3.4,Brazil,2024-11-07 01:18:36
TXN-0011231,Thomas Smith,Books,428.08,8,3424.64,4.6,United Kingdom,2023-03-26 20:29:01
TXN-0012351,Robert Taylor,Books,260.66,8,2085.28,4.2,United Kingdom,2023-12-24 05:57:11
TXN-0012098,Thomas Rodriguez,Automotive,1132.64,2,2265.28,2.5,France,2023-11-18 17:43:58
TXN-0005055,John Moore,Toys & Games,1221.01,5,6105.05,2.6,Netherlands,2023-12-21 11:33:16
TXN-0001380,Joseph Miller,Automotive,397.89,8,3183.12,1.5,Netherlands,2023-08-05 22:37:34
TXN-0007915,Nancy Lopez,Beauty & Personal Care,591.63,8,4733.04,1.8,United Kingdom,2024-02-20 19:40:41
TXN-0009706,Robert Anderson,Beauty & Personal Care,954.15,2,1908.3,4.2,India,2024-03-08 11:07:30
TXN-0004997,David Perez,Toys & Games,1148.9,8,9191.2,1.2,Germany,2024-04-13 15:24:10
TXN-0009907,Linda Miller,Sports & Outdoors,320.44,5,1602.2,1.7,Australia,2023-03-27 00:00:00
TXN-0009658,Thomas Gonzalez,Electronics,1142.31,8,9138.48,4.3,France,2024-07-01 01:35:16
TXN-0009430,Michael Smith,Home & Kitchen,274.57,5,1372.85,3.6,Netherlands,2024-11-08 03:37:00
TXN-0007426,Robert Thompson,Books,1093.32,6,6559.92,3.5,Australia,2023-03-20 10:43:01
TXN-0006991,James Gonzalez,Toys & Games,766.81,7,5367.67,4.3,Brazil,2024-03-22 02:54:29
TXN-0009354,Karen Brown,Sports & Outdoors,551.67,3,1655.01,2.4,Australia,2024-07-26 19:11:50
TXN-0000450,Lisa Jackson,Automotive,538.92,4,2155.68,1.4,Australia,2024-04-26 00:00:00
TXN-0005865,Michael Hernandez,Home & Kitchen,816.78,3,2450.34,1.0,Japan,2024-09-25 23:35:56
TXN-0002481,Richard Taylor,Toys & Games,499.31,1,499.31,2.6,United States,2023-02-02 06:10:28
TXN-0011954,Sarah Lee,Home & Kitchen,1030.19,4,4120.76,4.1,United States,2023-02-13 04:07:34
TXN-0007012,Lisa Anderson,Books,930.45,3,2791.35,3.8,Australia,2023-06-01 14:16:39
TXN-0011574,Christopher Smith,Sports & Outdoors,492.66,3,1477.98,4.7,Canada,2024-12-30 03:48:03
TXN-0011516,Elizabeth Garcia,Automotive,112.05,2,224.1,4.1,Australia,2023-01-26 00:00:00
TXN-0003954,Lisa Moore,Toys & Games,1429.86,1,1429.86,1.7,United Kingdom,2023-03-16 10:47:10
TXN-0004627,Karen Brown,Toys & Games,536.65,6,3219.9,2.2,Japan,2023-08-30 13:07:18
TXN-0010557,Richard Gonzalez,Books,1323.38,2,2646.76,4.8,United Kingdom,2023-01-15 20:56:00
TXN-0004837,Linda Jones,Sports & Outdoors,253.87,8,2030.96,4.2,United States,2024-04-01 18:06:01
TXN-0011509,Richard Garcia,Apparel,1485.3,8,11882.4,1.1,Australia,2024-08-12 16:50:27
TXN-0012042,Richard Jones,Home & Kitchen,1318.81,8,10550.48,4.7,United States,2023-03-23 13:04:00
TXN-0007988,Jennifer Smith,Books,1116.28,7,7813.96,1.0,India,2023-03-24 11:03:24
TXN-0009707,Nancy White,Home & Kitchen,115.97,4,463.88,2.0,Germany,2023-10-22 14:39:41
TXN-0005885,William Hernandez,Toys & Games,227.04,5,1135.2,1.8,Brazil,2024-12-09 00:00:00
TXN-0008457,Robert Davis,Toys & Games,1405.33,2,2810.66,2.7,Japan,2024-10-11 05:49:18
TXN-0002653,Jessica Taylor,Beauty & Personal Care,573.94,7,4017.58,1.8,India,2023-02-25 17:28:19
TXN-0007089,Thomas Gonzalez,Home & Kitchen,780.11,2,1560.22,3.3,Canada,2024-03-09 20:07:18
TXN-0010206,Jennifer Gonzalez,Automotive,609.16,7,4264.12,4.9,India,2024-03-22 01:54:06
TXN-0000072,Daniel Thomas,Automotive,1190.43,2,2380.86,2.2,India,2023-11-11 02:35:00
TXN-0005313,Lisa Garcia,Beauty & Personal Care,897.4,4,3589.6,1.4,France,2023-08-23 21:50:33
TXN-0010408,Jessica Moore,Apparel,368.17,8,2945.36,3.4,Brazil,2024-06-27 21:25:54
TXN-0000411,James Thompson,Books,781.05,2,1562.1,2.7,Australia,2024-07-18 09:46:28
TXN-0009023,Elizabeth Lee,Electronics,986.96,7,6908.72,4.2,Netherlands,2024-05-06 00:00:00
TXN-0003635,Mary Martin,Books,1062.88,7,7440.16,2.0,Germany,2024-04-01 00:00:00
TXN-0006796,Robert Brown,Books,1455.54,3,4366.62,2.2,Canada,2023-07-18 04:17:17
TXN-0007337,Charles Miller,Automotive,1381.52,5,6907.6,1.8,Brazil,2023-01-03 14:33:12
TXN-0004085,Susan Johnson,Automotive,67.17,8,537.36,1.5,Brazil,2024-03-06 00:00:00
TXN-0010567,William Hernandez,Home & Kitchen,730.72,6,4384.32,4.0,Japan,2023-10-15 01:59:42
TXN-0007277,John Gonzalez,Home & Kitchen,1073.68,8,8589.44,4.8,Japan,2024-08-31 12:40:29
TXN-0011434,Elizabeth Lee,Sports & Outdoors,1277.62,3,3832.86,3.7,United States,2023-02-23 02:27:12
TXN-0010602,Lisa Moore,Sports & Outdoors,762.73,7,5339.11,1.6,Australia,2024-03-16 11:31:02
TXN-0010450,Thomas Hernandez,Automotive,185.94,6,1115.64,2.8,Germany,2023-06-23 05:46:21
TXN-0007323,Elizabeth Thompson,Toys & Games,127.68,6,766.08,2.6,United States,2023-04-21 01:36:56
TXN-0009592,Patricia Thompson,Sports & Outdoors,453.08,7,3171.56,1.8,United Kingdom,2023-03-16 15:32:02
TXN-0000328,Joseph White,Home & Kitchen,147.89,3,443.67,3.5,Netherlands,2023-11-03 07:14:27
TXN-0001036,Lisa Davis,Home & Kitchen,545.76,4,2183.04,5.0,Germany,2023-01-14 07:47:09
TXN-0010073,Joseph Davis,Automotive,897.42,3,2692.26,2.5,Germany,2024-06-12 10:27:07
TXN-0009736,Susan Thomas,Beauty & Personal Care,464.71,1,464.71,3.6,Brazil,2024-07-05 14:47:14
TXN-0001298,Linda Thompson,Electronics,862.14,4,3448.56,4.0,Australia,2023-12-06 09:15:25
TXN-0010428,Robert Hernandez,Beauty & Personal Care,370.53,4,1482.12,3.8,United Kingdom,2023-04-14 02:11:26
TXN-0010796,Michael Lopez,Automotive,871.85,2,1743.7,4.3,United Kingdom,2024-12-11 19:47:47
TXN-0005652,Barbara Smith,Home & Kitchen,1260.88,4,5043.52,4.7,United Kingdom,2023-02-10 21:11:27
TXN-0007330,Karen Johnson,Beauty & Personal Care,185.78,5,928.9,1.3,Brazil,2024-12-31 00:00:00
TXN-0010463,Daniel Moore,Sports & Outdoors,842.31,8,6738.48,4.3,United Kingdom,2023-06-04 07:14:23
TXN-0011855,Patricia Lopez,Automotive,1090.36,4,4361.44,2.2,Canada,2023-08-25 00:00:00
TXN-0011542,Patricia Moore,Beauty & Personal Care,285.44,7,1998.08,1.9,Canada,2024-11-22 15:07:10
TXN-0005082,Lisa Martin,Toys & Games,196.85,4,787.4,4.3,Netherlands,2023-11-13 00:00:00
TXN-0011935,Christopher Garcia,Toys & Games,724.09,4,2896.36,3.2,France,2024-06-06 23:45:05
TXN-0010698,Joseph Martinez,Sports & Outdoors,427.88,7,2995.16,3.4,Brazil,2024-04-07 14:00:15
TXN-0000179,Jennifer Smith,Apparel,1018.74,8,8149.92,1.1,Netherlands,2023-02-22 05:19:14
TXN-0001438,Jessica Martin,Toys & Games,748.93,5,3744.65,4.1,France,2024-06-26 00:00:00
TXN-0002119,Lisa White,Electronics,1225.6,4,4902.4,4.9,Brazil,2023-08-17 16:31:44
TXN-0002797,Christopher Rodriguez,Sports & Outdoors,1419.33,6,8515.98,4.6,Japan,2024-06-10 20:13:46
TXN-0002340,Charles Moore,Electronics,1495.34,5,7476.7,1.7,Canada,2023-11-05 18:19:20
TXN-0009887,Christopher Wilson,Electronics,919.43,8,7355.44,3.5,Brazil,2023-05-27 02:06:19
TXN-0005938,James Smith,Home & Kitchen,362.0,3,1086.0,3.9,Germany,2023-08-03 14:21:14
TXN-0008146,Mary Taylor,Home & Kitchen,1137.43,6,6824.58,1.8,Japan,2024-10-29 14:57:22
TXN-0005205,Barbara Wilson,Home & Kitchen,407.05,3,1221.15,3.7,France,2024-07-10 12:40:29
TXN-0000375,Barbara Thompson,Books,555.69,8,4445.52,3.0,France,2024-05-08 12:53:50
TXN-0002964,Jessica Jones,Apparel,942.81,1,942.81,3.8,Brazil,2023-05-03 00:00:00
TXN-0006547,Michael Jackson,Home & Kitchen,1491.72,4,5966.88,1.7,Australia,2023-10-19 00:03:08
TXN-0010027,Elizabeth Taylor,Books,735.02,4,2940.08,4.2,India,2023-09-28 22:19:16
TXN-0004339,Lisa Martinez,Books,612.07,1,612.07,3.1,Canada,2023-04-03 08:07:53
TXN-0002409,Lisa Hernandez,Beauty & Personal Care,1266.54,5,6332.7,3.3,United States,2023-04-18 23:07:39
TXN-0004992,Michael Wilson,Apparel,1274.22,7,8919.54,2.4,Brazil,2023-12-16 00:00:47
TXN-0009154,Susan Gonzalez,Home & Kitchen,847.07,8,6776.56,4.3,France,2023-03-17 00:00:00
TXN-0005967,Linda Miller,Beauty & Personal Care,882.57,7,6177.99,4.2,Australia,2024-08-09 11:05:44
TXN-0000869,David White,Toys & Games,603.47,1,603.47,2.5,Germany,2023-02-27 06:26:54
TXN-0001654,Lisa Davis,Automotive,1157.4,7,8101.8,2.3,Brazil,2023-10-14 12:15:00
TXN-0003458,Susan Davis,Apparel,877.44,2,1754.88,4.6,Brazil,2023-01-01 18:04:33
TXN-0004800,James Anderson,Books,694.59,8,5556.72,4.5,France,2024-08-05 15:06:14
TXN-0006061,Daniel Taylor,Electronics,9.67,3,29.01,4.5,India,2023-03-06 23:54:50
TXN-0004368,Robert Anderson,Automotive,661.25,7,4628.75,4.5,Japan,2023-09-18 18:42:18
TXN-0008711,Lisa Martin,Books,201.35,8,1610.8,2.1,France,2024-04-12 15:17:17
TXN-0005441,Patricia Jackson,Apparel,1149.03,5,5745.15,2.2,India,2024-04-29 06:37:48
TXN-0007440,Robert Martin,Electronics,136.68,2,273.36,2.7,Brazil,2024-07-07 20:26:20
TXN-0009329,Richard Jones,Beauty & Personal Care,887.67,7,6213.69,2.3,Australia,2023-08-29 08:55:03
TXN-0009120,Nancy Martin,Home & Kitchen,1108.92,8,8871.36,1.4,Japan,2023-02-28 07:41:52
TXN-0004769,Susan Rodriguez,Apparel,1033.45,5,5167.25,1.8,India,2024-05-03 16:54:43
TXN-0008595,Robert Davis,Automotive,774.86,5,3874.3,3.0,France,2024-11-30 03:31:36
TXN-0003889,Nancy Anderson,Apparel,1373.08,2,2746.16,4.1,Canada,2024-09-14 15:51:55
TXN-0001064,Jennifer Thompson,Toys & Games,1369.33,7,9585.31,4.3,Australia,2024-03-11 16:05:28
TXN-0003320,Daniel Martin,Apparel,1281.53,5,6407.65,2.9,Canada,2024-06-14 13:42:04
TXN-0009726,Jessica Moore,Apparel,1408.08,8,11264.64,2.7,Canada,2023-07-06 17:41:11
TXN-0010262,Karen Jones,Sports & Outdoors,414.71,5,2073.55,1.2,Netherlands,2023-03-19 14:12:36
TXN-0008148,Robert Lee,Sports & Outdoors,500.61,2,1001.22,2.3,Netherlands,2023-05-13 08:18:36
TXN-0006029,Richard Martin,Home & Kitchen,806.0,4,3224.0,1.8,Netherlands,2024-11-26 06:53:30
TXN-0005013,Daniel Anderson,Sports & Outdoors,502.75,5,2513.75,3.4,Germany,2024-02-04 11:41:48
TXN-0008454,Sarah Lopez,Toys & Games,301.42,1,301.42,2.6,France,2024-12-28 14:53:53
TXN-0009685,Barbara Williams,Sports & Outdoors,1388.08,8,11104.64,4.1,United Kingdom,2023-08-03 04:05:07
TXN-0009516,Thomas Jackson,Beauty & Personal Care,675.3,4,2701.2,4.0,United Kingdom,2023-02-17 19:11:32
TXN-0007146,Jessica Garcia,Books,1171.47,5,5857.35,3.9,Japan,2024-07-16 00:15:03
TXN-0005601,Charles Wilson,Apparel,462.6,3,1387.8,2.8,France,2024-10-20 10:24:32
TXN-0006965,Elizabeth Garcia,Sports & Outdoors,1015.91,1,1015.91,4.2,Germany,2023-07-11 00:11:55
TXN-0010242,Jennifer Rodriguez,Apparel,977.08,2,1954.16,4.4,India,2024-02-08 00:00:00
TXN-0005354,Sarah Moore,Books,1495.85,8,11966.8,4.6,Japan,2024-08-21 08:27:25
TXN-0005332,David Martin,Beauty & Personal Care,1465.96,5,7329.8,4.7,Australia,2024-09-18 15:37:51
TXN-0012482,Robert Perez,Books,1392.1,5,6960.5,1.5,United Kingdom,2023-06-04 09:07:03
TXN-0012374,James Rodriguez,Toys & Games,1413.6,6,8481.6,3.9,United Kingdom,2023-10-25 19:44:53
TXN-0009055,Barbara Smith,Books,54.12,1,54.12,1.3,France,2023-12-31 00:00:00
TXN-0003574,Charles Lee,Sports & Outdoors,1118.15,6,6708.9,2.4,India,2024-05-03 01:25:33
TXN-0004285,Jennifer Martin,Beauty & Personal Care,1125.2,7,7876.4,2.8,Netherlands,2023-12-31 03:18:42
TXN-0008461,Linda Brown,Automotive,346.6,6,2079.6,2.2,Japan,2023-02-02 00:00:00
TXN-0010581,Sarah Jones,Toys & Games,1024.02,8,8192.16,1.2,Japan,2024-05-09 15:03:18
TXN-0010020,Elizabeth Jackson,Sports & Outdoors,145.62,2,291.24,2.6,France,2024-07-02 17:51:03
TXN-0001649,Sarah Anderson,Home & Kitchen,1003.66,5,5018.3,4.1,India,2023-10-04 17:09:00
TXN-0009515,Charles Jackson,Electronics,233.25,4,933.0,2.7,Germany,2023-08-31 02:51:18
TXN-0006536,Patricia Garcia,Automotive,605.53,2,1211.06,3.9,Australia,2023-08-17 14:06:38
TXN-0012160,Jennifer Taylor,Home & Kitchen,590.79,8,4726.32,2.3,Canada,2024-05-04 06:33:40
TXN-0007912,Jessica Anderson,Toys & Games,440.03,1,440.03,2.5,Canada,2024-07-29 12:02:49
TXN-0010294,Thomas Miller,Toys & Games,441.84,4,1767.36,2.0,India,2024-09-11 06:30:03
TXN-0007196,Barbara Taylor,Home & Kitchen,1174.94,4,4699.76,4.2,Brazil,2024-10-09 19:52:12
TXN-0006022,Patricia Rodriguez,Books,330.91,8,2647.28,4.6,Canada,2023-01-19 00:23:45
TXN-0009378,Sarah Thomas,Books,245.6,1,245.6,4.2,Germany,2024-09-30 20:27:09
TXN-0005345,Karen Smith,Sports & Outdoors,1440.46,8,11523.68,2.4,Netherlands,2024-06-29 10:49:59
TXN-0007390,Karen Anderson,Home & Kitchen,263.89,7,1847.23,3.0,Japan,2024-08-11 12:24:44
TXN-0008927,Karen Martin,Home & Kitchen,1331.55,6,7989.3,3.7,India,2024-09-25 00:00:00
TXN-0003860,William Martin,Automotive,1225.47,1,1225.47,3.9,India,2024-09-14 00:00:00
TXN-0010572,Patricia Davis,Books,196.58,4,786.32,2.8,France,2024-07-03 08:15:22
TXN-0008785,Robert Brown,Automotive,131.19,7,918.33,4.7,Canada,2023-09-03 21:37:26
TXN-0008320,Daniel Gonzalez,Apparel,1430.71,2,2861.42,3.5,United States,2023-01-07 02:11:09
TXN-0001231,Lisa Wilson,Electronics,1115.26,3,3345.78,1.4,United States,2024-04-01 20:45:51
TXN-0004846,Sarah Thompson,Home & Kitchen,702.05,6,4212.3,3.1,Brazil,2023-01-29 02:46:01
TXN-0005690,Karen Gonzalez,Toys & Games,1268.13,1,1268.13,3.1,Canada,2023-07-07 09:06:34
TXN-0009870,Sarah Lopez,Apparel,1480.86,4,5923.44,1.3,United Kingdom,2024-11-09 12:16:54
TXN-0011777,Jennifer Garcia,Toys & Games,249.36,3,748.08,1.5,France,2023-09-16 00:00:00
TXN-0004973,Robert Perez,Toys & Games,501.54,4,2006.16,2.2,Germany,2023-05-11 02:18:44
TXN-0004783,Nancy White,Toys & Games,1250.16,2,2500.32,3.1,Australia,2023-04-05 21:41:27
TXN-0005873,James Jackson,Sports & Outdoors,789.06,1,789.06,4.3,India,2023-04-25 05:06:21
TXN-0003295,Michael Brown,Apparel,204.64,6,1227.84,2.0,France,2023-10-17 18:43:37
TXN-0012066,Christopher Garcia,Home & Kitchen,684.47,1,684.47,1.1,France,2024-08-26 11:47:13
TXN-0002558,Charles Hernandez,Sports & Outdoors,942.54,8,7540.32,2.7,Canada,2023-09-01 20:38:32
TXN-0002318,Susan Brown,Beauty & Personal Care,373.94,6,2243.64,2.3,India,2024-08-17 03:06:42
TXN-0005440,Patricia Jones,Home & Kitchen,551.88,7,3863.16,4.7,United Kingdom,2023-02-03 00:00:00
TXN-0011615,Charles Jones,Books,472.44,4,1889.76,1.7,Brazil,2024-06-17 07:50:56
TXN-0012496,Charles Lee,Apparel,1277.33,1,1277.33,4.1,India,2023-09-22 00:00:00
TXN-0008338,Linda Miller,Beauty & Personal Care,456.29,2,912.58,5.0,Germany,2023-05-19 12:49:41
TXN-0003475,Thomas Hernandez,Books,65.66,3,196.98,4.0,Brazil,2023-02-14 00:00:00
TXN-0000325,Linda Jones,Electronics,40.75,6,244.5,3.5,Japan,2024-06-22 15:02:46
TXN-0003319,Elizabeth Moore,Apparel,777.98,8,6223.84,4.7,Netherlands,2024-03-01 16:35:41
TXN-0010676,Patricia Taylor,Home & Kitchen,47.26,7,330.82,1.5,Germany,2023-03-11 19:36:06
TXN-0011735,Barbara Martin,Apparel,1064.41,5,5322.05,2.7,Japan,2023-07-24 08:33:53
TXN-0000249,Thomas Johnson,Home & Kitchen,1147.69,7,8033.83,1.5,United States,2024-05-04 21:07:51
TXN-0008337,Daniel Thompson,Automotive,209.4,6,1256.4,1.5,India,2024-02-25 19:27:30
TXN-0005391,Michael Rodriguez,Sports & Outdoors,902.64,5,4513.2,1.7,Australia,2023-01-13 19:10:57
TXN-0000548,Sarah Gonzalez,Sports & Outdoors,600.8,7,4205.6,4.1,Canada,2023-04-12 06:22:09
TXN-0005978,Patricia Gonzalez,Books,851.99,3,2555.97,3.6,Germany,2024-09-27 13:02:02
TXN-0001077,William Martinez,Toys & Games,11.22,7,78.54,1.1,Germany,2023-01-21 09:16:34
TXN-0010074,Jennifer Garcia,Automotive,1387.41,7,9711.87,4.6,Canada,2024-01-02 08:21:41
TXN-0000735,John Moore,Books,401.41,5,2007.05,5.0,France,2023-11-09 06:19:58
TXN-0005600,John Thomas,Toys & Games,6.56,8,52.48,3.5,India,2023-01-02 00:00:00
TXN-0001103,Patricia Lopez,Home & Kitchen,339.9,1,339.9,1.6,United States,2023-09-08 18:31:43
TXN-0005892,James Miller,Beauty & Personal Care,1020.55,8,8164.4,1.5,Brazil,2023-05-28 21:23:37
TXN-0003134,Sarah Martin,Books,425.17,7,2976.19,3.6,United States,2023-10-27 17:12:27
TXN-0004861,John Johnson,Beauty & Personal Care,692.8,3,2078.4,3.2,France,2023-08-04 08:36:28
TXN-0010175,Linda Thomas,Toys & Games,323.6,1,323.6,2.5,India,2023-12-12 00:00:00
TXN-0010325,Linda Smith,Home & Kitchen,509.09,8,4072.72,3.5,Brazil,2023-05-27 00:00:00
TXN-0002724,Robert Thompson,Electronics,1049.58,5,5247.9,2.3,Netherlands,2024-07-11 12:09:37
TXN-0000050,Karen Hernandez,Home & Kitchen,1010.83,4,4043.32,4.2,Germany,2023-04-25 00:00:00
TXN-0005959,Lisa Johnson,Sports & Outdoors,629.24,3,1887.72,3.5,Canada,2024-08-28 08:10:35
TXN-0001856,John Thomas,Apparel,776.84,1,776.84,3.1,Japan,2024-09-22 23:02:37
TXN-0011368,Nancy Miller,Automotive,1476.68,6,8860.08,4.1,Brazil,2024-08-29 23:15:58
TXN-0010807,Daniel Martinez,Apparel,101.25,5,506.25,3.6,Australia,2023-11-16 23:34:34
TXN-0004502,Daniel Martin,Beauty & Personal Care,1219.3,3,3657.9,2.5,India,2024-05-04 06:45:09
TXN-0007497,Thomas Hernandez,Books,744.95,6,4469.7,3.0,Canada,2024-01-28 08:03:16
TXN-0008432,Mary Davis,Electronics,1239.15,6,7434.9,4.5,India,2024-01-25 05:56:58
TXN-0002556,James Jones,Apparel,709.93,1,709.93,1.1,Germany,2024-09-23 03:03:20
TXN-0007581,Richard Martinez,Automotive,420.43,8,3363.44,1.2,United States,2024-10-10 00:00:00
TXN-0009942,Richard Martin,Sports & Outdoors,1328.53,7,9299.71,2.8,Australia,2023-05-07 11:20:13
TXN-0006987,Michael Martin,Automotive,563.01,3,1689.03,1.2,United Kingdom,2024-05-10 06:50:10
TXN-0010601,Daniel Lee,Beauty & Personal Care,398.35,1,398.35,2.0,Australia,2023-03-27 01:28:07
TXN-0010276,Thomas White,Home & Kitchen,1361.63,8,10893.04,1.4,Netherlands,2024-09-14 09:47:14
TXN-0000623,Linda Thomas,Home & Kitchen,1198.16,5,5990.8,3.5,Brazil,2024-12-02 20:03:01
TXN-0008640,Thomas Martinez,Electronics,275.38,5,1376.9,5.0,Brazil,2023-10-20 20:07:30
TXN-0008534,John Taylor,Toys & Games,1264.51,6,7587.06,3.3,Brazil,2024-11-04 10:09:27
TXN-0010637,John Brown,Apparel,1317.29,1,1317.29,4.4,France,2024-09-18 07:17:24
TXN-0007999,Jennifer Taylor,Electronics,1454.51,2,2909.02,2.9,Netherlands,2024-06-25 21:36:36
TXN-0011392,Lisa Martin,Automotive,355.82,7,2490.74,2.4,Australia,2024-03-07 11:10:36
TXN-0004573,David Lee,Toys & Games,1064.84,8,8518.72,4.6,United States,2023-10-26 02:47:37
TXN-0012467,Sarah White,Automotive,719.49,6,4316.94,2.1,Japan,2023-04-27 14:22:39
TXN-0008712,Elizabeth Anderson,Beauty & Personal Care,250.58,2,501.16,2.5,United Kingdom,2023-03-02 02:57:38
TXN-0000901,Richard Hernandez,Toys & Games,598.03,1,598.03,2.0,Germany,2024-07-04 18:34:28
TXN-0005493,James Gonzalez,Home & Kitchen,925.34,3,2776.02,1.1,Germany,2023-03-24 05:29:54
TXN-0005903,Patricia Thomas,Books,70.75,7,495.25,2.7,Netherlands,2023-02-15 06:34:17
TXN-0000788,Jennifer Miller,Apparel,1121.81,5,5609.05,4.5,Canada,2023-03-24 14:08:49
TXN-0005500,Joseph Brown,Beauty & Personal Care,385.73,8,3085.84,3.0,Germany,2024-03-28 01:30:52
TXN-0003748,Linda Jackson,Beauty & Personal Care,333.2,2,666.4,4.2,United Kingdom,2023-05-12 11:13:31
TXN-0006023,Lisa Smith,Home & Kitchen,822.49,2,1644.98,4.3,Netherlands,2023-01-04 17:28:46
TXN-0004177,Patricia Johnson,Books,36.75,8,294.0,1.8,France,2024-11-27 17:36:31
TXN-0007857,Robert Martin,Books,874.1,8,6992.8,3.6,United States,2023-01-21 11:56:38
TXN-0002705,Richard Thomas,Automotive,582.64,8,4661.12,3.5,United States,2023-06-08 20:06:53
TXN-0006580,Michael Martinez,Apparel,1077.52,8,8620.16,4.4,United States,2023-05-15 00:00:00
TXN-0002720,Charles Miller,Sports & Outdoors,1300.38,2,2600.76,1.5,France,2023-03-27 15:09:13
TXN-0010539,William Garcia,Home & Kitchen,1104.58,7,7732.06,1.3,Japan,2024-11-13 10:20:38
TXN-0000103,Christopher Thompson,Home & Kitchen,253.72,5,1268.6,4.6,India,2023-02-05 17:20:01
TXN-0004487,Mary Garcia,Beauty & Personal Care,1445.3,2,2890.6,2.7,France,2023-07-17 06:31:12
TXN-0011486,Robert Perez,Toys & Games,919.56,5,4597.8,1.3,Canada,2024-06-19 00:00:00
TXN-0005770,Joseph Taylor,Electronics,759.5,1,759.5,2.7,Brazil,2023-01-12 14:21:50
TXN-0004495,Robert Moore,Automotive,665.1,8,5320.8,2.7,France,2024-06-23 04:49:31
TXN-0001727,Lisa Williams,Home & Kitchen,1143.22,8,9145.76,4.0,Netherlands,2023-09-12 07:56:37
TXN-0009836,Patricia Garcia,Sports & Outdoors,554.3,2,1108.6,3.3,Australia,2024-10-12 00:00:00
TXN-0010639,Joseph Davis,Automotive,1362.12,5,6810.6,3.6,Canada,2024-06-18 09:39:59
TXN-0001660,Thomas Lopez,Home & Kitchen,466.04,5,2330.2,2.6,India,2023-01-21 07:25:47
TXN-0009484,Christopher Martin,Books,665.64,6,3993.84,1.2,United States,2023-12-09 18:38:11
TXN-0007566,Joseph Hernandez,Automotive,1336.06,2,2672.12,1.4,Japan,2024-10-13 00:57:42
TXN-0004522,Linda Martinez,Beauty & Personal Care,1103.99,1,1103.99,4.3,United States,2024-07-21 19:23:19
TXN-0003528,Christopher Jones,Beauty & Personal Care,446.66,3,1339.98,1.5,France,2023-09-08 01:12:21
TXN-0000048,Richard Moore,Electronics,433.94,7,3037.58,4.1,France,2024-04-16 04:59:28
TXN-0007847,Daniel Hernandez,Electronics,37.83,1,37.83,1.9,Japan,2024-07-14 10:46:29
TXN-0008095,Lisa Hernandez,Toys & Games,1240.39,2,2480.78,3.6,Brazil,2023-07-16 06:38:04
TXN-0008251,Richard Anderson,Books,1097.06,1,1097.06,1.5,Canada,2023-10-26 09:35:15
TXN-0006104,Susan Martinez,Sports & Outdoors,319.74,2,639.48,2.1,United States,2023-05-17 07:17:39
TXN-0000726,Richard Anderson,Beauty & Personal Care,666.62,1,666.62,1.1,Japan,2024-03-08 09:00:59
TXN-0009498,Joseph Davis,Automotive,953.66,2,1907.32,2.4,India,2023-12-19 06:57:44
TXN-0012147,Karen Brown,Beauty & Personal Care,567.18,1,567.18,2.6,France,2023-05-01 00:00:00
TXN-0009132,Christopher Brown,Apparel,1244.71,2,2489.42,3.8,Netherlands,2024-06-23 00:00:00
TXN-0004171,Linda Thomas,Toys & Games,239.31,4,957.24,4.0,France,2023-06-21 01:04:43
TXN-0006194,Barbara Thompson,Apparel,69.48,4,277.92,1.7,United States,2024-03-12 21:59:43
TXN-0010259,Nancy Taylor,Books,1258.22,1,1258.22,2.4,Brazil,2023-09-06 03:11:23
TXN-0000427,Michael Rodriguez,Apparel,1026.67,3,3080.01,4.4,France,2024-06-20 09:37:15
TXN-0008239,Robert Martin,Home & Kitchen,1079.38,1,1079.38,2.8,United States,2024-02-25 20:39:31
TXN-0001001,Patricia Jones,Toys & Games,414.42,4,1657.68,4.7,United States,2023-11-28 00:00:00
TXN-0009406,Jennifer Jackson,Automotive,946.83,3,2840.49,2.1,France,2023-03-11 14:39:12
TXN-0009560,Mary Miller,Apparel,1398.98,5,6994.9,3.2,Germany,2024-03-25 03:33:10
TXN-0002777,John Johnson,Beauty & Personal Care,1420.58,4,5682.32,1.0,Brazil,2024-04-21 00:46:46
TXN-0007225,Karen Jackson,Electronics,755.63,5,3778.15,4.8,Australia,2024-03-29 10:18:26
TXN-0007206,Sarah Wilson,Apparel,548.55,2,1097.1,4.7,France,2024-12-10 21:43:05
TXN-0003110,Nancy Wilson,Automotive,1196.89,2,2393.78,4.9,India,2023-07-13 13:21:21
TXN-0005283,Nancy Smith,Sports & Outdoors,1311.22,3,3933.66,3.2,India,2023-07-02 10:09:11
TXN-0012207,Michael White,Apparel,1259.29,3,3777.87,2.6,Germany,2024-07-30 00:00:00
TXN-0007057,Linda Perez,Apparel,108.96,4,435.84,1.1,Germany,2024-11-22 15:13:20
TXN-0012129,Susan Rodriguez,Home & Kitchen,1352.38,6,8114.28,2.0,France,2024-01-14 20:51:03
TXN-0003197,Susan Williams,Toys & Games,1269.9,8,10159.2,1.8,Canada,2023-07-20 08:02:01
TXN-0010760,Michael Martin,Books,328.98,6,1973.88,2.5,Canada,2023-12-08 00:00:00
TXN-0009348,Christopher Williams,Toys & Games,435.0,5,2175.0,1.8,India,2024-06-27 00:00:00
TXN-0007183,Nancy Smith,Sports & Outdoors,874.35,3,2623.05,5.0,Canada,2024-09-30 00:00:00
TXN-0004398,Charles Wilson,Sports & Outdoors,177.72,2,355.44,2.2,United States,2023-01-25 01:46:29
TXN-0001329,Patricia Lee,Books,750.69,1,750.69,4.4,Australia,2024-10-18 21:50:48
TXN-0004857,William Brown,Books,583.39,5,2916.95,4.1,Japan,2024-02-09 14:23:57
TXN-0008796,Jessica Hernandez,Automotive,402.44,7,2817.08,2.1,United States,2024-06-09 21:23:24
TXN-0011121,Elizabeth Hernandez,Electronics,1176.1,8,9408.8,2.2,Netherlands,2024-11-30 00:00:00
TXN-0004083,Charles Thompson,Beauty & Personal Care,1136.14,7,7952.98,4.2,Netherlands,2024-12-18 00:00:00
TXN-0011317,Elizabeth Jones,Automotive,931.24,7,6518.68,1.4,France,2024-05-10 00:41:32
TXN-0009425,Robert Moore,Automotive,650.82,6,3904.92,1.4,Germany,2023-01-03 00:00:00
TXN-0007436,Jennifer Miller,Home & Kitchen,396.89,7,2778.23,4.8,France,2023-11-19 14:11:11
TXN-0006609,Lisa Williams,Toys & Games,143.07,8,1144.56,1.7,India,2024-01-22 00:00:00
TXN-0003259,Jessica Hernandez,Toys & Games,112.7,8,901.6,3.1,Brazil,2024-10-01 20:57:18
TXN-0006114,Mary Rodriguez,Beauty & Personal Care,154.95,6,929.7,4.1,Netherlands,2023-01-20 04:58:12
TXN-0004067,Nancy Thompson,Beauty & Personal Care,1000.96,7,7006.72,4.9,Brazil,2024-05-28 00:00:00
TXN-0005471,John Moore,Automotive,681.33,6,4087.98,1.8,Australia,2023-05-21 00:00:00
TXN-0006050,Susan White,Electronics,855.39,3,2566.17,2.8,Canada,2024-08-16 10:18:58
TXN-0005934,Joseph Taylor,Books,75.39,4,301.56,1.6,France,2024-01-25 20:55:04
TXN-0010033,Robert Moore,Beauty & Personal Care,1046.64,1,1046.64,1.2,Australia,2024-11-21 06:38:06
TXN-0003953,John Gonzalez,Automotive,170.67,7,1194.69,4.9,Brazil,2023-12-30 17:23:42
TXN-0003024,Michael Davis,Beauty & Personal Care,1131.16,1,1131.16,1.3,Canada,2023-05-28 00:00:00
TXN-0010753,Patricia Hernandez,Sports & Outdoors,1233.86,1,1233.86,1.3,France,2023-08-21 00:00:00
TXN-0008443,John Brown,Electronics,266.02,2,532.04,1.9,United Kingdom,2023-04-15 00:00:00
TXN-0006719,Joseph Lopez,Automotive,1064.34,5,5321.7,5.0,France,2024-08-12 04:04:33
TXN-0012067,Thomas Jones,Toys & Games,876.91,1,876.91,1.0,Germany,2023-06-08 23:10:56
TXN-0005831,Jessica Hernandez,Beauty & Personal Care,486.55,3,1459.65,2.1,United States,2024-10-16 11:06:01
TXN-0004796,Jessica Smith,Apparel,283.2,4,1132.8,2.7,France,2023-07-06 15:47:47
TXN-0001809,John Thompson,Toys & Games,42.97,1,42.97,4.5,Australia,2023-02-03 07:14:48
TXN-0006806,David Gonzalez,Books,641.99,8,5135.92,1.8,Japan,2024-12-09 23:02:10
TXN-0009030,John Gonzalez,Electronics,1061.13,5,5305.65,1.2,Japan,2024-05-25 22:28:03
TXN-0012486,William Jones,Home & Kitchen,839.74,8,6717.92,1.6,Canada,2024-04-25 07:41:54
TXN-0009464,David Martin,Automotive,12.16,8,97.28,4.0,Germany,2024-01-14 19:12:06
TXN-0006811,Elizabeth Martinez,Automotive,1371.98,7,9603.86,2.1,India,2023-03-03 02:22:06
TXN-0011141,Daniel Hernandez,Electronics,358.82,4,1435.28,4.7,France,2023-02-23 17:20:46
TXN-0001414,Barbara Rodriguez,Toys & Games,549.95,4,2199.8,2.3,Australia,2023-05-10 00:00:00
TXN-0008989,Nancy Brown,Toys & Games,221.82,8,1774.56,2.0,France,2023-06-25 11:08:42
TXN-0007509,Jessica Johnson,Books,204.2,2,408.4,4.4,Germany,2023-09-21 02:28:56
TXN-0002334,David Lopez,Sports & Outdoors,657.32,2,1314.64,3.3,United Kingdom,2024-11-01 01:03:18
TXN-0011841,Christopher Wilson,Books,1358.82,4,5435.28,4.9,United Kingdom,2023-07-09 03:22:33
TXN-0011179,Nancy Taylor,Sports & Outdoors,695.13,4,2780.52,2.0,India,2023-10-27 00:44:37
TXN-0003733,Susan Hernandez,Apparel,1359.12,3,4077.36,4.3,United States,2023-01-24 00:00:00
TXN-0008900,Jessica Martinez,Apparel,811.91,7,5683.37,1.2,United States,2023-05-19 00:00:00
TXN-0010082,Jennifer Brown,Apparel,1035.91,4,4143.64,3.9,Japan,2023-09-18 16:53:58
TXN-0009567,Karen Martinez,Automotive,902.09,4,3608.36,4.4,Japan,2023-09-14 07:59:13
TXN-0007758,Nancy Davis,Apparel,142.93,7,1000.51,3.5,Japan,2023-12-31 01:03:55
TXN-0003381,James Brown,Books,1173.67,1,1173.67,4.1,Germany,2023-07-13 09:59:00
TXN-0007381,Nancy White,Apparel,1067.44,5,5337.2,4.9,Netherlands,2023-01-03 23:18:24
TXN-0006241,Christopher Jones,Automotive,592.72,3,1778.16,4.2,Brazil,2023-08-14 03:35:18
TXN-0005121,Joseph Hernandez,Books,906.26,8,7250.08,2.6,India,2023-06-17 00:00:00
TXN-0000038,Sarah Johnson,Beauty & Personal Care,831.03,7,5817.21,1.5,Netherlands,2023-08-28 10:21:07
TXN-0008878,Michael Rodriguez,Apparel,75.91,5,379.55,2.4,Netherlands,2024-11-18 21:23:32
TXN-0011679,Patricia Wilson,Beauty & Personal Care,53.79,4,215.16,1.4,India,2024-03-01 21:31:11
TXN-0005850,Karen Taylor,Electronics,664.75,8,5318.0,4.5,India,2024-12-27 11:34:46
TXN-0002230,Jennifer Moore,Apparel,204.19,5,1020.95,4.2,Japan,2023-01-31 16:41:30
TXN-0010932,Michael Johnson,Automotive,1472.97,1,1472.97,1.1,Germany,2023-04-15 08:12:47
TXN-0011177,Mary Taylor,Apparel,181.73,3,545.19,1.8,Australia,2024-09-09 04:06:20
TXN-0001926,William Rodriguez,Sports & Outdoors,396.17,7,2773.19,1.2,Australia,2024-02-18 00:17:44
TXN-0002610,Robert Smith,Toys & Games,723.2,2,1446.4,2.3,Japan,2023-07-18 21:56:54
TXN-0010046,Jessica Lopez,Apparel,395.26,8,3162.08,5.0,Canada,2024-10-07 00:00:00
TXN-0012097,Nancy Lopez,Sports & Outdoors,598.99,1,598.99,4.2,Japan,2023-12-02 08:25:20
TXN-0009631,Patricia Davis,Sports & Outdoors,232.37,3,697.11,2.1,Brazil,2023-06-19 10:04:35
TXN-0004603,Karen Jones,Apparel,155.79,8,1246.32,5.0,France,2023-12-10 00:00:00
TXN-0011711,Linda Wilson,Home & Kitchen,480.18,4,1920.72,1.9,Netherlands,2023-10-19 19:35:45
TXN-0011780,Lisa Smith,Sports & Outdoors,1150.06,1,1150.06,3.0,United Kingdom,2024-12-08 06:29:18
TXN-0001683,Charles Jackson,Beauty & Personal Care,572.98,4,2291.92,4.6,Canada,2023-10-09 00:00:00
TXN-0009642,Elizabeth Lopez,Books,129.34,8,1034.72,3.2,Australia,2023-11-27 21:23:56
TXN-0011957,Christopher Wilson,Home & Kitchen,277.48,6,1664.88,2.9,France,2024-11-21 00:32:06
TXN-0007322,Nancy Jackson,Automotive,671.4,7,4699.8,2.2,Netherlands,2024-05-16 03:10:49
TXN-0000783,Nancy Davis,Apparel,793.28,2,1586.56,2.2,India,2023-12-06 00:00:00
TXN-0012089,Linda Davis,Toys & Games,741.04,7,5187.28,3.8,Australia,2023-06-15 00:00:00
TXN-0009316,Jennifer Jackson,Beauty & Personal Care,592.96,1,592.96,4.7,United States,2024-06-29 00:00:00
TXN-0001317,Susan Taylor,Automotive,110.2,7,771.4,4.8,Japan,2024-11-17 02:58:07
TXN-0000001,Christopher Brown,Electronics,371.11,3,1113.33,3.9,France,2024-06-09 14:35:33
TXN-0007600,Michael Lee,Beauty & Personal Care,929.34,7,6505.38,1.4,India,2023-07-23 08:55:43
TXN-0001619,Elizabeth Williams,Books,936.47,2,1872.94,4.1,United Kingdom,2024-12-20 08:12:43
TXN-0005971,Karen Wilson,Automotive,763.38,2,1526.76,4.3,India,2023-06-11 12:44:18
TXN-0001071,Susan Wilson,Beauty & Personal Care,1243.14,7,8701.98,3.1,Australia,2024-08-17 06:08:46
TXN-0005477,Charles Johnson,Automotive,1200.53,4,4802.12,2.9,India,2024-05-09 00:00:00
TXN-0005383,Thomas Anderson,Sports & Outdoors,1280.23,2,2560.46,2.3,Netherlands,2023-03-17 18:22:21
TXN-0010695,Thomas Miller,Beauty & Personal Care,675.64,8,5405.12,3.7,United Kingdom,2024-02-29 04:34:53
TXN-0006317,Nancy Wilson,Home & Kitchen,413.38,4,1653.52,1.9,United Kingdom,2024-12-16 13:50:55
TXN-0008477,Nancy Moore,Home & Kitchen,130.35,5,651.75,2.8,Australia,2024-11-07 18:03:35
TXN-0009809,Patricia Johnson,Apparel,49.84,8,398.72,2.3,France,2024-07-14 18:43:51
TXN-0009953,David Johnson,Books,1443.04,7,10101.28,2.9,Germany,2023-02-02 11:21:51
TXN-0006973,Patricia Davis,Electronics,1266.04,1,1266.04,3.0,Japan,2023-09-04 19:17:03
TXN-0011549,Sarah Smith,Books,298.35,2,596.7,1.0,India,2024-02-29 12:53:05
TXN-0006062,David Hernandez,Automotive,1453.5,2,2907.0,4.6,France,2024-09-17 09:54:19
TXN-0000558,Sarah Thompson,Electronics,374.85,5,1874.25,2.3,United States,2023-11-02 13:30:14
TXN-0003562,Richard Brown,Toys & Games,1239.15,1,1239.15,2.2,France,2024-05-03 10:26:15
TXN-0008108,Karen Rodriguez,Electronics,1444.35,5,7221.75,2.2,Japan,2024-10-22 17:09:17
TXN-0001624,Robert Martinez,Beauty & Personal Care,1000.76,2,2001.52,1.2,Australia,2024-11-24 12:29:04
TXN-0005041,Sarah Miller,Electronics,64.42,1,64.42,2.6,India,2024-11-27 00:56:32
TXN-0007252,Jennifer Lee,Beauty & Personal Care,30.58,4,122.32,2.3,Australia,2024-03-04 00:11:20
TXN-0002064,Joseph Moore,Automotive,1208.26,1,1208.26,2.9,Australia,2023-01-01 09:50:29
TXN-0000372,Robert Martinez,Automotive,407.78,7,2854.46,3.4,Australia,2023-03-11 08:25:39
TXN-0000014,James Perez,Home & Kitchen,1127.56,6,6765.36,1.4,Brazil,2023-12-04 16:36:42
TXN-0000893,Jessica White,Home & Kitchen,1432.87,4,5731.48,1.5,Japan,2023-06-09 18:05:50
TXN-0008329,Richard Moore,Apparel,804.58,2,1609.16,4.5,Japan,2023-07-20 14:01:54
TXN-0011097,Barbara Miller,Home & Kitchen,228.14,1,228.14,3.8,Canada,2023-12-26 17:23:35
TXN-0010457,Jessica Thompson,Home & Kitchen,1048.63,8,8389.04,4.2,Germany,2023-04-22 11:27:04
TXN-0004822,William Thompson,Home & Kitchen,844.23,1,844.23,2.0,United Kingdom,2023-06-12 00:00:00
TXN-0012020,Susan Lopez,Automotive,430.48,2,860.96,2.9,Australia,2023-09-05 00:00:00
TXN-0000391,John Thomas,Beauty & Personal Care,473.55,1,473.55,1.0,United Kingdom,2023-08-01 10:55:44
TXN-0011475,Elizabeth Thompson,Toys & Games,1181.82,6,7090.92,3.0,India,2024-09-08 02:35:58
TXN-0011190,Linda Lopez,Automotive,1212.18,5,6060.9,2.8,Brazil,2024-02-08 00:00:00
TXN-0003178,Christopher Davis,Toys & Games,42.9,1,42.9,4.7,Canada,2023-12-21 04:21:39
TXN-0009414,Thomas White,Automotive,926.64,3,2779.92,4.1,Netherlands,2023-10-24 15:41:07
TXN-0010961,Charles Thompson,Toys & Games,1299.28,6,7795.68,3.2,Germany,2024-09-26 21:02:43
TXN-0009336,Lisa Anderson,Beauty & Personal Care,870.61,3,2611.83,4.3,Canada,2024-09-13 00:50:20
TXN-0003129,Robert Williams,Beauty & Personal Care,359.98,3,1079.94,1.0,Japan,2024-08-28 00:00:00
TXN-0009000,Susan Martinez,Sports & Outdoors,342.91,5,1714.55,4.9,Netherlands,2024-09-04 16:59:48
TXN-0008283,Karen Lopez,Electronics,370.98,6,2225.88,2.2,Japan,2024-05-08 00:10:09
TXN-0007073,Michael Wilson,Books,668.36,2,1336.72,4.7,France,2024-06-18 23:12:27
TXN-0007189,Susan Moore,Apparel,127.42,1,127.42,1.6,United States,2024-09-04 15:04:02
TXN-0011657,Linda Moore,Apparel,478.86,8,3830.88,4.6,United States,2023-02-15 00:00:00
TXN-0007400,William Garcia,Home & Kitchen,106.18,3,318.54,3.8,Australia,2023-10-31 00:00:00
TXN-0004149,Barbara Lee,Electronics,653.41,2,1306.82,2.0,Japan,2023-09-21 22:40:07
TXN-0007056,Patricia Lopez,Toys & Games,372.6,1,372.6,2.6,Germany,2023-03-04 00:00:00
TXN-0007768,Jennifer Perez,Automotive,908.69,5,4543.45,1.8,Brazil,2024-02-28 00:51:44
TXN-0001974,Christopher Thompson,Sports & Outdoors,1000.79,2,2001.58,4.6,United States,2023-03-19 11:05:58
TXN-0011308,Susan Rodriguez,Apparel,1078.14,8,8625.12,4.1,Canada,2023-04-19 13:37:00
TXN-0010295,Linda Martinez,Sports & Outdoors,696.99,1,696.99,4.9,Japan,2024-09-14 08:45:12
TXN-0007896,Elizabeth Martin,Apparel,285.66,5,1428.3,1.6,Brazil,2023-07-11 18:49:38
TXN-0006465,David Lee,Toys & Games,951.89,2,1903.78,1.6,United Kingdom,2024-11-16 09:05:00
TXN-0012045,Barbara Lopez,Electronics,548.03,6,3288.18,4.7,Canada,2024-08-16 00:20:17
TXN-0004757,Susan Taylor,Books,405.65,6,2433.9,1.0,Canada,2024-10-06 23:09:00
TXN-0007250,Richard Thompson,Toys & Games,1366.04,8,10928.32,1.1,India,2024-01-07 00:00:00
TXN-0009308,Susan Davis,Toys & Games,871.32,2,1742.64,3.9,Netherlands,2024-03-04 03:18:49
TXN-0000245,Jessica Hernandez,Books,472.82,1,472.82,3.3,Australia,2023-06-21 20:50:53
TXN-0010056,David Johnson,Apparel,760.97,2,1521.94,1.6,France,2024-10-06 01:51:32
TXN-0012392,Jessica Anderson,Toys & Games,1017.66,7,7123.62,4.3,Canada,2023-03-13 21:48:51
TXN-0006431,William Perez,Sports & Outdoors,304.13,7,2128.91,3.0,Netherlands,2023-09-11 00:11:20
TXN-0010485,Sarah Jones,Home & Kitchen,535.02,7,3745.14,2.9,France,2023-08-07 11:26:57
TXN-0002311,Robert Williams,Beauty & Personal Care,1105.02,7,7735.14,4.6,United States,2024-10-01 00:00:00
TXN-0008936,Nancy Anderson,Books,113.01,7,791.07,2.8,United Kingdom,2023-06-08 05:58:13
TXN-0000149,Elizabeth Anderson,Automotive,90.05,5,450.25,1.3,United States,2024-11-02 06:47:17
TXN-0005901,Elizabeth Wilson,Toys & Games,1274.69,2,2549.38,4.3,Canada,2023-01-13 01:05:58
TXN-0003111,James Garcia,Apparel,1154.88,3,3464.64,4.0,Japan,2023-12-28 03:43:50
TXN-0001913,Robert Miller,Home & Kitchen,868.87,6,5213.22,2.8,United Kingdom,2024-09-02 04:31:25
TXN-0012285,Karen Martin,Beauty & Personal Care,203.79,4,815.16,1.0,Brazil,2024-12-31 00:00:00
TXN-0007765,Barbara Martinez,Electronics,741.85,5,3709.25,3.2,India,2024-10-21 04:06:53
TXN-0001452,Michael Lee,Electronics,573.15,5,2865.75,3.0,Japan,2023-06-24 22:41:45
TXN-0001741,Susan Moore,Apparel,320.23,5,1601.15,2.2,Netherlands,2023-01-02 00:00:00
TXN-0010176,Elizabeth Rodriguez,Beauty & Personal Care,1466.14,3,4398.42,2.0,Netherlands,2023-07-20 02:15:56
TXN-0012135,Patricia Rodriguez,Sports & Outdoors,441.13,3,1323.39,1.6,Netherlands,2023-04-30 06:17:39
TXN-0007794,Elizabeth Rodriguez,Toys & Games,988.22,4,3952.88,1.6,Canada,2023-08-20 04:14:47
TXN-0003919,Thomas Rodriguez,Apparel,18.01,3,54.03,1.7,Canada,2024-11-20 00:00:00
TXN-0000811,Mary Perez,Apparel,91.43,5,457.15,2.7,Netherlands,2024-11-19 00:11:20
TXN-0011928,Daniel Davis,Toys & Games,649.1,6,3894.6,4.6,India,2024-04-04 00:53:07
TXN-0000406,James Jones,Apparel,539.5,8,4316.0,4.8,Australia,2023-07-28 09:38:58
TXN-0004471,Lisa Johnson,Beauty & Personal Care,825.36,1,825.36,4.4,India,2023-09-01 17:12:55
TXN-0005225,Joseph Lee,Automotive,1018.44,1,1018.44,4.9,Brazil,2023-10-16 09:42:15
TXN-0010291,William Davis,Books,1050.8,1,1050.8,5.0,Netherlands,2024-05-19 16:52:36
TXN-0010213,Lisa Jackson,Beauty & Personal Care,1365.89,5,6829.45,2.5,Australia,2023-07-11 17:55:40
TXN-0009231,John Jackson,Apparel,1042.29,3,3126.87,3.2,Japan,2024-03-20 23:57:05
TXN-0003684,John Gonzalez,Books,1077.62,2,2155.24,3.0,Germany,2023-06-14 13:46:23
TXN-0002025,Lisa Martinez,Automotive,1334.0,1,1334.0,2.5,United Kingdom,2023-07-03 04:34:00
TXN-0006401,Mary Thompson,Apparel,469.63,2,939.26,3.5,Japan,2024-03-30 16:52:01
TXN-0008612,Thomas Gonzalez,Automotive,1449.81,5,7249.05,3.9,Germany,2023-04-08 00:57:32
TXN-0007639,John Johnson,Home & Kitchen,526.26,6,3157.56,2.1,Brazil,2023-10-19 04:09:30
TXN-0003317,Lisa Thompson,Books,1041.3,1,1041.3,4.5,France,2023-01-31 23:28:35
TXN-0004629,Jessica White,Sports & Outdoors,1207.57,1,1207.57,4.6,United Kingdom,2023-09-02 12:08:07
TXN-0000992,Michael Williams,Apparel,190.14,8,1521.12,1.0,Japan,2024-08-20 15:32:34
TXN-0008623,James Thompson,Toys & Games,1071.02,5,5355.1,4.1,India,2024-12-20 08:32:43
TXN-0001465,Jennifer Anderson,Electronics,582.03,3,1746.09,2.1,Germany,2024-08-02 09:55:13
TXN-0006742,Robert Jackson,Apparel,527.57,6,3165.42,1.8,United Kingdom,2023-11-27 18:07:55
TXN-0010429,William Williams,Beauty & Personal Care,758.29,1,758.29,4.0,Japan,2024-05-27 13:51:15
TXN-0006766,Nancy Miller,Home & Kitchen,37.2,8,297.6,1.1,Brazil,2024-12-31 00:00:00
TXN-0000520,Richard Smith,Home & Kitchen,580.27,8,4642.16,2.0,Germany,2023-01-27 00:40:37
TXN-0008259,Jessica Lee,Apparel,741.65,4,2966.6,1.3,Netherlands,2024-06-12 15:43:11
TXN-0010907,Charles Thompson,Books,827.05,4,3308.2,1.6,United Kingdom,2023-09-07 18:11:25
TXN-0001250,Nancy Thomas,Books,8.99,4,35.96,5.0,United Kingdom,2023-03-12 22:40:07
TXN-0004661,Elizabeth Perez,Beauty & Personal Care,1007.14,8,8057.12,1.2,Brazil,2023-01-04 21:10:53
TXN-0004811,Michael Moore,Toys & Games,1215.79,4,4863.16,4.5,Brazil,2024-12-20 02:55:58
TXN-0005002,Richard Johnson,Sports & Outdoors,937.46,1,937.46,4.5,Brazil,2024-02-08 17:10:07
TXN-0004367,Patricia White,Books,613.03,3,1839.09,2.8,United Kingdom,2023-07-09 09:33:31
TXN-0007371,Charles Martinez,Home & Kitchen,996.05,1,996.05,1.2,France,2024-03-17 13:05:15
TXN-0001803,William Jones,Home & Kitchen,1425.83,2,2851.66,1.1,France,2023-10-02 20:25:09
TXN-0010831,David White,Electronics,1427.63,5,7138.15,3.9,United Kingdom,2024-04-07 15:26:06
TXN-0004429,Christopher Rodriguez,Sports & Outdoors,463.13,8,3705.04,2.0,India,2023-07-27 17:54:12
TXN-0006038,Jessica Lee,Home & Kitchen,1109.18,3,3327.54,2.0,India,2024-07-11 23:10:27
TXN-0010461,Jessica Johnson,Toys & Games,213.88,7,1497.16,4.3,Canada,2024-06-11 11:03:43
TXN-0008614,Mary Hernandez,Toys & Games,87.59,4,350.36,2.7,Netherlands,2024-11-24 12:50:35
TXN-0005701,Patricia Gonzalez,Sports & Outdoors,1187.73,2,2375.46,3.8,Canada,2023-12-04 06:15:08
TXN-0009494,Karen Perez,Automotive,310.56,7,2173.92,2.0,Canada,2023-04-10 14:33:39
TXN-0009048,Patricia Martin,Sports & Outdoors,10.67,5,53.35,2.8,Germany,2023-11-08 00:59:40
TXN-0002079,Jennifer Anderson,Toys & Games,642.72,4,2570.88,4.9,Germany,2024-10-24 19:08:16
TXN-0000130,Patricia Hernandez,Toys & Games,999.34,6,5996.04,4.8,Australia,2024-06-17 11:16:19
TXN-0004001,John Thompson,Beauty & Personal Care,555.48,6,3332.88,4.0,Netherlands,2024-07-04 10:53:45
TXN-0006081,Nancy Rodriguez,Sports & Outdoors,683.88,5,3419.4,3.1,France,2024-02-12 23:30:22
TXN-0009688,Christopher Moore,Sports & Outdoors,742.54,8,5940.32,3.6,Australia,2023-06-09 00:00:00
TXN-0002355,Christopher Hernandez,Beauty & Personal Care,174.72,4,698.88,5.0,United States,2023-08-09 08:10:36
TXN-0003619,Christopher Thomas,Automotive,561.3,3,1683.9,2.5,France,2024-11-14 00:54:19
TXN-0011106,Mary Johnson,Automotive,844.0,2,1688.0,4.6,Netherlands,2023-05-19 08:45:01
TXN-0009884,William Wilson,Beauty & Personal Care,1421.6,4,5686.4,1.6,United States,2024-05-07 00:00:00
TXN-0011814,Charles Lopez,Books,213.41,8,1707.28,3.6,United Kingdom,2024-01-10 22:16:02
TXN-0005250,David Jones,Toys & Games,1369.24,5,6846.2,1.9,France,2023-08-28 01:53:14
TXN-0003332,John Brown,Apparel,318.51,1,318.51,3.0,Canada,2024-10-20 05:21:03
TXN-0007300,Lisa Moore,Electronics,586.54,7,4105.78,2.1,Japan,2023-12-03 06:12:18
TXN-0011025,Jennifer Rodriguez,Automotive,140.69,2,281.38,2.2,Japan,2023-07-24 12:08:05
TXN-0011410,William Miller,Automotive,572.05,3,1716.15,2.8,Japan,2023-04-23 16:46:17
TXN-0005584,Mary Davis,Toys & Games,1490.77,5,7453.85,4.1,Canada,2024-05-06 08:46:12
TXN-0002581,Michael Martinez,Sports & Outdoors,1270.61,5,6353.05,2.6,Japan,2024-07-18 19:09:35
TXN-0011495,Mary Perez,Apparel,1458.16,1,1458.16,2.8,Germany,2024-01-11 13:09:46
TXN-0006394,Patricia White,Electronics,1089.14,4,4356.56,4.1,Brazil,2024-10-25 16:05:45
TXN-0005685,Richard Martin,Home & Kitchen,655.89,2,1311.78,2.5,France,2023-08-21 01:50:36
TXN-0000519,Mary Hernandez,Home & Kitchen,88.78,7,621.46,1.3,United Kingdom,2024-01-01 04:10:16
TXN-0004910,Joseph Hernandez,Toys & Games,207.09,1,207.09,3.2,Australia,2023-03-24 15:22:51
TXN-0005811,Richard Davis,Automotive,154.31,6,925.86,4.1,United Kingdom,2024-03-23 08:43:01
TXN-0008860,Christopher Williams,Beauty & Personal Care,1055.91,6,6335.46,3.6,Canada,2023-01-26 21:27:04
TXN-0000954,Daniel Johnson,Beauty & Personal Care,756.06,2,1512.12,2.1,France,2024-10-20 09:42:01
TXN-0009007,James Williams,Sports & Outdoors,51.84,7,362.88,1.5,Australia,2024-12-13 08:36:33
TXN-0011249,Thomas Wilson,Home & Kitchen,630.69,6,3784.14,1.8,Australia,2023-03-20 00:00:00
TXN-0008509,John Garcia,Sports & Outdoors,1342.93,4,5371.72,2.6,France,2024-06-27 00:00:00
TXN-0000271,Daniel Miller,Automotive,1247.77,2,2495.54,4.3,France,2024-09-10 00:07:06
TXN-0005861,Lisa Wilson,Toys & Games,1182.82,5,5914.1,2.7,Australia,2023-11-15 08:19:18
TXN-0009044,David Wilson,Home & Kitchen,155.08,8,1240.64,3.8,United Kingdom,2024-12-11 22:59:54
TXN-0003680,Joseph Johnson,Home & Kitchen,514.81,3,1544.43,3.2,United Kingdom,2024-06-12 03:24:03
TXN-0010018,Joseph White,Apparel,66.9,1,66.9,4.3,Japan,2024-02-11 17:25:59
TXN-0011238,Joseph Gonzalez,Home & Kitchen,178.85,3,536.55,3.1,Brazil,2024-06-19 03:31:51
TXN-0002869,Charles Miller,Electronics,797.95,3,2393.85,3.8,Japan,2023-03-30 09:55:11
TXN-0007620,Richard Davis,Sports & Outdoors,1473.28,8,11786.24,2.7,Germany,2024-01-27 00:00:00
TXN-0005058,Christopher Perez,Sports & Outdoors,1194.99,1,1194.99,4.6,Canada,2024-11-10 01:09:11
TXN-0010860,John Jackson,Beauty & Personal Care,1308.98,8,10471.84,2.1,Australia,2023-07-26 05:27:29
TXN-0001626,Elizabeth Martin,Home & Kitchen,430.25,2,860.5,2.8,Netherlands,2024-10-24 01:48:09
TXN-0009129,Sarah Thomas,Toys & Games,837.27,5,4186.35,2.6,Germany,2024-02-29 14:03:34
TXN-0009716,Mary Miller,Books,977.5,3,2932.5,2.7,Australia,2024-12-28 08:12:52
TXN-0007573,Lisa Hernandez,Sports & Outdoors,419.22,6,2515.32,4.8,Germany,2024-01-23 17:15:15
TXN-0011341,Robert Martin,Automotive,1425.55,4,5702.2,4.8,Australia,2024-08-01 23:33:50
TXN-0000267,David Martin,Toys & Games,663.13,7,4641.91,4.3,Australia,2024-10-29 14:23:56
TXN-0007715,Jennifer Gonzalez,Automotive,1442.0,6,8652.0,4.5,Australia,2024-04-27 13:33:07
TXN-0004804,Sarah Perez,Beauty & Personal Care,763.12,2,1526.24,2.6,India,2024-12-01 14:00:20
TXN-0009195,Richard Moore,Home & Kitchen,965.8,6,5794.8,4.3,India,2024-10-17 11:56:00
TXN-0005636,Nancy Smith,Home & Kitchen,776.0,2,1552.0,1.6,Japan,2024-11-19 00:00:00
TXN-0002965,Christopher Perez,Automotive,840.49,8,6723.92,3.9,France,2023-07-17 08:33:19
TXN-0004007,Sarah Lee,Toys & Games,950.92,7,6656.44,2.7,Netherlands,2023-01-12 17:04:50
TXN-0004153,Nancy Lopez,Apparel,1267.89,7,8875.23,3.2,Canada,2023-04-04 08:39:24
TXN-0002824,Daniel White,Toys & Games,345.21,2,690.42,4.8,India,2024-08-13 18:24:25
TXN-0001845,Charles Martin,Beauty & Personal Care,1169.93,8,9359.44,4.3,United Kingdom,2024-08-26 00:00:00
TXN-0004241,Patricia Moore,Books,1110.6,6,6663.6,4.9,Netherlands,2024-05-08 01:10:13
TXN-0006756,Karen Thomas,Sports & Outdoors,829.69,5,4148.45,2.7,Brazil,2023-12-08 05:56:01
TXN-0007240,Michael Garcia,Apparel,989.49,6,5936.94,2.5,United Kingdom,2024-01-23 12:10:49
TXN-0009015,Daniel Williams,Apparel,1133.58,3,3400.74,4.8,United States,2023-05-08 04:22:10
TXN-0002542,Barbara Gonzalez,Sports & Outdoors,24.71,6,148.26,4.7,Brazil,2023-12-27 10:18:29
TXN-0003266,Robert Davis,Sports & Outdoors,733.51,5,3667.55,2.7,India,2024-04-20 15:28:58
TXN-0006778,William Jackson,Home & Kitchen,457.56,2,915.12,2.6,Germany,2024-03-29 18:32:30
TXN-0009047,Robert Smith,Toys & Games,1051.76,6,6310.56,1.0,Australia,2024-03-18 00:00:00
TXN-0010502,Susan Jones,Apparel,867.02,2,1734.04,1.1,Brazil,2023-10-02 00:00:00
TXN-0000369,Charles Martin,Automotive,262.44,7,1837.08,1.6,United States,2024-04-17 18:09:23
TXN-0012110,James Martinez,Home & Kitchen,1367.13,4,5468.52,2.9,Germany,2024-10-25 09:16:32
TXN-0011032,Robert Thompson,Beauty & Personal Care,472.52,6,2835.12,4.5,Brazil,2023-05-21 08:16:47
TXN-0006362,William Brown,Electronics,1420.04,4,5680.16,2.2,Brazil,2024-12-31 07:48:28
TXN-0012061,David Thomas,Sports & Outdoors,396.09,2,792.18,1.5,Netherlands,2023-09-28 00:00:00
TXN-0007953,Joseph Taylor,Apparel,1301.28,4,5205.12,4.9,Australia,2023-06-14 00:00:00
TXN-0004412,Daniel Taylor,Sports & Outdoors,1330.82,7,9315.74,2.8,Australia,2023-02-27 18:13:38
TXN-0011017,Jennifer Thompson,Automotive,290.96,8,2327.68,3.6,Canada,2024-09-20 07:26:25
TXN-0001961,Nancy Williams,Beauty & Personal Care,643.97,1,643.97,4.0,United Kingdom,2023-06-26 15:16:52
TXN-0003943,Nancy Anderson,Automotive,601.29,1,601.29,1.0,Australia,2023-01-05 10:18:53
TXN-0011520,Richard Davis,Books,600.91,3,1802.73,1.1,United Kingdom,2023-04-23 08:17:37
TXN-0011222,Sarah Lee,Beauty & Personal Care,787.42,2,1574.84,2.3,Canada,2023-12-20 05:53:34
TXN-0012274,James White,Automotive,1421.6,8,11372.8,2.8,Australia,2024-10-14 21:02:11
TXN-0011212,Jessica Johnson,Automotive,1448.99,1,1448.99,2.0,Japan,2023-01-31 00:00:00
TXN-0003899,Elizabeth Anderson,Home & Kitchen,1364.16,7,9549.12,2.7,United Kingdom,2023-09-21 18:20:06
TXN-0007594,Nancy Garcia,Toys & Games,1246.16,6,7476.96,4.4,India,2024-07-22 16:00:12
TXN-0010299,Robert Garcia,Home & Kitchen,922.3,1,922.3,1.9,Brazil,2023-04-22 21:16:55
TXN-0004214,Jennifer Hernandez,Beauty & Personal Care,552.48,8,4419.84,4.2,Canada,2024-04-01 05:32:17
TXN-0012455,Karen Moore,Beauty & Personal Care,34.21,3,102.63,2.2,Japan,2023-07-25 01:35:54
TXN-0007514,Nancy Gonzalez,Beauty & Personal Care,1270.05,4,5080.2,1.3,Canada,2023-04-05 13:59:05
TXN-0011370,Mary Jackson,Electronics,1064.38,2,2128.76,1.9,Canada,2023-08-23 13:30:59
TXN-0010078,John Lopez,Apparel,609.83,5,3049.15,3.7,Canada,2024-07-23 04:20:28
TXN-0012254,Christopher White,Home & Kitchen,1108.53,8,8868.24,2.8,Canada,2023-09-21 05:54:17
TXN-0005095,John Smith,Sports & Outdoors,1011.75,1,1011.75,4.0,United States,2023-05-21 05:18:37
TXN-0003590,Jessica Hernandez,Toys & Games,95.39,2,190.78,3.5,India,2024-12-11 03:50:03
TXN-0003517,Patricia Lopez,Electronics,1160.21,1,1160.21,3.5,Australia,2024-12-06 09:56:18
TXN-0011439,Richard Lee,Beauty & Personal Care,1276.71,8,10213.68,1.5,United States,2023-02-14 07:17:46
TXN-0011944,Jennifer Davis,Automotive,706.78,3,2120.34,3.0,Japan,2023-01-26 09:23:55
TXN-0003662,Michael Hernandez,Books,471.61,1,471.61,3.5,United States,2024-01-08 03:43:16
TXN-0006792,Jessica Jackson,Apparel,983.22,6,5899.32,1.3,Canada,2024-10-10 01:36:38
TXN-0003633,Mary Taylor,Beauty & Personal Care,1469.38,1,1469.38,2.5,United States,2024-09-05 15:41:52
TXN-0010017,Lisa Gonzalez,Electronics,361.21,1,361.21,3.0,United Kingdom,2023-05-21 04:57:15
TXN-0008645,Elizabeth Jackson,Toys & Games,1009.99,7,7069.93,1.2,United States,2024-06-30 23:55:18
TXN-0011326,Sarah Jones,Electronics,276.42,1,276.42,2.8,United Kingdom,2024-06-19 07:12:25
TXN-0009691,Sarah Jones,Home & Kitchen,659.37,2,1318.74,3.7,United States,2024-01-29 00:27:33
TXN-0004528,Jennifer Martin,Toys & Games,1436.01,7,10052.07,2.3,Netherlands,2024-10-10 10:44:35
TXN-0002140,Patricia White,Electronics,332.91,7,2330.37,2.7,United States,2023-01-17 06:17:22
TXN-0001688,Karen Moore,Books,716.64,5,3583.2,3.2,United States,2024-05-25 12:54:16
TXN-0003822,Robert Anderson,Home & Kitchen,346.73,3,1040.19,4.7,Brazil,2023-08-06 08:57:40
TXN-0011645,Robert Jackson,Sports & Outdoors,416.32,7,2914.24,1.3,Canada,2023-04-29 20:16:54
TXN-0010040,Nancy Anderson,Sports & Outdoors,1006.94,7,7048.58,2.1,India,2024-05-19 00:00:00
TXN-0005240,Jennifer Rodriguez,Sports & Outdoors,665.13,4,2660.52,2.6,Germany,2023-11-29 06:07:17
TXN-0011250,John Hernandez,Automotive,1485.93,1,1485.93,4.3,India,2023-07-19 00:50:44
TXN-0005735,Mary Wilson,Apparel,1136.11,2,2272.22,3.2,United States,2024-06-13 19:47:37
TXN-0003832,Barbara Garcia,Electronics,853.85,4,3415.4,1.3,Brazil,2023-12-18 23:48:47
TXN-0006404,James Lopez,Beauty & Personal Care,1254.49,6,7526.94,4.0,Canada,2023-12-28 00:00:00
TXN-0003636,Nancy Perez,Books,842.97,8,6743.76,3.1,Brazil,2024-05-23 15:54:33
TXN-0009941,Patricia Davis,Toys & Games,1181.57,4,4726.28,3.5,France,2023-03-20 13:38:57
TXN-0003735,Richard Lopez,Sports & Outdoors,115.78,3,347.34,2.9,Brazil,2024-12-30 17:28:01
TXN-0012081,Susan Brown,Home & Kitchen,220.78,7,1545.46,4.6,United Kingdom,2024-04-08 22:19:35
TXN-0008470,Barbara Moore,Books,1064.49,4,4257.96,2.9,United Kingdom,2024-06-25 00:49:03
TXN-0004658,Michael Miller,Home & Kitchen,863.33,4,3453.32,1.3,India,2024-05-31 15:08:49
TXN-0006490,Jessica Garcia,Sports & Outdoors,57.14,3,171.42,3.0,Germany,2023-05-26 19:33:56
TXN-0002830,Nancy Lee,Apparel,728.29,2,1456.58,3.7,Netherlands,2023-03-25 06:24:35
TXN-0009921,David Johnson,Books,28.43,2,56.86,3.4,Japan,2023-01-17 13:11:53
TXN-0005092,Joseph Jackson,Apparel,845.08,4,3380.32,4.2,United States,2023-10-27 00:00:00
TXN-0005590,Nancy Anderson,Electronics,609.66,5,3048.3,1.7,Germany,2023-07-09 05:56:48
TXN-0008644,Karen Gonzalez,Beauty & Personal Care,352.09,6,2112.54,4.7,India,2023-09-08 03:40:59
TXN-0011878,Christopher Lopez,Apparel,1193.35,1,1193.35,2.3,France,2024-06-12 23:31:22
TXN-0000107,Joseph Martinez,Books,1280.74,2,2561.48,1.9,Japan,2024-03-20 05:24:42
TXN-0004824,Joseph Moore,Toys & Games,722.07,4,2888.28,4.2,Canada,2023-04-11 22:08:41
TXN-0011560,David Thomas,Home & Kitchen,1429.39,3,4288.17,5.0,India,2024-12-02 21:59:53
TXN-0000303,James Smith,Beauty & Personal Care,1482.29,7,10376.03,3.8,Canada,2024-01-07 00:00:00
TXN-0010115,Susan Williams,Home & Kitchen,723.01,7,5061.07,4.0,United States,2024-05-05 21:17:00
TXN-0005536,Daniel Jackson,Automotive,59.01,7,413.07,2.5,Australia,2024-05-04 00:00:00
TXN-0005559,Elizabeth Jackson,Books,362.74,3,1088.22,3.9,Canada,2024-09-08 00:29:04
TXN-0012044,Mary Hernandez,Toys & Games,294.35,3,883.05,2.6,Brazil,2023-01-28 00:00:00
TXN-0001462,Robert White,Books,329.35,4,1317.4,3.3,Germany,2024-11-09 13:11:55
TXN-0011743,Elizabeth Miller,Books,200.4,1,200.4,3.0,Netherlands,2023-05-20 00:47:45
TXN-0003354,Jennifer Davis,Sports & Outdoors,876.11,5,4380.55,4.8,Australia,2023-11-24 13:54:42
TXN-0010954,William Jones,Sports & Outdoors,1183.21,1,1183.21,2.5,Brazil,2024-05-09 21:23:31
TXN-0009524,Charles Jones,Home & Kitchen,761.71,2,1523.42,3.0,United States,2023-11-05 05:53:47
TXN-0000589,William Williams,Sports & Outdoors,762.5,6,4575.0,4.1,France,2023-03-30 10:04:15
TXN-0000559,James Lopez,Beauty & Personal Care,939.72,4,3758.88,5.0,Australia,2024-01-25 08:00:16
TXN-0011555,Lisa Hernandez,Electronics,1330.14,6,7980.84,3.8,Brazil,2023-05-11 20:04:45
TXN-0000214,Nancy Taylor,Books,83.47,7,584.29,2.3,Germany,2024-02-01 00:00:00
TXN-0011170,Daniel Thompson,Automotive,1069.23,6,6415.38,2.5,India,2023-04-06 00:00:00
TXN-0000112,Thomas Taylor,Sports & Outdoors,389.17,8,3113.36,4.9,United Kingdom,2023-08-18 05:50:07
TXN-0000572,Elizabeth Anderson,Apparel,445.16,1,445.16,3.8,Japan,2024-12-02 00:00:00
TXN-0005543,James Anderson,Sports & Outdoors,1223.24,8,9785.92,4.0,Australia,2023-12-31 04:30:30
TXN-0003975,William Smith,Books,757.03,7,5299.21,1.8,Netherlands,2024-04-16 00:36:46
TXN-0001180,Mary Moore,Beauty & Personal Care,1365.53,6,8193.18,4.7,United States,2024-12-05 20:05:10
TXN-0006656,Thomas Brown,Automotive,151.09,7,1057.63,2.4,France,2024-10-03 17:19:44
TXN-0012276,Mary Martin,Beauty & Personal Care,1151.81,1,1151.81,3.3,Brazil,2024-03-07 00:00:00
TXN-0002834,Joseph Miller,Automotive,1168.13,2,2336.26,4.1,Japan,2023-10-06 19:57:46
TXN-0008233,Elizabeth Martinez,Toys & Games,68.26,4,273.04,2.3,Netherlands,2023-06-04 19:28:06
TXN-0009330,Joseph Johnson,Automotive,762.56,4,3050.24,3.5,Germany,2023-03-15 23:00:52
TXN-0007956,Joseph Moore,Beauty & Personal Care,1231.02,7,8617.14,4.7,United States,2024-04-29 23:15:19
TXN-0001352,Linda Anderson,Beauty & Personal Care,302.48,5,1512.4,2.0,Australia,2024-08-03 17:12:40
TXN-0010336,Joseph Thomas,Home & Kitchen,1392.7,4,5570.8,2.4,Japan,2023-07-05 22:49:30
TXN-0004993,Thomas Wilson,Beauty & Personal Care,1315.82,6,7894.92,1.1,Japan,2023-11-28 00:55:10
TXN-0004720,Susan Jones,Books,1458.08,8,11664.64,2.5,Canada,2023-01-16 00:00:00
TXN-0004022,Michael Rodriguez,Toys & Games,108.08,8,864.64,3.1,Canada,2023-05-27 16:31:14
TXN-0000797,Jessica Brown,Automotive,1408.75,6,8452.5,2.8,Netherlands,2023-05-12 00:00:00
TXN-0001715,William Davis,Apparel,216.54,7,1515.78,3.5,Canada,2023-08-18 06:00:55
TXN-0002182,Charles Perez,Sports & Outdoors,1023.5,6,6141.0,1.6,United Kingdom,2024-10-29 08:58:19
TXN-0006402,Daniel Taylor,Sports & Outdoors,584.55,4,2338.2,4.8,Canada,2024-07-05 01:29:36
TXN-0004414,Nancy Wilson,Toys & Games,485.16,6,2910.96,3.6,Netherlands,2024-02-26 13:34:05
TXN-0012259,Nancy Anderson,Toys & Games,125.91,8,1007.28,4.8,Germany,2023-02-26 00:34:15
TXN-0005181,Karen Lopez,Sports & Outdoors,1476.47,2,2952.94,2.7,India,2024-08-07 00:00:00
TXN-0004615,Robert Johnson,Sports & Outdoors,1382.77,8,11062.16,3.1,United States,2024-07-09 08:14:36
TXN-0006831,Lisa Taylor,Automotive,1260.99,2,2521.98,1.7,United Kingdom,2024-01-27 10:39:14
TXN-0011184,Linda Thomas,Electronics,973.48,8,7787.84,3.5,Japan,2023-03-31 00:00:00
TXN-0004181,Thomas Anderson,Apparel,618.22,5,3091.1,4.1,Germany,2023-04-03 05:00:10
TXN-0003623,Nancy Thomas,Home & Kitchen,498.19,4,1992.76,2.4,United Kingdom,2023-01-24 04:51:29
TXN-0011964,Sarah Martin,Apparel,252.61,8,2020.88,3.1,United Kingdom,2024-09-01 08:47:43
TXN-0005759,Christopher Rodriguez,Home & Kitchen,157.8,1,157.8,3.7,France,2023-04-08 09:03:15
TXN-0011896,William Moore,Apparel,356.64,5,1783.2,3.7,Canada,2024-03-27 00:01:10
TXN-0005468,Thomas Perez,Sports & Outdoors,166.92,4,667.68,3.7,Australia,2024-10-27 03:20:19
TXN-0011291,Nancy Brown,Home & Kitchen,1168.34,6,7010.04,1.8,India,2024-01-18 23:28:15
TXN-0010700,Jennifer Anderson,Automotive,1143.42,2,2286.84,1.7,India,2023-12-26 01:21:39
TXN-0007966,Thomas Thompson,Automotive,169.34,3,508.02,3.7,United States,2024-06-15 15:39:43
TXN-0006192,Richard Garcia,Apparel,1135.13,2,2270.26,3.4,Australia,2023-05-30 03:02:48
TXN-0009400,Christopher Jones,Sports & Outdoors,1349.23,5,6746.15,1.7,Canada,2023-04-11 15:44:23
TXN-0001129,David Gonzalez,Toys & Games,467.44,1,467.44,3.3,France,2024-06-29 03:09:52
TXN-0007679,Sarah Miller,Beauty & Personal Care,625.91,6,3755.46,1.8,India,2024-04-15 18:02:13
TXN-0010406,Richard Williams,Electronics,729.3,8,5834.4,3.3,United Kingdom,2024-03-10 16:32:47
TXN-0000152,Mary Davis,Automotive,788.48,3,2365.44,2.5,India,2024-12-13 23:34:55
TXN-0009175,Daniel Thomas,Sports & Outdoors,1093.11,3,3279.33,4.7,United States,2024-12-20 16:41:19
TXN-0011793,Robert Lopez,Home & Kitchen,99.35,1,99.35,1.6,United Kingdom,2023-01-02 12:12:33
TXN-0009343,Christopher Lopez,Automotive,1097.01,5,5485.05,2.4,Germany,2023-05-26 20:13:45
TXN-0006385,Susan Jones,Apparel,1426.79,1,1426.79,3.9,Australia,2024-04-08 08:13:20
TXN-0000015,Lisa White,Sports & Outdoors,1144.13,2,2288.26,4.5,Brazil,2023-08-20 19:24:50
TXN-0009511,John Jones,Sports & Outdoors,1094.19,7,7659.33,4.3,Japan,2024-01-22 04:13:17
TXN-0010853,Daniel Johnson,Electronics,1471.83,6,8830.98,1.9,Germany,2023-04-21 00:30:19
TXN-0006200,Karen White,Toys & Games,378.36,6,2270.16,1.4,Australia,2024-03-18 17:10:41
TXN-0003534,John Rodriguez,Sports & Outdoors,10.67,2,21.34,1.1,Germany,2023-10-29 00:00:00
TXN-0008231,Elizabeth Miller,Toys & Games,427.83,6,2566.98,2.6,Canada,2024-03-31 12:51:33
TXN-0009970,Nancy Anderson,Apparel,982.86,6,5897.16,4.3,Japan,2024-11-29 00:00:00
TXN-0005497,Daniel Martin,Toys & Games,1267.29,2,2534.58,4.6,France,2024-05-10 00:00:00
TXN-0007875,Daniel Moore,Sports & Outdoors,1392.6,3,4177.8,2.9,India,2024-11-21 07:14:46
TXN-0009724,Lisa Wilson,Electronics,968.76,7,6781.32,1.6,Australia,2023-11-18 02:17:48
TXN-0011932,Lisa Smith,Sports & Outdoors,518.8,7,3631.6,1.9,Japan,2023-12-07 00:00:00
TXN-0000189,Patricia Taylor,Apparel,251.16,6,1506.96,4.7,France,2023-06-25 03:04:14
TXN-0006592,Daniel Smith,Automotive,570.84,8,4566.72,3.7,United Kingdom,2024-11-08 19:36:48
TXN-0005819,Thomas Wilson,Books,1229.59,4,4918.36,2.1,United States,2023-04-23 16:09:19
TXN-0012353,Patricia Thompson,Apparel,657.8,8,5262.4,4.9,India,2023-05-16 14:38:05
TXN-0006351,Charles Perez,Apparel,236.38,1,236.38,1.3,Netherlands,2023-06-12 10:27:30
TXN-0006484,Daniel Thompson,Toys & Games,696.36,1,696.36,1.9,Canada,2024-05-09 12:05:15
TXN-0000672,Mary Wilson,Toys & Games,1215.53,2,2431.06,2.8,India,2023-07-06 00:00:00
TXN-0002707,Christopher Taylor,Beauty & Personal Care,334.9,8,2679.2,1.3,Japan,2023-08-11 04:40:31
TXN-0003720,John Wilson,Sports & Outdoors,579.6,5,2898.0,4.3,United Kingdom,2023-09-17 16:13:59
TXN-0006947,Sarah Thompson,Toys & Games,1139.78,6,6838.68,5.0,Brazil,2024-01-03 00:18:46
TXN-0007167,Barbara Thomas,Toys & Games,1364.54,8,10916.32,1.3,Japan,2024-10-22 21:58:01
TXN-0006158,Daniel Davis,Automotive,86.28,8,690.24,4.4,United Kingdom,2024-06-22 12:20:42
TXN-0000945,Charles Thompson,Electronics,749.4,2,1498.8,2.2,United Kingdom,2024-06-06 18:47:16
TXN-0006812,Jessica Taylor,Apparel,1270.75,3,3812.25,2.1,Netherlands,2024-08-02 11:44:23
TXN-0008562,Joseph Rodriguez,Electronics,506.69,8,4053.52,1.7,Canada,2023-09-27 14:50:23
TXN-0012407,Linda Gonzalez,Sports & Outdoors,48.97,5,244.85,1.5,Japan,2024-12-31 00:00:00
TXN-0006445,Christopher Martin,Automotive,451.83,7,3162.81,3.1,Germany,2024-09-17 17:00:35
TXN-0009651,Susan Jackson,Toys & Games,109.59,1,109.59,1.4,Brazil,2024-12-31 00:00:00
TXN-0004166,Richard Gonzalez,Electronics,1277.55,8,10220.4,2.1,France,2023-04-25 00:00:00
TXN-0011870,Susan Williams,Toys & Games,216.71,6,1300.26,3.3,United Kingdom,2023-12-03 13:46:40
TXN-0006235,Michael Taylor,Electronics,1231.16,1,1231.16,4.1,Canada,2024-01-04 11:36:32
TXN-0004413,Michael Anderson,Home & Kitchen,1344.07,5,6720.35,1.4,India,2024-11-23 08:03:56
TXN-0001953,William White,Beauty & Personal Care,1374.79,2,2749.58,4.3,France,2023-09-27 05:18:20
TXN-0008359,Elizabeth Johnson,Electronics,66.38,4,265.52,3.8,Australia,2024-06-27 20:48:42
TXN-0010949,Susan Jackson,Toys & Games,386.1,4,1544.4,2.3,Australia,2024-08-15 11:00:49
TXN-0002775,Robert Jones,Toys & Games,104.84,5,524.2,4.1,Brazil,2024-11-25 11:46:52
TXN-0006137,Michael Wilson,Apparel,830.51,5,4152.55,3.5,Japan,2023-08-18 00:00:00
TXN-0004847,Linda Martinez,Automotive,503.8,3,1511.4,4.2,France,2023-10-31 04:30:10
TXN-0005896,Christopher Martinez,Automotive,571.25,6,3427.5,3.3,United States,2024-04-26 00:00:00
TXN-0010982,William Jones,Electronics,81.79,1,81.79,4.9,United States,2024-02-23 13:45:17
TXN-0000998,Nancy Davis,Electronics,647.35,1,647.35,2.7,Australia,2023-08-13 20:02:56
TXN-0011416,Joseph Brown,Books,177.04,2,354.08,3.1,Brazil,2023-08-05 10:04:08
TXN-0008230,Christopher Taylor,Apparel,598.92,3,1796.76,2.0,United Kingdom,2023-11-23 06:24:34
TXN-0009744,Patricia Martinez,Beauty & Personal Care,1104.95,6,6629.7,2.1,United States,2024-05-20 00:00:00
TXN-0011882,Mary Hernandez,Automotive,684.23,3,2052.69,2.9,Netherlands,2023-04-13 02:47:25
TXN-0008977,Jennifer Williams,Books,793.3,1,793.3,2.6,United Kingdom,2024-07-31 14:23:42
TXN-0010646,Jennifer Wilson,Sports & Outdoors,828.65,7,5800.55,4.9,Canada,2023-01-22 07:14:02
TXN-0003258,Charles Wilson,Beauty & Personal Care,1283.33,8,10266.64,3.0,Brazil,2023-06-23 04:25:51
TXN-0006459,Nancy Perez,Automotive,1085.37,6,6512.22,2.2,United States,2023-04-30 21:18:24
TXN-0003759,David White,Electronics,102.0,4,408.0,3.0,France,2024-12-16 19:28:40
TXN-0011415,Barbara Jackson,Books,77.7,6,466.2,3.2,United States,2024-03-11 07:52:56
TXN-0001065,Karen Miller,Home & Kitchen,926.69,6,5560.14,3.7,Netherlands,2024-10-01 15:13:25
TXN-0003779,Jessica Jackson,Toys & Games,1093.23,1,1093.23,2.0,France,2024-05-07 04:40:53
TXN-0005782,Christopher Anderson,Toys & Games,1339.77,1,1339.77,3.5,Germany,2023-01-02 00:14:05
TXN-0009280,John Garcia,Sports & Outdoors,1268.6,5,6343.0,1.5,Brazil,2023-02-19 15:59:25
TXN-0005809,Robert Smith,Home & Kitchen,16.38,5,81.9,3.3,Japan,2024-12-16 16:26:01
TXN-0002649,David Thomas,Home & Kitchen,1187.12,2,2374.24,1.8,Canada,2023-04-16 00:53:58
TXN-0009963,Elizabeth Lopez,Apparel,979.99,8,7839.92,4.5,Australia,2023-05-14 04:56:08
TXN-0000661,Karen Lopez,Books,1156.65,4,4626.6,2.1,India,2023-05-31 00:00:00
TXN-0011602,Thomas Smith,Home & Kitchen,470.33,4,1881.32,3.1,India,2024-09-23 21:18:00
TXN-0007647,Patricia Smith,Beauty & Personal Care,509.25,7,3564.75,1.0,France,2024-04-07 14:44:05
TXN-0006529,Robert Thompson,Toys & Games,565.93,7,3961.51,1.3,Australia,2023-11-03 00:00:00
TXN-0004949,Jessica Miller,Books,1293.02,3,3879.06,2.4,Canada,2023-03-16 16:52:17
TXN-0000039,Linda Perez,Home & Kitchen,1171.27,7,8198.89,4.9,Australia,2024-08-05 03:16:31
TXN-0004692,Thomas Williams,Sports & Outdoors,805.87,3,2417.61,4.8,United States,2024-08-07 08:36:44
TXN-0009224,Sarah Williams,Beauty & Personal Care,1496.34,5,7481.7,3.4,Brazil,2024-06-09 16:08:47
TXN-0001066,Lisa White,Beauty & Personal Care,230.01,8,1840.08,4.7,United States,2024-01-23 22:20:31
TXN-0006708,Charles Perez,Home & Kitchen,578.83,4,2315.32,3.8,United Kingdom,2024-06-18 06:30:16
TXN-0006146,Elizabeth Wilson,Toys & Games,904.57,8,7236.56,1.3,Canada,2024-01-30 19:42:02
TXN-0005913,Barbara Anderson,Toys & Games,122.37,1,122.37,1.1,Japan,2024-11-20 02:21:41
TXN-0011264,David Lee,Home & Kitchen,402.33,2,804.66,1.9,Brazil,2024-08-01 02:35:01
TXN-0001083,Linda Lee,Books,294.77,4,1179.08,3.9,France,2024-09-18 21:23:09
TXN-0002399,Christopher Wilson,Home & Kitchen,337.08,5,1685.4,2.1,France,2023-12-21 00:00:00
TXN-0001215,Christopher Johnson,Electronics,209.63,7,1467.41,4.5,Germany,2023-06-21 01:00:12
TXN-0011795,William Gonzalez,Toys & Games,1346.82,3,4040.46,4.0,United States,2024-01-29 14:31:39
TXN-0001554,Sarah Lee,Electronics,880.56,8,7044.48,1.7,France,2023-12-17 20:46:54
TXN-0000420,Richard Miller,Automotive,1076.6,2,2153.2,4.0,Germany,2023-02-06 02:49:46
TXN-0006467,William Lopez,Apparel,1043.34,2,2086.68,2.8,Australia,2023-10-30 12:27:50
TXN-0007729,Christopher Johnson,Toys & Games,577.78,4,2311.12,1.5,Canada,2023-04-28 13:40:58
TXN-0009234,Mary Williams,Electronics,900.98,8,7207.84,1.4,United Kingdom,2023-04-17 08:07:47
TXN-0006068,Jennifer Martinez,Apparel,350.3,8,2802.4,1.4,United Kingdom,2023-10-27 01:59:26
TXN-0005723,Linda Smith,Toys & Games,912.52,2,1825.04,3.4,Brazil,2023-10-17 18:39:49
TXN-0011654,Daniel Johnson,Sports & Outdoors,90.1,4,360.4,4.2,Australia,2024-01-22 10:37:06
TXN-0004348,Richard Brown,Automotive,849.12,8,6792.96,1.8,United States,2024-01-22 15:58:12
TXN-0009322,Robert Hernandez,Automotive,298.82,7,2091.74,1.9,India,2023-10-18 05:11:54
TXN-0008366,Elizabeth Martinez,Apparel,1369.96,1,1369.96,3.0,United States,2023-03-21 22:43:31
TXN-0004821,Richard Thomas,Electronics,1020.36,5,5101.8,2.5,Canada,2023-01-30 01:19:00
TXN-0000185,Barbara Taylor,Books,1477.77,3,4433.31,1.9,Canada,2024-01-19 17:14:11
TXN-0004929,Thomas Smith,Sports & Outdoors,1054.62,4,4218.48,1.2,France,2023-09-05 10:22:43
TXN-0003426,Charles Taylor,Books,1138.58,8,9108.64,2.5,United States,2023-08-24 16:22:02
TXN-0001878,Nancy Williams,Apparel,573.47,2,1146.94,2.2,Germany,2023-11-10 00:00:00
TXN-0004252,Mary Garcia,Home & Kitchen,790.68,6,4744.08,1.7,Brazil,2023-03-19 12:32:48
TXN-0010477,Richard Williams,Toys & Games,693.31,2,1386.62,1.4,United States,2023-01-23 02:24:55
TXN-0005267,Richard Lee,Books,399.6,7,2797.2,3.2,United Kingdom,2023-11-15 00:00:00
TXN-0002241,Joseph Thomas,Beauty & Personal Care,94.6,8,756.8,2.0,United States,2023-09-17 01:36:19
TXN-0006600,Robert Johnson,Automotive,1052.95,5,5264.75,4.3,Japan,2023-10-28 00:00:00
TXN-0000431,Joseph Davis,Beauty & Personal Care,822.19,4,3288.76,4.1,Netherlands,2023-05-31 07:03:31
TXN-0009992,Joseph Martin,Toys & Games,484.48,1,484.48,2.9,Brazil,2024-07-06 14:14:38
TXN-0010542,David Thompson,Beauty & Personal Care,1423.62,4,5694.48,3.5,Brazil,2024-01-03 10:12:59
TXN-0002050,Susan Williams,Beauty & Personal Care,706.97,2,1413.94,4.6,United States,2024-03-04 03:37:02
TXN-0005854,Richard Davis,Sports & Outdoors,414.24,8,3313.92,3.7,Canada,2023-12-09 18:47:16
TXN-0000883,Karen Jones,Sports & Outdoors,1156.26,5,5781.3,4.3,United States,2024-08-31 06:34:07
TXN-0002189,Sarah Garcia,Home & Kitchen,1192.63,8,9541.04,3.2,Australia,2023-06-02 11:17:00
TXN-0004113,Joseph Williams,Books,426.3,7,2984.1,2.9,Japan,2023-07-20 23:42:13
TXN-0006833,Christopher Wilson,Books,313.12,1,313.12,3.5,United Kingdom,2023-09-12 00:00:00
TXN-0002635,Patricia Anderson,Apparel,1291.56,5,6457.8,1.0,Netherlands,2023-11-04 03:00:23
TXN-0010349,Sarah White,Apparel,773.3,2,1546.6,3.8,Japan,2024-12-26 06:26:59
TXN-0011823,Robert Taylor,Apparel,1226.93,4,4907.72,3.7,Netherlands,2023-01-10 13:43:08
TXN-0003181,Susan Johnson,Electronics,926.05,3,2778.15,4.7,France,2023-07-28 04:48:19
TXN-0001861,Susan Thompson,Toys & Games,384.37,1,384.37,1.8,Netherlands,2024-11-03 00:00:00
TXN-0004144,Joseph Rodriguez,Beauty & Personal Care,769.11,2,1538.22,4.6,Germany,2024-07-12 12:10:09
TXN-0000767,Robert Moore,Electronics,273.16,3,819.48,3.0,Netherlands,2024-12-23 14:33:04
TXN-0002823,Elizabeth Hernandez,Electronics,1083.05,3,3249.15,4.7,Australia,2023-04-08 02:57:53
TXN-0001459,Jennifer Gonzalez,Sports & Outdoors,555.28,1,555.28,2.7,United Kingdom,2023-08-21 00:00:00
TXN-0011884,William Anderson,Toys & Games,918.81,5,4594.05,2.5,Germany,2023-04-26 22:08:26
TXN-0010554,David White,Sports & Outdoors,252.82,2,505.64,1.1,United Kingdom,2023-03-08 18:33:34
TXN-0005235,Robert Davis,Electronics,744.61,6,4467.66,3.6,Germany,2024-12-27 20:13:36
TXN-0003474,Thomas Moore,Books,413.79,5,2068.95,2.4,India,2024-04-15 20:56:58
TXN-0003084,Sarah Moore,Electronics,11.71,6,70.26,1.3,India,2023-02-02 02:23:58
TXN-0003392,Sarah Thompson,Apparel,827.86,6,4967.16,4.0,Australia,2023-10-04 13:38:21
TXN-0011747,Thomas White,Toys & Games,1007.4,2,2014.8,1.2,United Kingdom,2023-04-03 08:28:42
TXN-0001244,Nancy Miller,Beauty & Personal Care,908.75,8,7270.0,2.9,Brazil,2024-12-28 04:04:46
TXN-0000766,Karen Perez,Electronics,384.22,7,2689.54,2.2,United States,2023-11-03 13:40:54
TXN-0006365,Karen Williams,Beauty & Personal Care,1369.59,2,2739.18,1.0,India,2024-05-13 01:29:19
TXN-0004231,Lisa Wilson,Beauty & Personal Care,1453.08,6,8718.48,3.0,Japan,2024-12-01 05:18:00
TXN-0002697,Christopher Smith,Apparel,973.81,7,6816.67,1.4,Netherlands,2023-04-24 13:49:46
TXN-0010941,Charles Garcia,Electronics,931.47,1,931.47,2.9,Netherlands,2024-11-28 21:54:42
TXN-0012339,John Hernandez,Toys & Games,986.48,6,5918.88,1.4,India,2024-05-01 00:00:00
TXN-0009021,Robert Jackson,Home & Kitchen,698.24,1,698.24,3.2,India,2023-06-28 17:01:29
TXN-0011996,Joseph Jones,Apparel,521.94,5,2609.7,2.6,France,2023-05-30 00:00:00
TXN-0001541,Daniel Gonzalez,Home & Kitchen,1321.68,1,1321.68,3.1,Japan,2024-03-22 23:26:15
TXN-0011712,Karen Hernandez,Electronics,206.45,4,825.8,1.4,Netherlands,2024-08-25 21:06:11
TXN-0006963,Thomas Moore,Electronics,869.29,5,4346.45,2.9,Australia,2023-05-21 00:00:00
TXN-0001596,Robert Moore,Apparel,1181.43,6,7088.58,4.4,Germany,2024-08-18 05:47:33
TXN-0000536,Lisa Brown,Beauty & Personal Care,1055.31,7,7387.17,4.5,India,2023-05-10 13:33:03
TXN-0010617,Patricia Lee,Automotive,223.68,3,671.04,5.0,United Kingdom,2023-07-07 23:40:59
TXN-0010440,Joseph Hernandez,Toys & Games,574.22,2,1148.44,2.2,United Kingdom,2024-07-16 18:51:56
TXN-0000789,James Gonzalez,Home & Kitchen,261.74,8,2093.92,2.8,United States,2023-11-11 15:27:16
TXN-0000691,Robert Smith,Beauty & Personal Care,713.5,5,3567.5,4.9,France,2024-08-08 18:35:31
TXN-0001882,Mary Thomas,Books,733.82,4,2935.28,2.3,United Kingdom,2023-10-21 03:00:02
TXN-0008305,Karen Martin,Beauty & Personal Care,241.65,4,966.6,1.4,Germany,2024-05-17 09:03:26
TXN-0004866,Jessica Thompson,Sports & Outdoors,1222.64,2,2445.28,4.1,Japan,2024-01-08 04:58:17
TXN-0002121,Karen Perez,Toys & Games,1028.11,2,2056.22,3.4,Brazil,2024-11-10 14:21:41
TXN-0002035,Patricia Martinez,Beauty & Personal Care,324.17,1,324.17,2.8,France,2023-11-17 12:20:22
TXN-0011438,Susan Garcia,Sports & Outdoors,198.82,8,1590.56,4.4,Australia,2024-08-12 12:22:43
TXN-0009674,Michael Lee,Sports & Outdoors,282.43,8,2259.44,1.2,Canada,2024-05-04 01:58:42
TXN-0012197,Robert Davis,Beauty & Personal Care,1188.27,4,4753.08,4.1,Canada,2024-08-19 16:17:34
TXN-0008267,Michael Martinez,Books,639.22,5,3196.1,1.3,Australia,2023-08-12 11:49:58
TXN-0008545,Barbara White,Sports & Outdoors,351.95,5,1759.75,1.5,Australia,2023-03-26 13:28:01
TXN-0002607,Susan Lee,Electronics,1296.27,4,5185.08,2.0,United Kingdom,2024-09-20 02:03:34
TXN-0011286,Mary Rodriguez,Sports & Outdoors,232.41,1,232.41,3.5,United Kingdom,2024-08-18 17:29:54
TXN-0007373,Patricia Smith,Toys & Games,51.12,3,153.36,4.5,India,2024-04-28 00:00:00
TXN-0011875,Thomas Thompson,Automotive,569.68,3,1709.04,4.6,Australia,2023-09-21 15:25:54
TXN-0005561,John Williams,Apparel,658.75,7,4611.25,3.5,Australia,2023-09-20 00:00:00
TXN-0004745,Patricia Smith,Beauty & Personal Care,149.81,1,149.81,1.1,Germany,2024-11-29 04:08:18
TXN-0006384,Sarah Williams,Home & Kitchen,995.65,6,5973.9,1.9,Australia,2023-01-03 11:52:19
TXN-0004061,Linda Anderson,Electronics,547.42,6,3284.52,1.9,Brazil,2023-10-29 00:00:00
TXN-0004281,John Lee,Beauty & Personal Care,1333.57,7,9334.99,1.9,Japan,2023-01-13 00:00:00
TXN-0010811,Susan Thomas,Beauty & Personal Care,33.87,2,67.74,3.9,United Kingdom,2024-02-14 12:19:49
TXN-0004530,Daniel Smith,Automotive,852.33,3,2556.99,3.4,Canada,2024-09-16 20:28:41
TXN-0001571,David Davis,Books,1458.65,4,5834.6,4.3,Australia,2024-02-07 02:06:03
TXN-0007136,Susan Johnson,Books,632.64,3,1897.92,2.8,Australia,2023-01-09 06:48:58
TXN-0011872,Robert Thompson,Electronics,1284.0,3,3852.0,2.5,Brazil,2023-09-02 19:19:15
TXN-0009692,Jessica Jackson,Electronics,1493.78,5,7468.9,2.3,Brazil,2023-07-09 01:10:17
TXN-0011109,Michael White,Beauty & Personal Care,1495.19,1,1495.19,1.7,United Kingdom,2024-08-31 20:56:44
TXN-0008629,Richard Thomas,Electronics,489.84,2,979.68,4.4,United Kingdom,2024-01-04 19:47:28
TXN-0000852,William Brown,Automotive,545.4,1,545.4,4.5,India,2023-06-24 00:00:00
TXN-0007265,Susan Johnson,Electronics,758.42,5,3792.1,4.4,Brazil,2024-05-27 17:06:57
TXN-0002718,Sarah Hernandez,Home & Kitchen,1228.54,1,1228.54,4.5,United Kingdom,2024-08-17 00:00:00
TXN-0004870,William Jackson,Automotive,50.32,6,301.92,1.9,India,2023-08-19 15:25:14
TXN-0007980,Jessica Lopez,Sports & Outdoors,996.04,1,996.04,2.0,Canada,2023-07-25 05:13:48
TXN-0004089,Charles Lee,Electronics,611.42,6,3668.52,3.0,Australia,2023-08-11 22:06:43
TXN-0001190,John Taylor,Automotive,769.0,4,3076.0,1.8,Canada,2024-03-19 00:23:27
TXN-0006451,Patricia Thompson,Books,351.0,1,351.0,1.4,Brazil,2023-12-23 20:37:00
TXN-0008222,Karen Williams,Electronics,88.81,7,621.67,2.0,Canada,2024-03-28 15:53:19
TXN-0000958,Patricia Jones,Beauty & Personal Care,1299.45,1,1299.45,4.4,Netherlands,2024-07-05 03:40:13
TXN-0005094,Nancy Jones,Toys & Games,91.63,7,641.41,4.8,Japan,2023-11-25 18:19:26
TXN-0010589,Susan Brown,Books,8.1,1,8.1,3.8,Brazil,2023-11-14 13:37:36
TXN-0005648,David Rodriguez,Home & Kitchen,1460.05,5,7300.25,4.8,Brazil,2024-04-06 13:21:37
TXN-0007766,Lisa Williams,Toys & Games,231.82,1,231.82,2.1,Brazil,2023-05-07 20:34:42
TXN-0006503,John Hernandez,Books,248.38,4,993.52,1.8,United States,2023-10-28 21:18:11
TXN-0002882,Susan Gonzalez,Home & Kitchen,1316.63,4,5266.52,4.9,Canada,2024-01-01 10:10:09
TXN-0011234,John Gonzalez,Electronics,1408.66,3,4225.98,1.8,India,2024-08-21 15:27:41
TXN-0002244,John Lee,Toys & Games,218.09,2,436.18,1.1,India,2024-10-01 17:31:40
TXN-0006890,James Moore,Automotive,223.1,7,1561.7,4.3,India,2023-11-26 02:20:23
TXN-0008494,Sarah Gonzalez,Home & Kitchen,67.09,6,402.54,2.3,Australia,2023-03-13 18:06:34
TXN-0008740,Michael Miller,Home & Kitchen,270.77,5,1353.85,2.9,France,2024-05-24 15:13:28
TXN-0006478,Elizabeth Lee,Sports & Outdoors,1178.79,5,5893.95,4.1,Canada,2023-06-09 10:00:43
TXN-0011155,James Anderson,Books,962.99,6,5777.94,1.4,Japan,2024-11-26 17:24:22
TXN-0003050,Michael Perez,Home & Kitchen,615.34,8,4922.72,2.0,United States,2024-09-16 01:09:16
TXN-0002815,Barbara Lopez,Sports & Outdoors,1432.07,5,7160.35,3.5,Australia,2023-12-02 01:40:17
TXN-0004239,Barbara Gonzalez,Books,558.83,7,3911.81,4.2,United Kingdom,2023-12-23 02:45:39
TXN-0000361,Charles Johnson,Apparel,133.13,6,798.78,4.2,Canada,2023-11-18 13:16:13
TXN-0006260,Patricia Thompson,Electronics,1134.65,4,4538.6,1.9,France,2023-10-10 09:23:52
TXN-0009109,Mary Johnson,Electronics,675.35,2,1350.7,2.0,United Kingdom,2023-04-18 03:12:20
TXN-0006097,Karen Davis,Electronics,863.02,4,3452.08,1.1,Brazil,2024-03-15 12:45:13
TXN-0007090,Daniel Perez,Sports & Outdoors,1256.83,7,8797.81,3.6,United States,2024-09-29 17:26:59
TXN-0011762,Karen Miller,Toys & Games,260.69,1,260.69,4.4,Canada,2024-11-11 16:20:31
TXN-0000486,Jessica Brown,Sports & Outdoors,577.1,4,2308.4,3.7,Canada,2023-06-28 14:12:30
TXN-0002444,Richard Smith,Electronics,1345.72,5,6728.6,2.2,United States,2024-05-21 17:05:06
TXN-0005004,Jessica Gonzalez,Books,629.78,7,4408.46,3.5,Brazil,2023-03-12 10:25:25
TXN-0009794,Susan Martinez,Sports & Outdoors,1080.42,8,8643.36,1.0,United Kingdom,2024-08-21 00:41:36
TXN-0009553,Charles Moore,Apparel,136.04,7,952.28,4.8,Australia,2024-11-06 18:59:08
TXN-0000961,Christopher Hernandez,Toys & Games,942.32,7,6596.24,2.0,United Kingdom,2023-04-03 06:38:23
TXN-0009972,Barbara Williams,Electronics,551.02,7,3857.14,4.7,Japan,2024-12-09 14:47:40
TXN-0005502,William White,Sports & Outdoors,751.93,5,3759.65,4.1,United Kingdom,2024-08-21 10:07:02
TXN-0011601,Thomas Williams,Apparel,1499.46,1,1499.46,2.1,Netherlands,2024-07-22 00:00:00
TXN-0011788,Charles Gonzalez,Books,1259.7,7,8817.9,2.8,United Kingdom,2023-03-17 12:01:17
TXN-0011473,Christopher Thomas,Home & Kitchen,591.78,7,4142.46,1.4,Netherlands,2024-11-21 15:14:55
TXN-0000367,Charles Taylor,Toys & Games,624.59,3,1873.77,3.3,Canada,2024-03-28 13:53:17
TXN-0008521,Elizabeth Wilson,Sports & Outdoors,90.87,8,726.96,2.1,Germany,2024-04-06 23:22:09
TXN-0009424,Mary Taylor,Home & Kitchen,1266.06,7,8862.42,3.4,India,2024-01-06 13:25:29
TXN-0010931,Lisa White,Sports & Outdoors,1495.16,6,8970.96,1.2,Australia,2023-07-24 11:43:30
TXN-0008157,Charles Gonzalez,Books,618.59,1,618.59,1.5,Canada,2023-05-21 07:19:28
TXN-0004539,Daniel Jackson,Toys & Games,84.24,6,505.44,4.4,Japan,2023-07-30 08:55:31
TXN-0009144,Charles Jackson,Automotive,181.08,6,1086.48,1.9,France,2024-09-21 04:25:56
TXN-0003112,Linda Gonzalez,Beauty & Personal Care,68.85,4,275.4,1.6,United States,2024-03-13 00:00:00
TXN-0008200,William Thomas,Automotive,1373.15,3,4119.45,1.9,Canada,2024-07-20 19:20:12
TXN-0012115,David Thompson,Electronics,1070.54,6,6423.24,3.3,Germany,2023-03-29 10:14:50
TXN-0000220,Elizabeth Jackson,Books,918.38,7,6428.66,4.3,United Kingdom,2024-02-05 05:31:39
TXN-0003416,Daniel Hernandez,Apparel,473.0,2,946.0,4.3,Germany,2024-07-06 17:09:47
TXN-0007041,Charles Davis,Automotive,1241.09,3,3723.27,2.8,Canada,2024-06-18 17:36:37
TXN-0011979,Thomas Thomas,Apparel,984.02,8,7872.16,1.9,India,2024-10-03 22:26:15
TXN-0007799,Richard Garcia,Apparel,1143.47,2,2286.94,3.1,France,2023-05-26 15:19:23
TXN-0001392,Christopher Martin,Automotive,992.33,5,4961.65,4.3,Germany,2024-02-25 09:48:28
TXN-0001644,Patricia Davis,Toys & Games,1089.95,3,3269.85,3.2,Brazil,2023-06-05 00:00:00
TXN-0006152,Mary Gonzalez,Electronics,373.55,8,2988.4,3.0,Brazil,2023-12-04 15:34:30
TXN-0005144,Linda Lee,Automotive,720.42,6,4322.52,2.0,India,2023-04-15 03:10:29
TXN-0001535,Michael Davis,Automotive,1493.78,1,1493.78,4.5,United States,2024-10-10 20:50:40
TXN-0006333,Richard Martin,Home & Kitchen,1078.5,7,7549.5,2.1,Brazil,2024-08-17 04:56:28
TXN-0007834,James Martin,Automotive,682.1,2,1364.2,3.3,Brazil,2024-09-21 19:43:38
TXN-0000530,Nancy Thomas,Apparel,428.28,7,2997.96,3.6,Netherlands,2023-03-27 00:00:00
TXN-0002166,Patricia Moore,Beauty & Personal Care,1476.45,4,5905.8,1.1,Japan,2024-12-19 19:43:09
TXN-0000401,Susan Brown,Home & Kitchen,175.45,2,350.9,3.0,France,2024-04-18 00:36:59
TXN-0008481,Nancy Brown,Home & Kitchen,1499.27,4,5997.08,3.8,India,2024-03-21 19:12:44
TXN-0003194,James Davis,Books,993.81,8,7950.48,3.8,France,2023-03-18 22:32:34
TXN-0006129,Daniel Moore,Apparel,1284.48,8,10275.84,4.0,France,2024-01-31 07:02:14
TXN-0000692,Charles Perez,Apparel,1094.17,8,8753.36,2.4,Netherlands,2023-03-29 05:42:53
TXN-0007886,Nancy Taylor,Beauty & Personal Care,886.67,8,7093.36,4.7,Australia,2024-11-24 03:21:57
TXN-0007404,David Perez,Apparel,1014.29,5,5071.45,2.0,India,2023-01-30 01:26:58
TXN-0006335,Christopher Miller,Automotive,1060.55,3,3181.65,2.9,United States,2023-06-25 09:16:27
TXN-0001268,William Miller,Apparel,392.73,8,3141.84,2.1,France,2024-01-16 12:07:50
TXN-0005084,Mary Smith,Home & Kitchen,1252.78,8,10022.24,4.8,United Kingdom,2023-03-27 21:40:07
TXN-0009893,Daniel Rodriguez,Electronics,1365.64,8,10925.12,2.2,Canada,2024-04-21 10:10:42
TXN-0011808,Jessica Wilson,Home & Kitchen,741.58,2,1483.16,4.0,Japan,2024-02-08 01:08:37
TXN-0008512,Daniel Taylor,Toys & Games,162.78,1,162.78,1.9,Netherlands,2023-11-01 15:33:13
TXN-0010883,Mary Hernandez,Beauty & Personal Care,664.29,3,1992.87,4.7,Germany,2024-03-21 00:00:00
TXN-0008827,John Thompson,Sports & Outdoors,1342.78,2,2685.56,1.0,Canada,2024-04-23 00:56:21
TXN-0012323,Thomas Brown,Beauty & Personal Care,1061.32,4,4245.28,4.4,United Kingdom,2023-02-09 09:41:59
TXN-0001648,John Rodriguez,Apparel,1148.53,6,6891.18,1.5,Canada,2024-08-17 23:16:15
TXN-0006873,Jessica Rodriguez,Toys & Games,205.85,8,1646.8,4.1,India,2024-09-23 02:37:49
TXN-0006761,Jennifer White,Home & Kitchen,878.78,7,6151.46,3.4,United States,2024-12-09 23:51:45
TXN-0011327,Karen Hernandez,Toys & Games,160.99,6,965.94,1.3,Australia,2023-10-22 10:14:52
TXN-0011276,Joseph Thompson,Apparel,1365.51,6,8193.06,2.3,Brazil,2023-03-04 20:36:19
TXN-0000664,John Davis,Automotive,871.74,7,6102.18,1.8,Netherlands,2024-06-09 17:26:45
TXN-0002076,Daniel Davis,Automotive,61.26,7,428.82,4.9,Germany,2024-03-14 21:13:35
TXN-0007245,James Martin,Apparel,349.61,8,2796.88,2.8,Netherlands,2023-10-13 15:17:56
TXN-0011779,Linda Taylor,Beauty & Personal Care,252.71,8,2021.68,2.3,France,2024-01-26 00:00:00
TXN-0000522,William Thomas,Sports & Outdoors,543.84,1,543.84,4.5,Germany,2023-06-19 03:52:01
TXN-0006672,David Hernandez,Beauty & Personal Care,475.81,2,951.62,4.9,Canada,2023-07-12 17:45:19
TXN-0007864,Barbara Gonzalez,Sports & Outdoors,1193.86,4,4775.44,1.3,Canada,2023-08-19 00:00:00
TXN-0000354,Mary Martinez,Electronics,395.39,2,790.78,1.3,Australia,2023-05-13 02:59:26
TXN-0007732,Joseph Jackson,Beauty & Personal Care,892.88,6,5357.28,4.7,France,2023-12-23 00:15:36
TXN-0011761,Joseph Hernandez,Electronics,46.18,4,184.72,4.3,Australia,2023-11-24 07:44:54
TXN-0011507,John Wilson,Toys & Games,437.94,8,3503.52,3.1,Australia,2024-06-12 06:48:30
TXN-0002135,Lisa Martinez,Home & Kitchen,655.84,3,1967.52,1.9,Netherlands,2024-05-26 11:24:15
TXN-0007094,Susan Wilson,Home & Kitchen,1454.3,4,5817.2,4.0,France,2024-03-10 00:00:00
TXN-0006172,Charles Williams,Home & Kitchen,529.84,1,529.84,1.4,Brazil,2023-07-24 01:30:59
TXN-0001952,Richard Jones,Toys & Games,269.65,3,808.95,3.4,France,2024-01-06 21:45:57
TXN-0003387,Karen Rodriguez,Toys & Games,1294.68,7,9062.76,2.6,Netherlands,2024-04-14 14:29:14
TXN-0000808,Susan Lopez,Books,1131.04,7,7917.28,4.1,United Kingdom,2023-04-18 04:24:02
TXN-0006250,Lisa Lee,Beauty & Personal Care,428.4,2,856.8,2.8,France,2023-01-14 17:42:22
TXN-0008058,William Rodriguez,Apparel,1192.59,4,4770.36,2.0,Australia,2024-02-18 12:56:27
TXN-0004570,Sarah Anderson,Books,749.54,2,1499.08,4.3,Brazil,2024-02-21 04:20:57
TXN-0006789,Barbara Jackson,Apparel,109.81,8,878.48,1.4,France,2023-11-01 00:38:06
TXN-0012490,Christopher Rodriguez,Books,1332.7,7,9328.9,1.9,Brazil,2023-06-17 15:22:03
TXN-0006542,Richard Lopez,Books,112.88,8,903.04,3.2,Brazil,2023-09-15 03:15:21
TXN-0000412,Nancy Perez,Toys & Games,1259.35,1,1259.35,1.0,United Kingdom,2024-12-26 17:56:44
TXN-0010946,Elizabeth Smith,Apparel,690.24,6,4141.44,2.8,Brazil,2023-11-27 00:41:27
TXN-0005574,Jessica White,Home & Kitchen,301.16,3,903.48,4.3,India,2024-12-11 00:00:00
TXN-0012369,James White,Electronics,1215.39,5,6076.95,4.5,Germany,2023-10-31 22:51:10
TXN-0009318,Sarah Thompson,Electronics,397.46,3,1192.38,4.7,United Kingdom,2023-07-27 03:42:24
TXN-0001750,Susan Gonzalez,Electronics,935.22,1,935.22,5.0,Japan,2024-01-03 08:56:26
TXN-0011992,Susan Davis,Sports & Outdoors,869.44,5,4347.2,1.5,France,2024-05-20 00:00:00
TXN-0004364,William Brown,Beauty & Personal Care,113.23,1,113.23,3.3,Australia,2023-10-01 01:46:55
TXN-0000429,Linda White,Toys & Games,768.83,5,3844.15,3.8,Germany,2023-02-06 11:46:06
TXN-0000405,Patricia Garcia,Electronics,543.52,6,3261.12,2.7,France,2023-04-01 00:00:00
TXN-0000742,Christopher Garcia,Sports & Outdoors,358.01,4,1432.04,1.5,Netherlands,2023-05-30 00:00:00
TXN-0003515,Michael Williams,Apparel,226.2,3,678.6,4.8,Australia,2023-09-22 05:50:21
TXN-0000696,Barbara Martinez,Automotive,135.96,8,1087.68,4.0,Brazil,2023-11-19 19:31:39
TXN-0003722,Richard Martin,Apparel,997.1,5,4985.5,1.0,United Kingdom,2024-10-11 18:06:53
TXN-0007856,Linda Johnson,Electronics,437.53,3,1312.59,3.5,United States,2023-10-19 00:00:00
TXN-0001938,David Lee,Books,886.5,1,886.5,4.1,Canada,2023-08-03 15:47:26
TXN-0007393,James Martin,Toys & Games,690.75,2,1381.5,4.2,United Kingdom,2024-01-04 19:55:34
TXN-0008215,Nancy Martinez,Sports & Outdoors,822.0,1,822.0,2.8,Canada,2024-10-05 18:33:51
TXN-0005553,Christopher Miller,Home & Kitchen,327.21,3,981.63,2.9,Netherlands,2024-03-15 22:10:54
TXN-0010290,Thomas Taylor,Automotive,734.8,8,5878.4,1.8,India,2023-06-25 03:29:29
TXN-0003057,Richard Anderson,Automotive,1287.27,1,1287.27,2.6,Japan,2023-06-24 07:52:39
TXN-0012178,Linda Gonzalez,Beauty & Personal Care,1228.21,5,6141.05,2.0,India,2024-05-19 00:00:00
TXN-0009207,William Perez,Sports & Outdoors,614.55,1,614.55,3.9,United States,2024-09-29 19:44:43
TXN-0006876,Nancy Perez,Automotive,381.37,6,2288.22,1.9,United States,2023-12-07 04:44:33
TXN-0001651,John Williams,Apparel,516.44,4,2065.76,2.9,United Kingdom,2024-12-19 05:54:58
TXN-0002878,Barbara Rodriguez,Home & Kitchen,1086.38,5,5431.9,2.3,Germany,2023-03-14 20:51:26
TXN-0003215,Michael Jones,Books,765.54,2,1531.08,3.1,Australia,2023-01-06 05:08:54
TXN-0005579,Mary Gonzalez,Apparel,959.73,6,5758.38,1.4,Germany,2024-02-23 13:59:39
TXN-0002886,Patricia Lee,Sports & Outdoors,406.34,5,2031.7,4.0,France,2024-03-05 07:56:56
TXN-0004044,Elizabeth Gonzalez,Automotive,1124.17,4,4496.68,2.7,United States,2023-04-22 06:25:30
TXN-0003059,Lisa White,Automotive,1369.05,8,10952.4,4.6,Australia,2023-07-25 01:49:26
TXN-0005191,Mary Smith,Toys & Games,1419.15,6,8514.9,1.8,United States,2023-06-06 11:30:26
TXN-0004031,Michael Jackson,Beauty & Personal Care,312.11,1,312.11,3.1,Australia,2024-07-22 05:42:17
TXN-0002366,John Lopez,Books,535.17,6,3211.02,1.4,Australia,2023-06-13 00:30:58
TXN-0010034,William Gonzalez,Home & Kitchen,118.0,3,354.0,4.3,France,2024-03-10 13:48:13
TXN-0012354,Daniel Wilson,Electronics,988.59,4,3954.36,4.3,Canada,2024-03-11 00:54:51
TXN-0000250,James Miller,Automotive,95.37,8,762.96,3.6,Australia,2023-01-13 05:15:41
TXN-0004834,Thomas White,Electronics,324.74,5,1623.7,1.4,France,2023-05-02 18:17:36
TXN-0000469,Richard Jones,Home & Kitchen,307.51,7,2152.57,4.3,United States,2024-04-15 00:00:00
TXN-0012205,Susan Brown,Home & Kitchen,310.42,4,1241.68,3.3,Germany,2023-04-22 00:00:00
TXN-0001726,Jessica Miller,Apparel,967.82,4,3871.28,1.2,Japan,2023-11-12 20:26:53
TXN-0004288,Nancy Jones,Books,1165.02,2,2330.04,1.8,Germany,2023-04-10 22:58:10
TXN-0012031,Robert Thomas,Toys & Games,175.52,1,175.52,1.8,Australia,2023-01-22 00:00:00
TXN-0002072,Patricia Jackson,Home & Kitchen,1264.04,6,7584.24,2.9,Australia,2023-10-21 16:57:52
TXN-0004688,Richard Taylor,Toys & Games,1031.41,3,3094.23,2.8,Brazil,2023-07-17 00:06:38
TXN-0006626,John Wilson,Home & Kitchen,1018.43,2,2036.86,2.6,Australia,2024-04-23 08:51:40
TXN-0006928,Michael Miller,Sports & Outdoors,1025.15,1,1025.15,3.0,Australia,2023-02-24 00:00:00
TXN-0007451,Nancy Williams,Electronics,985.36,7,6897.52,3.0,India,2023-05-17 16:15:27
TXN-0010207,Patricia Anderson,Home & Kitchen,437.47,4,1749.88,2.0,United States,2024-10-26 00:00:00
TXN-0001155,Lisa Davis,Home & Kitchen,1093.6,7,7655.2,4.0,United Kingdom,2023-11-23 06:24:51
TXN-0009679,Richard Jones,Automotive,310.88,3,932.64,3.8,Canada,2023-06-02 00:00:00
TXN-0002279,Sarah Thompson,Beauty & Personal Care,749.15,7,5244.05,2.7,United States,2023-09-10 12:20:46
TXN-0002378,William Garcia,Electronics,1277.37,3,3832.11,4.2,Canada,2023-07-10 19:52:45
TXN-0008988,Charles Johnson,Automotive,248.19,7,1737.33,3.4,Brazil,2023-03-19 07:35:14
TXN-0010541,Nancy Wilson,Toys & Games,1145.56,7,8018.92,4.6,Japan,2024-01-30 06:43:23
TXN-0010221,Thomas Hernandez,Home & Kitchen,770.26,3,2310.78,1.4,Japan,2024-10-11 01:32:54
TXN-0006633,John Thompson,Toys & Games,562.2,5,2811.0,1.8,Netherlands,2023-07-10 01:31:17
TXN-0010045,Charles Smith,Books,310.48,8,2483.84,1.5,United States,2024-04-18 05:34:48
TXN-0002442,James Martinez,Home & Kitchen,385.94,3,1157.82,1.2,Germany,2024-11-04 08:48:46
TXN-0001776,Thomas Garcia,Beauty & Personal Care,48.59,4,194.36,3.3,Japan,2023-12-16 05:57:28
TXN-0004298,Nancy Hernandez,Home & Kitchen,483.49,1,483.49,1.4,United States,2024-03-12 12:39:46
TXN-0011016,Lisa Johnson,Toys & Games,1239.52,5,6197.6,4.4,Canada,2024-12-07 22:48:49
TXN-0002062,Nancy Williams,Beauty & Personal Care,645.04,5,3225.2,1.3,Canada,2024-03-15 19:13:32
TXN-0006312,Richard Lopez,Home & Kitchen,1392.7,7,9748.9,2.9,United Kingdom,2024-05-12 12:01:08
TXN-0004931,Charles Taylor,Home & Kitchen,1498.86,7,10492.02,4.9,India,2024-12-10 00:55:50
TXN-0007707,Mary Davis,Electronics,584.24,2,1168.48,3.6,United States,2024-11-13 22:16:37
TXN-0012004,Karen Thompson,Toys & Games,458.89,7,3212.23,3.2,Brazil,2024-01-06 22:35:06
TXN-0003346,Jessica Miller,Electronics,1165.04,4,4660.16,4.0,United Kingdom,2024-06-03 18:40:50
TXN-0008804,Robert Davis,Beauty & Personal Care,1283.6,3,3850.8,1.6,Germany,2023-06-23 00:59:09
TXN-0000236,Elizabeth Davis,Beauty & Personal Care,898.89,6,5393.34,1.9,Netherlands,2024-11-11 14:38:20
TXN-0009765,Lisa Gonzalez,Beauty & Personal Care,1232.42,6,7394.52,3.6,United States,2023-04-12 17:23:06
TXN-0006083,John Rodriguez,Apparel,1078.26,8,8626.08,1.3,Japan,2023-06-07 15:50:37
TXN-0009011,Karen Garcia,Sports & Outdoors,304.8,6,1828.8,4.7,Japan,2023-09-23 06:23:15
TXN-0004006,Charles Johnson,Books,1459.76,7,10218.32,4.0,Australia,2024-10-11 00:00:00
TXN-0007283,James Lopez,Toys & Games,1177.22,8,9417.76,2.8,Japan,2023-01-10 18:12:08
TXN-0007081,Patricia Brown,Apparel,485.7,7,3399.9,1.3,France,2024-11-14 09:56:09
TXN-0010953,Robert Hernandez,Toys & Games,979.52,5,4897.6,1.3,Japan,2024-01-07 14:03:53
TXN-0002113,Mary Davis,Beauty & Personal Care,626.81,1,626.81,3.7,Brazil,2024-11-22 22:44:53
TXN-0004237,Daniel Hernandez,Books,371.87,1,371.87,3.1,Netherlands,2023-10-14 14:31:45
TXN-0008143,Linda Martin,Automotive,421.15,5,2105.75,1.9,United Kingdom,2023-11-29 03:55:00
TXN-0011423,Sarah Hernandez,Electronics,375.54,5,1877.7,2.5,Australia,2023-05-13 06:44:44
TXN-0005612,Joseph Lee,Books,906.49,7,6345.43,3.5,Netherlands,2024-04-13 09:34:53
TXN-0010331,Elizabeth Moore,Toys & Games,164.69,2,329.38,2.0,Germany,2023-06-06 21:52:22
TXN-0000894,Elizabeth Jackson,Books,1076.57,8,8612.56,2.1,Brazil,2023-01-06 18:45:11
TXN-0006871,David Thompson,Books,1475.71,6,8854.26,4.4,India,2024-03-26 21:51:34
TXN-0009028,Susan Davis,Home & Kitchen,428.42,6,2570.52,2.9,United Kingdom,2024-08-18 06:11:36
TXN-0007080,David Thomas,Toys & Games,589.68,4,2358.72,2.7,Japan,2024-08-27 00:00:00
TXN-0005609,Lisa Smith,Sports & Outdoors,557.95,8,4463.6,1.9,Australia,2023-08-11 12:11:29
TXN-0007126,Jessica Lopez,Books,1373.25,1,1373.25,2.1,Japan,2024-08-25 13:07:14
TXN-0007783,John Lopez,Sports & Outdoors,111.54,2,223.08,2.0,Japan,2024-03-31 11:16:19
TXN-0004098,Richard Jackson,Books,956.16,1,956.16,3.2,Netherlands,2023-08-03 00:00:00
TXN-0007193,William Jackson,Apparel,183.57,6,1101.42,1.4,Germany,2023-01-07 04:54:56
TXN-0006974,Jessica Johnson,Sports & Outdoors,870.25,7,6091.75,2.0,Canada,2024-09-20 23:13:09
TXN-0010899,James Martinez,Automotive,1065.81,6,6394.86,1.4,India,2023-05-12 08:31:26
TXN-0007347,Daniel Garcia,Home & Kitchen,558.31,3,1674.93,3.3,Brazil,2023-07-07 00:00:00
TXN-0003106,Linda Johnson,Home & Kitchen,1384.81,1,1384.81,4.6,France,2024-06-11 05:11:17
TXN-0004264,Jennifer Taylor,Toys & Games,896.25,7,6273.75,1.7,Japan,2023-03-08 15:33:05
TXN-0008243,Lisa Gonzalez,Home & Kitchen,979.5,1,979.5,1.3,Australia,2023-11-16 00:00:00
TXN-0009538,Robert Anderson,Apparel,1046.14,6,6276.84,4.1,India,2023-08-09 12:47:32
TXN-0010988,John Martinez,Toys & Games,356.59,4,1426.36,4.8,India,2023-02-02 04:03:50
TXN-0002611,Susan Davis,Books,215.27,3,645.81,4.4,Brazil,2023-04-08 00:00:00
TXN-0002709,Linda Jackson,Apparel,1056.04,2,2112.08,1.8,Germany,2023-07-21 16:17:04
TXN-0009803,Lisa Martinez,Toys & Games,172.9,6,1037.4,3.1,United States,2023-05-11 09:12:26
TXN-0010991,David Brown,Toys & Games,388.87,7,2722.09,3.3,United States,2023-03-30 00:49:30
TXN-0005508,Linda Thompson,Electronics,306.74,8,2453.92,3.6,Canada,2023-02-26 21:00:50
TXN-0008722,William Davis,Toys & Games,1417.92,5,7089.6,3.2,Brazil,2023-01-27 10:50:56
TXN-0009549,Charles White,Sports & Outdoors,1079.03,1,1079.03,3.5,France,2024-07-11 01:07:40
TXN-0003806,Robert Miller,Beauty & Personal Care,558.8,4,2235.2,4.3,Brazil,2024-02-02 00:00:00
TXN-0005331,Patricia Williams,Automotive,1447.78,7,10134.46,2.5,Canada,2023-06-14 19:21:09
TXN-0010891,Linda Perez,Home & Kitchen,1036.48,4,4145.92,4.2,Netherlands,2024-12-15 21:55:22
TXN-0001581,Sarah Lopez,Books,39.32,6,235.92,4.0,United Kingdom,2023-05-14 11:22:23
TXN-0000299,Nancy Johnson,Electronics,941.14,8,7529.12,1.1,Canada,2024-12-22 21:53:04
TXN-0009380,John Jones,Toys & Games,1204.37,4,4817.48,4.0,Netherlands,2023-04-05 21:16:24
TXN-0003632,Linda Gonzalez,Toys & Games,1168.76,4,4675.04,4.5,United States,2024-06-03 00:42:13
TXN-0008912,Jessica Taylor,Home & Kitchen,1107.83,2,2215.66,1.4,Germany,2023-03-27 05:19:50
TXN-0005431,Susan Davis,Apparel,895.66,8,7165.28,4.8,Germany,2023-06-12 21:47:04
TXN-0004128,Richard Garcia,Beauty & Personal Care,1029.38,5,5146.9,4.5,Germany,2023-03-15 15:04:20
TXN-0008000,Daniel Taylor,Apparel,697.26,2,1394.52,2.8,India,2023-09-19 00:23:42
TXN-0011776,Patricia Gonzalez,Books,116.3,6,697.8,2.4,France,2023-03-04 00:00:00
TXN-0006521,Thomas Taylor,Apparel,216.33,5,1081.65,3.5,Germany,2024-04-29 20:30:41
TXN-0012434,Jennifer Gonzalez,Beauty & Personal Care,1433.5,4,5734.0,1.2,United States,2023-07-16 00:00:00
TXN-0001988,Jessica Taylor,Sports & Outdoors,1076.4,4,4305.6,3.6,United Kingdom,2024-03-18 22:42:54
TXN-0006799,James Williams,Sports & Outdoors,1093.12,3,3279.36,1.0,Japan,2024-07-12 04:35:40
TXN-0005839,Nancy Miller,Electronics,851.58,1,851.58,3.3,India,2023-03-01 00:30:40
TXN-0003560,Patricia Hernandez,Sports & Outdoors,1450.69,5,7253.45,2.1,Brazil,2024-08-05 01:31:33
TXN-0011661,Thomas Davis,Electronics,611.66,6,3669.96,4.0,Canada,2024-01-08 18:36:06
TXN-0007502,Jennifer Miller,Sports & Outdoors,1110.64,1,1110.64,4.7,Netherlands,2023-06-21 00:08:26
TXN-0009801,Linda Brown,Toys & Games,859.54,6,5157.24,3.1,France,2023-07-18 07:28:14
TXN-0004678,Linda Davis,Electronics,1176.21,7,8233.47,4.0,Netherlands,2023-05-25 00:00:00
TXN-0001054,Joseph Lee,Apparel,1457.66,8,11661.28,1.2,Canada,2024-10-29 04:58:52
TXN-0004663,Richard Martin,Books,1096.63,8,8773.04,3.5,United Kingdom,2024-12-05 09:09:43
TXN-0010405,Mary Taylor,Beauty & Personal Care,686.58,8,5492.64,2.4,Canada,2023-03-03 17:01:00
TXN-0010488,Charles Moore,Toys & Games,1251.05,5,6255.25,4.9,India,2024-03-30 10:28:08
TXN-0010198,Christopher White,Home & Kitchen,1218.29,4,4873.16,4.9,Netherlands,2024-04-17 04:33:00
TXN-0012346,Mary Thomas,Electronics,1126.35,4,4505.4,4.8,Canada,2024-04-24 10:43:04
TXN-0004793,David Wilson,Toys & Games,1026.44,2,2052.88,4.7,Australia,2023-07-26 00:00:00
TXN-0009841,Christopher Rodriguez,Sports & Outdoors,48.9,8,391.2,3.1,Germany,2023-03-17 00:00:00
TXN-0000995,Michael Brown,Books,65.18,7,456.26,2.7,France,2023-09-15 06:16:02
TXN-0000256,Daniel Jackson,Automotive,74.61,2,149.22,3.7,France,2023-08-06 18:31:54
TXN-0001559,William Wilson,Toys & Games,102.44,5,512.2,4.5,Canada,2024-05-31 06:56:57
TXN-0010238,Thomas Johnson,Toys & Games,1345.05,1,1345.05,2.1,Australia,2024-07-14 00:00:00
TXN-0009596,Christopher Wilson,Toys & Games,353.67,1,353.67,3.3,United States,2023-04-06 00:35:46
TXN-0008098,Jennifer Wilson,Apparel,1256.4,2,2512.8,4.6,France,2024-08-15 11:57:13
TXN-0008953,David Anderson,Automotive,984.78,7,6893.46,1.0,United Kingdom,2023-06-08 13:46:49
TXN-0002626,Daniel Wilson,Books,1397.17,6,8383.02,2.1,Brazil,2024-12-31 06:20:25
TXN-0006059,Charles Wilson,Sports & Outdoors,1427.1,8,11416.8,4.0,Australia,2023-10-21 18:17:03
TXN-0006480,William Moore,Automotive,105.12,4,420.48,2.2,Brazil,2023-05-10 21:13:11
TXN-0001461,Joseph White,Automotive,1428.8,8,11430.4,2.5,India,2023-09-11 05:17:06
TXN-0008809,Barbara Martinez,Sports & Outdoors,1281.68,6,7690.08,1.2,Netherlands,2023-07-14 00:24:38
TXN-0011164,Linda Moore,Sports & Outdoors,334.26,7,2339.82,2.3,France,2023-04-25 08:34:38
TXN-0005864,Barbara Hernandez,Apparel,545.14,8,4361.12,3.2,Netherlands,2024-09-08 15:38:59
TXN-0010431,Christopher Lee,Home & Kitchen,1335.19,6,8011.14,1.3,Brazil,2023-01-08 02:49:50
TXN-0000632,Linda Gonzalez,Toys & Games,397.62,7,2783.34,1.0,India,2024-12-21 04:40:50
TXN-0011061,Karen Moore,Sports & Outdoors,1126.64,8,9013.12,4.5,Brazil,2024-06-26 22:36:23
TXN-0009436,Jessica Martinez,Toys & Games,918.52,2,1837.04,2.7,Canada,2023-08-30 15:03:12
TXN-0001916,Barbara Lee,Apparel,1475.18,3,4425.54,2.2,Australia,2023-04-06 20:27:09
TXN-0003965,Christopher Thompson,Sports & Outdoors,1203.95,2,2407.9,2.8,India,2024-06-03 01:53:28
TXN-0006671,Charles Lopez,Books,1362.03,3,4086.09,2.3,Australia,2023-09-05 14:35:41
TXN-0001489,Daniel Brown,Home & Kitchen,284.64,6,1707.84,4.0,Germany,2023-06-26 20:55:31
TXN-0010001,Sarah White,Toys & Games,957.82,2,1915.64,3.6,India,2024-10-28 00:00:00
TXN-0004592,Robert Miller,Electronics,237.7,4,950.8,2.0,France,2023-06-22 10:43:29
TXN-0008782,Elizabeth Gonzalez,Beauty & Personal Care,323.41,8,2587.28,4.9,Brazil,2024-12-31 00:00:00
TXN-0005145,Patricia Martinez,Beauty & Personal Care,1329.49,8,10635.92,2.1,Canada,2024-11-13 00:00:00
TXN-0009157,Robert Lopez,Beauty & Personal Care,199.49,2,398.98,4.6,Brazil,2024-05-25 12:29:53
TXN-0002846,Patricia Johnson,Automotive,687.84,7,4814.88,2.0,United States,2024-03-11 10:52:29
TXN-0007914,William Martinez,Sports & Outdoors,369.04,3,1107.12,2.3,Canada,2024-05-18 22:29:50
TXN-0005504,Robert Lee,Home & Kitchen,354.35,7,2480.45,2.3,France,2024-10-23 02:34:52
TXN-0008911,Barbara Thompson,Toys & Games,174.21,8,1393.68,4.7,United Kingdom,2024-12-31 14:42:05
TXN-0001173,Nancy Williams,Home & Kitchen,1407.86,4,5631.44,3.0,France,2024-07-25 01:28:06
TXN-0006334,Daniel Martinez,Home & Kitchen,125.32,4,501.28,2.1,United Kingdom,2023-10-22 19:51:33
TXN-0009570,James Jones,Beauty & Personal Care,1374.97,3,4124.91,2.0,Germany,2023-08-28 08:27:23
TXN-0004020,Karen Thomas,Toys & Games,503.9,5,2519.5,2.7,Germany,2023-08-31 00:00:00
TXN-0008723,Linda Thompson,Sports & Outdoors,1197.95,4,4791.8,2.3,United Kingdom,2023-09-04 03:43:21
TXN-0004831,Richard Johnson,Sports & Outdoors,406.67,6,2440.02,1.0,United Kingdom,2023-09-30 22:42:30
TXN-0011413,Thomas Perez,Books,440.24,3,1320.72,3.5,United Kingdom,2023-09-20 00:26:58
TXN-0001553,Thomas Anderson,Home & Kitchen,275.94,5,1379.7,3.8,Brazil,2023-10-29 12:09:51
TXN-0001617,Mary Jackson,Sports & Outdoors,164.21,3,492.63,3.2,France,2024-10-17 22:24:03
TXN-0009013,Patricia Perez,Home & Kitchen,11.15,1,11.15,4.4,Netherlands,2024-12-06 22:06:34
TXN-0005248,Charles Garcia,Home & Kitchen,864.18,6,5185.08,2.5,United Kingdom,2024-06-20 00:00:00
TXN-0000246,James Rodriguez,Toys & Games,232.86,6,1397.16,1.9,France,2024-03-18 13:38:46
TXN-0010178,Barbara Martin,Beauty & Personal Care,491.05,3,1473.15,4.6,Japan,2024-12-31 00:00:00
TXN-0004883,John Martin,Apparel,1347.78,2,2695.56,4.6,Brazil,2024-06-11 21:33:05
TXN-0002462,Lisa White,Home & Kitchen,1343.32,8,10746.56,2.0,Australia,2024-07-11 22:19:44
TXN-0008174,Michael White,Beauty & Personal Care,592.88,5,2964.4,4.5,United States,2023-07-08 22:18:21
TXN-0004388,James Johnson,Beauty & Personal Care,269.74,1,269.74,2.9,Japan,2024-05-06 06:29:40
TXN-0001120,Patricia Garcia,Automotive,1279.58,4,5118.32,1.7,France,2024-06-13 00:00:00
TXN-0004717,Jennifer Taylor,Toys & Games,551.14,6,3306.84,3.1,United Kingdom,2024-08-04 09:00:40
TXN-0004740,John Taylor,Automotive,696.67,2,1393.34,3.9,France,2024-06-21 21:13:02
TXN-0001608,William Johnson,Electronics,331.95,6,1991.7,1.1,Brazil,2023-11-10 08:08:44
TXN-0010409,Robert White,Electronics,862.88,8,6903.04,1.1,India,2024-11-20 06:23:10
TXN-0002639,Charles Smith,Home & Kitchen,1165.23,4,4660.92,3.3,Japan,2023-07-31 08:28:22
TXN-0002246,Joseph Rodriguez,Sports & Outdoors,613.56,3,1840.68,4.3,Germany,2024-08-12 23:31:40
TXN-0010402,William White,Automotive,758.34,7,5308.38,1.9,United Kingdom,2024-02-27 00:00:00
TXN-0005073,Nancy Rodriguez,Books,48.69,6,292.14,2.5,Canada,2023-01-08 05:58:36
TXN-0011192,Linda Johnson,Sports & Outdoors,972.16,4,3888.64,4.5,Australia,2024-06-24 21:41:43
TXN-0004183,Sarah Jones,Home & Kitchen,1275.0,6,7650.0,4.6,United Kingdom,2023-05-08 20:27:27
TXN-0012084,Robert Davis,Beauty & Personal Care,1287.94,3,3863.82,3.6,Germany,2024-02-25 06:11:40
TXN-0000082,Susan Anderson,Automotive,53.8,5,269.0,3.8,France,2024-06-30 00:38:16
TXN-0002165,Elizabeth Perez,Books,894.53,8,7156.24,2.0,Netherlands,2024-10-25 19:05:35
TXN-0005010,Michael Brown,Books,874.37,5,4371.85,1.4,Australia,2024-07-26 02:47:32
TXN-0008198,Lisa Smith,Toys & Games,693.57,1,693.57,3.8,France,2023-10-15 19:41:52
TXN-0005791,Jennifer Perez,Electronics,1165.19,3,3495.57,4.3,Canada,2024-05-19 00:00:00
TXN-0006513,Jennifer Williams,Automotive,516.93,7,3618.51,4.9,Brazil,2024-05-12 02:35:50
TXN-0010558,John Rodriguez,Automotive,1272.93,5,6364.65,4.6,Brazil,2023-02-19 16:35:07
TXN-0011947,James Lee,Sports & Outdoors,24.54,4,98.16,1.8,France,2024-07-25 14:14:39
TXN-0010743,Jessica Rodriguez,Books,285.78,8,2286.24,3.0,Brazil,2024-01-03 13:28:19
TXN-0003674,Linda Johnson,Apparel,269.07,5,1345.35,2.6,France,2024-02-15 08:36:35
TXN-0009944,Lisa Gonzalez,Automotive,1320.65,3,3961.95,3.0,France,2024-10-07 00:00:00
TXN-0003232,Susan Martin,Toys & Games,709.51,5,3547.55,1.0,Brazil,2023-06-10 06:28:50
TXN-0006520,Joseph Moore,Books,460.72,7,3225.04,2.1,Canada,2023-09-17 07:24:54
TXN-0006877,Susan Jackson,Toys & Games,1074.32,3,3222.96,4.4,India,2024-11-20 19:33:03
TXN-0012327,Nancy Martin,Electronics,489.06,7,3423.42,1.1,Australia,2023-03-27 01:26:35
TXN-0001100,Elizabeth Smith,Electronics,430.13,7,3010.91,1.1,India,2024-02-19 08:32:44
TXN-0007142,Sarah Wilson,Apparel,1032.51,8,8260.08,3.9,Brazil,2024-01-16 05:43:18
TXN-0007194,Christopher Moore,Home & Kitchen,771.28,2,1542.56,5.0,India,2023-09-14 07:04:19
TXN-0006829,Karen Williams,Beauty & Personal Care,239.06,3,717.18,3.4,Australia,2024-04-19 21:07:33
TXN-0006577,Mary Rodriguez,Beauty & Personal Care,706.81,7,4947.67,3.1,Australia,2024-09-13 17:00:29
TXN-0009116,Joseph Williams,Electronics,597.84,5,2989.2,2.8,Brazil,2023-07-12 04:42:39
TXN-0009598,Linda Thompson,Sports & Outdoors,911.91,2,1823.82,4.1,India,2024-03-20 00:00:00
TXN-0006013,Charles Perez,Automotive,1382.04,7,9674.28,3.5,Brazil,2023-02-27 19:03:56
TXN-0001439,Michael Williams,Sports & Outdoors,1123.04,3,3369.12,3.6,Netherlands,2024-07-28 00:00:00
TXN-0003393,Charles Wilson,Electronics,1379.41,3,4138.23,4.1,Germany,2023-07-02 16:35:26
TXN-0004143,Lisa Perez,Electronics,1300.13,1,1300.13,2.2,United Kingdom,2024-04-04 00:00:00
TXN-0002670,Patricia Thompson,Home & Kitchen,523.81,1,523.81,4.3,Germany,2024-08-24 10:03:36
TXN-0011381,Patricia Thomas,Home & Kitchen,1342.9,3,4028.7,1.9,Brazil,2024-07-26 00:00:00
TXN-0007643,Daniel Anderson,Apparel,1372.75,4,5491.0,1.5,Japan,2024-02-19 02:20:20
TXN-0005335,Michael Thompson,Sports & Outdoors,132.3,2,264.6,2.1,Germany,2024-08-12 00:00:00
TXN-0002671,Christopher Taylor,Apparel,1188.36,7,8318.52,2.2,United States,2024-05-11 18:11:56
TXN-0006889,Lisa Moore,Home & Kitchen,82.94,1,82.94,2.8,India,2023-04-20 07:22:43
TXN-0000033,Linda Lopez,Sports & Outdoors,660.09,5,3300.45,3.4,United Kingdom,2024-09-18 21:26:00
TXN-0002321,Jennifer Davis,Toys & Games,234.49,5,1172.45,2.7,United States,2024-07-27 08:02:04
TXN-0004812,Christopher Jones,Apparel,1215.7,2,2431.4,3.2,India,2023-10-10 13:19:35
TXN-0004835,James Taylor,Toys & Games,481.94,2,963.88,1.1,Australia,2023-11-17 22:40:31
TXN-0002713,James Gonzalez,Beauty & Personal Care,1051.99,7,7363.93,2.2,United Kingdom,2023-12-01 19:57:42
TXN-0002500,Mary Garcia,Books,1272.11,2,2544.22,3.2,India,2023-07-09 19:12:45
TXN-0003396,Thomas Wilson,Automotive,151.91,4,607.64,3.0,France,2023-03-10 00:00:00
TXN-0005563,Sarah Williams,Books,186.62,6,1119.72,1.1,France,2023-06-06 15:41:28
TXN-0007637,Karen Davis,Home & Kitchen,1426.93,7,9988.51,3.6,Germany,2024-03-27 00:00:00
TXN-0009469,Susan Martinez,Beauty & Personal Care,354.51,5,1772.55,5.0,Germany,2023-05-06 22:38:39
TXN-0012287,John White,Home & Kitchen,677.68,4,2710.72,2.2,France,2023-05-03 05:14:09
TXN-0005365,Jennifer Brown,Automotive,495.67,1,495.67,1.5,India,2024-08-26 19:16:34
TXN-0002590,James Jones,Beauty & Personal Care,1373.33,5,6866.65,1.7,Japan,2024-12-16 00:00:00
TXN-0002650,Patricia Jackson,Sports & Outdoors,1494.56,5,7472.8,4.6,United States,2024-06-03 15:11:33
TXN-0009817,Jennifer Lopez,Books,739.84,5,3699.2,2.3,India,2024-09-25 01:12:42
TXN-0005842,Mary White,Electronics,792.38,6,4754.28,2.8,United Kingdom,2024-12-11 23:05:58
TXN-0005745,Mary Jones,Beauty & Personal Care,362.67,8,2901.36,1.0,Germany,2023-10-30 00:00:00
TXN-0004291,John White,Beauty & Personal Care,1130.57,8,9044.56,2.7,Japan,2024-12-05 15:18:20
TXN-0002251,Daniel Lopez,Beauty & Personal Care,576.49,3,1729.47,1.4,Canada,2024-03-22 14:15:48
TXN-0004727,Nancy Rodriguez,Apparel,850.84,7,5955.88,1.5,Netherlands,2024-02-07 00:00:00
TXN-0005915,Elizabeth Taylor,Home & Kitchen,88.86,7,622.02,4.9,France,2024-05-13 18:28:06
TXN-0011774,Karen Miller,Sports & Outdoors,526.9,4,2107.6,2.5,France,2023-03-07 20:55:02
TXN-0009961,Elizabeth Johnson,Sports & Outdoors,912.52,2,1825.04,5.0,India,2023-03-28 03:35:56
TXN-0002284,Daniel Gonzalez,Beauty & Personal Care,1429.29,3,4287.87,2.1,Japan,2023-03-01 11:42:40
TXN-0002915,Linda Taylor,Sports & Outdoors,370.52,7,2593.64,4.4,Netherlands,2024-11-05 00:00:00
TXN-0007329,Robert Martin,Home & Kitchen,157.19,2,314.38,1.4,India,2023-03-26 20:22:22
TXN-0009411,David Johnson,Home & Kitchen,1113.74,3,3341.22,1.8,France,2023-08-02 16:20:23
TXN-0004240,Robert Davis,Toys & Games,357.75,3,1073.25,2.9,Brazil,2023-06-29 04:29:02
TXN-0003725,Charles Taylor,Home & Kitchen,665.04,6,3990.24,1.4,United States,2023-05-28 11:43:41
TXN-0005479,James Gonzalez,Automotive,441.62,1,441.62,3.4,India,2023-12-25 19:21:46
TXN-0009763,Jennifer White,Toys & Games,852.61,2,1705.22,1.6,Brazil,2023-03-12 03:52:31
TXN-0005781,Michael Jackson,Home & Kitchen,1348.15,2,2696.3,4.0,France,2023-02-28 14:43:11
TXN-0011781,James Davis,Home & Kitchen,234.34,1,234.34,2.5,France,2023-06-21 11:08:42
TXN-0001936,Richard Brown,Electronics,764.35,8,6114.8,3.9,United States,2023-04-05 00:00:00
TXN-0011383,Jessica Johnson,Apparel,571.71,6,3430.26,2.1,United Kingdom,2024-11-28 00:00:00
TXN-0008618,William Wilson,Sports & Outdoors,347.13,3,1041.39,1.6,Japan,2023-08-28 00:00:00
TXN-0002392,Jessica Martin,Books,453.17,3,1359.51,1.2,United Kingdom,2023-05-12 00:47:51
TXN-0004975,Linda Lopez,Beauty & Personal Care,758.71,8,6069.68,4.4,Brazil,2023-04-26 08:24:19
TXN-0009951,Richard Hernandez,Beauty & Personal Care,695.91,8,5567.28,1.3,Japan,2024-07-04 14:07:49
TXN-0001502,Karen Jones,Sports & Outdoors,200.26,3,600.78,2.5,Australia,2024-12-31 00:00:00
TXN-0000667,Barbara Jones,Automotive,949.87,5,4749.35,1.8,Germany,2023-04-09 19:23:57
TXN-0004142,Christopher Smith,Sports & Outdoors,643.35,1,643.35,2.5,Brazil,2024-08-24 06:58:00
TXN-0009791,Sarah Thomas,Beauty & Personal Care,1076.86,3,3230.58,4.8,Brazil,2024-01-15 07:13:52
TXN-0000480,Karen Lee,Sports & Outdoors,90.91,3,272.73,3.6,Netherlands,2023-12-07 23:01:55
TXN-0006058,William Moore,Books,571.15,3,1713.45,1.4,Germany,2023-04-27 14:17:33
TXN-0005449,Sarah Garcia,Books,294.57,8,2356.56,4.9,Japan,2023-09-14 11:26:04
TXN-0012429,Karen Brown,Sports & Outdoors,778.52,4,3114.08,1.7,Netherlands,2024-09-01 00:30:47
TXN-0007230,Richard Davis,Sports & Outdoors,518.8,7,3631.6,2.1,United States,2024-01-30 01:40:06
TXN-0008403,Jennifer Rodriguez,Home & Kitchen,1311.95,1,1311.95,2.2,Brazil,2024-03-31 20:54:43
TXN-0000991,Barbara Brown,Electronics,1335.84,3,4007.52,2.6,Australia,2023-01-07 00:00:00
TXN-0009733,Mary Rodriguez,Home & Kitchen,713.08,3,2139.24,3.5,Australia,2023-07-25 16:32:31
TXN-0005895,Sarah Smith,Automotive,654.88,7,4584.16,4.7,Germany,2024-11-22 22:39:13
TXN-0012015,Richard Anderson,Apparel,96.89,6,581.34,1.2,Brazil,2023-08-07 10:28:16
TXN-0004674,John White,Beauty & Personal Care,1075.99,4,4303.96,2.1,United States,2023-01-02 03:24:09
TXN-0000547,Linda Wilson,Sports & Outdoors,226.28,6,1357.68,1.3,Japan,2024-03-19 20:25:28
TXN-0003385,John Lee,Electronics,1156.96,8,9255.68,4.9,Australia,2023-01-25 01:27:06
TXN-0004135,Richard Anderson,Books,317.96,7,2225.72,1.8,Japan,2023-01-13 18:34:49
TXN-0008010,John Perez,Apparel,238.38,7,1668.66,1.4,United Kingdom,2024-03-05 12:45:55
TXN-0011834,John Anderson,Apparel,386.59,3,1159.77,2.0,France,2024-05-28 04:23:47
TXN-0000962,Elizabeth Thompson,Apparel,1164.9,2,2329.8,4.1,Japan,2024-11-02 18:49:33
TXN-0008776,Mary Garcia,Automotive,1423.42,1,1423.42,4.2,Germany,2024-10-24 20:16:04
TXN-0010114,Susan Williams,Home & Kitchen,1341.69,7,9391.83,2.2,Australia,2024-10-01 12:28:51
TXN-0009772,Charles Taylor,Automotive,18.11,2,36.22,3.0,Netherlands,2023-11-28 00:00:00
TXN-0006491,David Brown,Apparel,556.88,2,1113.76,3.5,Netherlands,2024-06-07 11:08:25
TXN-0007984,Michael Brown,Beauty & Personal Care,650.77,8,5206.16,2.8,Australia,2024-09-13 06:09:56
TXN-0007164,Elizabeth Thomas,Beauty & Personal Care,1208.6,2,2417.2,4.6,United States,2024-03-03 16:56:42
TXN-0007709,Nancy Thomas,Sports & Outdoors,212.36,7,1486.52,2.9,India,2023-06-14 12:21:12
TXN-0004806,Richard Thompson,Apparel,792.65,3,2377.95,2.7,Brazil,2023-12-29 22:53:14
TXN-0011818,Patricia Martin,Toys & Games,799.47,3,2398.41,3.4,Japan,2023-04-24 12:37:58
TXN-0011429,Nancy Brown,Sports & Outdoors,1118.15,2,2236.3,4.3,Netherlands,2024-04-05 15:45:54
TXN-0004165,Jessica Miller,Automotive,1172.2,7,8205.4,2.6,France,2023-01-04 19:34:03
TXN-0000503,Christopher Hernandez,Toys & Games,859.6,2,1719.2,1.3,Netherlands,2023-09-24 21:38:36
TXN-0007716,Nancy Thompson,Electronics,368.05,1,368.05,4.2,Australia,2023-11-05 00:00:00
TXN-0001828,Michael Thomas,Beauty & Personal Care,871.47,4,3485.88,1.5,United Kingdom,2023-01-22 19:25:07
TXN-0002495,Jennifer Rodriguez,Sports & Outdoors,317.74,6,1906.44,2.2,Canada,2024-03-16 12:46:15
TXN-0006211,William Jackson,Apparel,808.93,6,4853.58,3.9,United Kingdom,2023-01-27 08:47:27
TXN-0009302,Linda Thompson,Apparel,1220.31,6,7321.86,2.9,United Kingdom,2023-03-03 17:56:15
TXN-0008949,Joseph Jones,Home & Kitchen,339.07,5,1695.35,2.9,Canada,2024-10-14 00:00:00
TXN-0005615,Michael Moore,Toys & Games,158.23,7,1107.61,2.4,Brazil,2024-07-30 00:00:00
TXN-0007145,Mary White,Books,250.33,7,1752.31,2.2,United Kingdom,2023-05-19 00:00:00
TXN-0003454,Nancy Taylor,Books,125.05,6,750.3,1.1,Germany,2023-05-09 03:27:57
TXN-0009958,Richard Johnson,Automotive,967.41,8,7739.28,1.3,Germany,2024-12-18 00:00:00
TXN-0009994,William Martinez,Toys & Games,133.07,4,532.28,2.5,France,2024-11-11 20:53:34
TXN-0007863,Sarah Moore,Home & Kitchen,1423.23,2,2846.46,2.1,Germany,2024-11-09 00:00:00
TXN-0011729,Lisa Jackson,Sports & Outdoors,1220.73,8,9765.84,4.6,Canada,2023-07-20 23:18:58
TXN-0008906,Karen Martin,Beauty & Personal Care,1315.73,8,10525.84,1.6,Japan,2023-10-13 03:07:29
TXN-0006726,William Smith,Electronics,491.1,4,1964.4,3.1,Brazil,2024-09-19 16:07:02
TXN-0003277,Nancy Smith,Toys & Games,689.58,1,689.58,2.7,Canada,2024-12-29 23:51:34
TXN-0000499,Jessica Martinez,Sports & Outdoors,1288.46,1,1288.46,2.6,Brazil,2024-06-20 08:39:28
TXN-0008343,Joseph Jackson,Home & Kitchen,1257.05,2,2514.1,3.8,United States,2023-03-26 15:20:54
TXN-0001767,David Lopez,Apparel,520.39,7,3642.73,1.4,Germany,2024-02-28 01:40:19
TXN-0002330,Lisa Taylor,Automotive,82.92,1,82.92,4.2,Netherlands,2024-02-06 13:48:39
TXN-0006971,Charles Davis,Beauty & Personal Care,552.5,8,4420.0,3.5,Australia,2023-05-27 16:33:44
TXN-0007459,Robert Gonzalez,Apparel,216.17,7,1513.19,4.0,India,2024-10-16 17:47:38
TXN-0004133,Sarah Hernandez,Toys & Games,1440.82,4,5763.28,2.2,France,2023-10-28 06:46:19
TXN-0009081,James Smith,Sports & Outdoors,337.8,2,675.6,3.2,Japan,2024-03-28 17:16:52
TXN-0001211,Charles Wilson,Automotive,193.64,8,1549.12,2.2,Brazil,2023-03-27 03:22:09
TXN-0004626,Charles Wilson,Home & Kitchen,909.28,1,909.28,3.3,France,2024-10-27 00:00:00
TXN-0011859,Lisa Taylor,Books,1443.83,5,7219.15,1.2,France,2024-12-10 12:53:45
TXN-0002457,Joseph Johnson,Books,1098.98,5,5494.9,4.4,France,2023-08-30 04:18:19
TXN-0005942,Michael Gonzalez,Beauty & Personal Care,1141.48,5,5707.4,2.9,Netherlands,2023-02-04 13:28:13
TXN-0001717,Robert Lopez,Toys & Games,160.62,5,803.1,1.3,Germany,2024-11-09 00:00:00
TXN-0008408,Sarah Gonzalez,Electronics,591.99,5,2959.95,2.0,Germany,2024-07-15 17:18:04
TXN-0001899,Nancy Garcia,Electronics,1492.05,4,5968.2,3.8,India,2023-10-24 07:29:14
TXN-0012358,Linda Rodriguez,Beauty & Personal Care,1495.86,3,4487.58,2.9,United Kingdom,2023-10-30 04:38:58
TXN-0004886,Thomas Martinez,Automotive,1270.99,4,5083.96,4.0,Australia,2023-07-19 20:42:05
TXN-0000044,William Garcia,Sports & Outdoors,167.06,7,1169.42,2.4,United States,2024-09-02 20:05:01
TXN-0011316,Christopher Wilson,Sports & Outdoors,620.29,7,4342.03,1.1,Australia,2024-05-25 03:17:42
TXN-0007660,Lisa Johnson,Apparel,842.8,3,2528.4,3.7,India,2023-10-27 06:22:25
TXN-0004932,Jessica Miller,Automotive,426.94,8,3415.52,4.1,Canada,2024-12-31 00:00:00
TXN-0002056,Barbara Moore,Apparel,272.06,6,1632.36,2.6,United Kingdom,2023-10-20 20:17:29
TXN-0002979,Thomas White,Toys & Games,573.1,3,1719.3,3.4,Australia,2023-05-10 13:21:32
TXN-0008281,Nancy Martin,Automotive,1336.04,2,2672.08,2.5,Japan,2023-02-06 18:51:37
TXN-0006014,Karen Hernandez,Automotive,1182.52,5,5912.6,2.8,Canada,2024-11-06 09:22:08
TXN-0002351,Barbara Wilson,Electronics,71.67,1,71.67,3.7,United Kingdom,2024-12-17 00:00:00
TXN-0004616,William Smith,Home & Kitchen,666.12,5,3330.6,2.6,Australia,2023-10-27 23:11:50
TXN-0006242,Susan Miller,Beauty & Personal Care,1382.6,1,1382.6,1.3,Australia,2023-02-21 13:29:06
TXN-0005161,Jennifer Martinez,Automotive,1460.62,3,4381.86,1.5,Netherlands,2024-01-19 17:29:01
TXN-0004855,James Martin,Sports & Outdoors,399.64,1,399.64,4.7,Australia,2024-02-22 22:46:58
TXN-0011666,Barbara Williams,Home & Kitchen,210.91,1,210.91,2.2,Netherlands,2023-06-18 03:04:51
TXN-0002181,William Moore,Books,221.46,6,1328.76,3.8,Netherlands,2024-12-31 00:00:00
TXN-0010582,Linda Lopez,Books,7.72,5,38.6,3.6,United States,2023-12-02 12:17:21
TXN-0008571,John Moore,Electronics,840.12,7,5880.84,2.7,Netherlands,2024-06-15 23:19:36
TXN-0002163,Joseph Johnson,Toys & Games,438.37,1,438.37,1.1,Japan,2024-02-27 19:41:03
TXN-0001874,Patricia Moore,Home & Kitchen,557.22,8,4457.76,4.6,Germany,2024-11-28 00:00:00
TXN-0002270,Mary Brown,Electronics,211.23,1,211.23,4.2,Brazil,2024-07-02 15:07:52
TXN-0003310,David Hernandez,Automotive,1213.46,8,9707.68,2.2,Canada,2024-05-25 00:00:00
TXN-0002071,David Martinez,Books,1430.95,6,8585.7,1.7,United States,2023-07-04 00:00:00
TXN-0007739,Christopher Wilson,Sports & Outdoors,1497.02,1,1497.02,2.3,United States,2024-08-16 21:04:50
TXN-0008480,Sarah Garcia,Toys & Games,1213.73,4,4854.92,4.4,Canada,2023-04-21 17:34:56
TXN-0006193,Jessica Perez,Apparel,279.48,5,1397.4,1.1,Brazil,2024-11-25 00:00:00
TXN-0006005,Lisa Perez,Sports & Outdoors,257.41,1,257.41,1.9,Germany,2024-10-15 00:31:11
TXN-0002752,Daniel Rodriguez,Apparel,446.33,5,2231.65,3.0,Germany,2024-11-21 01:52:14
TXN-0002225,Sarah White,Automotive,1269.56,2,2539.12,2.8,United Kingdom,2024-11-20 22:28:41
TXN-0002075,Richard Lopez,Toys & Games,389.11,6,2334.66,1.1,United States,2023-11-12 21:33:00
TXN-0010518,Christopher Smith,Toys & Games,458.27,2,916.54,2.4,United States,2024-04-02 20:30:18
TXN-0006784,Michael Martin,Automotive,1128.86,1,1128.86,2.3,Netherlands,2024-02-23 13:59:02
TXN-0011261,Lisa Thomas,Beauty & Personal Care,573.13,3,1719.39,5.0,United Kingdom,2024-07-08 16:02:49
TXN-0007520,Sarah Perez,Books,605.06,3,1815.18,3.3,Canada,2023-01-28 00:45:31
TXN-0009365,Lisa Thompson,Toys & Games,1397.81,3,4193.43,3.7,Brazil,2023-02-13 20:06:22
TXN-0006174,Lisa Johnson,Automotive,509.51,5,2547.55,1.7,United Kingdom,2023-06-24 00:00:00
TXN-0005466,Nancy Taylor,Beauty & Personal Care,1211.16,8,9689.28,3.1,United States,2024-05-12 18:46:29
TXN-0012258,Christopher Smith,Electronics,1322.75,8,10582.0,3.4,United Kingdom,2023-06-06 01:49:05
TXN-0001609,Elizabeth Lopez,Electronics,880.5,8,7044.0,4.0,Brazil,2023-12-03 15:18:50
TXN-0001187,William Rodriguez,Automotive,344.99,3,1034.97,1.6,United Kingdom,2024-04-24 23:24:35
TXN-0000658,Daniel Lee,Sports & Outdoors,1041.79,8,8334.32,3.8,Japan,2023-10-06 00:00:00
TXN-0012010,Sarah White,Books,1483.07,6,8898.42,3.8,United Kingdom,2024-06-15 08:22:30
TXN-0000160,Elizabeth Thomas,Books,1019.07,8,8152.56,2.8,Australia,2023-08-07 20:36:20
TXN-0004054,Thomas Jones,Beauty & Personal Care,912.45,2,1824.9,3.4,Japan,2023-03-05 07:43:15
TXN-0011148,Susan Brown,Beauty & Personal Care,502.02,6,3012.12,4.7,United Kingdom,2023-12-09 00:00:00
TXN-0003414,Daniel Thompson,Beauty & Personal Care,199.99,6,1199.94,1.7,Japan,2023-01-07 00:30:55
TXN-0000620,Karen Wilson,Apparel,766.58,8,6132.64,2.5,India,2023-06-25 08:06:56
TXN-0011037,Joseph Moore,Electronics,590.1,3,1770.3,3.8,Netherlands,2024-08-23 00:00:00
TXN-0001339,Thomas Thomas,Automotive,272.3,7,1906.1,3.7,United Kingdom,2023-03-15 10:52:29
TXN-0004124,Jennifer Thompson,Toys & Games,1403.61,5,7018.05,2.9,Netherlands,2024-07-15 20:01:02
TXN-0007138,Karen Lee,Beauty & Personal Care,664.05,2,1328.1,2.8,Germany,2024-08-02 12:23:35
TXN-0003135,Sarah Taylor,Home & Kitchen,1450.49,8,11603.92,3.8,Japan,2024-07-24 00:07:30
TXN-0009228,Richard Martin,Beauty & Personal Care,706.4,7,4944.8,3.0,Germany,2024-11-09 03:39:58
TXN-0005657,Joseph Wilson,Sports & Outdoors,111.51,5,557.55,1.7,India,2024-06-08 17:39:18
TXN-0011318,James Taylor,Electronics,1193.32,1,1193.32,2.1,France,2024-12-23 07:40:42
TXN-0005119,Sarah Anderson,Toys & Games,1178.42,5,5892.1,2.2,Canada,2023-06-23 21:00:28
TXN-0010426,Mary Davis,Toys & Games,641.08,6,3846.48,4.0,United Kingdom,2023-06-20 14:26:36
TXN-0005421,Elizabeth Thomas,Sports & Outdoors,1487.49,2,2974.98,2.8,France,2023-10-08 04:18:36
TXN-0011477,Linda Williams,Sports & Outdoors,1029.43,2,2058.86,4.9,Canada,2024-09-06 23:09:54
TXN-0009415,Sarah Garcia,Beauty & Personal Care,971.83,1,971.83,1.1,Germany,2023-07-26 11:08:38
TXN-0005048,Charles Thompson,Sports & Outdoors,1316.78,2,2633.56,5.0,United States,2023-08-21 00:00:00
TXN-0006898,Linda Smith,Electronics,1021.98,4,4087.92,4.5,France,2024-11-13 00:00:00
TXN-0007525,Linda Lee,Automotive,1261.64,7,8831.48,4.1,Canada,2023-04-25 14:49:22
TXN-0004982,Jessica Perez,Apparel,1243.21,1,1243.21,2.4,United States,2024-09-15 01:27:23
TXN-0003639,Sarah Davis,Sports & Outdoors,1050.54,3,3151.62,2.2,Brazil,2024-07-30 23:52:27
TXN-0006845,Sarah Perez,Apparel,174.75,2,349.5,1.5,United States,2024-12-19 04:01:12
TXN-0008097,Christopher Jones,Apparel,553.71,7,3875.97,2.0,Germany,2024-11-23 04:18:48
TXN-0005032,Daniel Williams,Home & Kitchen,1240.79,8,9926.32,4.4,United States,2023-03-20 05:44:42
TXN-0001264,William Martin,Books,616.83,1,616.83,2.2,Brazil,2024-03-11 09:35:03
TXN-0011338,Charles Martin,Toys & Games,249.92,1,249.92,2.7,Japan,2024-06-04 06:05:09
TXN-0003148,David Martinez,Electronics,1490.32,1,1490.32,3.7,Brazil,2024-03-31 06:36:44
TXN-0011863,Richard Garcia,Electronics,1313.97,3,3941.91,2.9,Germany,2023-02-09 04:52:52
TXN-0011273,John Lee,Sports & Outdoors,1459.42,1,1459.42,4.2,Netherlands,2024-09-03 00:00:00
TXN-0009824,Thomas Jackson,Electronics,880.71,7,6164.97,4.6,Canada,2023-05-14 21:13:25
TXN-0004244,Nancy Jackson,Sports & Outdoors,684.97,6,4109.82,3.7,France,2023-04-08 00:00:00
TXN-0002787,Sarah Smith,Beauty & Personal Care,1386.8,5,6934.0,1.5,United States,2023-12-09 00:00:00
TXN-0006630,Joseph Brown,Books,577.17,5,2885.85,4.3,United States,2024-01-14 17:42:04
TXN-0012298,Robert Thompson,Apparel,408.87,6,2453.22,2.4,Canada,2023-08-23 04:30:07
TXN-0011031,Karen Perez,Apparel,416.8,4,1667.2,4.4,Japan,2024-04-24 04:04:55
TXN-0008032,Jennifer Thomas,Apparel,803.58,7,5625.06,1.5,Australia,2023-05-23 00:00:00
TXN-0004459,William Moore,Home & Kitchen,1169.69,1,1169.69,3.7,Canada,2024-09-22 00:28:42
TXN-0005018,Charles Moore,Automotive,1218.24,6,7309.44,1.6,United States,2023-10-07 14:38:13
TXN-0004041,Elizabeth Wilson,Sports & Outdoors,220.85,1,220.85,1.1,Australia,2023-02-26 08:26:08
TXN-0006271,Joseph Lee,Toys & Games,98.28,7,687.96,2.3,Germany,2024-02-21 13:32:53
TXN-0005995,Barbara Hernandez,Electronics,979.88,8,7839.04,2.9,Brazil,2024-12-17 05:02:17
TXN-0001904,Lisa Moore,Toys & Games,748.77,1,748.77,2.3,Japan,2023-12-05 11:58:30
TXN-0004268,Barbara Brown,Automotive,881.55,3,2644.65,4.0,Canada,2023-02-19 16:02:19
TXN-0008153,Mary Hernandez,Sports & Outdoors,607.22,3,1821.66,4.0,India,2024-04-25 02:19:27
TXN-0001357,Joseph Taylor,Toys & Games,605.19,5,3025.95,1.0,United States,2024-10-05 07:11:20
TXN-0005291,Robert Thompson,Automotive,282.13,3,846.39,1.4,United Kingdom,2023-09-02 22:59:38
TXN-0006168,Jessica Taylor,Electronics,887.7,4,3550.8,4.5,Netherlands,2024-06-28 03:15:49
TXN-0009444,Michael Rodriguez,Beauty & Personal Care,587.47,3,1762.41,4.4,Netherlands,2023-12-03 16:20:20
TXN-0010661,James White,Books,392.91,2,785.82,4.9,Canada,2024-12-01 01:31:34
TXN-0006504,Joseph Anderson,Electronics,215.93,8,1727.44,3.3,Australia,2023-10-02 12:12:22
TXN-0003732,John Miller,Beauty & Personal Care,1352.41,4,5409.64,3.3,Japan,2023-08-09 23:38:47
TXN-0006550,Nancy Jackson,Home & Kitchen,830.13,6,4980.78,5.0,India,2024-06-08 20:54:03
TXN-0002206,Charles Miller,Books,138.7,6,832.2,4.0,Australia,2024-02-23 05:38:28
TXN-0006786,David Rodriguez,Beauty & Personal Care,318.18,7,2227.26,4.9,Canada,2023-01-30 00:33:48
TXN-0005385,Linda Hernandez,Sports & Outdoors,915.61,2,1831.22,2.7,Netherlands,2023-09-27 20:54:05
TXN-0011510,Nancy Lopez,Books,1460.77,6,8764.62,2.9,Australia,2024-04-03 00:00:00
TXN-0000707,Sarah Martin,Home & Kitchen,693.43,2,1386.86,1.5,Japan,2023-04-12 22:20:40
TXN-0008703,Charles Wilson,Home & Kitchen,693.22,4,2772.88,2.2,United Kingdom,2024-02-10 05:57:46
TXN-0012489,Patricia Williams,Beauty & Personal Care,553.87,4,2215.48,1.1,Japan,2023-01-03 03:26:52
TXN-0008802,David Anderson,Beauty & Personal Care,1485.96,6,8915.76,2.8,France,2023-11-30 00:00:00
TXN-0003325,John Davis,Sports & Outdoors,177.74,3,533.22,3.9,United States,2024-03-27 11:11:07
TXN-0009804,John Lee,Home & Kitchen,1420.98,8,11367.84,3.9,Germany,2023-01-09 15:57:30
TXN-0010538,John Thomas,Apparel,1226.2,7,8583.4,1.7,Canada,2023-08-24 16:02:18
TXN-0011999,Karen Smith,Books,401.45,5,2007.25,1.4,United Kingdom,2024-10-12 19:49:28
TXN-0011591,Elizabeth Lopez,Sports & Outdoors,284.22,3,852.66,2.6,United Kingdom,2024-03-01 19:06:17
TXN-0010423,Christopher Thomas,Electronics,944.82,3,2834.46,4.0,Canada,2024-03-27 14:40:23
TXN-0008652,David Brown,Home & Kitchen,1268.55,2,2537.1,3.8,Japan,2024-10-03 00:40:44
TXN-0008627,Mary Garcia,Electronics,180.23,7,1261.61,3.3,Japan,2024-10-05 13:59:41
TXN-0001213,Barbara Williams,Books,494.04,6,2964.24,2.1,Canada,2024-05-04 19:40:56
TXN-0011563,Daniel Davis,Books,145.8,3,437.4,2.5,Canada,2024-06-27 09:35:31
TXN-0002933,Charles White,Home & Kitchen,94.6,4,378.4,4.3,Canada,2024-03-30 07:35:34
TXN-0012329,David Perez,Beauty & Personal Care,440.04,5,2200.2,2.9,Netherlands,2023-09-15 16:36:04
TXN-0000415,Joseph Hernandez,Home & Kitchen,1119.13,1,1119.13,1.4,India,2023-11-17 06:32:51
TXN-0002800,Susan Lopez,Books,762.48,5,3812.4,3.2,France,2024-10-26 23:47:09
TXN-0003074,Michael Hernandez,Automotive,1320.53,6,7923.18,4.1,Brazil,2024-04-10 02:10:27
TXN-0000941,Daniel Gonzalez,Apparel,904.85,5,4524.25,4.8,United States,2024-08-06 15:51:07
TXN-0005259,Jennifer Brown,Beauty & Personal Care,1046.31,8,8370.48,2.3,Canada,2024-04-12 19:37:10
TXN-0002468,Nancy Anderson,Electronics,590.65,3,1771.95,3.4,United Kingdom,2023-09-20 00:00:00
TXN-0003185,Charles Garcia,Toys & Games,1470.02,4,5880.08,3.9,Japan,2024-07-11 09:38:58
TXN-0011908,Elizabeth Lopez,Toys & Games,550.4,1,550.4,4.2,India,2024-03-27 23:36:00
TXN-0011586,Nancy Thompson,Home & Kitchen,122.95,5,614.75,3.0,Germany,2023-01-29 07:25:40
TXN-0008189,Joseph Hernandez,Beauty & Personal Care,996.89,8,7975.12,3.5,Australia,2023-08-19 19:37:16
TXN-0006945,Joseph Williams,Beauty & Personal Care,1163.02,2,2326.04,3.4,Canada,2024-02-13 08:00:15
TXN-0011825,Karen Garcia,Apparel,1048.98,8,8391.84,1.5,Japan,2023-05-30 13:34:22
TXN-0002085,Joseph Jones,Electronics,177.14,8,1417.12,4.0,United Kingdom,2024-01-07 23:54:20
TXN-0009205,Mary Rodriguez,Books,772.21,2,1544.42,4.4,Canada,2024-02-29 02:53:48
TXN-0001258,William Taylor,Electronics,413.18,5,2065.9,3.6,Netherlands,2023-06-11 00:00:00
TXN-0005627,Linda Taylor,Beauty & Personal Care,1163.29,1,1163.29,1.1,Brazil,2024-04-28 01:20:59
TXN-0011213,Patricia Brown,Home & Kitchen,737.78,8,5902.24,2.7,United Kingdom,2023-03-24 16:55:15
TXN-0004091,Linda Williams,Toys & Games,1090.08,1,1090.08,3.4,France,2024-07-30 20:50:40
TXN-0001561,Jessica Williams,Apparel,622.82,1,622.82,1.9,Netherlands,2023-04-25 11:29:49
TXN-0002745,James Miller,Electronics,1184.1,6,7104.6,1.8,United Kingdom,2024-11-30 18:55:40
TXN-0011754,Lisa Davis,Books,1120.19,6,6721.14,1.6,India,2023-10-08 09:07:29
TXN-0007909,Christopher Jackson,Electronics,1273.51,8,10188.08,3.4,France,2023-03-11 00:00:00
TXN-0008476,Barbara Rodriguez,Apparel,334.77,6,2008.62,3.0,Germany,2023-02-28 02:21:59
TXN-0008937,Robert Gonzalez,Beauty & Personal Care,1027.36,4,4109.44,2.8,Japan,2024-01-11 00:00:00
TXN-0007572,Daniel Brown,Toys & Games,1215.79,4,4863.16,3.2,Brazil,2024-03-29 17:29:35
TXN-0000146,Barbara White,Apparel,158.69,5,793.45,1.8,Germany,2024-04-12 21:31:51
TXN-0002054,Sarah Rodriguez,Toys & Games,304.45,8,2435.6,4.0,India,2023-12-04 00:00:00
TXN-0005667,Karen Perez,Beauty & Personal Care,170.23,2,340.46,1.1,France,2024-11-04 22:40:38
TXN-0003685,Richard Martinez,Automotive,781.1,5,3905.5,3.9,United States,2023-02-03 12:34:03
TXN-0012264,David Martinez,Beauty & Personal Care,558.35,1,558.35,3.7,United States,2023-02-14 00:00:00
TXN-0007098,Nancy Taylor,Toys & Games,1058.58,3,3175.74,3.3,France,2023-03-12 00:00:00
TXN-0004532,David Smith,Home & Kitchen,318.22,4,1272.88,4.6,Netherlands,2024-05-28 00:00:00
TXN-0011257,Richard Anderson,Apparel,630.77,2,1261.54,1.9,Netherlands,2023-10-28 00:00:00
TXN-0003142,David Thomas,Home & Kitchen,640.35,6,3842.1,2.7,Canada,2023-09-30 16:52:18
TXN-0005093,Christopher Garcia,Electronics,672.09,3,2016.27,3.4,Canada,2023-09-10 17:44:44
TXN-0000355,Jennifer White,Home & Kitchen,1413.04,2,2826.08,2.4,Brazil,2024-04-21 15:10:00
TXN-0002628,Richard White,Apparel,850.43,4,3401.72,3.5,France,2024-08-07 03:14:31
TXN-0004669,Sarah Rodriguez,Electronics,1422.04,3,4266.12,4.1,Netherlands,2023-12-14 00:07:44
TXN-0000732,Patricia Hernandez,Apparel,809.93,1,809.93,2.8,United States,2024-11-01 14:21:20
TXN-0008526,Michael Miller,Sports & Outdoors,34.87,1,34.87,1.3,Brazil,2023-12-06 17:06:59
TXN-0005678,Thomas Anderson,Sports & Outdoors,456.07,8,3648.56,1.8,India,2024-12-31 00:00:00
TXN-0002211,John Hernandez,Automotive,571.78,7,4002.46,1.6,Germany,2023-08-12 00:00:00
TXN-0007141,Richard Anderson,Electronics,891.71,5,4458.55,4.4,United States,2024-10-22 07:44:31
TXN-0002509,Mary Anderson,Beauty & Personal Care,854.75,2,1709.5,1.8,Japan,2023-06-21 00:00:00
TXN-0005533,Jennifer White,Automotive,918.31,5,4591.55,1.8,Germany,2024-08-27 20:51:28
TXN-0008168,Patricia Jackson,Home & Kitchen,1200.78,1,1200.78,2.6,Japan,2024-12-30 08:45:21
TXN-0004046,Joseph Thomas,Electronics,365.76,7,2560.32,1.2,India,2023-07-12 00:00:00
TXN-0002222,Joseph Brown,Books,478.9,4,1915.6,4.7,Netherlands,2024-03-22 21:11:53
TXN-0009386,Sarah Brown,Sports & Outdoors,1339.92,3,4019.76,1.5,India,2023-03-09 06:21:53
TXN-0007554,David Moore,Toys & Games,1320.15,4,5280.6,3.5,India,2023-05-28 00:00:00
TXN-0009697,Sarah Miller,Electronics,376.82,4,1507.28,1.9,Brazil,2023-08-11 04:26:44
TXN-0010736,John Taylor,Home & Kitchen,897.54,8,7180.32,4.2,Japan,2023-09-17 00:00:00
TXN-0002010,Daniel Brown,Books,1078.19,1,1078.19,4.6,Australia,2024-08-12 00:00:00
TXN-0007675,Sarah Wilson,Home & Kitchen,141.12,4,564.48,1.2,United States,2023-10-16 12:53:03
TXN-0011572,Barbara Hernandez,Home & Kitchen,12.58,2,25.16,2.4,India,2024-06-04 12:35:17
TXN-0009149,Nancy Martin,Toys & Games,1029.27,5,5146.35,1.6,Japan,2023-05-17 18:08:48
TXN-0011236,Daniel Taylor,Home & Kitchen,1352.73,5,6763.65,3.5,Canada,2023-02-09 06:59:50
TXN-0008472,Elizabeth Gonzalez,Toys & Games,471.53,3,1414.59,3.4,United States,2024-02-01 15:35:23
TXN-0008585,James Jones,Automotive,1426.95,6,8561.7,3.6,United Kingdom,2024-09-10 07:54:01
TXN-0001846,Patricia Jones,Sports & Outdoors,638.67,6,3832.02,3.2,Germany,2024-02-24 03:36:22
TXN-0004363,John Moore,Books,1226.8,7,8587.6,3.9,United Kingdom,2024-10-07 13:14:03
TXN-0010051,Patricia Davis,Electronics,1440.08,1,1440.08,1.9,Canada,2023-10-29 21:48:41
TXN-0001907,Barbara Rodriguez,Toys & Games,1176.0,3,3528.0,4.1,Japan,2023-09-19 08:57:04
TXN-0010220,Jessica Lee,Home & Kitchen,1016.66,7,7116.62,1.9,Netherlands,2023-08-24 00:00:00
TXN-0000310,Barbara Hernandez,Apparel,1291.92,7,9043.44,2.5,Japan,2024-06-14 10:57:45
TXN-0011403,Jennifer Thomas,Toys & Games,557.33,6,3343.98,4.9,Brazil,2023-08-19 14:57:22
TXN-0004080,Lisa Hernandez,Automotive,1251.32,7,8759.24,4.5,India,2023-03-01 16:06:26
TXN-0009517,Daniel Wilson,Toys & Games,89.27,7,624.89,4.3,Australia,2024-05-24 11:25:14
TXN-0008919,Robert Perez,Sports & Outdoors,1260.92,5,6304.6,4.4,Canada,2023-01-13 18:46:28
TXN-0004738,Linda Williams,Home & Kitchen,86.96,5,434.8,1.9,Brazil,2024-11-23 18:21:30
TXN-0005734,Michael Brown,Sports & Outdoors,418.42,6,2510.52,1.7,Netherlands,2023-03-20 18:37:17
TXN-0010412,John Hernandez,Sports & Outdoors,816.58,1,816.58,4.3,Germany,2023-04-11 07:28:52
TXN-0009399,Lisa Moore,Home & Kitchen,123.55,8,988.4,4.8,Brazil,2023-12-29 10:52:11
TXN-0007214,Joseph Wilson,Automotive,272.17,1,272.17,3.0,United Kingdom,2023-03-07 10:27:52
TXN-0007179,Jessica Jones,Beauty & Personal Care,451.7,1,451.7,3.4,Brazil,2023-01-05 03:39:17
TXN-0012148,Nancy Taylor,Apparel,1414.57,3,4243.71,1.7,India,2023-01-13 19:37:12
TXN-0006540,Jessica Taylor,Toys & Games,699.53,8,5596.24,1.0,France,2023-11-23 11:30:52
TXN-0003864,Susan Garcia,Home & Kitchen,1338.59,8,10708.72,4.2,Australia,2024-08-10 00:00:00
TXN-0006860,Patricia Martinez,Toys & Games,1381.39,1,1381.39,3.6,Australia,2024-06-08 09:01:17
TXN-0008639,Jessica Lee,Automotive,109.0,4,436.0,1.0,United States,2024-06-17 20:03:36
TXN-0001524,Lisa Miller,Books,1104.88,5,5524.4,4.3,Netherlands,2024-06-07 16:07:01
TXN-0004272,William Smith,Automotive,117.14,3,351.42,4.5,India,2023-01-24 04:22:17
TXN-0009467,Lisa Miller,Apparel,799.54,2,1599.08,2.6,Germany,2023-03-07 16:26:03
TXN-0008824,Patricia Wilson,Sports & Outdoors,1298.91,6,7793.46,3.3,Netherlands,2024-12-17 08:48:11
TXN-0002773,Karen Garcia,Electronics,1110.69,1,1110.69,4.7,Netherlands,2024-07-02 13:57:35
TXN-0000655,Michael Johnson,Apparel,99.52,5,497.6,1.6,Australia,2023-11-19 11:02:15
TXN-0003405,Linda Smith,Home & Kitchen,903.46,7,6324.22,3.6,Canada,2023-04-17 22:17:43
TXN-0009403,Jennifer Wilson,Toys & Games,262.0,8,2096.0,2.3,Germany,2023-05-26 16:57:15
TXN-0003101,Thomas Thomas,Apparel,1461.86,7,10233.02,2.4,Netherlands,2023-03-27 16:28:11
TXN-0000948,William Perez,Automotive,999.89,8,7999.12,1.4,Canada,2024-06-21 07:47:55
TXN-0012477,Jessica Jackson,Home & Kitchen,1461.21,6,8767.26,1.7,France,2024-10-18 00:00:00
TXN-0002338,Jennifer Martin,Beauty & Personal Care,436.98,7,3058.86,3.3,Canada,2023-06-30 00:00:00
TXN-0008431,David Thompson,Apparel,1193.99,7,8357.93,2.4,India,2024-04-29 22:54:55
TXN-0007495,Susan Jones,Automotive,513.38,1,513.38,2.9,United Kingdom,2023-02-23 00:00:00
TXN-0000734,Nancy Miller,Beauty & Personal Care,756.64,6,4539.84,1.7,India,2023-08-21 15:28:27
TXN-0009360,James Wilson,Books,150.69,1,150.69,3.5,Australia,2024-12-12 09:53:19
TXN-0011152,David Smith,Automotive,104.97,5,524.85,4.0,Germany,2023-04-20 00:00:00
TXN-0010317,Richard Brown,Apparel,54.34,3,163.02,3.4,France,2023-06-08 01:55:58
TXN-0012394,Richard Anderson,Home & Kitchen,571.65,2,1143.3,5.0,United States,2023-02-14 04:41:23
TXN-0006298,Susan Taylor,Books,246.17,6,1477.02,4.4,United Kingdom,2024-11-05 09:23:58
TXN-0008743,Jessica Martin,Electronics,975.05,7,6825.35,4.7,France,2024-10-24 01:55:46
TXN-0005549,Susan Taylor,Toys & Games,522.48,4,2089.92,1.5,Australia,2024-08-15 19:53:52
TXN-0005247,James Smith,Home & Kitchen,297.78,5,1488.9,1.4,India,2024-01-01 15:31:55
TXN-0006523,William Jackson,Apparel,252.71,2,505.42,2.0,Netherlands,2023-04-18 08:56:47
TXN-0004435,Mary Gonzalez,Books,910.38,3,2731.14,2.2,Netherlands,2023-11-27 21:36:09
TXN-0007599,Joseph Lee,Books,469.46,2,938.92,4.0,Australia,2024-12-27 05:23:57
TXN-0006070,Karen Garcia,Automotive,1258.46,4,5033.84,3.9,United States,2023-11-24 12:33:01
TXN-0004378,Linda Jackson,Automotive,1364.09,6,8184.54,2.9,Brazil,2023-07-22 00:26:32
TXN-0005860,Daniel Taylor,Apparel,755.19,8,6041.52,3.5,Netherlands,2024-02-17 22:36:39
TXN-0000168,Barbara Davis,Toys & Games,998.24,2,1996.48,3.1,United Kingdom,2023-10-08 02:08:28
TXN-0007158,Patricia Garcia,Automotive,94.66,3,283.98,2.6,Australia,2024-09-14 23:57:04
TXN-0002645,Susan Wilson,Home & Kitchen,1374.39,1,1374.39,4.0,Japan,2023-02-26 04:46:15
TXN-0002030,Karen Taylor,Toys & Games,649.21,5,3246.05,1.5,Canada,2023-05-18 13:04:12
TXN-0010311,Barbara Perez,Automotive,745.66,4,2982.64,4.3,Germany,2024-03-20 13:42:10
TXN-0006297,Joseph Davis,Beauty & Personal Care,1034.07,8,8272.56,1.5,Germany,2023-08-30 22:41:00
TXN-0006243,Nancy Jackson,Home & Kitchen,1386.99,6,8321.94,1.5,France,2023-05-29 14:28:24
TXN-0011304,Daniel Taylor,Home & Kitchen,1384.13,7,9688.91,5.0,India,2024-10-24 09:27:36
TXN-0010580,Robert Thompson,Home & Kitchen,714.31,6,4285.86,2.9,United States,2024-03-19 16:23:40
TXN-0003212,David Thompson,Beauty & Personal Care,1013.85,1,1013.85,4.1,Netherlands,2024-12-07 16:45:50
TXN-0005926,Jennifer Moore,Apparel,1060.68,8,8485.44,2.3,Canada,2023-12-01 14:10:44
TXN-0006117,John Hernandez,Toys & Games,885.23,3,2655.69,1.5,Netherlands,2023-03-31 00:58:42
TXN-0005741,Thomas Lee,Beauty & Personal Care,681.05,7,4767.35,3.0,United Kingdom,2023-05-18 00:00:00
TXN-0002264,Charles Perez,Automotive,71.87,1,71.87,3.2,Netherlands,2024-07-23 09:08:25
TXN-0009256,Richard Lee,Toys & Games,978.77,6,5872.62,4.2,Japan,2023-09-21 00:00:00
TXN-0005487,Charles Hernandez,Toys & Games,651.79,3,1955.37,1.4,Canada,2024-11-28 16:27:36
TXN-0007168,Richard Brown,Electronics,206.53,1,206.53,2.0,France,2024-12-31 00:00:00
TXN-0007427,John Martin,Home & Kitchen,1394.87,2,2789.74,1.6,United Kingdom,2024-09-02 09:20:36
TXN-0004823,Mary Moore,Books,196.6,8,1572.8,2.2,Japan,2023-09-14 02:32:46
TXN-0004608,Daniel Smith,Toys & Games,1122.8,7,7859.6,2.2,Japan,2023-09-06 16:31:16
TXN-0000934,Jennifer Thompson,Apparel,732.27,2,1464.54,2.8,Germany,2024-09-24 12:57:56
TXN-0010129,James Hernandez,Automotive,793.99,5,3969.95,3.7,Netherlands,2024-10-16 16:25:56
TXN-0007187,John Davis,Automotive,1065.56,8,8524.48,1.5,France,2023-09-25 14:08:40
TXN-0010674,Charles Hernandez,Toys & Games,490.24,2,980.48,2.2,United Kingdom,2023-09-28 00:46:15
TXN-0005715,Susan Martin,Books,290.59,6,1743.54,4.6,United Kingdom,2023-03-18 16:18:17
TXN-0005450,John Jones,Electronics,1432.77,2,2865.54,1.2,Germany,2023-10-23 15:49:25
TXN-0003229,Mary Jones,Books,1059.56,4,4238.24,3.7,United States,2024-06-14 00:00:00
TXN-0005158,Michael Gonzalez,Automotive,355.65,8,2845.2,1.8,Canada,2023-08-15 00:00:00
TXN-0000714,James Taylor,Books,1446.57,3,4339.71,4.6,Germany,2024-02-22 00:00:00
TXN-0003831,Richard Hernandez,Books,107.08,6,642.48,2.9,India,2023-03-28 12:37:20
TXN-0009067,Patricia Lee,Automotive,403.26,1,403.26,2.3,United Kingdom,2024-03-24 05:15:03
TXN-0005262,Jennifer Garcia,Apparel,323.73,6,1942.38,4.7,Brazil,2024-12-31 00:00:00
TXN-0009259,Robert Jones,Books,1067.63,5,5338.15,2.4,India,2023-02-15 01:45:31
TXN-0001517,Thomas Wilson,Toys & Games,824.41,2,1648.82,4.3,United Kingdom,2023-12-15 08:36:41
TXN-0005929,David Perez,Sports & Outdoors,1439.29,5,7196.45,3.7,Netherlands,2023-05-12 17:12:39
TXN-0012418,Richard Taylor,Sports & Outdoors,1152.98,4,4611.92,3.2,Australia,2023-03-22 21:42:25
TXN-0003698,Barbara Johnson,Electronics,538.6,7,3770.2,2.9,India,2023-07-26 08:42:19
TXN-0010484,Richard Jackson,Automotive,1471.39,8,11771.12,3.8,Canada,2023-11-19 00:00:00
TXN-0004341,Barbara Johnson,Electronics,1308.16,5,6540.8,2.3,United States,2023-08-22 16:36:20
TXN-0009629,Elizabeth Hernandez,Home & Kitchen,739.73,7,5178.11,2.5,Brazil,2024-10-10 19:29:29
TXN-0002896,Elizabeth Smith,Toys & Games,1011.65,4,4046.6,2.1,Japan,2023-05-29 14:22:42
TXN-0003842,Charles Brown,Sports & Outdoors,69.43,8,555.44,1.7,Australia,2023-07-12 17:03:42
TXN-0000971,Barbara Martin,Books,995.61,1,995.61,1.9,Canada,2023-05-27 00:00:00
TXN-0001964,Linda Lee,Apparel,785.24,7,5496.68,3.4,Netherlands,2024-03-21 03:03:59
TXN-0004293,Susan Miller,Electronics,1152.83,3,3458.49,3.4,United Kingdom,2023-06-23 01:14:08
TXN-0000462,Linda Taylor,Toys & Games,1226.77,6,7360.62,2.9,Australia,2024-01-10 11:11:00
TXN-0005464,Jessica Rodriguez,Apparel,1101.81,3,3305.43,3.5,Australia,2024-05-18 07:09:40
TXN-0004500,Patricia Rodriguez,Electronics,1208.41,8,9667.28,4.8,Australia,2023-02-13 00:00:00
TXN-0012186,Daniel Anderson,Books,671.59,2,1343.18,3.0,France,2023-01-22 13:33:57
TXN-0004636,David Jackson,Apparel,394.19,2,788.38,3.7,United States,2024-11-15 18:17:07
TXN-0002852,Jessica Miller,Automotive,297.42,8,2379.36,4.0,Canada,2024-10-01 08:53:40
TXN-0010260,Thomas Wilson,Toys & Games,574.72,7,4023.04,2.1,India,2023-11-07 02:24:56
TXN-0006143,Sarah Miller,Apparel,345.33,8,2762.64,1.6,United Kingdom,2023-08-25 21:03:09
TXN-0012177,Robert Jones,Books,500.22,4,2000.88,3.8,Australia,2024-07-06 00:00:00
TXN-0000314,Nancy Lee,Home & Kitchen,1049.52,4,4198.08,1.2,France,2023-03-08 23:07:22
TXN-0002576,Linda Wilson,Toys & Games,1222.53,2,2445.06,2.7,France,2024-12-29 00:00:00
TXN-0008118,Daniel Anderson,Sports & Outdoors,107.77,8,862.16,2.3,Brazil,2023-04-03 20:23:55
TXN-0006350,Charles White,Books,946.55,6,5679.3,3.4,India,2023-03-04 18:21:12
TXN-0011819,Jennifer Garcia,Books,612.29,1,612.29,3.5,Australia,2023-10-05 16:03:19
TXN-0005475,Lisa Taylor,Sports & Outdoors,110.91,2,221.82,2.8,United States,2024-10-08 14:27:08
TXN-0011278,Jennifer Hernandez,Books,920.16,2,1840.32,3.3,Germany,2024-10-02 03:22:22
TXN-0009668,Robert Rodriguez,Home & Kitchen,536.22,2,1072.44,2.0,France,2023-01-06 22:38:14
TXN-0010573,Lisa Jones,Apparel,1357.28,3,4071.84,2.9,Germany,2023-01-14 23:20:30
TXN-0003417,Jennifer Wilson,Sports & Outdoors,911.03,2,1822.06,3.7,Brazil,2024-06-14 21:39:42
TXN-0006720,Patricia Anderson,Books,12.57,7,87.99,2.4,Germany,2023-07-23 16:15:56
TXN-0001014,Thomas Anderson,Sports & Outdoors,1279.45,5,6397.25,3.8,France,2024-04-03 00:00:00
TXN-0009355,Nancy Brown,Home & Kitchen,474.84,4,1899.36,3.9,Netherlands,2023-03-26 02:54:26
TXN-0007703,Linda Anderson,Electronics,29.15,4,116.6,1.4,Netherlands,2023-08-29 01:01:57
TXN-0004558,Thomas Lee,Toys & Games,725.92,1,725.92,2.7,India,2024-01-15 00:00:00
TXN-0001927,Daniel Williams,Automotive,931.21,8,7449.68,3.8,Netherlands,2024-05-03 00:00:00
TXN-0010137,Nancy Moore,Home & Kitchen,970.72,2,1941.44,4.1,Japan,2024-11-27 00:49:48
TXN-0008437,Charles Miller,Sports & Outdoors,86.9,6,521.4,2.5,Canada,2024-08-16 20:08:23
TXN-0005290,William Martinez,Beauty & Personal Care,282.59,6,1695.54,3.4,United Kingdom,2023-04-16 16:49:18
TXN-0002000,John Lopez,Home & Kitchen,861.41,8,6891.28,3.9,Brazil,2024-06-17 03:20:19
TXN-0005846,David Miller,Automotive,375.7,4,1502.8,3.6,United States,2024-12-31 00:00:00
TXN-0009546,Barbara Brown,Toys & Games,754.72,7,5283.04,1.7,Brazil,2023-08-28 05:15:27
TXN-0001599,Joseph Taylor,Automotive,827.72,7,5794.04,4.6,Japan,2023-12-29 10:25:52
TXN-0000643,Nancy Gonzalez,Sports & Outdoors,1051.58,7,7361.06,3.3,United Kingdom,2024-02-05 07:26:07
TXN-0004362,William Rodriguez,Electronics,655.82,2,1311.64,1.8,United Kingdom,2023-05-29 13:44:59
TXN-0000370,Richard Johnson,Toys & Games,1037.32,1,1037.32,4.0,Australia,2024-12-16 05:36:29
TXN-0002348,Mary Jones,Toys & Games,681.58,6,4089.48,4.3,Japan,2023-12-19 08:02:20
TXN-0011421,Mary Thompson,Automotive,325.3,7,2277.1,3.3,United States,2023-05-07 08:15:47
TXN-0005826,Susan Rodriguez,Books,203.96,7,1427.72,1.3,Japan,2024-06-28 01:45:33
TXN-0011998,David Perez,Books,1191.27,6,7147.62,1.1,India,2024-07-11 19:15:25
TXN-0001607,John Lopez,Beauty & Personal Care,468.96,3,1406.88,1.0,Germany,2023-03-20 16:25:11
TXN-0012492,Sarah Wilson,Sports & Outdoors,914.27,8,7314.16,2.8,United States,2023-12-27 22:56:50
TXN-0001789,Christopher Moore,Beauty & Personal Care,5.98,3,17.94,3.7,Brazil,2024-09-07 11:30:15
TXN-0004167,Sarah Smith,Books,777.55,4,3110.2,3.0,Japan,2023-04-30 11:58:50
TXN-0000241,Barbara Williams,Books,406.35,1,406.35,4.5,United States,2023-05-27 03:37:04
TXN-0010509,Jennifer Johnson,Sports & Outdoors,1058.37,3,3175.11,1.6,Canada,2024-11-19 08:53:09
TXN-0007087,Joseph Williams,Beauty & Personal Care,182.92,8,1463.36,2.8,Canada,2024-10-10 00:00:00
TXN-0000012,Richard Lopez,Books,766.74,2,1533.48,4.0,United Kingdom,2024-10-30 00:00:00
TXN-0009551,Joseph Hernandez,Books,1314.22,7,9199.54,1.8,Netherlands,2023-02-06 00:00:00
TXN-0009102,Jennifer Moore,Toys & Games,39.64,8,317.12,2.9,Netherlands,2024-10-04 14:10:21
TXN-0000409,Charles Thomas,Automotive,918.93,6,5513.58,3.4,United Kingdom,2024-10-31 23:34:40
TXN-0000206,Christopher White,Toys & Games,1233.38,4,4933.52,1.1,United Kingdom,2024-06-28 00:00:00
TXN-0009153,Nancy Lopez,Sports & Outdoors,231.11,4,924.44,3.5,Brazil,2023-10-08 21:02:17
TXN-0003406,Linda Taylor,Toys & Games,710.01,5,3550.05,3.7,Netherlands,2024-06-20 00:00:00
TXN-0004427,Linda Lee,Home & Kitchen,1419.99,1,1419.99,3.6,United States,2024-02-20 22:58:43
TXN-0001307,Charles Martinez,Apparel,1151.48,7,8060.36,3.2,United Kingdom,2023-10-01 10:12:52
TXN-0001548,Karen Jackson,Automotive,892.04,8,7136.32,4.9,Netherlands,2024-01-24 08:34:46
TXN-0012012,William Wilson,Home & Kitchen,752.28,4,3009.12,3.2,Canada,2023-06-09 04:45:45
TXN-0008092,Mary Rodriguez,Books,884.15,2,1768.3,2.2,Brazil,2024-02-03 02:55:23
TXN-0011565,Karen Jackson,Home & Kitchen,1451.69,5,7258.45,4.2,Canada,2024-12-16 00:00:00
TXN-0004682,Richard Brown,Beauty & Personal Care,721.11,1,721.11,2.7,United States,2023-04-05 13:43:19
TXN-0000865,Mary Davis,Electronics,519.01,4,2076.04,3.6,Japan,2023-06-06 07:46:52
TXN-0007274,Jennifer Lee,Beauty & Personal Care,725.37,7,5077.59,4.2,United States,2023-06-02 06:36:43
TXN-0003004,Susan Lopez,Toys & Games,875.61,1,875.61,2.9,Australia,2023-10-08 21:32:48
TXN-0007621,Robert Davis,Home & Kitchen,1150.98,8,9207.84,2.2,Australia,2023-06-12 20:50:07
TXN-0003999,Christopher Anderson,Sports & Outdoors,53.47,1,53.47,3.6,United Kingdom,2023-11-08 00:00:00
TXN-0008090,Patricia Smith,Books,1405.99,2,2811.98,2.6,United States,2024-10-13 00:00:00
TXN-0011864,Linda Rodriguez,Sports & Outdoors,642.41,3,1927.23,3.3,Germany,2023-02-03 02:59:26
TXN-0008832,Barbara Brown,Sports & Outdoors,943.27,8,7546.16,2.7,Netherlands,2023-08-29 00:00:00
TXN-0007461,Daniel Miller,Toys & Games,366.99,8,2935.92,4.2,India,2023-05-02 18:07:08
TXN-0004527,Sarah Gonzalez,Home & Kitchen,445.37,8,3562.96,2.5,United States,2024-11-08 07:00:26
TXN-0000002,Sarah Williams,Toys & Games,49.55,4,198.2,1.9,United States,2024-12-04 00:00:00
TXN-0005079,James Lee,Sports & Outdoors,284.23,6,1705.38,2.4,India,2023-04-05 08:40:09
TXN-0004501,Lisa Smith,Home & Kitchen,555.95,5,2779.75,2.0,Australia,2023-08-08 04:06:35
TXN-0002533,Jessica Lopez,Home & Kitchen,385.87,7,2701.09,2.1,United Kingdom,2023-01-06 07:40:01
TXN-0006972,Mary Thompson,Apparel,1202.88,5,6014.4,2.1,United Kingdom,2024-09-02 18:01:54
TXN-0009305,Patricia Williams,Sports & Outdoors,374.38,2,748.76,3.2,United Kingdom,2024-07-14 20:06:30
TXN-0002041,Charles Wilson,Toys & Games,613.07,4,2452.28,2.9,Australia,2023-03-28 14:02:48
TXN-0003824,Daniel Smith,Sports & Outdoors,420.86,7,2946.02,2.3,United States,2023-12-10 00:00:00
TXN-0001270,Barbara Lee,Sports & Outdoors,516.56,5,2582.8,1.4,Germany,2024-08-23 17:23:19
TXN-0005829,Christopher Martin,Automotive,818.57,2,1637.14,3.7,Brazil,2023-07-25 00:00:00
TXN-0003527,Barbara Jones,Toys & Games,1152.03,5,5760.15,3.0,Germany,2024-02-19 00:00:00
TXN-0004672,Joseph Jones,Electronics,535.92,2,1071.84,2.1,India,2024-10-05 15:33:25
TXN-0007952,Elizabeth Johnson,Electronics,1275.88,3,3827.64,2.4,United States,2023-09-07 17:14:40
TXN-0002994,David Rodriguez,Sports & Outdoors,1321.72,6,7930.32,2.0,Japan,2023-04-30 19:15:42
TXN-0011625,John Wilson,Toys & Games,969.81,5,4849.05,1.4,United States,2023-03-21 02:13:02
TXN-0007713,Lisa Thomas,Beauty & Personal Care,1453.54,5,7267.7,1.5,Germany,2024-05-08 04:55:32
TXN-0006820,Elizabeth Johnson,Home & Kitchen,673.54,1,673.54,3.2,France,2023-06-04 15:00:02
TXN-0003379,Christopher Gonzalez,Automotive,1487.59,2,2975.18,4.6,United States,2023-08-03 00:00:00
TXN-0001416,Daniel Thomas,Beauty & Personal Care,1211.84,4,4847.36,3.9,Canada,2024-07-11 08:22:20
TXN-0006371,John Thompson,Sports & Outdoors,75.22,1,75.22,3.1,Canada,2023-04-27 13:03:37
TXN-0000359,John Thomas,Home & Kitchen,1178.39,8,9427.12,3.0,France,2024-05-28 10:40:47
TXN-0005025,John Taylor,Apparel,394.65,4,1578.6,3.5,Brazil,2024-08-27 05:18:17
TXN-0006441,Mary Gonzalez,Books,62.73,8,501.84,3.4,United States,2023-05-15 07:11:01
TXN-0010256,Jennifer Anderson,Electronics,1319.98,1,1319.98,3.2,Brazil,2024-01-28 09:23:36
TXN-0006929,Barbara Jackson,Toys & Games,1208.77,5,6043.85,2.2,Japan,2023-11-26 06:23:32
TXN-0001868,Richard Martin,Automotive,973.8,4,3895.2,2.9,Germany,2023-12-07 23:52:35
TXN-0001242,Thomas Thomas,Apparel,630.13,1,630.13,2.2,Brazil,2023-12-05 05:55:27
TXN-0003145,Linda Thomas,Automotive,1192.93,1,1192.93,3.7,India,2023-03-19 05:21:14
TXN-0009419,Barbara Taylor,Automotive,76.21,8,609.68,2.5,Brazil,2023-12-09 02:10:10
TXN-0007833,Lisa Martin,Books,796.78,4,3187.12,2.7,India,2024-06-29 03:10:24
TXN-0010651,James Thompson,Toys & Games,1370.32,2,2740.64,1.1,United Kingdom,2024-02-29 15:59:14
TXN-0006969,Robert Rodriguez,Automotive,350.22,2,700.44,1.9,United States,2024-10-18 12:34:11
TXN-0007232,James Williams,Automotive,546.44,5,2732.2,3.4,Australia,2023-07-04 23:28:05
TXN-0010351,Linda Hernandez,Books,292.51,3,877.53,1.8,India,2023-08-16 09:23:10
TXN-0009768,Joseph Perez,Apparel,1062.73,5,5313.65,4.2,Netherlands,2024-07-20 05:40:44
TXN-0008220,Michael Jones,Toys & Games,1082.03,2,2164.06,2.9,France,2024-09-13 13:42:31
TXN-0000362,Charles Davis,Electronics,1228.52,7,8599.64,4.9,Japan,2024-06-17 15:52:28
TXN-0010011,Barbara Taylor,Automotive,611.2,8,4889.6,4.2,United States,2023-05-21 09:08:21
TXN-0004708,Jessica Thompson,Automotive,799.6,5,3998.0,4.4,United States,2023-05-09 11:44:19
TXN-0003448,Sarah Lee,Electronics,699.79,8,5598.32,1.4,France,2024-02-11 19:41:00
TXN-0011091,Patricia Lee,Books,1146.41,8,9171.28,4.0,Germany,2023-11-10 00:00:00
TXN-0005238,Nancy Smith,Beauty & Personal Care,942.47,2,1884.94,4.6,India,2024-09-28 05:55:40
TXN-0010014,David Jones,Books,1489.57,2,2979.14,1.1,Australia,2024-11-25 12:53:42
TXN-0000826,Sarah Lopez,Home & Kitchen,629.27,5,3146.35,3.3,United States,2024-11-30 06:34:17
TXN-0001705,Joseph Moore,Beauty & Personal Care,1182.26,1,1182.26,3.9,United States,2023-10-02 10:40:32
TXN-0010384,Sarah White,Beauty & Personal Care,281.94,5,1409.7,1.8,Brazil,2024-02-23 00:00:00
TXN-0012232,Nancy Miller,Sports & Outdoors,1304.32,8,10434.56,4.6,France,2023-01-27 07:21:21
TXN-0010367,Karen Gonzalez,Automotive,1176.87,8,9414.96,3.6,India,2023-12-21 00:00:00
TXN-0007606,Michael Gonzalez,Automotive,447.08,1,447.08,3.2,United Kingdom,2023-07-04 00:00:00
TXN-0011420,Michael Wilson,Beauty & Personal Care,1123.0,6,6738.0,3.9,Canada,2023-04-24 12:17:34
TXN-0004005,Charles Miller,Sports & Outdoors,159.55,1,159.55,4.1,Brazil,2024-09-26 19:43:26
TXN-0010964,Elizabeth Brown,Apparel,1330.25,2,2660.5,2.3,United Kingdom,2024-09-09 09:51:22
TXN-0002009,Daniel Jones,Books,200.22,8,1601.76,3.0,United Kingdom,2024-10-22 14:13:01
TXN-0008023,Patricia Jackson,Toys & Games,654.24,5,3271.2,1.3,India,2023-11-09 13:25:05
TXN-0009896,Nancy Rodriguez,Electronics,843.13,4,3372.52,3.2,United States,2023-12-13 05:45:27
TXN-0000860,Karen Smith,Automotive,698.99,7,4892.93,4.5,Japan,2024-04-25 00:00:00
TXN-0002431,Nancy Jones,Sports & Outdoors,988.16,6,5928.96,1.9,United Kingdom,2024-04-08 00:00:00
TXN-0001700,Linda Johnson,Home & Kitchen,810.81,2,1621.62,2.4,Germany,2024-02-22 00:00:00
TXN-0002029,David Miller,Beauty & Personal Care,657.7,8,5261.6,5.0,Germany,2023-07-30 09:05:38
TXN-0001612,James Jones,Books,856.1,7,5992.7,4.2,Japan,2024-11-16 23:25:07
TXN-0001876,Elizabeth Moore,Apparel,1137.96,8,9103.68,4.8,United Kingdom,2024-11-17 04:32:25
TXN-0008167,Michael Miller,Apparel,720.42,1,720.42,4.4,United Kingdom,2024-03-31 09:01:28
TXN-0002503,Mary Garcia,Apparel,363.91,3,1091.73,4.3,Australia,2024-12-27 01:24:01
TXN-0011488,Susan Jones,Sports & Outdoors,1030.15,4,4120.6,2.6,Germany,2023-09-25 09:35:03
TXN-0002411,Nancy White,Automotive,613.67,4,2454.68,1.7,United States,2023-02-17 12:42:22
TXN-0004019,Lisa Hernandez,Automotive,335.96,6,2015.76,1.3,Australia,2023-06-06 16:15:54
TXN-0003781,Sarah Lee,Beauty & Personal Care,994.2,3,2982.6,1.1,Germany,2024-11-30 11:03:01
TXN-0002293,William Smith,Beauty & Personal Care,1225.76,1,1225.76,1.7,Canada,2023-05-06 01:13:03
TXN-0003149,Michael Jackson,Automotive,948.49,4,3793.96,3.1,Japan,2024-01-07 00:00:00
TXN-0001033,Robert Williams,Beauty & Personal Care,276.9,7,1938.3,2.4,United Kingdom,2024-01-19 20:40:35
TXN-0001880,Joseph White,Toys & Games,1415.19,8,11321.52,3.7,Netherlands,2023-02-08 20:32:26
TXN-0005045,Michael Taylor,Apparel,422.65,3,1267.95,3.4,Canada,2023-05-09 17:52:32
TXN-0008223,James Perez,Home & Kitchen,875.89,8,7007.12,3.9,Netherlands,2024-03-16 17:53:45
TXN-0005083,Charles White,Books,1250.56,2,2501.12,4.8,Canada,2024-07-01 17:30:33
TXN-0001598,Jennifer Thompson,Home & Kitchen,247.32,1,247.32,1.3,Germany,2023-10-21 00:00:00
TXN-0007512,Nancy Lee,Home & Kitchen,1099.78,6,6598.68,1.0,India,2024-12-28 11:21:36
TXN-0002865,Susan Lopez,Home & Kitchen,931.62,2,1863.24,5.0,Brazil,2024-11-23 08:38:11
TXN-0002236,Jennifer Lopez,Home & Kitchen,1263.76,3,3791.28,1.7,India,2023-01-11 20:46:11
TXN-0003545,Richard Smith,Electronics,569.55,3,1708.65,1.6,India,2024-03-02 21:44:21
TXN-0008110,Charles Perez,Apparel,403.91,5,2019.55,2.3,Brazil,2024-08-09 09:09:22
TXN-0006608,Lisa Anderson,Apparel,975.89,4,3903.56,2.9,Canada,2023-05-21 15:23:54
TXN-0001739,Nancy Anderson,Home & Kitchen,1410.76,4,5643.04,1.4,Australia,2023-05-17 07:42:32
TXN-0006843,Mary Thompson,Automotive,962.0,6,5772.0,1.9,Canada,2023-08-12 14:32:18
TXN-0005608,Barbara Smith,Sports & Outdoors,211.49,7,1480.43,2.6,Canada,2024-08-07 10:57:24
TXN-0007260,Nancy Jones,Electronics,1266.45,1,1266.45,4.4,Canada,2024-10-12 00:44:46
TXN-0005623,Daniel Thomas,Automotive,587.35,2,1174.7,3.1,Germany,2023-08-01 14:57:09
TXN-0006738,Karen Lee,Toys & Games,929.85,8,7438.8,1.4,Netherlands,2023-06-20 18:36:36
TXN-0004442,William Garcia,Home & Kitchen,1085.03,1,1085.03,3.4,France,2023-05-24 19:10:51
TXN-0012500,James Thompson,Toys & Games,163.36,6,980.16,3.2,Germany,2024-11-10 00:00:00
TXN-0001076,Joseph Wilson,Toys & Games,1409.73,4,5638.92,3.0,United States,2023-07-27 20:35:45
TXN-0002861,Thomas Garcia,Sports & Outdoors,190.5,4,762.0,1.1,India,2024-02-21 16:35:31
TXN-0007693,Jennifer Garcia,Home & Kitchen,366.9,2,733.8,3.0,Japan,2024-06-03 13:29:12
TXN-0009082,Sarah Perez,Home & Kitchen,319.57,1,319.57,3.8,France,2024-12-31 00:00:00
TXN-0002564,Thomas Jones,Electronics,15.53,7,108.71,2.6,India,2024-08-13 15:21:05
TXN-0001421,Elizabeth Moore,Sports & Outdoors,352.68,7,2468.76,1.6,Australia,2024-02-24 03:06:29
TXN-0006660,Mary Martin,Automotive,1174.51,1,1174.51,3.3,France,2024-12-11 00:43:36
TXN-0005675,Jennifer White,Apparel,1155.88,2,2311.76,2.9,Germany,2023-10-23 00:00:00
TXN-0011618,Richard Thompson,Electronics,1136.37,4,4545.48,3.2,Japan,2024-04-08 09:01:12
TXN-0000872,James Perez,Apparel,984.03,2,1968.06,2.4,Japan,2023-06-13 07:06:31
TXN-0000057,Susan Gonzalez,Electronics,573.67,1,573.67,4.8,Netherlands,2023-08-20 22:32:35
TXN-0009655,Susan Martinez,Electronics,66.61,1,66.61,1.8,United States,2024-12-31 00:00:00
TXN-0008933,John Jones,Automotive,1438.96,5,7194.8,3.7,United Kingdom,2024-04-21 10:22:13
TXN-0002080,Barbara Martinez,Toys & Games,375.78,6,2254.68,4.0,Japan,2024-11-10 08:49:31
TXN-0003844,Daniel Jones,Electronics,1190.88,4,4763.52,3.6,France,2023-07-30 00:26:20
TXN-0005086,William Martin,Apparel,400.71,4,1602.84,2.2,Australia,2023-09-14 22:07:01
TXN-0009696,Sarah Davis,Apparel,1061.45,2,2122.9,1.6,Australia,2023-06-08 23:18:23
TXN-0004798,Elizabeth Williams,Books,1289.93,8,10319.44,3.9,Australia,2024-09-17 02:25:33
TXN-0012379,Michael Thomas,Automotive,741.54,7,5190.78,3.9,Brazil,2024-05-05 18:51:22
TXN-0001516,John Lopez,Beauty & Personal Care,126.33,6,757.98,4.0,Australia,2024-01-18 12:02:22
TXN-0002047,Linda Lopez,Apparel,1449.71,6,8698.26,4.3,Australia,2024-10-29 19:57:44
TXN-0012099,Mary Thompson,Electronics,742.51,8,5940.08,2.3,Netherlands,2024-12-08 16:59:56
TXN-0009142,Robert Martinez,Automotive,865.97,4,3463.88,2.4,Canada,2023-06-13 00:00:00
TXN-0012184,Barbara Taylor,Apparel,62.41,4,249.64,2.2,United Kingdom,2023-10-19 11:48:00
TXN-0003594,James Thomas,Home & Kitchen,943.81,7,6606.67,4.4,United States,2023-10-10 00:00:00
TXN-0005192,James Lopez,Books,1192.61,6,7155.66,4.9,United Kingdom,2024-08-01 16:09:27
TXN-0011801,Christopher Brown,Toys & Games,1120.22,2,2240.44,1.9,India,2024-08-05 10:31:36
TXN-0011288,Thomas White,Electronics,1307.68,6,7846.08,4.0,Germany,2024-09-13 03:04:39
TXN-0008567,Patricia Lopez,Home & Kitchen,652.21,3,1956.63,3.0,Germany,2023-03-18 03:47:11
TXN-0008506,Jessica Johnson,Toys & Games,1306.64,2,2613.28,3.0,United Kingdom,2024-03-29 17:09:13
TXN-0004197,Joseph Brown,Apparel,865.6,8,6924.8,1.4,India,2023-11-30 23:18:18
TXN-0008217,Richard Lopez,Sports & Outdoors,1043.14,6,6258.84,4.5,Brazil,2024-08-21 14:21:57
TXN-0008060,Nancy Martin,Automotive,415.31,6,2491.86,1.8,Japan,2024-07-03 23:03:36
TXN-0005484,Lisa Jackson,Home & Kitchen,1175.43,8,9403.44,2.7,United States,2024-02-07 11:14:15
TXN-0010203,Linda Jackson,Apparel,1131.65,5,5658.25,4.6,Netherlands,2024-08-28 01:47:44
TXN-0012290,Charles Rodriguez,Sports & Outdoors,1180.0,7,8260.0,2.2,Japan,2023-09-15 21:23:04
TXN-0011237,Mary Williams,Automotive,94.1,2,188.2,1.7,Canada,2023-11-22 04:51:08
TXN-0006737,Robert Miller,Home & Kitchen,1142.34,5,5711.7,4.9,Germany,2024-06-17 02:42:03
TXN-0003828,Joseph Miller,Apparel,782.44,4,3129.76,3.4,India,2024-08-20 20:55:48
TXN-0005757,David Rodriguez,Electronics,465.72,8,3725.76,3.0,United Kingdom,2023-01-07 11:31:02
TXN-0011372,Jennifer Wilson,Automotive,942.0,2,1884.0,2.4,Japan,2024-03-12 01:52:52
TXN-0001478,David Johnson,Sports & Outdoors,990.82,6,5944.92,3.2,India,2023-04-12 11:29:23
TXN-0002911,David Smith,Beauty & Personal Care,615.75,4,2463.0,2.9,Japan,2023-08-30 00:00:00
TXN-0001337,Karen Rodriguez,Automotive,496.32,8,3970.56,3.1,United Kingdom,2024-05-16 04:53:03
TXN-0005114,Daniel Gonzalez,Home & Kitchen,1438.12,3,4314.36,1.5,Japan,2023-05-12 04:33:33
TXN-0007143,Charles Perez,Automotive,952.66,4,3810.64,1.2,United Kingdom,2023-12-08 02:15:56
TXN-0005152,Thomas Anderson,Home & Kitchen,1155.12,4,4620.48,2.1,Australia,2024-05-18 18:51:54
TXN-0004382,Patricia Lee,Apparel,1442.69,2,2885.38,4.8,Japan,2024-08-26 00:12:00
TXN-0003576,Linda Anderson,Automotive,902.77,1,902.77,3.2,United Kingdom,2023-07-31 23:06:23
TXN-0009842,David Wilson,Home & Kitchen,501.55,3,1504.65,1.1,Brazil,2023-07-23 11:27:04
TXN-0002148,Michael Jones,Apparel,1350.6,3,4051.8,1.4,Germany,2024-02-24 20:50:53
TXN-0010243,Mary Johnson,Electronics,1250.75,4,5003.0,4.8,India,2024-01-11 10:28:02
TXN-0008671,Joseph Gonzalez,Home & Kitchen,536.94,3,1610.82,3.8,Germany,2023-01-04 12:49:54
TXN-0005163,Barbara Anderson,Apparel,686.88,6,4121.28,3.8,Australia,2023-05-30 08:23:05
TXN-0000047,Daniel Martinez,Apparel,633.57,7,4434.99,3.7,Germany,2024-12-02 05:30:54
TXN-0002472,Karen Thompson,Home & Kitchen,1259.45,5,6297.25,4.5,Brazil,2023-03-03 00:00:00
TXN-0000550,William Wilson,Beauty & Personal Care,138.94,7,972.58,2.7,Netherlands,2023-09-28 12:55:44
TXN-0007893,John Martinez,Home & Kitchen,258.22,6,1549.32,3.1,France,2023-09-24 03:33:15
TXN-0008800,David Miller,Home & Kitchen,1198.17,5,5990.85,5.0,India,2024-10-19 00:00:00
TXN-0012469,Barbara Thomas,Automotive,1121.51,4,4486.04,4.5,Japan,2023-10-16 07:31:25
TXN-0002677,Jessica Moore,Electronics,699.67,2,1399.34,3.7,Germany,2023-03-17 14:40:38
TXN-0000595,Linda Lopez,Automotive,328.13,5,1640.65,1.7,France,2023-10-18 15:53:09
TXN-0007654,Linda Gonzalez,Toys & Games,1011.38,8,8091.04,3.2,Japan,2023-11-29 00:00:00
TXN-0002821,Patricia Taylor,Automotive,243.88,1,243.88,2.7,Japan,2023-07-01 00:00:00
TXN-0002535,Barbara Rodriguez,Beauty & Personal Care,235.09,5,1175.45,4.4,Canada,2023-07-21 22:58:37
TXN-0010410,William Brown,Home & Kitchen,446.43,8,3571.44,3.8,Brazil,2023-09-02 00:00:00
TXN-0005311,Robert Jackson,Sports & Outdoors,1159.88,1,1159.88,1.7,Australia,2024-02-02 20:30:35
TXN-0012239,Karen Thompson,Books,423.23,5,2116.15,2.6,Germany,2024-08-20 16:42:43
TXN-0009306,Christopher Anderson,Apparel,95.14,4,380.56,3.9,Japan,2023-11-07 09:46:49
TXN-0000845,Richard Moore,Home & Kitchen,810.28,8,6482.24,3.7,Canada,2023-10-02 04:17:55
TXN-0011589,James Moore,Sports & Outdoors,520.29,5,2601.45,3.5,Japan,2023-05-22 19:33:23
TXN-0001371,Mary White,Apparel,230.88,7,1616.16,4.1,Japan,2024-12-31 00:00:00
TXN-0010434,James Garcia,Electronics,1062.58,2,2125.16,3.4,India,2024-05-12 03:58:13
TXN-0003921,Linda Thomas,Toys & Games,72.39,2,144.78,2.1,Japan,2024-12-27 18:58:07
TXN-0001277,Karen Thompson,Books,1129.02,3,3387.06,3.7,Netherlands,2024-09-04 11:59:57
TXN-0006237,William Jackson,Home & Kitchen,1116.33,1,1116.33,2.8,India,2024-08-12 13:38:44
TXN-0009709,Robert Garcia,Apparel,494.32,5,2471.6,2.5,United Kingdom,2024-09-15 17:11:44
TXN-0002273,Joseph Davis,Beauty & Personal Care,620.32,3,1860.96,4.8,Germany,2023-06-22 15:23:52
TXN-0007872,Susan Jackson,Electronics,829.94,4,3319.76,2.4,Japan,2023-10-30 13:54:18
TXN-0007651,Michael Williams,Sports & Outdoors,1022.93,3,3068.79,1.2,Japan,2023-01-10 20:53:58
TXN-0007244,Robert Taylor,Books,51.57,4,206.28,3.4,United Kingdom,2024-08-19 18:45:58
TXN-0010722,Robert Davis,Beauty & Personal Care,1000.06,5,5000.3,1.2,Canada,2024-01-27 00:00:00
TXN-0004776,Karen Miller,Books,1115.63,2,2231.26,1.1,Netherlands,2024-12-13 09:01:47
TXN-0001866,Charles Davis,Home & Kitchen,1137.14,5,5685.7,3.3,Netherlands,2023-09-02 16:54:04
TXN-0007186,Susan Martinez,Automotive,391.27,6,2347.62,4.0,United States,2023-04-09 00:00:00
TXN-0009826,William Lee,Sports & Outdoors,1266.7,3,3800.1,4.0,United States,2024-10-18 00:00:00
TXN-0008291,John Davis,Home & Kitchen,199.61,1,199.61,3.2,United States,2024-07-09 23:04:58
TXN-0001049,Jessica Jackson,Electronics,246.03,8,1968.24,1.3,France,2024-01-05 00:00:00
TXN-0005349,Nancy White,Sports & Outdoors,66.33,6,397.98,3.6,Netherlands,2024-03-15 14:25:28
TXN-0004991,Thomas Smith,Sports & Outdoors,73.11,3,219.33,1.6,United Kingdom,2023-01-12 23:15:51
TXN-0005996,Jessica Jones,Home & Kitchen,1004.86,1,1004.86,4.6,Australia,2023-11-25 22:56:13
TXN-0012105,William Miller,Automotive,247.13,4,988.52,3.4,Japan,2024-03-08 22:35:37
TXN-0000379,Nancy Smith,Automotive,972.82,1,972.82,1.9,United Kingdom,2024-04-17 12:21:06
TXN-0010122,John Taylor,Sports & Outdoors,502.47,1,502.47,3.8,France,2023-10-12 03:32:24
TXN-0004840,Daniel Lee,Sports & Outdoors,80.94,7,566.58,1.0,Canada,2023-01-23 06:40:00
TXN-0012478,Nancy Davis,Home & Kitchen,345.89,5,1729.45,3.8,Netherlands,2024-09-24 04:46:26
TXN-0009784,Christopher Thompson,Sports & Outdoors,29.48,5,147.4,2.1,United Kingdom,2023-08-25 14:53:38
TXN-0005771,Elizabeth White,Automotive,122.14,1,122.14,1.5,Canada,2023-06-15 00:00:00
TXN-0007011,James Anderson,Beauty & Personal Care,1078.75,5,5393.75,4.4,Australia,2023-07-25 13:11:26
TXN-0003531,Sarah Jones,Automotive,484.82,8,3878.56,1.3,France,2024-05-31 00:00:00
TXN-0004286,David Lopez,Sports & Outdoors,891.12,1,891.12,2.9,Brazil,2023-05-22 11:27:52
TXN-0000798,Lisa Miller,Automotive,659.98,4,2639.92,3.4,Australia,2024-06-16 00:50:32
TXN-0004216,Michael Williams,Apparel,1204.91,5,6024.55,4.1,India,2023-07-15 02:17:58
TXN-0006729,Linda Brown,Home & Kitchen,1327.36,1,1327.36,4.9,Brazil,2024-05-30 09:17:33
TXN-0006755,Mary Hernandez,Sports & Outdoors,42.24,3,126.72,4.7,Australia,2024-05-09 17:32:28
TXN-0006302,Christopher Perez,Apparel,55.16,5,275.8,1.0,United States,2023-04-27 17:52:45
TXN-0006084,John Rodriguez,Books,198.82,7,1391.74,4.1,Brazil,2024-05-30 01:33:34
TXN-0003818,Linda Perez,Sports & Outdoors,1407.06,8,11256.48,3.2,France,2023-10-05 16:03:05
TXN-0006393,William Smith,Electronics,1233.39,2,2466.78,4.2,India,2024-05-21 10:39:07
TXN-0007296,Mary Jones,Electronics,62.57,4,250.28,1.8,Germany,2024-12-15 21:55:05
TXN-0011028,Joseph Williams,Automotive,636.07,6,3816.42,1.8,Netherlands,2023-02-20 00:05:47
TXN-0011891,Lisa Miller,Apparel,156.39,6,938.34,3.2,India,2024-07-06 01:13:19
TXN-0009931,Karen Taylor,Electronics,620.68,6,3724.08,3.0,Australia,2023-11-16 06:03:00
TXN-0007928,Michael Smith,Sports & Outdoors,320.31,8,2562.48,1.5,Brazil,2024-12-12 00:00:00
TXN-0006266,Elizabeth Martin,Sports & Outdoors,1287.87,3,3863.61,1.4,United Kingdom,2023-10-27 00:00:00
TXN-0004535,Barbara Wilson,Electronics,1498.39,1,1498.39,1.7,India,2023-03-22 12:14:55
TXN-0007159,Mary Jackson,Automotive,838.79,8,6710.32,3.5,Germany,2023-03-15 13:20:38
TXN-0011789,Robert Gonzalez,Apparel,246.09,6,1476.54,4.6,United Kingdom,2023-05-27 03:09:25
TXN-0009997,Sarah Gonzalez,Sports & Outdoors,863.85,2,1727.7,4.4,France,2024-03-31 18:07:54
TXN-0007085,Robert Thomas,Apparel,412.63,8,3301.04,4.7,United Kingdom,2024-02-24 17:05:52
TXN-0007907,John Thompson,Books,353.95,5,1769.75,1.8,Japan,2023-04-02 01:27:13
TXN-0007174,Sarah Davis,Books,1371.62,5,6858.1,4.8,France,2023-09-05 15:45:21
TXN-0010859,Charles Lee,Electronics,509.26,7,3564.82,3.1,India,2024-03-07 13:06:32
TXN-0002941,Sarah Gonzalez,Toys & Games,465.95,5,2329.75,2.8,United States,2023-07-09 05:42:14
TXN-0009889,Christopher Johnson,Sports & Outdoors,939.31,1,939.31,4.4,Germany,2023-11-25 05:41:09
TXN-0000260,David Smith,Sports & Outdoors,738.45,6,4430.7,3.2,India,2023-10-19 14:27:59
TXN-0007055,Charles Davis,Sports & Outdoors,1429.85,8,11438.8,4.7,Australia,2023-11-12 17:34:00
TXN-0004890,Lisa Lopez,Automotive,960.57,3,2881.71,2.3,Germany,2024-09-06 00:00:00
TXN-0012330,Nancy Garcia,Toys & Games,1240.14,5,6200.7,1.9,United States,2024-09-06 16:24:55
TXN-0008568,James Smith,Apparel,1267.9,8,10143.2,4.4,Germany,2024-10-10 00:00:00
TXN-0011399,Lisa Johnson,Toys & Games,953.64,7,6675.48,3.8,Japan,2024-06-20 12:58:27
TXN-0003243,Susan Williams,Sports & Outdoors,271.25,4,1085.0,2.5,United Kingdom,2024-06-29 15:53:17
TXN-0003655,Barbara Jones,Electronics,492.07,2,984.14,3.3,Germany,2024-02-14 20:41:32
TXN-0002354,Barbara Miller,Books,264.1,3,792.3,2.0,Germany,2023-02-22 00:00:00
TXN-0006498,Sarah Lee,Beauty & Personal Care,383.99,7,2687.93,2.3,United Kingdom,2024-10-09 19:48:13
TXN-0004270,Jessica Anderson,Books,1355.28,3,4065.84,2.6,France,2024-10-08 23:48:46
TXN-0000341,Barbara Jackson,Beauty & Personal Care,409.3,1,409.3,2.3,Japan,2023-06-20 00:00:00
TXN-0009264,Mary Moore,Home & Kitchen,1206.39,4,4825.56,4.8,France,2023-09-07 19:44:34
TXN-0008150,Patricia Lee,Beauty & Personal Care,988.75,4,3955.0,4.6,India,2024-06-09 05:56:02
TXN-0010534,Michael Hernandez,Books,387.48,5,1937.4,3.4,United Kingdom,2024-03-29 06:57:28
TXN-0001354,James Jackson,Toys & Games,1439.88,6,8639.28,4.2,United States,2024-01-18 03:43:16
TXN-0004428,Lisa Hernandez,Automotive,85.0,4,340.0,4.9,Japan,2023-02-08 00:00:00
TXN-0001324,Jessica Thompson,Automotive,235.89,3,707.67,1.6,France,2023-08-16 01:28:47
TXN-0003334,Richard Gonzalez,Books,652.35,5,3261.75,1.3,Australia,2024-12-23 10:10:38
TXN-0000699,Robert Miller,Apparel,437.75,8,3502.0,1.2,Japan,2024-10-03 18:23:05
TXN-0011319,Linda Wilson,Books,1281.99,5,6409.95,3.8,United Kingdom,2023-05-24 00:00:00
TXN-0008892,Daniel Rodriguez,Beauty & Personal Care,1453.27,4,5813.08,2.4,Japan,2023-10-24 00:00:00
TXN-0007228,Susan Martin,Books,1191.28,8,9530.24,2.0,Brazil,2023-02-26 00:00:00
TXN-0006210,Jennifer Martin,Home & Kitchen,546.29,6,3277.74,1.1,Netherlands,2024-10-05 17:13:43
TXN-0005214,Lisa Jackson,Electronics,1096.53,6,6579.18,1.0,Australia,2024-08-15 20:54:23
TXN-0012065,Karen Perez,Toys & Games,1213.45,6,7280.7,4.2,Germany,2024-09-14 10:28:25
TXN-0010057,Nancy Hernandez,Beauty & Personal Care,777.52,3,2332.56,4.7,Netherlands,2024-02-13 00:17:29
TXN-0003946,Lisa Thomas,Sports & Outdoors,930.12,2,1860.24,2.9,Japan,2024-05-01 12:07:27
TXN-0011590,Lisa Lopez,Sports & Outdoors,1281.99,2,2563.98,3.8,Australia,2024-04-16 00:00:00
TXN-0002023,Sarah White,Automotive,1425.8,2,2851.6,4.0,Netherlands,2024-12-23 14:08:42
TXN-0005036,Robert Garcia,Sports & Outdoors,38.43,4,153.72,3.8,Germany,2024-08-24 04:21:44
TXN-0001838,Nancy Williams,Home & Kitchen,576.96,2,1153.92,1.5,Canada,2023-05-21 08:37:20
TXN-0006329,Patricia Jones,Beauty & Personal Care,1002.94,8,8023.52,4.6,France,2023-11-07 23:01:41
TXN-0005804,Richard Williams,Automotive,583.7,2,1167.4,2.6,United States,2024-07-15 19:55:07
TXN-0011982,Richard Jones,Books,1099.21,7,7694.47,2.5,Canada,2023-12-01 16:22:24
TXN-0011639,Charles Moore,Automotive,885.91,2,1771.82,2.8,Japan,2024-04-11 18:33:50
TXN-0001766,Richard Taylor,Sports & Outdoors,1455.59,4,5822.36,1.8,Canada,2023-06-30 00:00:00
TXN-0011149,Michael Wilson,Apparel,662.92,7,4640.44,2.9,United Kingdom,2023-05-13 12:40:48
TXN-0007596,David Garcia,Apparel,355.93,3,1067.79,3.9,India,2024-12-08 09:47:56
TXN-0011640,Richard Lopez,Apparel,902.46,7,6317.22,1.4,India,2023-07-15 12:50:25
TXN-0004642,Karen Taylor,Apparel,857.03,2,1714.06,2.5,Netherlands,2023-07-21 00:00:00
TXN-0004504,Susan Miller,Books,1036.32,3,3108.96,1.0,Australia,2024-12-03 16:29:55
TXN-0002177,David Lopez,Books,658.42,3,1975.26,1.4,Netherlands,2024-10-02 02:08:28
TXN-0007134,James Hernandez,Books,820.92,1,820.92,2.2,Canada,2023-08-22 02:34:39
TXN-0002407,Charles Lee,Sports & Outdoors,923.39,8,7387.12,3.0,Canada,2024-01-29 20:24:30
TXN-0005171,Joseph Hernandez,Home & Kitchen,871.09,6,5226.54,4.4,France,2024-08-15 14:40:38
TXN-0003195,Richard Gonzalez,Apparel,486.62,1,486.62,2.3,Australia,2024-04-27 10:51:03
TXN-0004542,Karen Lee,Toys & Games,1246.64,3,3739.92,2.9,United States,2024-04-11 08:44:22
TXN-0008382,Jennifer White,Automotive,1273.28,5,6366.4,2.7,United Kingdom,2023-02-01 00:00:00
TXN-0004895,Jennifer White,Apparel,217.57,6,1305.42,3.7,Japan,2024-08-20 06:41:05
TXN-0009894,Karen Thompson,Apparel,1361.83,4,5447.32,3.9,Australia,2023-09-04 02:12:47
TXN-0004356,Joseph Williams,Toys & Games,60.15,5,300.75,2.0,Australia,2023-03-23 09:24:17
TXN-0003651,Barbara Anderson,Toys & Games,1017.12,1,1017.12,4.5,Brazil,2023-09-20 00:00:00
TXN-0008762,Robert Thomas,Automotive,1474.72,2,2949.44,4.8,India,2024-05-03 21:00:30
TXN-0008846,Susan Miller,Books,1139.8,5,5699.0,2.4,United States,2024-06-22 08:41:56
TXN-0011760,Susan Brown,Sports & Outdoors,1326.68,5,6633.4,2.5,India,2024-07-20 23:26:40
TXN-0007020,Mary Lopez,Books,1121.03,6,6726.18,1.1,France,2023-09-12 22:37:51
TXN-0008468,Karen Lopez,Beauty & Personal Care,1374.85,8,10998.8,1.2,Australia,2024-01-07 11:05:09
TXN-0009670,Joseph Hernandez,Beauty & Personal Care,770.61,6,4623.66,4.2,Canada,2023-10-21 00:00:00
TXN-0010847,Susan Smith,Home & Kitchen,823.45,5,4117.25,2.9,Japan,2023-07-26 13:28:44
TXN-0010553,Sarah Taylor,Electronics,696.83,8,5574.64,4.5,Japan,2023-05-03 17:28:05
TXN-0003661,Jessica Smith,Apparel,926.55,7,6485.85,1.4,Australia,2023-03-29 19:40:12
TXN-0005490,Christopher Taylor,Electronics,1044.5,6,6267.0,3.5,Australia,2023-09-13 00:00:00
TXN-0009262,Barbara Brown,Books,967.01,4,3868.04,3.7,United States,2023-06-28 19:24:23
TXN-0003764,Susan Davis,Automotive,110.14,5,550.7,3.4,Germany,2023-06-09 21:13:10
TXN-0011977,Richard Garcia,Apparel,1497.7,3,4493.1,1.3,Canada,2023-11-02 04:34:39
TXN-0004939,Christopher White,Books,339.28,5,1696.4,3.0,United Kingdom,2024-01-17 14:39:25
TXN-0000705,Sarah Hernandez,Beauty & Personal Care,410.83,6,2464.98,1.4,France,2024-03-26 12:51:11
TXN-0002726,Susan Miller,Electronics,105.71,3,317.13,4.5,Canada,2024-10-03 03:20:29
TXN-0010403,Charles Wilson,Automotive,946.7,8,7573.6,1.5,Germany,2024-09-13 00:00:00
TXN-0009488,Sarah Hernandez,Sports & Outdoors,1398.54,8,11188.32,4.0,France,2023-10-22 05:48:34
TXN-0010773,Sarah Miller,Automotive,707.32,1,707.32,1.2,Netherlands,2023-07-31 22:04:07
TXN-0012168,John Johnson,Apparel,1118.69,4,4474.76,1.4,India,2023-08-11 05:57:08
TXN-0003996,John Wilson,Electronics,1365.11,1,1365.11,1.7,United States,2024-01-09 06:59:31
TXN-0006199,Karen Brown,Sports & Outdoors,107.09,3,321.27,1.0,Australia,2024-07-14 14:06:30
TXN-0010443,David Williams,Home & Kitchen,1417.99,6,8507.94,3.5,Brazil,2024-05-07 00:00:00
TXN-0000545,Karen Smith,Toys & Games,460.65,1,460.65,2.3,United States,2024-03-14 18:44:22
TXN-0003287,Daniel Smith,Toys & Games,662.74,5,3313.7,4.7,France,2023-09-24 03:17:45
TXN-0002675,Patricia Lee,Sports & Outdoors,706.95,7,4948.65,4.2,France,2023-08-12 13:40:16
TXN-0002561,Michael Taylor,Electronics,1439.43,8,11515.44,2.6,United Kingdom,2023-04-28 05:40:56
TXN-0009865,Patricia Garcia,Sports & Outdoors,1200.18,6,7201.08,3.5,Canada,2024-09-26 07:42:39
TXN-0000329,Mary Wilson,Apparel,441.06,6,2646.36,4.7,Germany,2023-11-02 05:10:07
TXN-0005993,Charles Martinez,Electronics,1038.64,3,3115.92,4.0,Japan,2023-06-18 11:48:48
TXN-0005658,Jennifer Williams,Home & Kitchen,1221.04,1,1221.04,1.5,Canada,2024-05-18 08:14:44
TXN-0004380,Linda Thompson,Toys & Games,94.11,7,658.77,1.2,Australia,2023-04-20 15:11:57
TXN-0008532,Karen Lopez,Electronics,1500.0,1,1500.0,3.5,India,2024-12-25 07:46:00
TXN-0009703,Robert Anderson,Beauty & Personal Care,839.09,7,5873.63,4.7,India,2024-01-10 01:08:41
TXN-0007614,Barbara Anderson,Books,645.46,1,645.46,3.7,Japan,2024-04-18 01:22:43
TXN-0010863,Sarah Thomas,Electronics,862.72,7,6039.04,3.8,Brazil,2023-11-02 18:48:01
TXN-0008478,David Davis,Automotive,1365.31,2,2730.62,3.9,Netherlands,2024-05-26 13:02:14
TXN-0007898,Jessica Lee,Electronics,1172.31,3,3516.93,2.2,Germany,2023-05-22 12:14:13
TXN-0009127,Christopher Garcia,Electronics,730.63,7,5114.41,2.0,Germany,2024-12-24 18:25:22
TXN-0002901,Jennifer Moore,Beauty & Personal Care,411.61,8,3292.88,4.4,Netherlands,2024-11-03 08:29:26
TXN-0009905,Thomas Jones,Toys & Games,315.98,2,631.96,3.7,Netherlands,2023-05-13 08:45:50
TXN-0009684,David Davis,Apparel,634.96,4,2539.84,3.5,India,2023-09-07 03:05:37
TXN-0001408,Richard Martin,Home & Kitchen,144.58,7,1012.06,4.4,Germany,2023-04-24 05:15:53
TXN-0009440,Patricia Gonzalez,Sports & Outdoors,116.49,2,232.98,2.3,Japan,2024-06-22 22:15:35
TXN-0010692,Thomas Wilson,Home & Kitchen,830.04,4,3320.16,1.4,France,2024-05-26 08:10:20
TXN-0007331,Christopher Lee,Apparel,947.1,4,3788.4,1.4,Japan,2023-06-22 02:52:43
TXN-0006639,James Wilson,Toys & Games,1433.21,5,7166.05,1.6,Brazil,2023-06-18 08:55:40
TXN-0011852,James Rodriguez,Apparel,1388.04,4,5552.16,1.8,Canada,2024-04-01 00:00:00
TXN-0005729,Michael Williams,Home & Kitchen,246.54,2,493.08,1.2,Japan,2024-06-05 08:54:09
TXN-0005376,Mary Gonzalez,Automotive,1095.9,7,7671.3,4.7,Netherlands,2024-11-02 07:49:29
TXN-0006253,Lisa Miller,Beauty & Personal Care,695.87,6,4175.22,3.5,Canada,2023-02-12 05:46:32
TXN-0010782,Sarah Lopez,Beauty & Personal Care,847.57,5,4237.85,2.5,Japan,2024-07-15 00:00:00
TXN-0012398,Susan Martin,Apparel,1083.4,3,3250.2,3.4,Japan,2023-01-21 01:50:35
TXN-0008015,William Taylor,Home & Kitchen,699.57,2,1399.14,2.9,Brazil,2024-03-05 22:23:54
TXN-0003707,Sarah Garcia,Toys & Games,1282.47,4,5129.88,2.2,Netherlands,2023-10-14 00:00:00
TXN-0010497,Linda Brown,Books,1277.56,1,1277.56,1.0,United States,2023-09-17 19:04:19
TXN-0003589,James Lopez,Apparel,52.4,8,419.2,1.1,Japan,2023-11-10 09:33:19
TXN-0002568,Lisa Davis,Books,534.7,8,4277.6,1.1,Australia,2024-01-14 03:19:31
TXN-0008742,John Garcia,Sports & Outdoors,237.99,1,237.99,4.8,Germany,2024-07-28 02:18:12
TXN-0006828,John Martin,Toys & Games,1054.71,6,6328.26,1.6,United Kingdom,2023-01-25 07:25:10
TXN-0008026,Lisa Martinez,Beauty & Personal Care,262.35,6,1574.1,4.5,Canada,2024-01-19 06:50:26
TXN-0011892,Sarah Perez,Automotive,231.94,6,1391.64,1.3,Germany,2023-09-07 02:32:00
TXN-0003773,Lisa Thomas,Apparel,1020.13,6,6120.78,2.7,United Kingdom,2024-10-30 11:12:57
TXN-0004597,Sarah Taylor,Apparel,288.91,1,288.91,3.3,Germany,2023-01-23 22:42:48
TXN-0006867,Jennifer Garcia,Apparel,556.22,7,3893.54,4.2,Brazil,2024-07-17 03:03:19
TXN-0006588,Thomas Moore,Home & Kitchen,597.81,3,1793.43,2.0,France,2023-12-11 19:17:16
TXN-0008004,Patricia Garcia,Beauty & Personal Care,755.52,5,3777.6,2.3,Australia,2024-12-22 02:53:24
TXN-0006346,Richard Davis,Toys & Games,589.16,2,1178.32,1.8,Germany,2024-04-25 00:00:00
TXN-0007093,Thomas Thomas,Toys & Games,1006.25,7,7043.75,2.8,India,2023-06-26 17:01:35
TXN-0008968,Daniel Jones,Books,1133.37,5,5666.85,1.6,France,2023-06-17 13:44:58
TXN-0005317,Karen Lopez,Books,265.25,8,2122.0,4.2,Canada,2024-09-25 06:19:40
TXN-0009447,Susan Hernandez,Sports & Outdoors,1066.23,3,3198.69,3.5,Australia,2024-05-01 04:03:19
TXN-0011736,Linda Jackson,Automotive,301.33,2,602.66,1.3,Canada,2024-04-16 00:00:00
TXN-0001229,Elizabeth Martinez,Electronics,949.18,4,3796.72,1.1,Germany,2024-08-05 00:00:00
TXN-0004651,Barbara Lee,Electronics,1399.3,7,9795.1,3.7,Japan,2023-05-25 02:00:46
TXN-0011874,Thomas Thompson,Electronics,1169.14,8,9353.12,4.2,United Kingdom,2023-07-16 01:49:39
TXN-0012283,Christopher Hernandez,Automotive,1118.78,2,2237.56,3.4,France,2024-05-03 17:48:00
TXN-0004260,Patricia Thompson,Beauty & Personal Care,263.51,6,1581.06,4.8,India,2023-10-02 00:00:00
TXN-0006455,David Williams,Automotive,844.48,7,5911.36,2.6,Australia,2023-05-23 06:31:43
TXN-0008498,James Wilson,Books,835.61,8,6684.88,3.5,United Kingdom,2024-09-03 00:00:00
TXN-0012476,Elizabeth Brown,Home & Kitchen,79.85,4,319.4,3.1,India,2024-06-30 14:27:38
TXN-0003202,Barbara Hernandez,Toys & Games,910.83,3,2732.49,5.0,Canada,2024-08-22 16:59:19
TXN-0003938,Jessica Thomas,Books,828.8,1,828.8,1.4,Netherlands,2024-06-07 01:59:28
TXN-0009832,James Rodriguez,Home & Kitchen,1460.2,4,5840.8,2.7,Brazil,2024-11-07 00:00:00
TXN-0011950,William Thomas,Automotive,968.6,7,6780.2,4.9,Canada,2024-08-23 23:28:33
TXN-0011072,Susan Jackson,Sports & Outdoors,264.25,8,2114.0,4.0,Brazil,2024-05-31 22:07:16
TXN-0002928,Barbara Williams,Sports & Outdoors,670.5,4,2682.0,2.2,Netherlands,2023-03-01 01:19:37
TXN-0006308,Thomas Perez,Toys & Games,599.35,7,4195.45,2.6,Canada,2023-07-09 09:52:38
TXN-0006481,John Martinez,Automotive,598.19,6,3589.14,4.4,France,2024-01-13 17:59:18
TXN-0011773,Linda Johnson,Automotive,482.09,5,2410.45,1.5,Canada,2024-04-09 11:04:36
TXN-0005560,Nancy Wilson,Apparel,517.32,4,2069.28,4.8,Australia,2023-11-25 14:39:31
TXN-0000018,Linda Johnson,Books,1420.69,2,2841.38,3.9,Netherlands,2024-09-25 19:46:33
TXN-0004513,Mary Thomas,Electronics,788.21,4,3152.84,1.9,United States,2024-10-22 04:32:32
TXN-0008820,David Wilson,Books,715.51,1,715.51,1.9,United Kingdom,2023-02-24 03:35:06
TXN-0000437,Christopher Smith,Home & Kitchen,671.27,4,2685.08,4.8,Australia,2024-06-14 03:40:46
TXN-0009104,William Garcia,Beauty & Personal Care,529.82,5,2649.1,4.1,Germany,2023-11-27 19:07:36
TXN-0010939,David Lopez,Electronics,834.42,7,5840.94,1.4,India,2024-07-10 23:36:11
TXN-0003053,Linda Hernandez,Automotive,741.71,8,5933.68,1.3,Canada,2024-01-13 10:26:14
TXN-0002146,Michael Thomas,Toys & Games,760.96,2,1521.92,4.5,Canada,2024-02-26 05:46:58
TXN-0003058,Jessica Davis,Electronics,342.57,5,1712.85,3.3,Germany,2023-11-23 09:04:28
TXN-0010058,Barbara Garcia,Apparel,1296.65,6,7779.9,2.5,Germany,2024-12-03 03:32:55
TXN-0009039,Richard Thomas,Sports & Outdoors,1047.66,2,2095.32,3.3,India,2023-02-24 17:01:46
TXN-0003380,Daniel Moore,Home & Kitchen,177.15,8,1417.2,2.2,Netherlands,2023-09-07 08:58:54
TXN-0008289,William Gonzalez,Beauty & Personal Care,313.88,3,941.64,2.5,Japan,2024-04-10 07:35:20
TXN-0000560,Sarah Rodriguez,Books,515.97,7,3611.79,3.6,United Kingdom,2023-03-10 04:37:03
TXN-0002681,John White,Electronics,500.68,8,4005.44,2.0,Japan,2023-12-18 08:21:40
TXN-0007163,Karen Martin,Electronics,278.88,4,1115.52,3.7,Australia,2024-07-22 13:13:01
TXN-0008610,Robert Davis,Electronics,1176.03,4,4704.12,1.2,Canada,2023-03-27 14:52:15
TXN-0002031,James Jackson,Beauty & Personal Care,1376.01,5,6880.05,3.0,Netherlands,2024-09-24 20:20:17
TXN-0004351,Susan Gonzalez,Apparel,661.59,2,1323.18,1.6,Australia,2023-09-29 05:12:17
TXN-0004854,Joseph Williams,Toys & Games,473.84,8,3790.72,3.3,India,2023-04-02 20:42:44
TXN-0000740,Charles White,Electronics,304.97,8,2439.76,1.6,Brazil,2023-04-27 21:00:48
TXN-0009121,Patricia Taylor,Home & Kitchen,39.56,8,316.48,1.8,Canada,2023-09-30 23:36:45
TXN-0001404,Daniel Lee,Sports & Outdoors,318.02,6,1908.12,4.0,United Kingdom,2024-08-08 02:53:12
TXN-0010451,Mary Hernandez,Books,847.37,1,847.37,4.1,Germany,2023-05-13 17:31:00
TXN-0005725,Christopher Brown,Sports & Outdoors,1455.2,8,11641.6,2.1,Brazil,2023-04-02 10:16:12
TXN-0004016,Susan Hernandez,Apparel,1180.87,7,8266.09,3.0,Germany,2024-06-11 02:49:59
TXN-0004232,Susan Gonzalez,Beauty & Personal Care,1276.68,2,2553.36,1.8,India,2023-08-10 16:25:09
TXN-0004233,Karen Lopez,Electronics,94.77,7,663.39,2.2,France,2024-12-31 00:00:00
TXN-0008162,Patricia Hernandez,Books,380.85,4,1523.4,1.5,Australia,2024-01-01 21:21:44
TXN-0012345,Michael Miller,Books,991.16,8,7929.28,4.4,Brazil,2023-02-14 12:09:18
TXN-0001966,Lisa Taylor,Apparel,307.27,5,1536.35,4.2,India,2023-03-06 04:34:01
TXN-0010788,Jennifer Miller,Automotive,907.88,5,4539.4,2.1,India,2024-12-03 22:19:51
TXN-0009968,Christopher Garcia,Home & Kitchen,259.4,7,1815.8,4.8,Japan,2024-12-26 21:24:36
TXN-0003233,William Lopez,Sports & Outdoors,101.1,1,101.1,2.6,France,2023-12-05 13:39:18
TXN-0003144,Charles Jones,Electronics,206.38,6,1238.28,2.7,United States,2024-08-12 02:00:21
TXN-0000515,Karen Thompson,Sports & Outdoors,974.44,5,4872.2,2.7,France,2024-10-24 00:00:00
TXN-0008122,Charles Gonzalez,Home & Kitchen,792.33,4,3169.32,4.2,India,2024-05-29 23:09:10
TXN-0008323,Charles Perez,Sports & Outdoors,968.15,3,2904.45,1.5,United Kingdom,2023-10-05 00:00:00
TXN-0007185,Linda Miller,Electronics,1014.45,3,3043.35,2.3,Canada,2024-10-20 14:41:18
TXN-0003351,David Gonzalez,Electronics,1446.04,5,7230.2,3.1,France,2024-12-21 08:35:15
TXN-0001709,Thomas Rodriguez,Apparel,569.69,2,1139.38,1.9,Japan,2023-04-26 22:39:05
TXN-0007871,Sarah Moore,Sports & Outdoors,1185.68,6,7114.08,3.5,United Kingdom,2023-01-07 00:00:00
TXN-0000645,Jessica Brown,Beauty & Personal Care,1024.34,7,7170.38,1.2,Australia,2024-05-17 14:20:28
TXN-0011490,Jennifer Brown,Books,348.11,3,1044.33,1.4,Netherlands,2023-11-19 08:25:18
TXN-0002523,Elizabeth Moore,Beauty & Personal Care,380.96,1,380.96,3.8,Germany,2023-05-22 17:09:39
TXN-0010140,Sarah Garcia,Electronics,366.9,6,2201.4,2.8,Netherlands,2024-11-13 19:49:54
TXN-0002469,Elizabeth Thompson,Toys & Games,313.94,4,1255.76,3.9,Netherlands,2023-09-24 01:30:59
TXN-0011270,Jennifer Lopez,Beauty & Personal Care,155.39,6,932.34,1.6,United States,2023-12-19 04:29:15
TXN-0008976,David Jackson,Apparel,1124.73,1,1124.73,4.6,India,2023-06-26 14:46:07
TXN-0004219,Susan Hernandez,Books,1219.55,3,3658.65,4.4,United Kingdom,2024-09-06 06:47:55
TXN-0001810,Barbara Lee,Books,972.77,4,3891.08,1.3,Netherlands,2023-07-03 00:00:00
TXN-0000373,Susan White,Automotive,1301.45,1,1301.45,3.1,Brazil,2023-05-04 11:27:40
TXN-0009607,William Jones,Beauty & Personal Care,476.73,6,2860.38,1.4,Japan,2023-07-09 16:49:13
TXN-0010275,Lisa Hernandez,Home & Kitchen,806.49,8,6451.92,3.2,United Kingdom,2024-12-08 19:29:11
TXN-0002828,Patricia Thompson,Beauty & Personal Care,887.75,5,4438.75,3.5,France,2023-05-31 17:57:36
TXN-0004381,Jennifer Jones,Sports & Outdoors,830.53,3,2491.59,1.6,India,2024-12-18 09:44:27
TXN-0007710,Daniel Anderson,Automotive,724.7,6,4348.2,4.7,United Kingdom,2024-05-12 10:46:03
TXN-0008193,Christopher Jones,Automotive,1447.58,4,5790.32,1.3,Australia,2024-11-04 13:29:33
TXN-0008039,David Hernandez,Toys & Games,294.3,7,2060.1,4.0,Canada,2023-02-09 21:33:11
TXN-0005756,Jessica Smith,Toys & Games,14.74,7,103.18,2.2,France,2023-04-22 14:08:25
TXN-0008749,Michael Martin,Electronics,86.54,5,432.7,4.2,Germany,2023-04-06 09:55:45
TXN-0006251,Lisa Jones,Books,1132.32,1,1132.32,2.9,Japan,2023-01-08 03:41:41
TXN-0009147,Mary Davis,Books,334.84,2,669.68,1.6,Germany,2023-12-15 20:10:39
TXN-0009056,Richard Martinez,Electronics,377.41,2,754.82,2.5,United States,2023-10-19 00:00:00
TXN-0008807,Linda Martinez,Sports & Outdoors,232.53,1,232.53,4.1,Germany,2024-10-28 00:00:00
TXN-0009277,John Taylor,Books,490.34,5,2451.7,2.2,United Kingdom,2024-11-20 12:24:34
TXN-0007877,Jessica White,Electronics,1086.55,8,8692.4,2.2,Japan,2024-04-17 18:59:46
TXN-0004742,Nancy Miller,Home & Kitchen,112.89,2,225.78,2.8,United Kingdom,2024-06-08 00:00:00
TXN-0009490,Barbara White,Sports & Outdoors,71.13,5,355.65,4.9,United Kingdom,2024-09-24 14:44:52
TXN-0010843,David Brown,Automotive,511.22,6,3067.32,3.0,Germany,2023-05-01 00:19:20
TXN-0003469,Mary Martin,Electronics,300.75,2,601.5,4.7,Netherlands,2023-08-16 07:07:30
TXN-0009445,Christopher Thompson,Books,1191.5,3,3574.5,2.8,Australia,2023-12-22 18:31:21
TXN-0004934,Barbara Martin,Sports & Outdoors,826.14,6,4956.84,1.8,Japan,2023-12-29 10:18:25
TXN-0005930,Charles Jackson,Apparel,1161.77,4,4647.08,1.2,Australia,2023-06-03 21:47:09
TXN-0000186,Charles Lopez,Automotive,199.01,2,398.02,1.3,Brazil,2023-11-06 06:14:23
TXN-0001471,Sarah Lee,Automotive,1036.5,4,4146.0,4.9,France,2024-05-30 15:25:00
TXN-0008321,Sarah Moore,Automotive,1126.19,1,1126.19,3.3,United States,2024-09-10 23:51:13
TXN-0008710,Charles Johnson,Electronics,568.44,8,4547.52,3.9,United Kingdom,2023-04-22 21:46:12
TXN-0007979,David Jones,Automotive,234.05,2,468.1,2.6,France,2024-12-18 00:00:00
TXN-0011847,Barbara Davis,Sports & Outdoors,397.69,1,397.69,3.3,France,2024-09-02 07:39:05
TXN-0011040,Daniel Miller,Toys & Games,1358.57,7,9509.99,1.3,Germany,2024-02-05 17:06:39
TXN-0005544,Patricia Lee,Sports & Outdoors,1233.63,6,7401.78,4.5,Japan,2024-01-25 11:15:48
TXN-0002666,Jessica Jones,Apparel,710.21,3,2130.63,1.8,United States,2024-07-13 00:00:00
TXN-0002976,Patricia Rodriguez,Automotive,1097.96,6,6587.76,1.9,Netherlands,2023-09-12 00:00:00
TXN-0003796,Linda Jones,Books,1222.04,6,7332.24,3.8,Canada,2024-09-25 11:42:41
TXN-0003615,James Thompson,Sports & Outdoors,833.84,2,1667.68,4.5,Brazil,2024-10-18 13:39:35
TXN-0012307,Susan Gonzalez,Sports & Outdoors,1429.72,4,5718.88,2.2,Canada,2024-11-07 23:00:45
TXN-0003689,Jennifer Wilson,Electronics,1467.4,7,10271.8,4.2,United Kingdom,2024-09-28 04:48:08
TXN-0005676,Sarah Garcia,Apparel,785.75,6,4714.5,3.7,Australia,2024-02-10 23:14:19
TXN-0009361,William Moore,Books,1111.0,7,7777.0,1.2,United States,2023-11-25 17:41:53
TXN-0009178,Nancy Jones,Beauty & Personal Care,785.58,1,785.58,4.4,Brazil,2023-11-11 00:00:00
TXN-0008302,Barbara Thomas,Home & Kitchen,656.96,7,4598.72,3.3,India,2023-12-26 10:38:52
TXN-0008182,Nancy Brown,Electronics,56.93,5,284.65,3.9,Australia,2024-07-23 12:09:34
TXN-0006664,Barbara Lopez,Toys & Games,244.86,5,1224.3,1.1,Canada,2023-03-05 14:45:21
TXN-0002588,Christopher Lopez,Electronics,1090.38,7,7632.66,3.8,Netherlands,2023-05-26 00:00:00
TXN-0005087,Robert Gonzalez,Toys & Games,968.94,8,7751.52,2.0,France,2024-12-28 16:03:36
TXN-0002883,Joseph Smith,Automotive,185.93,4,743.72,3.8,United Kingdom,2023-01-09 16:52:45
TXN-0009606,Mary Moore,Beauty & Personal Care,1321.12,5,6605.6,2.3,Japan,2023-09-19 00:59:06
TXN-0006921,Charles Johnson,Apparel,429.14,5,2145.7,2.1,France,2024-12-21 20:33:08
TXN-0003968,Thomas Brown,Electronics,154.2,5,771.0,4.3,Canada,2023-09-18 09:51:08
TXN-0006218,Karen Gonzalez,Beauty & Personal Care,161.81,8,1294.48,2.1,Canada,2023-08-24 03:35:03
TXN-0004379,David Jackson,Home & Kitchen,1012.26,7,7085.82,1.0,United States,2023-11-23 09:49:25
TXN-0004744,James Rodriguez,Home & Kitchen,519.38,8,4155.04,1.7,Japan,2023-11-04 18:30:20
TXN-0012190,Nancy Garcia,Apparel,709.39,4,2837.56,4.0,Canada,2023-05-27 02:29:50
TXN-0001432,Patricia Martinez,Sports & Outdoors,526.84,3,1580.52,3.4,Canada,2023-05-11 00:17:17
TXN-0005798,Lisa Johnson,Beauty & Personal Care,23.87,5,119.35,2.9,Canada,2023-01-02 07:12:56
TXN-0002690,Barbara Garcia,Books,486.63,3,1459.89,3.1,Canada,2023-06-25 00:00:00
TXN-0010836,Mary Thomas,Electronics,924.98,1,924.98,2.8,United Kingdom,2024-11-22 00:00:00
TXN-0004630,David Perez,Automotive,89.47,4,357.88,1.6,Germany,2023-11-16 18:00:54
TXN-0000258,John Martinez,Apparel,364.51,7,2551.57,3.7,Netherlands,2024-02-24 20:48:50
TXN-0002377,Nancy Lee,Toys & Games,1136.61,5,5683.05,2.8,United Kingdom,2024-03-05 02:47:56
TXN-0000028,Daniel White,Automotive,288.9,4,1155.6,4.9,United Kingdom,2024-03-25 20:42:11
TXN-0002736,Christopher Miller,Automotive,689.83,6,4138.98,3.0,France,2023-06-03 00:00:00
TXN-0004743,Daniel Davis,Apparel,1284.74,2,2569.48,4.5,India,2024-02-19 01:00:10
TXN-0008402,Joseph Thompson,Apparel,390.91,7,2736.37,3.0,United States,2024-03-31 18:00:44
TXN-0002772,Elizabeth Moore,Electronics,792.46,4,3169.84,2.3,United Kingdom,2023-08-05 10:57:14
TXN-0010391,James Martinez,Home & Kitchen,1014.63,8,8117.04,3.2,Brazil,2023-10-24 02:00:57
TXN-0004441,John Miller,Sports & Outdoors,747.72,8,5981.76,1.8,United Kingdom,2023-06-06 13:09:59
TXN-0012156,Joseph Perez,Automotive,889.39,6,5336.34,1.4,India,2024-05-30 13:44:48
TXN-0009240,Lisa Miller,Beauty & Personal Care,689.38,7,4825.66,2.9,United Kingdom,2023-03-16 11:12:36
TXN-0001395,Karen Martin,Beauty & Personal Care,1304.7,8,10437.6,4.3,Germany,2023-12-02 21:57:41
TXN-0001498,Richard Thomas,Apparel,509.29,1,509.29,3.0,France,2023-05-03 23:13:49
TXN-0012344,William Lopez,Home & Kitchen,1159.33,8,9274.64,3.9,United States,2023-06-11 09:52:37
TXN-0010120,Nancy Davis,Home & Kitchen,1371.68,7,9601.76,3.1,France,2023-08-06 14:13:21
TXN-0004531,Susan Lopez,Automotive,1385.13,5,6925.65,3.5,Brazil,2023-06-22 10:42:23
TXN-0002133,Elizabeth Jones,Electronics,1192.95,3,3578.85,3.3,United States,2024-01-26 06:50:01
TXN-0009756,Robert Jones,Automotive,1362.03,4,5448.12,3.4,Australia,2024-05-30 21:28:47
TXN-0004787,Joseph Gonzalez,Apparel,874.6,2,1749.2,3.9,Canada,2023-09-13 00:00:00
TXN-0001834,John Smith,Apparel,255.38,6,1532.28,3.7,Netherlands,2023-03-13 19:51:36
TXN-0001169,Mary Gonzalez,Toys & Games,647.43,7,4532.01,3.2,United Kingdom,2023-03-31 18:37:37
TXN-0001089,Thomas Taylor,Apparel,1300.98,2,2601.96,4.6,Germany,2023-01-23 21:52:31
TXN-0008666,Jennifer Hernandez,Electronics,675.78,5,3378.9,3.8,France,2024-01-09 06:35:39
TXN-0009717,Nancy Lee,Electronics,532.26,6,3193.56,4.8,Brazil,2023-09-05 19:26:36
TXN-0005626,Richard Perez,Beauty & Personal Care,21.81,3,65.43,3.2,United States,2024-06-09 18:16:35
TXN-0009389,Barbara Wilson,Apparel,1278.09,5,6390.45,1.6,Australia,2024-06-04 23:32:52
TXN-0002172,Elizabeth Rodriguez,Apparel,894.98,1,894.98,2.6,Netherlands,2023-08-02 00:33:12
TXN-0006505,Patricia Thompson,Apparel,883.97,2,1767.94,4.1,India,2023-04-22 10:00:01
TXN-0006493,Christopher Jones,Automotive,410.69,5,2053.45,3.1,Brazil,2024-12-31 00:00:00
TXN-0008754,Nancy Lee,Home & Kitchen,1256.02,8,10048.16,1.6,Brazil,2023-07-30 22:44:41
TXN-0002678,William Davis,Toys & Games,865.68,6,5194.08,4.3,Netherlands,2024-03-05 04:16:15
TXN-0011835,Barbara Lee,Apparel,861.36,7,6029.52,1.1,India,2023-09-26 04:04:47
TXN-0002805,Elizabeth Hernandez,Electronics,1491.82,1,1491.82,3.4,Australia,2024-02-18 05:24:58
TXN-0009133,Michael Martin,Sports & Outdoors,133.23,3,399.69,4.2,Australia,2023-09-20 23:08:09
TXN-0006645,Lisa Williams,Sports & Outdoors,447.97,8,3583.76,4.6,United States,2023-07-07 10:23:49
TXN-0010167,Michael Hernandez,Home & Kitchen,719.89,1,719.89,1.4,Japan,2023-07-04 22:09:44
TXN-0005417,William Smith,Automotive,651.9,6,3911.4,3.7,Japan,2023-06-15 12:11:01
TXN-0004101,Christopher Johnson,Books,903.74,1,903.74,3.3,Australia,2023-05-09 23:26:09
TXN-0002571,Thomas Rodriguez,Sports & Outdoors,71.85,6,431.1,4.9,France,2024-02-22 09:46:02
TXN-0009602,Jennifer Taylor,Home & Kitchen,1134.5,5,5672.5,1.1,Japan,2024-03-19 07:48:09
TXN-0004420,Michael Rodriguez,Apparel,1440.79,2,2881.58,4.3,France,2023-07-16 21:11:20
TXN-0006519,Christopher Thompson,Apparel,1047.69,4,4190.76,4.6,India,2023-04-11 12:10:14
TXN-0010064,Sarah Jackson,Electronics,71.71,5,358.55,4.0,Brazil,2024-04-01 06:07:53
TXN-0009527,Richard Davis,Home & Kitchen,669.88,3,2009.64,4.6,India,2023-10-29 02:37:26
TXN-0007318,Charles Brown,Automotive,1467.31,1,1467.31,2.7,Netherlands,2024-06-03 19:00:16
TXN-0000360,Jennifer Lopez,Toys & Games,283.94,1,283.94,2.1,Australia,2023-12-28 05:18:31
TXN-0010377,Charles Thompson,Automotive,1435.15,6,8610.9,2.3,Australia,2023-08-29 13:02:16
TXN-0001684,Barbara Thomas,Books,503.48,4,2013.92,2.7,Brazil,2024-03-12 00:00:00
TXN-0000436,David Lopez,Sports & Outdoors,1425.71,8,11405.68,5.0,Germany,2024-10-01 18:39:52
TXN-0006343,Robert White,Books,804.91,8,6439.28,3.9,Japan,2023-01-07 15:23:58
TXN-0008661,Patricia Davis,Toys & Games,970.12,3,2910.36,4.4,France,2024-09-20 20:13:56
TXN-0000972,Robert Martin,Books,541.8,3,1625.4,3.9,Netherlands,2023-11-24 00:00:00
TXN-0006294,William Rodriguez,Beauty & Personal Care,1069.68,1,1069.68,2.6,Canada,2024-01-15 15:38:35
TXN-0007598,David Taylor,Home & Kitchen,762.82,1,762.82,4.1,India,2023-04-30 03:11:46
TXN-0006188,Robert Smith,Toys & Games,331.96,7,2323.72,3.4,Canada,2024-02-18 02:53:24
TXN-0011274,Joseph Martin,Books,1392.78,4,5571.12,2.6,United Kingdom,2023-01-16 12:56:41
TXN-0000849,Charles Taylor,Automotive,829.92,3,2489.76,1.3,United Kingdom,2023-04-10 14:41:09
TXN-0008130,Christopher Jackson,Electronics,235.09,4,940.36,4.0,Netherlands,2023-01-31 00:00:00
TXN-0002341,Mary Wilson,Electronics,678.61,1,678.61,4.7,Canada,2024-09-18 05:05:38
TXN-0004200,Jennifer Anderson,Electronics,1108.67,5,5543.35,2.0,United Kingdom,2023-02-25 19:36:56
TXN-0001737,Thomas Thompson,Home & Kitchen,1120.78,7,7845.46,4.1,Canada,2023-01-14 22:57:47
TXN-0007719,Robert Anderson,Home & Kitchen,1354.97,6,8129.82,4.2,Japan,2024-10-20 13:17:03
TXN-0006730,Joseph Taylor,Home & Kitchen,674.25,5,3371.25,3.8,Australia,2024-12-23 19:07:35
TXN-0003288,Michael Anderson,Automotive,706.56,5,3532.8,1.1,France,2023-01-03 19:10:28
TXN-0003065,Richard Perez,Books,762.83,5,3814.15,4.8,France,2024-12-06 00:00:00
TXN-0011630,Karen Perez,Books,919.56,5,4597.8,5.0,Japan,2023-11-25 19:44:41
TXN-0004607,Lisa Lee,Apparel,94.52,2,189.04,1.9,Japan,2024-06-04 09:04:37
TXN-0010783,Barbara Garcia,Toys & Games,1284.05,3,3852.15,4.9,Canada,2023-02-01 06:26:26
TXN-0003279,Elizabeth Martin,Electronics,657.45,8,5259.6,4.6,India,2024-09-12 00:00:00
TXN-0009432,Christopher Hernandez,Home & Kitchen,144.72,3,434.16,4.9,Australia,2024-11-05 20:40:19
TXN-0001204,Joseph Wilson,Automotive,437.49,8,3499.92,3.8,Japan,2024-07-23 16:22:15
TXN-0001078,Thomas White,Beauty & Personal Care,259.76,7,1818.32,2.0,Australia,2023-10-31 23:31:25
TXN-0001472,Joseph Brown,Electronics,1320.95,8,10567.6,2.5,United Kingdom,2023-05-13 09:33:59
TXN-0002554,Richard Lopez,Beauty & Personal Care,472.05,1,472.05,4.7,Netherlands,2024-12-21 16:23:50
TXN-0009735,Christopher Thomas,Books,1248.39,8,9987.12,4.8,Netherlands,2024-01-11 23:56:03
TXN-0000829,Joseph White,Sports & Outdoors,1299.6,1,1299.6,3.3,Canada,2024-09-10 09:28:31
TXN-0011204,Barbara Gonzalez,Toys & Games,916.7,3,2750.1,4.8,United Kingdom,2023-06-11 03:59:05
TXN-0001946,Sarah Moore,Home & Kitchen,796.06,8,6368.48,4.1,India,2023-02-26 10:15:14
TXN-0007757,Nancy Johnson,Beauty & Personal Care,274.95,7,1924.65,2.1,India,2024-09-25 03:44:54
TXN-0001562,Thomas Smith,Home & Kitchen,1000.54,1,1000.54,2.2,Brazil,2024-09-22 00:00:00
TXN-0002809,Nancy Jones,Electronics,1488.72,1,1488.72,3.6,France,2024-12-03 00:00:00
TXN-0007396,Susan Brown,Apparel,771.0,8,6168.0,4.5,Japan,2023-12-31 00:00:00
TXN-0008347,Sarah Taylor,Electronics,77.39,8,619.12,2.2,Australia,2023-03-16 00:00:00
TXN-0003100,Christopher Wilson,Automotive,261.92,5,1309.6,2.2,India,2024-05-08 11:54:05
TXN-0011877,Nancy Anderson,Home & Kitchen,995.81,6,5974.86,2.9,Canada,2023-07-06 01:33:38
TXN-0003849,Christopher Wilson,Automotive,1467.61,5,7338.05,4.8,United Kingdom,2024-01-27 11:18:36
TXN-0002217,Christopher Gonzalez,Toys & Games,517.96,4,2071.84,2.2,United States,2024-09-02 00:00:00
TXN-0006397,Richard Brown,Apparel,386.78,1,386.78,4.6,United Kingdom,2024-05-12 21:54:01
TXN-0008903,Sarah Thompson,Sports & Outdoors,708.58,5,3542.9,1.5,Brazil,2023-04-22 05:29:27
TXN-0011039,Michael Jones,Electronics,1277.84,5,6389.2,1.6,United States,2024-05-08 14:23:00
TXN-0010594,James Hernandez,Electronics,1407.49,5,7037.45,4.3,France,2024-08-31 11:55:15
TXN-0009912,David Jones,Toys & Games,590.32,1,590.32,2.9,France,2024-08-11 09:45:01
TXN-0008861,Karen Lee,Automotive,1408.7,1,1408.7,2.0,United Kingdom,2024-07-03 09:50:40
TXN-0009625,Christopher Brown,Home & Kitchen,1392.24,4,5568.96,3.5,Japan,2024-04-27 00:55:43
TXN-0010154,Patricia Williams,Books,161.83,4,647.32,2.1,India,2024-05-27 21:19:46
TXN-0009177,Charles Jones,Apparel,683.76,3,2051.28,1.7,France,2024-07-22 02:12:39
TXN-0011483,Karen Martinez,Electronics,607.74,4,2430.96,2.2,Germany,2024-06-01 04:42:25
TXN-0010938,Robert Taylor,Apparel,860.74,4,3442.96,3.8,India,2024-02-23 00:00:00
TXN-0001839,Lisa Johnson,Automotive,1085.88,8,8687.04,4.7,United Kingdom,2023-06-03 18:04:48
TXN-0008574,Susan Jackson,Electronics,1319.98,8,10559.84,1.2,United States,2023-09-01 19:39:04
TXN-0010591,Karen Thomas,Beauty & Personal Care,530.75,6,3184.5,2.3,France,2024-12-28 19:34:58
TXN-0005562,Karen Brown,Automotive,705.86,6,4235.16,2.0,United Kingdom,2024-06-22 10:43:49
TXN-0002811,Linda Davis,Automotive,1288.42,6,7730.52,1.8,Netherlands,2024-09-11 10:14:22
TXN-0001932,Sarah Lee,Books,677.05,4,2708.2,2.0,Netherlands,2024-09-07 00:00:00
TXN-0001933,Christopher Perez,Automotive,590.89,3,1772.67,4.8,United States,2024-03-16 01:50:23
TXN-0003724,Karen Hernandez,Sports & Outdoors,1029.34,1,1029.34,2.7,India,2024-09-10 08:29:47
TXN-0007825,Susan Jackson,Sports & Outdoors,364.28,5,1821.4,2.3,Australia,2023-08-20 01:31:19
TXN-0007706,Thomas Williams,Sports & Outdoors,920.74,7,6445.18,2.2,Brazil,2024-04-11 14:44:13
TXN-0009341,Karen Anderson,Home & Kitchen,1082.23,8,8657.84,4.2,Japan,2024-08-22 05:41:43
TXN-0004279,John Garcia,Toys & Games,394.16,4,1576.64,3.6,Canada,2024-06-04 13:02:55
TXN-0006585,Linda Wilson,Toys & Games,254.8,3,764.4,4.8,United Kingdom,2024-10-29 22:05:29
TXN-0000717,Thomas Jones,Automotive,1058.57,1,1058.57,1.3,Australia,2024-01-19 00:00:00
TXN-0004641,Susan Anderson,Home & Kitchen,53.13,8,425.04,3.2,United States,2023-08-15 11:12:23
TXN-0002466,Robert Garcia,Home & Kitchen,41.08,4,164.32,3.4,Brazil,2023-11-02 18:17:03
TXN-0011689,Linda Martin,Books,230.47,5,1152.35,3.3,United Kingdom,2023-12-18 00:17:08
TXN-0004209,Mary Hernandez,Automotive,284.25,4,1137.0,2.5,Germany,2024-09-18 09:25:05
TXN-0006225,Daniel Wilson,Electronics,1463.3,7,10243.1,3.5,Japan,2024-03-14 04:05:34
TXN-0003809,Robert Lopez,Apparel,1057.1,8,8456.8,3.0,France,2024-01-10 17:01:44
TXN-0002203,Patricia Williams,Apparel,959.1,4,3836.4,3.1,Germany,2023-09-23 10:06:14
TXN-0003774,Joseph Jones,Home & Kitchen,569.77,2,1139.54,3.8,India,2024-09-13 22:49:43
TXN-0001081,Sarah Garcia,Beauty & Personal Care,144.42,1,144.42,2.7,Germany,2024-05-03 11:26:10
TXN-0009848,Nancy Thomas,Sports & Outdoors,952.1,8,7616.8,3.6,United Kingdom,2023-01-31 21:47:37
TXN-0005692,Christopher Smith,Electronics,1392.44,5,6962.2,3.9,India,2023-10-27 04:02:54
TXN-0001482,Nancy Hernandez,Home & Kitchen,1217.08,2,2434.16,2.0,United States,2023-05-18 13:31:04
TXN-0003422,Daniel Lopez,Toys & Games,862.8,2,1725.6,3.6,India,2023-02-07 11:57:49
TXN-0006008,Charles Lopez,Apparel,814.33,2,1628.66,4.8,United States,2023-03-07 10:46:56
TXN-0005503,Susan Thompson,Sports & Outdoors,943.88,1,943.88,1.8,Australia,2024-07-20 00:00:00
TXN-0010105,Susan Rodriguez,Books,394.09,3,1182.27,3.7,India,2023-04-14 20:28:54
TXN-0010549,Jennifer Martinez,Automotive,898.21,6,5389.26,1.1,Japan,2023-06-01 00:00:00
TXN-0010680,Karen White,Books,1365.48,8,10923.84,4.5,Brazil,2024-08-29 10:47:26
TXN-0006563,Jessica Lee,Apparel,125.22,7,876.54,1.3,Brazil,2024-05-19 00:00:00
TXN-0005057,Nancy Jones,Automotive,1120.69,6,6724.14,4.3,United States,2024-06-10 05:16:53
TXN-0001698,Joseph Williams,Home & Kitchen,1351.74,4,5406.96,3.9,United Kingdom,2024-02-19 09:57:37
TXN-0004582,Thomas Lee,Sports & Outdoors,771.76,6,4630.56,4.0,Canada,2024-09-30 05:56:14
TXN-0008278,Mary Smith,Home & Kitchen,1014.7,3,3044.1,4.6,France,2024-11-20 10:38:53
TXN-0007171,Karen Smith,Electronics,479.84,5,2399.2,3.9,Brazil,2023-09-12 04:42:01
TXN-0002842,James Brown,Books,988.01,3,2964.03,2.4,Brazil,2023-07-03 08:12:52
TXN-0001865,Patricia Johnson,Automotive,731.05,8,5848.4,1.5,Netherlands,2023-07-15 00:00:00
TXN-0000855,James Thomas,Toys & Games,890.83,6,5344.98,4.4,United States,2023-11-07 00:00:00
TXN-0012225,Elizabeth Lee,Books,273.57,4,1094.28,4.4,Netherlands,2024-04-18 00:00:00
TXN-0001746,William Jackson,Apparel,1135.55,7,7948.85,4.1,Japan,2024-03-20 20:11:10
TXN-0009638,Thomas White,Books,176.26,2,352.52,5.0,United States,2024-07-22 08:25:49
TXN-0007478,Susan Lee,Sports & Outdoors,879.07,3,2637.21,3.8,Netherlands,2023-05-26 16:36:26
TXN-0003460,Nancy Anderson,Sports & Outdoors,861.28,7,6028.96,1.9,Germany,2024-04-13 22:06:31
TXN-0011166,Richard White,Beauty & Personal Care,31.54,8,252.32,1.7,United States,2023-07-05 22:03:07
TXN-0001768,Joseph Smith,Books,1018.66,2,2037.32,3.4,United Kingdom,2023-01-01 08:39:28
TXN-0003290,John Jones,Automotive,820.91,3,2462.73,2.6,United Kingdom,2023-02-17 14:39:13
TXN-0011245,David Moore,Toys & Games,1045.4,4,4181.6,4.2,Canada,2024-03-14 19:22:05
TXN-0010969,Charles Taylor,Toys & Games,1152.15,3,3456.45,3.9,Canada,2023-05-20 00:22:12
TXN-0005646,Mary Lopez,Apparel,756.18,1,756.18,2.3,Canada,2024-02-11 00:00:00
TXN-0007307,Mary Davis,Home & Kitchen,1252.55,8,10020.4,2.7,Japan,2023-12-15 14:58:36
TXN-0006745,Linda Anderson,Beauty & Personal Care,711.6,5,3558.0,2.5,Germany,2024-09-04 08:24:26
TXN-0009272,Robert White,Apparel,1014.05,3,3042.15,2.8,Canada,2024-12-03 12:15:06
TXN-0010049,Jennifer Lee,Beauty & Personal Care,791.03,3,2373.09,3.5,Brazil,2024-03-07 19:36:25
TXN-0002274,John Garcia,Home & Kitchen,1425.87,6,8555.22,1.4,Brazil,2023-04-01 06:02:18
TXN-0001847,William Williams,Apparel,215.56,8,1724.48,4.7,United States,2023-11-25 03:13:16
TXN-0003972,Linda Martinez,Automotive,1311.59,8,10492.72,2.8,Brazil,2023-04-16 14:56:31
TXN-0002719,Susan Thompson,Automotive,897.93,4,3591.72,4.0,United Kingdom,2024-06-29 00:00:00
TXN-0006640,Richard Jackson,Books,1303.18,1,1303.18,1.3,United States,2024-05-18 00:57:37
TXN-0008414,Elizabeth Thomas,Books,1458.82,1,1458.82,3.4,Canada,2024-02-10 00:00:00
TXN-0011503,Elizabeth Jackson,Beauty & Personal Care,908.74,5,4543.7,2.9,United Kingdom,2024-04-05 03:37:02
TXN-0005213,Lisa Thomas,Sports & Outdoors,966.51,6,5799.06,4.9,Netherlands,2024-02-03 00:33:01
TXN-0007845,Barbara Perez,Automotive,449.27,8,3594.16,1.2,Brazil,2023-02-24 04:54:04
TXN-0009844,Nancy Wilson,Electronics,715.82,2,1431.64,4.5,India,2024-10-15 04:31:59
TXN-0008636,Mary Anderson,Apparel,1209.63,2,2419.26,2.6,Brazil,2023-01-10 03:56:32
TXN-0007139,Jessica Jackson,Automotive,986.9,2,1973.8,4.1,Australia,2024-12-07 00:00:00
TXN-0002379,John Martinez,Apparel,22.11,1,22.11,3.4,Netherlands,2024-05-23 20:24:04
TXN-0011442,Michael Gonzalez,Sports & Outdoors,782.79,7,5479.53,1.3,Germany,2023-01-31 04:42:43
TXN-0008268,James Martin,Sports & Outdoors,147.81,5,739.05,2.5,Japan,2023-11-15 09:10:40
TXN-0004633,Robert Anderson,Toys & Games,371.57,5,1857.85,4.1,France,2023-11-18 11:36:24
TXN-0002002,Daniel Brown,Toys & Games,777.56,1,777.56,4.0,Brazil,2024-08-23 12:07:28
TXN-0008083,Michael Thompson,Beauty & Personal Care,680.41,8,5443.28,4.5,Netherlands,2024-02-26 02:34:43
TXN-0001945,Richard Moore,Toys & Games,585.68,8,4685.44,4.1,United Kingdom,2024-02-15 01:47:05
TXN-0001556,Lisa Lee,Apparel,70.59,3,211.77,1.9,Japan,2024-11-03 07:18:43
TXN-0000059,Karen Moore,Electronics,889.88,1,889.88,1.3,Japan,2023-11-29 00:00:00
TXN-0005006,Karen Wilson,Beauty & Personal Care,1089.82,8,8718.56,4.3,United Kingdom,2024-07-25 00:00:00
TXN-0002569,Patricia Garcia,Books,487.74,6,2926.44,3.5,Canada,2024-06-13 05:12:06
TXN-0001894,Thomas Jones,Sports & Outdoors,809.67,1,809.67,3.2,Netherlands,2024-12-05 22:00:58
TXN-0003268,Patricia Thomas,Sports & Outdoors,295.87,5,1479.35,2.1,Canada,2024-12-25 22:51:39
TXN-0005546,Lisa Lopez,Automotive,1221.38,7,8549.66,4.5,Brazil,2023-12-19 00:31:37
TXN-0002424,Joseph Garcia,Toys & Games,795.39,7,5567.73,3.2,United Kingdom,2024-05-20 20:46:34
TXN-0008488,James Davis,Home & Kitchen,335.15,6,2010.9,4.2,Australia,2023-02-20 07:12:23
TXN-0011772,Richard Anderson,Automotive,111.87,5,559.35,1.5,India,2024-04-11 06:55:22
TXN-0005605,Jennifer Gonzalez,Toys & Games,708.86,4,2835.44,2.9,Brazil,2023-10-17 01:30:37
TXN-0001068,Christopher Anderson,Home & Kitchen,331.84,4,1327.36,2.7,United States,2024-02-29 03:47:06
TXN-0009718,Barbara Anderson,Apparel,844.28,7,5909.96,4.9,United Kingdom,2024-07-25 10:34:51
TXN-0003613,David Hernandez,Electronics,85.19,2,170.38,3.3,Germany,2024-07-19 09:36:50
TXN-0006356,Lisa Miller,Toys & Games,452.27,1,452.27,2.1,Canada,2024-06-06 21:46:24
TXN-0002866,Susan Williams,Automotive,949.6,6,5697.6,2.6,Germany,2023-07-08 00:00:00
TXN-0006818,Patricia Jackson,Beauty & Personal Care,125.58,2,251.16,3.5,Netherlands,2024-04-01 05:05:14
TXN-0001597,Jennifer Johnson,Automotive,1270.57,4,5082.28,4.4,United Kingdom,2024-10-10 00:06:17
TXN-0008775,John Martin,Sports & Outdoors,260.05,6,1560.3,3.5,Netherlands,2024-07-11 17:44:32
TXN-0006805,Jessica Miller,Electronics,97.45,3,292.35,3.3,Netherlands,2024-06-14 07:18:25
TXN-0004299,Sarah Perez,Toys & Games,893.84,5,4469.2,2.0,India,2023-05-12 00:00:00
TXN-0004591,Elizabeth Gonzalez,Books,803.49,8,6427.92,4.5,Canada,2024-08-29 15:56:01
TXN-0007003,John Brown,Automotive,1280.85,5,6404.25,4.6,Netherlands,2024-12-07 06:05:05
TXN-0012427,Elizabeth Rodriguez,Automotive,19.12,2,38.24,1.0,Japan,2024-08-12 19:44:14
TXN-0002170,James Lee,Home & Kitchen,710.8,7,4975.6,4.5,Brazil,2024-09-16 00:00:00
TXN-0004223,Thomas Smith,Beauty & Personal Care,815.05,1,815.05,2.3,Brazil,2024-05-23 06:36:37
TXN-0004584,Robert Thomas,Toys & Games,222.37,7,1556.59,3.2,Netherlands,2024-11-24 20:07:24
TXN-0010435,Barbara Lee,Toys & Games,514.2,2,1028.4,3.8,United Kingdom,2023-07-08 05:15:51
TXN-0003591,Nancy Brown,Apparel,277.59,7,1943.13,4.7,Netherlands,2024-11-01 01:48:26
TXN-0008693,Richard Garcia,Apparel,1443.79,3,4331.37,3.0,India,2024-01-19 07:35:14
TXN-0003183,David Lopez,Apparel,853.48,2,1706.96,2.9,Germany,2024-11-06 00:00:00
TXN-0011183,Christopher Hernandez,Electronics,1147.08,3,3441.24,3.7,Australia,2023-02-01 20:37:27
TXN-0003021,Thomas Hernandez,Beauty & Personal Care,599.81,3,1799.43,1.4,Canada,2024-09-11 22:09:24
TXN-0001184,Barbara Rodriguez,Sports & Outdoors,23.45,5,117.25,3.3,Netherlands,2023-09-07 07:40:33
TXN-0003745,Mary Smith,Books,1049.94,6,6299.64,4.4,Germany,2023-01-15 12:02:05
TXN-0008183,Susan Martinez,Beauty & Personal Care,1033.55,1,1033.55,3.6,Brazil,2024-02-14 00:00:00
TXN-0002090,John Jackson,Books,395.33,6,2371.98,3.2,Canada,2023-05-27 22:03:34
TXN-0005265,Mary Lee,Beauty & Personal Care,1032.12,3,3096.36,4.8,United Kingdom,2024-02-16 09:01:56
TXN-0012288,Michael Gonzalez,Toys & Games,1066.73,5,5333.65,1.6,Australia,2024-10-20 00:00:00
TXN-0009193,James Hernandez,Toys & Games,967.56,3,2902.68,3.1,Brazil,2023-07-01 20:18:10
TXN-0004865,Patricia Miller,Books,943.74,6,5662.44,2.6,Netherlands,2023-12-17 23:05:48
TXN-0005080,Mary Thomas,Books,1345.55,3,4036.65,1.6,India,2023-12-07 00:00:00
TXN-0012444,Karen White,Apparel,133.9,8,1071.2,2.9,United States,2023-11-18 03:50:29
TXN-0010775,Karen Lopez,Sports & Outdoors,25.38,7,177.66,3.6,Japan,2024-02-18 00:00:00
TXN-0009219,Sarah Martin,Toys & Games,1025.43,7,7178.01,4.6,Canada,2023-08-08 05:48:23
TXN-0005307,David Miller,Beauty & Personal Care,1448.08,6,8688.48,3.6,Canada,2024-07-22 10:56:55
TXN-0000075,Michael Miller,Automotive,1088.25,5,5441.25,4.9,France,2024-10-08 17:19:03
TXN-0005514,Jessica Davis,Apparel,1017.62,6,6105.72,2.6,United States,2023-08-13 00:00:00
TXN-0011584,Thomas Gonzalez,Apparel,1234.64,6,7407.84,2.2,United States,2023-02-06 00:00:00
TXN-0000771,Mary Miller,Apparel,348.64,1,348.64,2.9,United States,2023-05-08 00:53:07
TXN-0007776,David Rodriguez,Electronics,618.17,2,1236.34,1.8,Brazil,2024-06-08 21:05:57
TXN-0009339,Lisa Gonzalez,Automotive,1315.99,5,6579.95,4.8,India,2024-10-12 07:50:57
TXN-0002249,Richard Martin,Electronics,1013.23,7,7092.61,3.6,Germany,2023-10-02 06:40:32
TXN-0002844,Charles Perez,Home & Kitchen,1485.58,7,10399.06,3.4,India,2023-12-28 20:11:49
TXN-0000952,Karen Jackson,Books,595.99,8,4767.92,2.3,Canada,2024-09-25 22:06:02
TXN-0004340,Patricia Williams,Beauty & Personal Care,946.38,7,6624.66,1.4,Australia,2024-05-18 05:48:04
TXN-0006638,William Thomas,Toys & Games,605.15,6,3630.9,3.8,Netherlands,2024-12-23 12:49:36
TXN-0012143,Karen Williams,Home & Kitchen,586.71,8,4693.68,4.7,Australia,2023-10-07 05:34:27
TXN-0007217,David Anderson,Home & Kitchen,1362.25,6,8173.5,2.1,Netherlands,2024-08-13 12:50:10
TXN-0009559,Richard Rodriguez,Automotive,656.79,8,5254.32,4.9,India,2024-11-02 10:17:47
TXN-0001631,Patricia Lee,Sports & Outdoors,1343.91,1,1343.91,2.5,Germany,2023-10-31 12:56:00
TXN-0001942,Nancy Gonzalez,Toys & Games,142.58,1,142.58,4.6,France,2023-11-02 05:48:56
TXN-0010118,Mary Taylor,Home & Kitchen,759.87,7,5319.09,4.3,Canada,2023-01-06 11:12:43
TXN-0007425,Sarah Gonzalez,Sports & Outdoors,345.07,1,345.07,2.0,Canada,2024-02-24 00:00:00
TXN-0005603,Susan Hernandez,Sports & Outdoors,136.08,7,952.56,3.2,Netherlands,2024-07-23 00:21:08
TXN-0002975,William Taylor,Beauty & Personal Care,842.38,5,4211.9,2.2,Germany,2024-04-02 14:01:03
TXN-0001555,David Wilson,Home & Kitchen,1453.0,2,2906.0,1.8,United Kingdom,2024-01-13 16:18:34
TXN-0004888,Robert Perez,Sports & Outdoors,1138.53,6,6831.18,4.1,United States,2023-11-21 09:53:40
TXN-0004438,Joseph Jackson,Beauty & Personal Care,213.62,3,640.86,4.1,Netherlands,2024-11-15 02:26:16
TXN-0003308,Linda Anderson,Books,1185.18,7,8296.26,4.0,India,2024-08-22 04:48:10
TXN-0004053,Linda Miller,Beauty & Personal Care,1476.31,3,4428.93,1.5,Japan,2024-12-04 22:38:31
TXN-0005645,Thomas Jackson,Toys & Games,760.44,4,3041.76,1.0,United Kingdom,2024-05-13 11:09:02
TXN-0008695,Sarah Thompson,Sports & Outdoors,363.27,8,2906.16,5.0,France,2024-12-07 14:39:04
TXN-0006415,Jennifer Johnson,Books,303.11,4,1212.44,4.1,United Kingdom,2024-08-07 00:00:00
TXN-0008352,Christopher Thompson,Beauty & Personal Care,1100.77,3,3302.31,4.2,Australia,2023-02-24 22:24:33
TXN-0009878,Richard Brown,Beauty & Personal Care,1125.51,6,6753.06,3.9,Brazil,2023-01-02 20:49:11
TXN-0002347,Jennifer Moore,Home & Kitchen,1342.74,2,2685.48,4.3,United Kingdom,2023-06-22 14:16:11
TXN-0008375,Jessica Lee,Sports & Outdoors,41.39,6,248.34,2.8,Brazil,2023-11-26 09:48:41
TXN-0007046,Susan Davis,Home & Kitchen,367.31,4,1469.24,5.0,India,2024-03-10 20:57:07
TXN-0004902,Jennifer Anderson,Home & Kitchen,1211.81,8,9694.48,2.4,Brazil,2023-12-18 01:52:04
TXN-0001299,Mary Martin,Toys & Games,1018.92,5,5094.6,1.0,United Kingdom,2023-06-10 00:00:00
TXN-0005221,Jennifer Gonzalez,Beauty & Personal Care,982.39,4,3929.56,3.9,Canada,2023-04-24 00:00:00
TXN-0006767,Richard Jones,Electronics,667.16,5,3335.8,3.9,Germany,2024-01-05 08:30:53
TXN-0011975,Susan Davis,Books,1380.98,8,11047.84,3.4,Brazil,2024-09-29 08:54:27
TXN-0005040,Lisa Thomas,Toys & Games,88.73,8,709.84,2.8,France,2024-12-26 09:54:33
TXN-0006090,Elizabeth Moore,Beauty & Personal Care,21.3,1,21.3,2.6,Australia,2023-04-03 09:41:54
TXN-0004194,Barbara Lee,Electronics,1041.34,8,8330.72,2.8,Japan,2024-03-09 14:26:47
TXN-0004605,Lisa Rodriguez,Sports & Outdoors,1479.19,1,1479.19,4.8,Brazil,2024-09-12 02:04:24
TXN-0002128,John Hernandez,Sports & Outdoors,773.99,6,4643.94,1.4,Netherlands,2023-06-09 01:03:13
TXN-0011733,Jessica Martinez,Books,845.48,8,6763.84,4.9,Brazil,2023-11-29 19:09:17
TXN-0011458,Richard Jones,Automotive,71.39,1,71.39,3.7,Japan,2023-06-03 07:35:39
TXN-0000715,Michael Taylor,Automotive,1048.71,3,3146.13,2.8,Australia,2023-03-25 08:40:25
TXN-0005548,Charles Lee,Beauty & Personal Care,775.83,6,4654.98,3.8,United States,2023-11-28 00:00:00
TXN-0007882,Daniel Garcia,Apparel,619.7,1,619.7,2.7,Netherlands,2024-04-26 16:05:12
TXN-0003324,Susan Martin,Automotive,1489.76,8,11918.08,4.8,Netherlands,2023-09-14 19:37:48
TXN-0006255,Michael Moore,Apparel,1264.68,5,6323.4,1.9,India,2023-07-01 22:21:12
TXN-0005293,Charles Anderson,Sports & Outdoors,149.42,7,1045.94,2.4,Australia,2024-06-29 12:01:17
TXN-0007787,John Hernandez,Apparel,1002.45,1,1002.45,3.3,Canada,2023-11-16 00:00:00
TXN-0005003,Linda Perez,Toys & Games,1155.63,8,9245.04,2.0,Netherlands,2024-04-14 11:53:44
TXN-0009838,Christopher White,Electronics,629.14,5,3145.7,3.4,Australia,2024-07-21 00:00:00
TXN-0010052,William Martin,Sports & Outdoors,254.85,7,1783.95,1.5,Netherlands,2024-11-27 03:25:34
TXN-0005681,Mary Martin,Beauty & Personal Care,503.95,2,1007.9,3.3,France,2024-05-29 00:00:00
TXN-0002361,William Lee,Home & Kitchen,308.71,8,2469.68,2.4,Netherlands,2024-10-09 00:00:00
TXN-0009885,James Thomas,Electronics,45.79,6,274.74,3.6,Germany,2024-12-31 00:00:00
TXN-0006565,Elizabeth Martin,Automotive,1458.13,8,11665.04,2.6,Germany,2023-12-27 06:21:15
TXN-0009394,Thomas Brown,Automotive,186.94,4,747.76,1.2,Germany,2024-09-29 18:42:12
TXN-0001620,Susan Gonzalez,Toys & Games,624.26,1,624.26,2.3,United Kingdom,2023-10-15 00:00:00
TXN-0003566,Richard Jackson,Automotive,1344.23,6,8065.38,3.5,United Kingdom,2023-12-31 00:00:00
TXN-0002362,Jennifer Gonzalez,Automotive,1055.97,2,2111.94,2.9,Canada,2023-06-30 07:00:51
TXN-0008226,William Hernandez,Electronics,820.2,3,2460.6,3.7,Australia,2023-05-14 03:49:22
TXN-0004709,Linda Martin,Beauty & Personal Care,399.56,5,1997.8,2.0,Australia,2024-09-03 22:23:56
TXN-0005257,William Jackson,Sports & Outdoors,159.71,1,159.71,4.2,Canada,2024-09-09 07:25:53
TXN-0011953,Jennifer Jackson,Electronics,183.89,2,367.78,1.8,Germany,2023-10-11 04:29:03
TXN-0002019,Richard Miller,Sports & Outdoors,1156.46,4,4625.84,3.3,Netherlands,2023-09-25 00:42:30
TXN-0008734,Joseph Martin,Apparel,1050.62,2,2101.24,1.3,Japan,2024-05-21 10:17:13
TXN-0001736,Christopher Smith,Beauty & Personal Care,741.1,7,5187.7,2.7,Germany,2024-09-06 04:18:40
TXN-0001558,Barbara Thompson,Toys & Games,1064.07,6,6384.42,3.5,United States,2023-03-24 14:05:58
TXN-0002757,Richard Perez,Beauty & Personal Care,1171.6,4,4686.4,4.8,Germany,2023-05-22 00:00:00
TXN-0001015,Mary Moore,Books,63.44,3,190.32,4.8,France,2023-08-04 17:45:23
TXN-0008388,John Miller,Automotive,15.59,4,62.36,1.3,Australia,2023-01-03 03:24:20
TXN-0000832,John Moore,Beauty & Personal Care,885.4,8,7083.2,4.4,Japan,2023-01-19 01:39:30
TXN-0006531,Daniel Smith,Beauty & Personal Care,112.3,4,449.2,3.5,Germany,2024-01-09 08:11:29
TXN-0001037,Barbara Lopez,Apparel,693.28,7,4852.96,2.0,France,2024-10-04 23:43:01
TXN-0002616,Jennifer Taylor,Toys & Games,1159.91,5,5799.55,3.4,France,2023-11-29 14:10:00
TXN-0005438,Karen Lee,Home & Kitchen,341.33,7,2389.31,1.8,India,2023-04-14 21:47:30
TXN-0009662,Mary Miller,Toys & Games,731.27,4,2925.08,4.3,Brazil,2023-03-01 00:34:02
TXN-0009473,Christopher Taylor,Automotive,986.95,8,7895.6,1.2,Brazil,2023-12-12 08:59:53
TXN-0002507,Jessica Perez,Home & Kitchen,888.53,3,2665.59,4.6,Netherlands,2023-01-08 01:30:06
TXN-0002124,Charles Jones,Electronics,125.43,7,878.01,2.4,Japan,2023-03-07 00:33:35
TXN-0005697,Michael Hernandez,Apparel,630.4,6,3782.4,2.0,United Kingdom,2023-10-06 00:00:00
TXN-0001222,Nancy Davis,Electronics,405.55,4,1622.2,4.6,France,2024-08-31 00:58:10
TXN-0002646,Karen Johnson,Books,220.85,4,883.4,2.0,France,2024-11-26 09:57:00
TXN-0004482,Karen Hernandez,Home & Kitchen,1481.67,2,2963.34,1.7,Canada,2024-11-24 00:00:00
TXN-0007255,Richard Moore,Toys & Games,1045.1,7,7315.7,2.7,Brazil,2023-01-01 13:40:21
TXN-0002974,Joseph Williams,Electronics,765.86,4,3063.44,2.3,Germany,2024-08-13 06:05:03
TXN-0005109,Karen Jones,Automotive,779.59,3,2338.77,1.2,United States,2024-02-28 00:00:00
TXN-0006446,Mary Martin,Sports & Outdoors,926.86,5,4634.3,2.8,India,2024-06-01 02:58:51
TXN-0005665,Patricia Moore,Electronics,683.87,5,3419.35,3.5,India,2024-07-16 08:07:56
TXN-0000980,Lisa Perez,Toys & Games,890.5,5,4452.5,1.0,India,2024-02-03 21:33:11
TXN-0010293,Joseph Martinez,Home & Kitchen,757.67,7,5303.69,2.6,Netherlands,2023-03-20 10:00:03
TXN-0000792,James Miller,Automotive,976.36,7,6834.52,4.4,United Kingdom,2024-10-28 13:48:32
TXN-0009584,Joseph Garcia,Automotive,1003.52,3,3010.56,2.5,Australia,2024-03-13 07:46:57
TXN-0010277,Linda Martin,Automotive,914.2,4,3656.8,2.3,United States,2024-12-30 03:32:33
TXN-0010177,Karen Thomas,Beauty & Personal Care,192.54,7,1347.78,1.3,Canada,2024-12-27 22:05:22
TXN-0001650,Barbara Garcia,Toys & Games,820.23,5,4101.15,3.9,Germany,2024-12-08 12:46:41
TXN-0006541,Richard Jones,Electronics,996.79,4,3987.16,2.5,United Kingdom,2024-01-17 19:41:25
TXN-0004468,Sarah Rodriguez,Automotive,225.41,6,1352.46,1.2,Germany,2023-11-26 19:06:32
TXN-0000974,Sarah Miller,Home & Kitchen,1493.06,4,5972.24,3.9,France,2024-03-13 19:03:04
TXN-0008516,James Lopez,Home & Kitchen,907.11,6,5442.66,2.1,Germany,2023-03-18 00:35:30
TXN-0012132,Patricia Martin,Home & Kitchen,1206.23,2,2412.46,4.8,Netherlands,2023-01-25 03:48:36
TXN-0012076,Elizabeth Davis,Automotive,775.56,4,3102.24,1.7,France,2024-05-05 11:22:12
TXN-0009477,Susan Miller,Beauty & Personal Care,1201.78,6,7210.68,2.9,Australia,2024-02-12 11:00:45
TXN-0010806,David Jackson,Toys & Games,1352.5,5,6762.5,3.4,United Kingdom,2023-10-27 13:46:27
TXN-0008735,Lisa Williams,Toys & Games,586.89,7,4108.23,3.7,France,2023-06-18 09:04:22
TXN-0011844,Nancy Martinez,Sports & Outdoors,996.74,3,2990.22,4.7,France,2024-05-01 04:31:54
TXN-0011668,Mary Rodriguez,Toys & Games,507.61,8,4060.88,3.2,France,2024-04-30 09:07:46
TXN-0011169,Robert Wilson,Apparel,418.67,7,2930.69,1.8,France,2024-05-05 21:24:27
TXN-0008155,Karen Williams,Automotive,277.05,8,2216.4,1.6,Brazil,2023-12-23 04:30:07
TXN-0003104,Jessica Davis,Automotive,195.53,3,586.59,2.6,Japan,2024-06-23 10:50:37
TXN-0007674,James Moore,Automotive,291.47,2,582.94,4.7,United States,2024-11-14 00:00:00
TXN-0001791,Patricia Garcia,Sports & Outdoors,267.98,6,1607.88,4.4,Brazil,2023-07-28 09:53:34
TXN-0001359,Daniel Jackson,Apparel,1160.62,4,4642.48,2.2,Germany,2023-03-20 08:50:49
TXN-0012052,John Gonzalez,Toys & Games,258.87,2,517.74,3.8,Canada,2024-06-01 13:52:42
TXN-0007588,Robert Jones,Home & Kitchen,334.57,7,2341.99,3.5,Canada,2024-12-08 20:39:23
TXN-0007430,Mary Martin,Electronics,774.96,6,4649.76,4.2,United Kingdom,2023-02-23 00:00:00
TXN-0002058,Sarah Johnson,Sports & Outdoors,1027.09,8,8216.72,2.1,Japan,2024-10-04 20:56:45
TXN-0009643,Sarah Martinez,Automotive,1065.06,7,7455.42,2.8,India,2023-09-25 19:14:45
TXN-0000928,Thomas Thompson,Automotive,1046.2,7,7323.4,4.7,Australia,2024-07-25 09:46:29
TXN-0002195,Sarah Martin,Beauty & Personal Care,345.67,1,345.67,3.1,India,2023-07-01 17:11:29
TXN-0001676,Elizabeth Rodriguez,Apparel,1154.74,8,9237.92,4.1,Japan,2024-02-16 00:00:00
TXN-0006646,Elizabeth Jackson,Automotive,100.61,4,402.44,1.7,France,2024-02-13 20:24:49
TXN-0000408,Daniel Thomas,Toys & Games,174.02,1,174.02,4.9,United Kingdom,2024-10-17 19:49:19
TXN-0006048,Jessica Jackson,Automotive,609.55,6,3657.3,4.1,United States,2023-02-21 00:00:00
TXN-0003607,John Perez,Apparel,1138.3,7,7968.1,4.7,United States,2023-04-09 02:41:07
TXN-0010929,Nancy Perez,Home & Kitchen,699.41,4,2797.64,1.7,France,2024-11-03 19:09:02
TXN-0007466,Richard Rodriguez,Apparel,553.89,4,2215.56,3.0,United Kingdom,2023-10-10 00:00:00
TXN-0000689,Michael Moore,Electronics,1467.14,3,4401.42,2.5,Australia,2024-02-24 07:50:33
TXN-0007375,Lisa Gonzalez,Automotive,317.42,1,317.42,3.8,Netherlands,2023-12-25 00:00:00
TXN-0004058,William Thompson,Books,858.2,3,2574.6,1.7,Japan,2023-09-27 22:42:05
TXN-0012296,Joseph Perez,Home & Kitchen,1149.89,2,2299.78,1.2,Japan,2023-05-02 00:00:00
TXN-0004839,James Perez,Automotive,1177.4,7,8241.8,1.2,United States,2024-11-21 15:19:34
TXN-0012466,Lisa Williams,Electronics,1119.29,6,6715.74,4.6,Canada,2023-09-18 07:28:28
TXN-0012395,Karen Jones,Home & Kitchen,774.41,1,774.41,2.8,India,2024-05-14 01:59:05
TXN-0006492,Robert Moore,Beauty & Personal Care,816.44,8,6531.52,3.5,Australia,2023-07-07 00:00:00
TXN-0004419,Lisa Johnson,Automotive,1230.76,3,3692.28,4.4,Brazil,2023-02-28 00:00:00
TXN-0001492,Nancy Thompson,Automotive,1465.87,2,2931.74,2.3,United States,2024-08-22 03:40:45
TXN-0006421,Robert Martinez,Electronics,228.93,2,457.86,3.9,Japan,2023-11-14 00:00:00
TXN-0002756,Thomas Davis,Books,1169.57,1,1169.57,1.1,France,2024-07-08 02:44:17
TXN-0003955,Joseph Davis,Electronics,260.82,5,1304.1,1.3,United Kingdom,2024-06-16 15:40:09
TXN-0011408,Richard Martin,Home & Kitchen,413.08,4,1652.32,2.2,Brazil,2023-09-21 09:48:49
TXN-0008760,Patricia Perez,Apparel,1408.09,7,9856.63,1.1,Netherlands,2024-05-28 06:41:26
TXN-0008940,Karen Martin,Apparel,1045.86,8,8366.88,1.5,Germany,2023-07-18 00:00:00
TXN-0005902,Elizabeth Thomas,Apparel,1214.23,6,7285.38,4.6,France,2024-04-21 18:58:41
TXN-0012063,James Martin,Electronics,283.25,7,1982.75,4.0,United States,2023-10-08 04:22:54
TXN-0007319,Sarah Brown,Apparel,662.28,1,662.28,2.6,Australia,2023-05-01 15:12:11
TXN-0002585,Patricia Davis,Sports & Outdoors,1003.13,7,7021.91,3.8,France,2023-02-15 11:53:29
TXN-0011839,Jennifer Jones,Electronics,721.99,1,721.99,2.0,Germany,2024-03-21 06:02:30
TXN-0004077,Linda Gonzalez,Home & Kitchen,1286.39,8,10291.12,2.7,Japan,2023-09-27 00:00:00
TXN-0005992,Joseph Martinez,Home & Kitchen,639.27,4,2557.08,2.1,India,2023-03-02 00:00:00
TXN-0004753,Mary Jackson,Apparel,1463.32,8,11706.56,2.2,France,2024-05-10 08:03:40
TXN-0006027,Christopher Miller,Sports & Outdoors,905.66,5,4528.3,3.1,Australia,2024-04-06 17:54:29
TXN-0008040,Elizabeth Thomas,Beauty & Personal Care,1281.92,1,1281.92,2.2,Canada,2023-07-28 17:56:42
TXN-0002776,William Anderson,Electronics,1367.48,4,5469.92,1.3,Australia,2024-10-05 06:55:48
TXN-0006182,James Johnson,Automotive,812.94,2,1625.88,5.0,India,2024-02-07 15:57:01
TXN-0000320,Jessica Lopez,Toys & Games,272.55,1,272.55,3.2,United Kingdom,2024-12-10 21:13:09
TXN-0009988,Thomas Moore,Automotive,580.64,1,580.64,4.6,Australia,2024-07-26 22:31:15
TXN-0005375,Barbara Perez,Beauty & Personal Care,317.06,1,317.06,2.3,India,2024-12-31 00:00:00
TXN-0009979,Linda Rodriguez,Home & Kitchen,1352.22,7,9465.54,1.7,Canada,2024-11-09 17:55:42
TXN-0000960,Nancy Garcia,Electronics,536.6,8,4292.8,1.7,Canada,2023-02-10 18:09:04
TXN-0004770,James Jackson,Apparel,488.49,2,976.98,2.1,France,2023-12-01 11:04:55
TXN-0011783,Sarah Martinez,Sports & Outdoors,737.64,1,737.64,4.5,Australia,2024-07-03 04:53:40
TXN-0002638,Linda Martin,Home & Kitchen,161.79,7,1132.53,1.4,United States,2023-09-29 18:41:23
TXN-0005777,Jennifer Jones,Toys & Games,496.91,5,2484.55,2.0,Japan,2023-07-22 02:49:14
TXN-0008399,Karen Brown,Toys & Games,1436.05,2,2872.1,2.1,Japan,2023-07-21 01:42:48
TXN-0005271,Susan Perez,Beauty & Personal Care,444.16,1,444.16,4.0,France,2023-07-25 23:23:08
TXN-0008107,James Jackson,Electronics,642.46,6,3854.76,3.2,Japan,2024-12-24 21:16:53
TXN-0012086,Linda Jones,Home & Kitchen,760.79,1,760.79,1.6,France,2024-06-20 06:36:44
TXN-0006357,Elizabeth Lopez,Toys & Games,1359.78,6,8158.68,3.1,Canada,2024-01-28 00:00:00
TXN-0003335,Nancy Taylor,Apparel,213.57,3,640.71,4.7,Australia,2024-02-11 11:14:05
TXN-0011745,Susan Johnson,Electronics,266.35,5,1331.75,3.5,Australia,2024-03-21 00:30:29
TXN-0004072,Michael Lopez,Books,991.92,3,2975.76,3.8,Canada,2024-07-28 11:52:41
TXN-0005499,Susan Lopez,Automotive,1076.86,2,2153.72,2.0,India,2024-09-25 04:51:13
TXN-0009478,Joseph Martinez,Automotive,519.23,8,4153.84,3.1,Germany,2024-05-13 08:51:59
TXN-0004485,Nancy Rodriguez,Automotive,1285.85,7,9000.95,4.5,India,2024-09-27 19:02:11
TXN-0006375,Elizabeth Thomas,Books,1335.11,8,10680.88,3.2,United States,2024-09-30 09:18:55
TXN-0009298,Nancy Johnson,Beauty & Personal Care,826.67,3,2480.01,2.8,United Kingdom,2023-09-08 20:30:30
TXN-0011904,Joseph Moore,Automotive,501.42,1,501.42,2.8,India,2024-02-04 00:00:00
TXN-0005368,Joseph Hernandez,Beauty & Personal Care,237.86,4,951.44,2.9,Canada,2024-05-14 21:27:00
TXN-0005301,Charles Thompson,Beauty & Personal Care,1272.08,4,5088.32,2.8,Canada,2023-01-04 12:27:10
TXN-0007607,James Taylor,Beauty & Personal Care,1021.17,8,8169.36,2.3,Brazil,2023-02-20 09:47:51
TXN-0007038,Elizabeth Taylor,Beauty & Personal Care,862.25,7,6035.75,1.4,Germany,2024-09-20 07:56:28
TXN-0012471,Jennifer Hernandez,Books,536.58,2,1073.16,1.9,United Kingdom,2023-11-18 21:12:51
TXN-0004547,Mary Lopez,Electronics,853.45,6,5120.7,2.4,Canada,2024-01-16 00:00:00
TXN-0006322,Nancy Moore,Apparel,1130.6,8,9044.8,4.8,Japan,2024-06-03 00:00:00
TXN-0004549,William White,Apparel,1459.52,5,7297.6,4.1,Netherlands,2024-08-04 13:09:03
TXN-0012253,Michael Davis,Toys & Games,615.06,1,615.06,1.1,Canada,2024-01-04 04:30:20
TXN-0000388,Susan Hernandez,Beauty & Personal Care,880.43,8,7043.44,4.4,France,2024-01-01 11:26:14
TXN-0010417,Susan Jones,Toys & Games,659.87,8,5278.96,4.1,Canada,2024-06-08 12:36:45
TXN-0008737,Joseph Gonzalez,Apparel,558.86,5,2794.3,3.0,France,2023-09-05 00:00:00
TXN-0001265,John Jackson,Automotive,178.81,2,357.62,1.7,Canada,2023-03-09 02:56:30
TXN-0008584,Linda Smith,Home & Kitchen,304.36,5,1521.8,3.0,Japan,2023-06-03 00:00:00
TXN-0000210,William Moore,Sports & Outdoors,1412.52,5,7062.6,4.1,Germany,2024-07-01 12:18:21
TXN-0002098,Susan Gonzalez,Beauty & Personal Care,675.44,6,4052.64,3.9,United Kingdom,2024-08-08 13:33:35
TXN-0012003,James Moore,Home & Kitchen,382.61,7,2678.27,3.3,Australia,2023-10-03 00:00:00
TXN-0003577,Lisa Taylor,Toys & Games,1318.35,5,6591.75,2.3,Australia,2023-01-21 23:02:50
TXN-0009760,Joseph Anderson,Beauty & Personal Care,1406.65,6,8439.9,2.5,France,2024-11-24 22:43:43
TXN-0000942,Barbara Anderson,Automotive,622.62,4,2490.48,1.0,Brazil,2024-05-10 14:32:51
TXN-0006057,Linda Hernandez,Toys & Games,1426.63,8,11413.04,2.4,United Kingdom,2024-06-17 04:09:09
TXN-0001153,Robert Thompson,Beauty & Personal Care,1433.02,6,8598.12,3.3,Netherlands,2024-10-06 14:12:04
TXN-0005744,Barbara Brown,Beauty & Personal Care,120.73,8,965.84,2.4,Netherlands,2023-06-15 14:47:51
TXN-0006021,David Perez,Beauty & Personal Care,716.41,4,2865.64,2.6,Canada,2023-10-30 21:54:58
TXN-0010110,David Martinez,Electronics,1334.69,5,6673.45,4.2,United Kingdom,2024-07-20 00:00:00
TXN-0000762,William Martinez,Automotive,199.65,4,798.6,3.4,Japan,2024-10-02 02:07:49
TXN-0000497,Lisa Rodriguez,Books,651.17,7,4558.19,1.8,Brazil,2024-09-13 09:46:44
TXN-0007601,Charles Thomas,Sports & Outdoors,128.77,6,772.62,1.7,Germany,2024-01-12 22:04:33
TXN-0002426,David Jackson,Apparel,948.86,2,1897.72,1.3,India,2024-02-24 07:17:21
TXN-0005348,Elizabeth Williams,Books,180.68,1,180.68,2.6,United States,2024-08-21 19:41:25
TXN-0002220,Patricia Johnson,Books,822.56,3,2467.68,3.0,Brazil,2023-06-16 00:00:00
TXN-0010615,Joseph Smith,Toys & Games,250.43,6,1502.58,2.6,Germany,2024-01-21 13:03:35
TXN-0007804,Christopher Williams,Toys & Games,1036.08,7,7252.56,3.0,Germany,2023-07-30 00:00:00
TXN-0010191,Linda Williams,Apparel,313.72,1,313.72,2.0,Netherlands,2023-05-09 00:00:00
TXN-0006377,David Moore,Electronics,1026.58,2,2053.16,1.2,United Kingdom,2024-01-09 01:47:11
TXN-0000374,Richard Jones,Electronics,293.18,4,1172.72,4.3,United Kingdom,2023-07-13 00:00:00
TXN-0010003,John Wilson,Apparel,1273.73,5,6368.65,4.1,France,2023-06-20 08:41:20
TXN-0010795,Sarah Moore,Home & Kitchen,1059.74,6,6358.44,2.6,United Kingdom,2023-09-02 07:26:00
TXN-0002729,Jennifer Thompson,Toys & Games,1087.05,2,2174.1,3.8,India,2023-10-24 00:00:00
TXN-0009856,Daniel Taylor,Sports & Outdoors,844.56,6,5067.36,3.9,Netherlands,2024-09-05 17:11:12
TXN-0003604,Linda Lopez,Toys & Games,400.78,1,400.78,4.9,Australia,2023-01-23 19:09:13
TXN-0004121,Elizabeth Martin,Beauty & Personal Care,421.95,6,2531.7,2.8,United Kingdom,2023-09-21 00:00:00
TXN-0001450,Richard Garcia,Home & Kitchen,366.42,6,2198.52,2.8,Canada,2023-04-21 21:12:54
TXN-0001214,Nancy Williams,Beauty & Personal Care,652.9,6,3917.4,1.8,United States,2024-03-09 13:02:53
TXN-0007006,Joseph Moore,Toys & Games,105.39,7,737.73,1.8,France,2024-03-05 13:16:26
TXN-0002389,Joseph Garcia,Automotive,989.45,7,6926.15,3.1,India,2024-01-06 04:37:54
TXN-0012130,Linda Wilson,Toys & Games,240.95,5,1204.75,1.0,United States,2024-09-20 00:00:00
TXN-0005965,Richard Brown,Home & Kitchen,360.69,2,721.38,4.8,India,2024-01-10 17:59:07
TXN-0000802,John Hernandez,Toys & Games,928.26,2,1856.52,3.2,Canada,2024-01-13 18:30:22
TXN-0008694,William Davis,Books,704.16,3,2112.48,3.7,France,2023-07-26 07:20:16
TXN-0005634,Lisa Johnson,Automotive,1208.37,8,9666.96,4.1,Japan,2024-06-22 04:04:07
TXN-0002202,Patricia Rodriguez,Books,747.03,3,2241.09,3.1,Japan,2023-10-31 20:50:36
TXN-0011036,Joseph Rodriguez,Home & Kitchen,267.08,8,2136.64,4.5,India,2023-03-01 09:22:25
TXN-0002316,Linda Davis,Beauty & Personal Care,468.24,2,936.48,1.4,Germany,2023-09-11 00:00:00
TXN-0011861,Elizabeth Garcia,Sports & Outdoors,174.56,8,1396.48,1.2,Germany,2023-03-23 20:22:55
TXN-0012449,David White,Apparel,643.92,6,3863.52,4.6,Japan,2023-06-08 08:28:22
TXN-0011354,Elizabeth Davis,Books,1070.67,2,2141.34,4.1,United Kingdom,2024-06-30 07:55:12
TXN-0011579,Sarah Williams,Beauty & Personal Care,336.88,8,2695.04,1.8,Netherlands,2023-07-02 00:00:00
TXN-0006364,William Thomas,Automotive,237.17,3,711.51,3.0,United States,2024-05-12 05:43:49
TXN-0011247,William Perez,Electronics,236.66,7,1656.62,1.4,Canada,2023-11-26 13:46:46
TXN-0005977,William Thomas,Electronics,843.57,3,2530.71,3.6,Netherlands,2023-10-09 11:06:30
TXN-0005933,Linda Williams,Apparel,1088.5,3,3265.5,4.7,India,2024-10-18 20:18:25
TXN-0004405,Linda Lopez,Beauty & Personal Care,710.4,7,4972.8,2.0,Canada,2023-05-22 10:56:38
TXN-0006367,Elizabeth Jones,Beauty & Personal Care,486.43,7,3405.01,1.8,United States,2023-02-13 11:43:34
TXN-0002368,Joseph Lee,Apparel,701.88,3,2105.64,2.5,France,2024-07-29 17:52:58
TXN-0003286,Susan Thompson,Toys & Games,757.39,6,4544.34,1.5,Australia,2024-11-15 07:45:41
TXN-0010993,Patricia Lee,Toys & Games,294.74,6,1768.44,3.0,Canada,2024-12-20 18:45:56
TXN-0007487,Robert Lee,Home & Kitchen,1488.82,8,11910.56,2.1,United States,2024-10-24 19:15:01
TXN-0004349,Charles Taylor,Home & Kitchen,1454.6,2,2909.2,1.9,Japan,2023-01-14 20:09:21
TXN-0006533,Elizabeth White,Apparel,257.47,5,1287.35,4.1,France,2023-02-26 00:28:33
TXN-0005102,Karen Lee,Electronics,601.4,2,1202.8,4.0,India,2024-01-28 00:00:00
TXN-0009379,Nancy Anderson,Home & Kitchen,643.0,8,5144.0,3.5,France,2023-02-17 19:55:16
TXN-0007994,Nancy Thompson,Toys & Games,1293.85,7,9056.95,3.7,India,2024-12-25 21:31:54
TXN-0000988,Jennifer Lopez,Home & Kitchen,1371.5,4,5486.0,4.3,Australia,2024-10-22 19:38:01
TXN-0002465,Patricia Moore,Sports & Outdoors,1491.72,4,5966.88,3.4,United States,2024-09-04 09:59:56
TXN-0011561,Patricia Gonzalez,Sports & Outdoors,275.01,1,275.01,2.4,Japan,2023-11-23 01:24:46
TXN-0000230,Christopher White,Toys & Games,1489.32,7,10425.24,2.8,Australia,2024-12-13 08:15:50
TXN-0009694,Susan Johnson,Apparel,224.1,5,1120.5,3.7,United Kingdom,2024-06-27 06:20:55
TXN-0012150,Lisa Gonzalez,Sports & Outdoors,722.69,3,2168.07,3.2,Japan,2023-12-23 03:56:45
TXN-0003382,Jessica Williams,Sports & Outdoors,714.75,7,5003.25,2.4,Brazil,2024-10-03 20:46:17
TXN-0009635,Joseph Moore,Toys & Games,89.83,4,359.32,3.9,Canada,2024-11-06 00:00:00
TXN-0008767,Charles Lee,Books,510.88,2,1021.76,4.8,Canada,2023-10-05 08:35:16
TXN-0005680,Mary Gonzalez,Home & Kitchen,1347.83,5,6739.15,2.1,Brazil,2023-09-13 09:19:42
TXN-0004079,Nancy Smith,Apparel,460.86,5,2304.3,3.3,Netherlands,2023-08-19 07:12:32
TXN-0011019,Elizabeth Miller,Home & Kitchen,281.86,7,1973.02,1.3,Germany,2023-10-12 13:25:34
TXN-0007311,Susan Lee,Apparel,1416.9,6,8501.4,4.7,United Kingdom,2023-12-12 23:59:23
TXN-0001048,Lisa Lopez,Apparel,500.32,2,1000.64,3.0,Canada,2024-08-25 00:10:08
TXN-0005044,Karen Perez,Automotive,1298.11,4,5192.44,3.2,India,2024-07-29 17:48:05
TXN-0001360,Mary Jones,Beauty & Personal Care,494.55,6,2967.3,4.7,Canada,2024-05-26 05:07:22
TXN-0006872,Sarah Hernandez,Home & Kitchen,1002.45,5,5012.25,3.3,Australia,2023-01-31 13:05:06
TXN-0003494,Susan Hernandez,Automotive,256.19,2,512.38,3.2,Canada,2023-02-07 08:01:13
TXN-0006698,Christopher Thompson,Home & Kitchen,28.73,1,28.73,1.2,Canada,2024-11-20 04:04:22
TXN-0007844,Jessica Taylor,Sports & Outdoors,313.1,4,1252.4,2.2,Australia,2024-05-20 08:46:43
TXN-0004567,Robert Jackson,Toys & Games,814.82,7,5703.74,4.7,Australia,2024-08-02 14:22:02
TXN-0006181,Karen Jones,Home & Kitchen,723.03,4,2892.12,2.6,India,2023-01-16 02:25:51
TXN-0011583,Michael Johnson,Beauty & Personal Care,1467.91,8,11743.28,2.4,Netherlands,2024-04-03 05:15:20
TXN-0009274,Jennifer Garcia,Books,828.94,6,4973.64,4.0,United States,2024-06-14 14:01:45
TXN-0011084,Susan Johnson,Automotive,115.53,2,231.06,3.5,France,2023-06-28 12:30:22
TXN-0010623,Thomas Williams,Sports & Outdoors,174.34,1,174.34,1.7,Brazil,2023-01-29 18:45:24
TXN-0008530,Karen Lee,Beauty & Personal Care,89.27,4,357.08,1.2,Netherlands,2023-07-28 03:50:25
TXN-0004579,Joseph Garcia,Beauty & Personal Care,339.43,1,339.43,2.5,Australia,2023-04-19 18:26:52
TXN-0004617,Karen Thompson,Automotive,995.0,7,6965.0,2.4,Brazil,2023-04-08 06:10:40
TXN-0002074,Richard Martinez,Automotive,677.96,5,3389.8,4.5,Netherlands,2023-03-11 03:34:53
TXN-0003015,Christopher Martinez,Automotive,454.37,8,3634.96,1.4,United States,2023-11-08 00:52:34
TXN-0003840,Elizabeth Williams,Automotive,22.62,5,113.1,1.5,Australia,2023-06-21 16:23:32
TXN-0000846,Richard Martin,Beauty & Personal Care,269.89,1,269.89,1.5,Japan,2023-10-15 18:15:34
TXN-0007438,Lisa Lee,Automotive,1233.5,3,3700.5,4.4,Australia,2023-09-27 06:28:54
TXN-0004915,Jessica Brown,Electronics,77.13,7,539.91,1.2,Japan,2023-12-19 19:17:49
TXN-0010763,Susan Gonzalez,Beauty & Personal Care,812.07,3,2436.21,4.2,United Kingdom,2023-08-10 19:18:06
TXN-0012175,Joseph Lopez,Home & Kitchen,352.61,3,1057.83,3.1,France,2023-12-02 22:46:03
TXN-0004610,Joseph Taylor,Apparel,1060.53,4,4242.12,2.8,Australia,2023-04-09 10:17:28
TXN-0000926,Lisa Lopez,Toys & Games,465.18,2,930.36,2.6,India,2023-01-31 03:47:08
TXN-0000165,Jessica Thompson,Apparel,97.21,1,97.21,4.6,India,2024-12-31 00:00:00
TXN-0012024,Robert Williams,Home & Kitchen,248.1,1,248.1,2.1,Germany,2023-05-10 03:55:59
TXN-0006045,Jennifer Lee,Beauty & Personal Care,1243.24,7,8702.68,2.4,United Kingdom,2024-03-04 11:37:06
TXN-0007532,Michael Perez,Home & Kitchen,1022.19,2,2044.38,4.7,India,2023-05-19 00:25:29
TXN-0007484,John Davis,Electronics,1231.28,3,3693.84,3.9,Brazil,2024-12-15 00:00:00
TXN-0004791,Karen Hernandez,Automotive,249.43,7,1746.01,1.7,Netherlands,2023-11-14 15:08:33
TXN-0010571,Mary Jackson,Automotive,1050.97,3,3152.91,2.5,United States,2024-08-07 03:02:08
TXN-0001315,Joseph Davis,Automotive,1196.15,8,9569.2,3.0,Germany,2023-03-28 08:07:19
TXN-0001955,Jessica Smith,Electronics,99.74,7,698.18,1.9,United States,2024-06-30 21:52:26
TXN-0010216,Linda Smith,Automotive,1089.31,5,5446.55,1.2,France,2024-06-20 23:27:36
TXN-0003553,Thomas Brown,Home & Kitchen,1091.28,6,6547.68,4.7,Japan,2024-07-27 07:25:28
TXN-0008719,Jennifer Jackson,Home & Kitchen,879.93,4,3519.72,2.4,Brazil,2023-02-10 04:04:35
TXN-0006226,Jennifer Davis,Automotive,496.77,4,1987.08,3.1,Australia,2023-06-06 14:58:47
TXN-0011746,Sarah Miller,Beauty & Personal Care,931.8,4,3727.2,3.0,United States,2023-03-12 18:32:51
TXN-0006164,Daniel Hernandez,Electronics,927.46,4,3709.84,1.2,Germany,2024-10-14 13:46:40
TXN-0004310,William Thomas,Automotive,420.11,8,3360.88,3.6,India,2023-03-03 15:21:24
TXN-0004145,Elizabeth Rodriguez,Home & Kitchen,627.54,8,5020.32,3.2,United States,2023-08-12 14:39:47
TXN-0003471,Daniel Rodriguez,Toys & Games,1442.24,5,7211.2,2.0,Japan,2024-01-19 12:18:28
TXN-0009204,Elizabeth White,Home & Kitchen,1308.25,8,10466.0,2.1,Japan,2023-12-25 20:00:16
TXN-0010453,Mary Johnson,Home & Kitchen,298.72,2,597.44,2.9,Japan,2023-04-12 15:29:40
TXN-0011635,Richard Hernandez,Toys & Games,1466.96,3,4400.88,1.6,United States,2023-09-18 12:41:53
TXN-0005989,Susan Lee,Sports & Outdoors,1317.83,3,3953.49,4.9,India,2023-05-07 02:57:53
TXN-0007589,Sarah Gonzalez,Toys & Games,1321.57,1,1321.57,3.5,United States,2023-08-28 15:00:21
TXN-0006956,Susan Thompson,Electronics,1019.94,7,7139.58,3.9,Canada,2024-12-10 19:07:02
TXN-0008579,Joseph Martin,Beauty & Personal Care,806.84,4,3227.36,1.2,Brazil,2023-06-24 10:28:38
TXN-0001159,Michael Johnson,Apparel,542.54,7,3797.78,3.3,United States,2024-02-11 00:00:00
TXN-0009397,Daniel Jones,Sports & Outdoors,1135.79,1,1135.79,4.2,United States,2023-08-20 18:18:56
TXN-0004750,Sarah Smith,Toys & Games,1036.39,6,6218.34,1.9,Germany,2023-06-10 15:12:15
TXN-0004569,Jennifer Hernandez,Sports & Outdoors,73.77,1,73.77,2.5,Australia,2023-07-28 00:00:00
TXN-0006353,Daniel Martinez,Home & Kitchen,1473.04,3,4419.12,3.2,Canada,2023-06-02 11:19:28
TXN-0010482,Robert Thomas,Home & Kitchen,231.61,1,231.61,4.1,Germany,2023-08-29 11:06:27
TXN-0007770,Lisa Hernandez,Electronics,959.22,4,3836.88,1.4,Netherlands,2024-11-18 05:27:21
TXN-0003025,Elizabeth Garcia,Automotive,1463.49,4,5853.96,2.7,France,2024-10-23 01:01:01
TXN-0012035,Jennifer Williams,Electronics,157.98,2,315.96,4.1,India,2024-08-03 16:44:39
TXN-0008850,Jessica Brown,Books,1120.3,1,1120.3,4.5,United States,2024-05-26 19:48:58
TXN-0006949,Lisa Anderson,Books,1314.44,1,1314.44,2.8,Canada,2023-04-10 10:59:26
TXN-0006287,Robert Lopez,Sports & Outdoors,10.32,8,82.56,1.8,India,2024-01-10 00:00:00
TXN-0004014,Lisa Moore,Sports & Outdoors,689.66,1,689.66,1.3,Japan,2024-01-17 23:19:45
TXN-0001018,Linda White,Sports & Outdoors,387.7,1,387.7,3.1,United Kingdom,2024-11-05 04:21:21
TXN-0009278,Barbara Miller,Home & Kitchen,1324.42,7,9270.94,3.2,India,2024-11-11 23:25:08
TXN-0000951,Richard Jackson,Electronics,97.52,4,390.08,4.4,France,2023-11-26 02:18:44
TXN-0000435,Thomas Garcia,Toys & Games,807.87,2,1615.74,2.4,Brazil,2024-11-17 03:42:31
TXN-0006339,Mary Brown,Toys & Games,757.08,7,5299.56,2.8,Japan,2024-09-01 19:07:48
TXN-0010310,Michael Williams,Home & Kitchen,58.83,8,470.64,3.7,United States,2024-11-14 04:44:29
TXN-0010441,Joseph Brown,Electronics,1203.6,8,9628.8,2.6,Japan,2023-12-13 22:07:09
TXN-0007560,Lisa Hernandez,Books,1168.27,1,1168.27,3.2,Japan,2023-12-02 15:38:29
TXN-0007229,Linda Thomas,Electronics,256.26,6,1537.56,1.1,India,2023-04-10 00:00:00
TXN-0002460,Barbara Williams,Automotive,1441.72,3,4325.16,4.5,Germany,2024-04-05 15:59:22
TXN-0006107,Barbara Smith,Beauty & Personal Care,1225.51,7,8578.57,1.2,Brazil,2023-05-04 11:34:40
TXN-0007407,Richard Gonzalez,Toys & Games,1087.67,8,8701.36,1.6,United States,2023-08-24 21:18:52
TXN-0006219,Michael Garcia,Home & Kitchen,962.47,6,5774.82,2.2,India,2023-12-25 08:41:59
TXN-0008361,Christopher Garcia,Toys & Games,710.21,2,1420.42,2.5,Canada,2023-07-18 09:58:55
TXN-0006705,Patricia Brown,Apparel,469.41,5,2347.05,1.7,Brazil,2024-01-11 23:37:12
TXN-0000239,Jessica Davis,Books,1287.02,3,3861.06,4.2,France,2024-12-11 00:00:00
TXN-0010767,Sarah Rodriguez,Apparel,572.99,3,1718.97,4.9,Australia,2023-08-08 05:32:48
TXN-0000176,Lisa Wilson,Home & Kitchen,905.67,3,2717.01,3.2,Japan,2023-07-09 00:00:00
TXN-0011373,Charles Davis,Books,998.91,5,4994.55,1.9,Canada,2024-10-25 00:09:39
TXN-0007480,John Gonzalez,Sports & Outdoors,387.01,6,2322.06,1.5,Brazil,2023-10-07 03:06:25
TXN-0012303,Joseph Thomas,Home & Kitchen,1409.67,3,4229.01,3.4,United Kingdom,2023-02-05 04:44:47
TXN-0001836,Jessica Williams,Home & Kitchen,599.74,3,1799.22,3.9,United Kingdom,2023-03-31 18:11:13
TXN-0010576,Jennifer Anderson,Automotive,1473.98,8,11791.84,1.5,Australia,2023-07-01 09:06:00
TXN-0004803,Christopher White,Electronics,820.43,5,4102.15,1.9,United States,2023-05-31 00:00:00
TXN-0004433,Daniel Anderson,Sports & Outdoors,1107.94,6,6647.64,1.7,United States,2023-01-17 12:03:23
TXN-0007262,Patricia Williams,Beauty & Personal Care,1492.0,7,10444.0,2.2,Canada,2024-06-29 00:09:20
TXN-0004158,Nancy Davis,Automotive,535.4,4,2141.6,3.4,Japan,2024-04-04 17:16:30
TXN-0000780,Robert Brown,Sports & Outdoors,1202.65,5,6013.25,4.6,India,2024-04-13 00:00:00
TXN-0006124,Robert Martinez,Home & Kitchen,180.92,8,1447.36,2.2,India,2024-03-01 08:43:38
TXN-0000180,Barbara Gonzalez,Electronics,234.39,8,1875.12,4.8,Netherlands,2023-10-16 22:49:55
TXN-0004537,Patricia Perez,Sports & Outdoors,261.85,3,785.55,1.3,Netherlands,2024-09-12 12:33:25
TXN-0005606,Lisa Thomas,Beauty & Personal Care,494.88,7,3464.16,4.5,France,2023-06-16 00:00:00
TXN-0001696,William Thompson,Beauty & Personal Care,240.31,4,961.24,4.8,India,2023-11-27 00:27:18
TXN-0000100,Joseph Smith,Apparel,1307.04,3,3921.12,1.3,Japan,2024-08-30 00:41:14
TXN-0008378,Jennifer Taylor,Toys & Games,1307.48,6,7844.88,2.0,Japan,2024-06-29 22:23:34
TXN-0009908,Sarah Thompson,Home & Kitchen,918.92,4,3675.68,1.5,Canada,2024-11-30 09:41:10
TXN-0000296,Thomas White,Sports & Outdoors,684.77,8,5478.16,2.3,Australia,2023-01-02 22:06:05
TXN-0005424,Thomas Moore,Toys & Games,571.47,1,571.47,4.5,France,2024-04-19 02:14:38
TXN-0010113,Charles Hernandez,Books,987.4,1,987.4,1.5,Brazil,2023-07-09 01:36:07
TXN-0012171,Linda Williams,Automotive,766.88,8,6135.04,3.2,Brazil,2023-09-08 14:24:16
TXN-0010324,Robert Martin,Apparel,385.69,8,3085.52,2.5,Japan,2024-04-16 12:05:55
TXN-0012245,Thomas Perez,Electronics,1103.81,1,1103.81,2.6,France,2023-11-20 18:49:44
TXN-0011366,Sarah White,Beauty & Personal Care,377.47,7,2642.29,4.0,India,2024-09-01 06:42:45
TXN-0003497,Robert Davis,Home & Kitchen,1224.91,6,7349.46,3.4,France,2024-03-07 01:25:07
TXN-0007832,Lisa White,Books,56.44,1,56.44,4.6,Brazil,2023-11-27 03:36:59
TXN-0007903,Karen Martin,Automotive,710.97,7,4976.79,3.9,Canada,2023-09-25 23:40:49
TXN-0001547,Susan Lopez,Toys & Games,1048.24,5,5241.2,2.4,United States,2023-10-19 04:56:22
TXN-0010305,Joseph Jackson,Beauty & Personal Care,868.93,7,6082.51,3.4,Netherlands,2024-03-06 14:19:08
TXN-0001226,James Gonzalez,Home & Kitchen,1368.78,2,2737.56,3.6,Australia,2024-02-07 20:19:05
TXN-0002932,Susan Wilson,Electronics,1293.24,1,1293.24,2.0,United States,2023-01-23 10:47:37
TXN-0012361,Thomas Thompson,Sports & Outdoors,375.71,5,1878.55,4.7,Australia,2024-02-16 17:07:51
TXN-0001835,Thomas Miller,Electronics,1235.76,1,1235.76,3.3,Netherlands,2024-01-01 03:14:09
TXN-0000077,Christopher Thomas,Home & Kitchen,863.23,8,6905.84,2.9,United States,2023-09-22 15:13:08
TXN-0004025,Mary Taylor,Beauty & Personal Care,425.65,5,2128.25,2.0,France,2024-05-21 23:03:06
TXN-0007024,Robert Thomas,Home & Kitchen,1452.09,3,4356.27,1.3,Netherlands,2023-06-23 18:14:40
TXN-0008660,Susan Hernandez,Home & Kitchen,281.09,2,562.18,2.7,United Kingdom,2023-10-08 10:08:14
TXN-0000644,Jessica Thomas,Toys & Games,1266.85,2,2533.7,3.2,Japan,2023-01-03 13:39:13
TXN-0002636,William Taylor,Home & Kitchen,276.38,7,1934.66,3.8,Canada,2023-10-25 16:37:40
TXN-0003509,Elizabeth Thomas,Apparel,1470.71,7,10294.97,1.5,Brazil,2023-08-16 23:06:29
TXN-0011186,Daniel Gonzalez,Apparel,271.04,1,271.04,4.1,Brazil,2024-02-19 02:23:58
TXN-0011140,Sarah Martinez,Apparel,649.12,1,649.12,4.2,France,2024-03-03 08:49:59
TXN-0009363,Elizabeth Jackson,Electronics,823.19,3,2469.57,2.2,India,2023-05-31 17:02:54
TXN-0011315,Robert Smith,Automotive,543.64,1,543.64,2.1,United Kingdom,2023-07-15 05:46:38
TXN-0012359,Linda Jones,Home & Kitchen,1241.0,6,7446.0,1.3,Canada,2024-09-27 15:39:16
TXN-0008981,Sarah Perez,Apparel,340.77,6,2044.62,4.7,France,2023-10-26 10:26:41
TXN-0001262,David Perez,Beauty & Personal Care,1359.06,6,8154.36,3.1,United Kingdom,2024-12-31 13:01:57
TXN-0004908,Karen Perez,Home & Kitchen,929.49,5,4647.45,4.7,Japan,2024-11-24 18:35:02
TXN-0010253,Thomas Gonzalez,Beauty & Personal Care,696.99,3,2090.97,1.5,France,2024-11-28 00:00:00
TXN-0006980,James Hernandez,Automotive,964.08,3,2892.24,4.3,Brazil,2024-10-26 20:32:32
TXN-0010825,Jessica Davis,Beauty & Personal Care,650.25,5,3251.25,1.6,Brazil,2024-12-25 00:00:00
TXN-0000615,Elizabeth Wilson,Beauty & Personal Care,876.18,7,6133.26,4.4,Canada,2024-10-24 03:50:54
TXN-0001263,Susan Perez,Electronics,293.45,3,880.35,3.9,Canada,2023-03-07 05:17:24
TXN-0006087,Sarah Smith,Books,919.74,4,3678.96,2.0,Netherlands,2024-03-10 10:15:01
TXN-0000736,Karen White,Home & Kitchen,146.63,6,879.78,2.1,Netherlands,2024-03-15 22:59:19
TXN-0000378,Michael Davis,Books,407.28,7,2850.96,3.1,Germany,2024-11-02 13:52:12
TXN-0009646,Sarah Thomas,Toys & Games,668.36,1,668.36,2.2,Netherlands,2023-05-19 22:10:33
TXN-0007800,Thomas Taylor,Home & Kitchen,949.49,4,3797.96,2.8,France,2023-02-16 17:30:44
TXN-0003905,Barbara Martin,Books,1046.74,6,6280.44,2.3,Netherlands,2024-06-02 19:37:51
TXN-0001924,William Martin,Books,1272.42,5,6362.1,1.0,Australia,2024-10-28 07:16:05
TXN-0003974,Jessica Garcia,Automotive,931.0,4,3724.0,1.9,United Kingdom,2024-07-16 22:22:57
TXN-0002742,Barbara Miller,Sports & Outdoors,967.22,2,1934.44,3.4,Australia,2023-11-24 18:18:53
TXN-0009366,Lisa Taylor,Books,1090.56,7,7633.92,1.3,France,2024-01-16 00:59:59
TXN-0007605,William Anderson,Electronics,239.0,5,1195.0,3.0,France,2023-09-03 00:00:00
TXN-0001318,Patricia Thompson,Electronics,723.81,1,723.81,2.2,India,2023-11-06 10:39:12
TXN-0009986,Linda Brown,Sports & Outdoors,827.98,8,6623.84,3.5,Brazil,2023-10-11 13:40:04
TXN-0001661,David Garcia,Home & Kitchen,1397.46,2,2794.92,2.5,United Kingdom,2023-03-15 21:51:35
TXN-0005321,Richard Thompson,Sports & Outdoors,1447.03,1,1447.03,4.6,India,2024-11-17 00:00:00
TXN-0000978,Patricia Garcia,Sports & Outdoors,1232.91,8,9863.28,1.4,Netherlands,2023-09-28 23:58:16
TXN-0007911,Richard Anderson,Electronics,389.78,1,389.78,3.4,Japan,2024-08-13 00:00:00
TXN-0006010,Charles Rodriguez,Home & Kitchen,1169.99,2,2339.98,2.5,Canada,2024-03-28 14:27:12
TXN-0003281,John White,Apparel,1380.2,3,4140.6,1.4,Netherlands,2024-10-22 07:01:42
TXN-0004552,Lisa Jackson,Home & Kitchen,229.05,1,229.05,2.8,France,2023-10-24 19:49:28
TXN-0006856,Thomas Lee,Sports & Outdoors,82.2,4,328.8,4.5,India,2024-04-26 04:29:19
TXN-0002164,Barbara Taylor,Home & Kitchen,5.81,4,23.24,4.5,Germany,2024-09-16 00:00:00
TXN-0001069,Karen Gonzalez,Books,318.6,4,1274.4,4.9,Australia,2024-03-24 01:00:37
TXN-0000718,Joseph Martin,Sports & Outdoors,342.68,7,2398.76,2.2,India,2024-10-26 09:10:18
TXN-0005825,Michael Gonzalez,Home & Kitchen,1145.24,2,2290.48,3.1,Netherlands,2023-05-30 19:57:48
TXN-0009965,Christopher Lopez,Home & Kitchen,420.96,8,3367.68,3.1,Netherlands,2023-12-26 15:54:24
TXN-0008270,James Gonzalez,Books,57.97,7,405.79,4.2,France,2023-03-16 23:49:39
TXN-0010327,Christopher Thompson,Toys & Games,1113.94,8,8911.52,1.3,Netherlands,2024-04-17 15:14:10
TXN-0003770,Robert Smith,Sports & Outdoors,968.12,8,7744.96,2.0,Germany,2024-07-16 12:45:09
TXN-0000938,Patricia Miller,Electronics,906.46,5,4532.3,4.7,Japan,2024-01-03 13:40:47
TXN-0005919,James Brown,Books,136.02,6,816.12,3.9,Brazil,2024-12-04 13:57:06
TXN-0004689,Jennifer Thompson,Books,1309.7,1,1309.7,3.3,United States,2023-08-12 00:00:00
TXN-0002049,James Martinez,Beauty & Personal Care,1038.33,4,4153.32,4.1,India,2023-06-25 00:00:00
TXN-0000674,Jennifer Thompson,Automotive,1122.19,1,1122.19,4.9,Netherlands,2023-12-27 05:07:29
TXN-0006739,Christopher Lee,Beauty & Personal Care,37.75,2,75.5,2.7,India,2023-08-16 00:27:08
TXN-0009495,David Smith,Home & Kitchen,409.11,8,3272.88,3.8,Japan,2024-01-03 17:44:45
TXN-0005785,Susan Williams,Toys & Games,323.59,7,2265.13,4.2,Netherlands,2023-08-01 01:13:55
TXN-0011020,Thomas Davis,Sports & Outdoors,117.72,2,235.44,3.6,Australia,2023-09-07 07:33:25
TXN-0010338,Jessica Taylor,Home & Kitchen,690.71,1,690.71,3.4,India,2023-11-02 01:52:06
TXN-0007946,James Moore,Beauty & Personal Care,71.44,7,500.08,1.6,Australia,2024-10-08 08:01:13
TXN-0009659,Richard Thompson,Apparel,686.67,7,4806.69,2.8,Canada,2024-04-13 02:05:01
TXN-0002914,Jessica Wilson,Apparel,1312.44,5,6562.2,3.1,Japan,2024-09-05 00:00:00
TXN-0000557,Daniel Brown,Beauty & Personal Care,1300.83,2,2601.66,1.7,India,2024-01-24 20:48:27
TXN-0007313,James Davis,Toys & Games,402.14,2,804.28,3.8,Germany,2023-10-23 16:29:16
TXN-0010041,Daniel Thomas,Beauty & Personal Care,489.45,3,1468.35,2.7,Brazil,2024-11-12 09:45:34
TXN-0007271,Elizabeth Perez,Apparel,874.52,8,6996.16,4.3,United States,2023-11-11 20:42:39
TXN-0001943,Elizabeth Williams,Home & Kitchen,1480.24,1,1480.24,4.2,Germany,2024-02-25 17:09:34
TXN-0012007,Mary Lopez,Apparel,398.28,3,1194.84,2.6,Australia,2023-10-11 17:35:25
TXN-0008758,Jennifer Lopez,Books,1352.21,5,6761.05,1.1,Canada,2023-05-15 03:29:04
TXN-0011482,Susan Anderson,Toys & Games,671.92,4,2687.68,2.7,United States,2024-03-02 18:06:37
TXN-0004710,Thomas Lee,Electronics,185.47,6,1112.82,2.9,Canada,2024-04-12 14:28:24
TXN-0005066,William Jackson,Automotive,659.85,8,5278.8,1.2,France,2023-12-07 10:49:22
TXN-0008924,Sarah Johnson,Toys & Games,451.16,1,451.16,2.6,Netherlands,2023-06-06 14:17:09
TXN-0006957,Richard Perez,Automotive,310.93,3,932.79,3.0,Netherlands,2024-02-22 11:25:06
TXN-0000398,Barbara Thompson,Electronics,1315.43,5,6577.15,4.1,Japan,2024-04-29 00:00:00
TXN-0001256,Lisa Wilson,Books,841.89,4,3367.56,2.5,Netherlands,2023-05-20 00:54:22
TXN-0005923,Sarah Jones,Toys & Games,972.69,8,7781.52,2.9,United Kingdom,2023-11-21 23:33:06
TXN-0001363,Michael Gonzalez,Home & Kitchen,1454.02,2,2908.04,1.7,Canada,2023-06-12 00:00:00
TXN-0012027,Jennifer Smith,Books,544.14,5,2720.7,1.5,Japan,2023-02-13 19:10:20
TXN-0003419,Joseph Gonzalez,Home & Kitchen,66.23,5,331.15,4.5,Germany,2024-08-27 10:26:17
TXN-0012273,James Miller,Books,462.9,6,2777.4,3.6,Japan,2023-03-11 19:35:55
TXN-0008790,Elizabeth Jones,Automotive,1038.59,8,8308.72,2.6,Netherlands,2023-04-19 06:05:29
TXN-0007835,James Thompson,Home & Kitchen,499.06,7,3493.42,3.2,Japan,2023-01-25 05:40:44
TXN-0001345,William Martinez,Beauty & Personal Care,486.16,7,3403.12,2.3,United States,2024-03-10 22:38:22
TXN-0003099,Daniel Williams,Apparel,981.44,8,7851.52,3.9,France,2023-07-03 00:32:39
TXN-0009246,Linda Lopez,Beauty & Personal Care,182.93,8,1463.44,1.7,Australia,2024-07-06 02:27:01
TXN-0010570,Jennifer Thomas,Apparel,256.39,5,1281.95,4.7,United Kingdom,2023-06-28 07:17:06
TXN-0002980,Daniel Moore,Electronics,792.78,3,2378.34,2.0,Canada,2023-06-12 20:30:20
TXN-0004628,Linda Johnson,Electronics,714.48,5,3572.4,4.4,Canada,2023-04-12 04:50:18
TXN-0011139,Daniel Jackson,Sports & Outdoors,573.77,5,2868.85,2.0,Canada,2023-06-01 12:33:00
TXN-0008072,James Davis,Apparel,210.36,5,1051.8,1.0,United States,2024-01-14 02:28:14
TXN-0011805,Patricia Williams,Electronics,552.25,2,1104.5,3.3,Brazil,2024-09-06 18:57:08
TXN-0011638,Jessica Garcia,Books,1332.95,4,5331.8,4.2,India,2023-09-02 09:01:02
TXN-0003775,Sarah Jackson,Automotive,1359.8,8,10878.4,3.0,Brazil,2024-01-05 19:32:18
TXN-0012498,Karen Perez,Electronics,899.72,8,7197.76,4.3,Japan,2024-04-05 00:00:00
TXN-0003682,Joseph Lopez,Electronics,908.44,8,7267.52,4.8,Australia,2023-07-03 21:25:37
TXN-0003008,David Lee,Sports & Outdoors,685.01,4,2740.04,4.1,India,2024-04-22 08:15:27
TXN-0001569,David Martinez,Automotive,734.24,3,2202.72,2.9,Brazil,2023-03-12 16:08:00
TXN-0010955,Nancy Johnson,Toys & Games,1147.51,1,1147.51,4.5,Brazil,2024-05-04 20:27:03
TXN-0002001,Thomas Wilson,Books,560.29,2,1120.58,3.9,Brazil,2024-11-15 01:53:44
TXN-0010515,Patricia Thompson,Automotive,1230.26,3,3690.78,3.0,United States,2023-10-02 18:31:29
TXN-0009871,Sarah Davis,Sports & Outdoors,136.52,1,136.52,3.1,Japan,2023-05-13 18:18:24
TXN-0011239,James Thompson,Books,861.96,2,1723.92,1.1,Canada,2024-06-15 04:12:14
TXN-0012389,Jennifer Gonzalez,Books,30.43,3,91.29,4.3,India,2024-07-20 18:10:58
TXN-0008061,Nancy Lopez,Beauty & Personal Care,631.28,8,5050.24,2.1,Netherlands,2024-10-02 09:41:25
TXN-0004954,James Lee,Electronics,1209.34,8,9674.72,2.0,Australia,2023-09-16 06:43:15
TXN-0003798,Robert Lopez,Toys & Games,447.55,6,2685.3,1.8,India,2023-04-18 05:51:18
TXN-0004313,Mary Lee,Electronics,488.91,1,488.91,2.3,United States,2023-09-30 09:08:54
TXN-0007714,David Wilson,Toys & Games,39.36,8,314.88,1.9,Brazil,2023-10-06 09:34:44
TXN-0004533,Lisa Hernandez,Sports & Outdoors,596.52,4,2386.08,4.8,Australia,2023-03-13 04:04:49
TXN-0007916,Richard Brown,Automotive,928.44,1,928.44,2.1,India,2024-08-13 15:31:04
TXN-0008407,Barbara Thomas,Home & Kitchen,681.48,4,2725.92,3.9,Australia,2024-01-08 23:56:21
TXN-0008173,Christopher Johnson,Beauty & Personal Care,1496.02,4,5984.08,4.6,Germany,2024-05-15 23:03:05
TXN-0012419,Jennifer Brown,Electronics,158.23,7,1107.61,1.6,Canada,2024-06-13 21:00:20
TXN-0007818,Joseph Lee,Toys & Games,1166.32,4,4665.28,3.3,Japan,2023-08-24 00:00:00
TXN-0008588,Thomas Smith,Beauty & Personal Care,574.15,3,1722.45,3.6,India,2023-06-14 00:25:07
TXN-0002360,Joseph Martinez,Beauty & Personal Care,244.28,1,244.28,2.5,France,2024-04-07 09:09:02
TXN-0005382,William Thompson,Toys & Games,1347.55,7,9432.85,2.0,United Kingdom,2024-12-07 00:00:00
TXN-0005852,Joseph Jackson,Books,581.95,3,1745.85,4.4,France,2024-04-24 04:15:55
TXN-0002791,Christopher Anderson,Electronics,965.63,3,2896.89,3.4,Germany,2023-01-14 00:00:00
TXN-0010966,Sarah Jones,Automotive,505.27,7,3536.89,1.7,Germany,2023-05-15 17:04:24
TXN-0006641,Sarah Thomas,Apparel,977.95,4,3911.8,3.9,Canada,2024-12-15 18:17:28
TXN-0006141,Sarah Smith,Toys & Games,1097.47,3,3292.41,3.5,India,2023-11-24 17:24:46
TXN-0008018,Karen Jones,Automotive,245.31,1,245.31,4.3,France,2023-02-11 05:25:36
TXN-0006440,Robert Anderson,Toys & Games,1189.2,5,5946.0,2.0,United Kingdom,2023-11-14 23:37:58
TXN-0004478,William Rodriguez,Toys & Games,467.45,5,2337.25,1.0,Australia,2023-08-02 00:00:00
TXN-0005966,William Williams,Sports & Outdoors,1253.95,6,7523.7,2.5,Japan,2023-12-09 00:00:00
TXN-0003523,Charles Moore,Apparel,72.47,3,217.41,1.4,France,2023-03-31 03:13:48
TXN-0003760,Robert Davis,Sports & Outdoors,632.61,8,5060.88,4.4,United Kingdom,2024-09-03 03:52:18
TXN-0001151,Jennifer Lee,Apparel,985.62,6,5913.72,2.8,Australia,2024-10-28 22:39:18
TXN-0005142,James Williams,Automotive,1150.0,7,8050.0,2.2,France,2024-11-28 14:48:31
TXN-0006781,Robert Brown,Sports & Outdoors,147.15,1,147.15,2.1,Japan,2024-02-03 23:54:59
TXN-0009325,William Taylor,Home & Kitchen,210.58,5,1052.9,2.3,Brazil,2023-10-09 12:13:17
TXN-0007546,James Miller,Sports & Outdoors,1174.82,2,2349.64,2.7,Netherlands,2023-06-30 20:45:39
TXN-0007889,Joseph White,Books,1252.26,2,2504.52,1.9,United Kingdom,2023-02-20 23:23:46
TXN-0004336,Elizabeth Johnson,Apparel,1034.23,2,2068.46,1.1,Australia,2024-02-24 21:07:58
TXN-0007933,Michael Lopez,Books,1032.82,6,6196.92,3.6,France,2024-03-06 21:08:18
TXN-0012320,Nancy Jackson,Electronics,682.21,6,4093.26,1.8,Japan,2024-09-04 00:33:29
TXN-0005463,William Hernandez,Sports & Outdoors,675.26,8,5402.08,3.3,Brazil,2024-08-22 14:07:35
TXN-0000105,Jessica Jackson,Apparel,694.42,5,3472.1,2.8,Germany,2024-06-01 00:00:00
TXN-0009304,Elizabeth Davis,Toys & Games,56.37,8,450.96,4.6,United Kingdom,2023-03-17 23:09:05
TXN-0008856,William Wilson,Automotive,554.77,8,4438.16,1.8,United States,2024-06-04 09:54:59
TXN-0012043,Jessica Garcia,Toys & Games,366.65,3,1099.95,4.1,Germany,2024-10-10 02:32:07
TXN-0010893,William Davis,Sports & Outdoors,9.11,3,27.33,4.2,United Kingdom,2024-04-23 22:38:53
TXN-0004049,Michael Jones,Toys & Games,1032.46,6,6194.76,4.7,India,2023-10-03 18:44:23
TXN-0004830,Sarah Perez,Books,441.0,3,1323.0,1.8,India,2024-04-26 03:43:26
TXN-0004407,David White,Toys & Games,256.95,3,770.85,4.9,United States,2023-10-12 12:55:54
TXN-0008252,Joseph Martin,Home & Kitchen,1495.28,2,2990.56,2.4,United Kingdom,2023-01-29 12:40:33
TXN-0010448,Mary White,Beauty & Personal Care,998.2,6,5989.2,1.4,India,2024-11-16 10:15:49
TXN-0008701,Charles Hernandez,Toys & Games,1008.91,6,6053.46,2.6,Japan,2023-11-19 00:00:00
TXN-0007531,Linda Jones,Books,1406.38,5,7031.9,1.6,France,2023-04-24 08:40:46
TXN-0002748,Joseph Miller,Electronics,1374.57,8,10996.56,1.5,Brazil,2024-07-14 20:10:46
TXN-0012104,Susan Wilson,Toys & Games,1071.06,2,2142.12,2.7,Netherlands,2024-09-05 20:03:17
TXN-0008373,Lisa Smith,Sports & Outdoors,1376.16,6,8256.96,1.9,Japan,2024-10-17 02:22:28
TXN-0006291,Robert Smith,Automotive,1276.07,6,7656.42,3.7,Brazil,2024-02-07 08:50:49
TXN-0011939,Sarah Davis,Sports & Outdoors,1290.38,7,9032.66,4.7,United Kingdom,2024-07-16 04:09:39
TXN-0003599,Sarah Taylor,Books,1206.36,5,6031.8,2.0,Japan,2023-03-06 05:46:18
TXN-0009599,Lisa Taylor,Automotive,724.3,2,1448.6,3.0,Canada,2023-10-30 00:00:00
TXN-0007358,Linda Taylor,Automotive,543.17,7,3802.19,1.9,Netherlands,2024-05-25 14:50:15
TXN-0009504,Thomas Miller,Electronics,415.55,4,1662.2,3.3,India,2024-10-10 00:00:00
TXN-0011022,Jennifer Jones,Beauty & Personal Care,476.0,7,3332.0,2.0,Brazil,2023-09-23 03:39:47
TXN-0006344,Joseph Williams,Automotive,827.02,6,4962.12,3.2,Canada,2024-02-27 00:00:00
TXN-0009895,Lisa Thompson,Home & Kitchen,490.85,2,981.7,4.7,Germany,2024-11-07 07:24:45
TXN-0010371,Linda Brown,Sports & Outdoors,715.97,1,715.97,1.0,United States,2024-01-28 07:47:17
TXN-0004762,Patricia White,Apparel,1223.06,8,9784.48,2.9,Japan,2023-10-03 04:59:38
TXN-0008349,James Miller,Electronics,371.86,3,1115.58,4.4,United States,2024-01-04 19:16:54
TXN-0008084,James Moore,Automotive,952.97,5,4764.85,1.4,Brazil,2024-02-02 16:42:07
TXN-0005189,James Brown,Home & Kitchen,1341.3,4,5365.2,5.0,Australia,2023-11-20 00:00:00
TXN-0007074,Mary Rodriguez,Automotive,97.42,5,487.1,2.0,Brazil,2024-03-09 00:00:00
TXN-0000444,Barbara Taylor,Home & Kitchen,1181.4,5,5907.0,3.4,France,2023-08-07 15:51:55
TXN-0005132,Karen Johnson,Sports & Outdoors,1045.55,7,7318.85,4.8,Brazil,2023-02-28 19:12:04
TXN-0005322,Christopher Lopez,Beauty & Personal Care,1316.15,8,10529.2,4.9,Germany,2023-09-11 08:52:56
TXN-0005123,Sarah Hernandez,Apparel,446.63,2,893.26,2.3,Germany,2024-09-05 05:12:45
TXN-0000613,John Miller,Apparel,1355.37,1,1355.37,4.0,Netherlands,2024-05-28 07:43:19
TXN-0011910,Elizabeth Thompson,Home & Kitchen,1343.66,4,5374.64,1.6,Canada,2023-03-30 00:00:00
TXN-0006136,Daniel Miller,Beauty & Personal Care,1052.18,1,1052.18,4.8,Japan,2024-03-08 17:33:22
TXN-0006916,Nancy White,Electronics,725.69,4,2902.76,4.5,Brazil,2023-06-10 00:00:00
TXN-0010744,Thomas Rodriguez,Automotive,1348.29,8,10786.32,2.8,United States,2024-10-18 00:00:00
TXN-0006993,John Wilson,Toys & Games,986.59,6,5919.54,3.7,Brazil,2023-03-19 21:18:49
TXN-0008801,Christopher Rodriguez,Automotive,1107.5,1,1107.5,4.4,Australia,2024-04-16 09:56:03
TXN-0008855,Karen Martinez,Electronics,959.41,8,7675.28,2.0,Brazil,2023-03-10 00:00:00
TXN-0005143,Mary White,Apparel,621.42,4,2485.68,4.6,Australia,2024-06-09 17:33:38
TXN-0009536,Barbara Jackson,Toys & Games,1418.84,2,2837.68,3.6,Germany,2023-11-14 19:45:21
TXN-0001697,William Hernandez,Sports & Outdoors,325.15,1,325.15,1.8,Netherlands,2023-08-18 13:09:25
TXN-0012149,Joseph Thompson,Automotive,426.48,1,426.48,4.1,Brazil,2024-05-25 18:19:38
TXN-0009211,Barbara Lopez,Electronics,1379.5,2,2759.0,4.6,Germany,2023-02-28 13:56:09
TXN-0010666,Patricia Garcia,Automotive,785.79,8,6286.32,4.8,United States,2023-03-28 00:23:33
TXN-0007803,Jennifer Williams,Automotive,18.34,7,128.38,3.0,Brazil,2024-10-04 20:25:35
TXN-0000859,Elizabeth Gonzalez,Toys & Games,927.87,7,6495.09,1.9,Canada,2024-04-10 16:54:14
TXN-0009815,Susan Perez,Beauty & Personal Care,1088.68,8,8709.44,4.0,United Kingdom,2024-06-05 13:46:01
TXN-0008573,Sarah Perez,Sports & Outdoors,165.45,2,330.9,2.4,United States,2024-05-05 15:58:47
TXN-0001994,Linda Smith,Apparel,137.14,7,959.98,2.8,Canada,2024-09-09 00:00:00
TXN-0006679,William Martinez,Electronics,689.39,6,4136.34,2.0,United Kingdom,2024-01-16 21:16:12
TXN-0000426,Sarah Martinez,Toys & Games,786.48,1,786.48,2.5,United States,2023-02-11 05:12:11
TXN-0007499,Richard Anderson,Automotive,1015.33,8,8122.64,4.6,United States,2024-09-27 07:53:30
TXN-0006674,Richard White,Electronics,1277.41,2,2554.82,4.7,Japan,2023-08-20 18:46:53
TXN-0001196,Linda Lopez,Books,475.65,2,951.3,3.8,India,2023-12-12 15:32:26
TXN-0000709,Daniel Martinez,Electronics,337.42,3,1012.26,3.8,Canada,2023-08-27 00:00:00
TXN-0012101,Sarah Brown,Electronics,315.96,8,2527.68,3.7,India,2023-11-14 07:28:31
TXN-0002322,Barbara Rodriguez,Toys & Games,705.5,1,705.5,2.4,India,2023-12-09 00:00:00
TXN-0001785,Joseph Lee,Automotive,1044.44,8,8355.52,1.4,United States,2024-12-18 10:04:19
TXN-0006160,Jessica Davis,Beauty & Personal Care,69.49,7,486.43,2.8,Canada,2023-08-24 20:43:44
TXN-0009410,Nancy Thomas,Electronics,1167.54,5,5837.7,2.9,United Kingdom,2024-09-23 23:12:37
TXN-0002084,Charles Perez,Sports & Outdoors,377.52,2,755.04,4.9,Canada,2024-11-25 13:23:54
TXN-0003228,Michael Thompson,Electronics,318.66,1,318.66,5.0,United States,2023-04-15 00:00:00
TXN-0002881,Mary Moore,Apparel,694.05,4,2776.2,2.3,Canada,2024-08-13 15:31:47
TXN-0000135,Karen Perez,Sports & Outdoors,274.72,5,1373.6,4.7,United States,2023-09-30 00:00:00
TXN-0008074,Robert Rodriguez,Toys & Games,379.08,1,379.08,4.4,India,2023-08-13 00:00:00
TXN-0000898,Daniel Jackson,Home & Kitchen,1049.47,1,1049.47,2.0,Japan,2024-11-07 04:02:03
TXN-0002644,James Johnson,Sports & Outdoors,1340.98,1,1340.98,1.6,United Kingdom,2024-03-12 09:06:25
TXN-0005458,Christopher Gonzalez,Electronics,438.63,8,3509.04,4.7,Germany,2023-06-22 00:00:00
TXN-0008406,David Thomas,Electronics,1071.21,7,7498.47,3.7,United Kingdom,2023-03-05 00:00:00
TXN-0009285,William Taylor,Apparel,598.71,5,2993.55,1.6,India,2023-06-01 19:39:18
TXN-0001021,Michael Jackson,Automotive,973.11,1,973.11,2.2,United Kingdom,2024-11-18 14:18:46
TXN-0009633,Patricia Brown,Automotive,1144.72,2,2289.44,2.8,Germany,2023-08-26 01:30:43
TXN-0005716,Jennifer Wilson,Books,621.63,3,1864.89,1.5,United Kingdom,2023-07-25 02:50:40
TXN-0011559,Karen Anderson,Home & Kitchen,1260.33,6,7561.98,1.0,India,2023-06-28 21:46:02
TXN-0010781,Richard Jones,Home & Kitchen,203.89,8,1631.12,4.8,Australia,2024-11-16 02:15:52
TXN-0005220,Jennifer Jackson,Electronics,38.63,3,115.89,3.5,United Kingdom,2024-05-14 20:40:27
TXN-0001099,Jessica Thomas,Electronics,634.75,2,1269.5,2.8,France,2024-04-12 03:28:49
TXN-0011826,Lisa Rodriguez,Home & Kitchen,1170.65,5,5853.25,2.1,France,2024-11-28 22:56:08
TXN-0007687,James Thompson,Books,205.43,3,616.29,3.9,Australia,2023-12-14 15:06:40
TXN-0008141,David Miller,Toys & Games,601.67,3,1805.01,2.6,Australia,2024-07-01 10:05:03
TXN-0003041,Jessica Jones,Electronics,820.67,7,5744.69,3.2,France,2024-05-25 03:05:34
TXN-0001026,Elizabeth Hernandez,Automotive,369.49,5,1847.45,3.5,United Kingdom,2023-04-06 00:00:00
TXN-0011869,Susan Moore,Electronics,616.64,8,4933.12,1.1,Germany,2023-06-18 16:32:06
TXN-0004453,Patricia Davis,Home & Kitchen,1224.56,3,3673.68,1.6,Japan,2024-05-19 00:00:00
TXN-0006854,Barbara Moore,Books,1419.54,3,4258.62,2.9,Australia,2024-02-21 22:31:58
TXN-0012305,Jennifer Davis,Beauty & Personal Care,1384.1,1,1384.1,4.5,Canada,2024-03-24 13:02:44
TXN-0012279,Christopher Gonzalez,Automotive,258.97,1,258.97,2.8,India,2024-12-07 18:23:09
TXN-0011244,Christopher Davis,Toys & Games,998.3,6,5989.8,2.7,France,2023-05-31 18:44:50
TXN-0009475,Linda Williams,Electronics,234.0,3,702.0,3.6,Brazil,2023-02-25 00:00:00
TXN-0011716,Robert Thompson,Home & Kitchen,227.33,1,227.33,1.1,Australia,2024-12-08 17:20:17
TXN-0012140,Mary Davis,Electronics,66.23,4,264.92,1.8,Canada,2024-03-13 10:29:38
TXN-0011447,Nancy Moore,Home & Kitchen,729.57,4,2918.28,2.7,United States,2023-05-26 22:55:17
TXN-0003313,James Jackson,Toys & Games,278.07,6,1668.42,4.1,Germany,2023-09-04 00:00:00
TXN-0008011,Barbara Thompson,Home & Kitchen,1365.35,8,10922.8,3.8,Canada,2024-12-23 03:43:57
TXN-0003399,Barbara Anderson,Apparel,173.55,5,867.75,3.8,Brazil,2024-06-30 01:45:22
TXN-0010975,James Moore,Beauty & Personal Care,1120.69,7,7844.83,4.7,Japan,2023-09-14 01:30:31
TXN-0007694,Patricia Martin,Books,855.19,8,6841.52,2.0,Brazil,2023-08-05 19:58:50
TXN-0011360,Patricia Anderson,Home & Kitchen,1499.52,4,5998.08,4.9,Brazil,2024-01-20 20:52:21
TXN-0010257,Joseph Thompson,Electronics,464.45,5,2322.25,3.1,Germany,2024-12-25 00:00:00
TXN-0001336,Patricia White,Automotive,885.46,8,7083.68,5.0,Germany,2023-07-15 12:55:07
TXN-0009309,James Brown,Automotive,502.6,4,2010.4,1.5,France,2024-12-13 00:00:00
TXN-0001003,Susan Lee,Electronics,169.53,6,1017.18,2.1,France,2023-09-30 15:34:16
TXN-0001693,Lisa White,Books,942.56,5,4712.8,4.3,Australia,2023-12-02 09:45:19
TXN-0012328,Sarah Moore,Automotive,1160.52,4,4642.08,4.6,France,2023-10-10 17:11:18
TXN-0010436,Richard Wilson,Home & Kitchen,1404.94,1,1404.94,1.2,Brazil,2024-05-23 19:23:57
TXN-0009383,James Rodriguez,Automotive,966.74,5,4833.7,1.3,Netherlands,2024-08-25 22:27:14
TXN-0003718,Christopher Jackson,Books,675.21,6,4051.26,1.8,Australia,2023-08-27 05:02:45
TXN-0005881,Susan Smith,Automotive,433.97,8,3471.76,3.0,Germany,2023-08-11 20:50:33
TXN-0003634,Michael Martin,Home & Kitchen,166.5,4,666.0,1.7,Canada,2023-05-06 15:29:18
TXN-0003105,Daniel Jones,Apparel,396.24,3,1188.72,4.7,Australia,2023-06-21 12:27:12
TXN-0000322,Jennifer Davis,Electronics,108.05,8,864.4,4.5,Japan,2024-08-23 19:35:50
TXN-0003871,James Martinez,Beauty & Personal Care,824.34,4,3297.36,3.3,Japan,2024-11-23 00:00:00
TXN-0003678,Daniel Johnson,Electronics,1230.35,5,6151.75,1.5,Netherlands,2024-08-21 21:45:56
TXN-0009273,Joseph Hernandez,Beauty & Personal Care,916.81,3,2750.43,3.0,United Kingdom,2024-01-19 19:01:36
TXN-0010926,Linda Martinez,Apparel,673.12,4,2692.48,2.0,United Kingdom,2024-02-12 17:08:43
TXN-0003731,Patricia Lee,Home & Kitchen,244.25,5,1221.25,3.0,France,2023-08-14 00:00:00
TXN-0010147,Daniel Smith,Beauty & Personal Care,45.65,3,136.95,2.5,Brazil,2023-12-17 16:25:46
TXN-0007267,Michael Moore,Books,1145.01,1,1145.01,2.2,Canada,2024-11-13 10:04:43
TXN-0007397,William Martin,Automotive,156.35,6,938.1,3.1,India,2024-10-28 16:28:05
TXN-0008052,Linda Miller,Automotive,1029.76,4,4119.04,2.5,United States,2024-04-13 13:04:08
TXN-0007777,Robert Davis,Home & Kitchen,920.11,8,7360.88,4.1,Canada,2023-11-05 16:39:12
TXN-0010304,Linda Martin,Home & Kitchen,1164.06,6,6984.36,4.6,Brazil,2023-04-18 00:00:00
TXN-0010987,Patricia Miller,Books,284.14,4,1136.56,3.3,United States,2024-07-04 14:29:50
TXN-0008591,Robert Jackson,Apparel,1192.88,5,5964.4,1.4,United States,2023-12-30 09:37:46
TXN-0000562,David Anderson,Apparel,980.45,4,3921.8,4.5,Germany,2023-08-29 00:08:51
TXN-0001401,Charles Taylor,Electronics,1220.68,7,8544.76,3.7,Japan,2023-01-20 21:58:29
TXN-0004877,Jennifer Thomas,Automotive,1115.43,4,4461.72,4.2,Netherlands,2023-06-25 16:40:37
TXN-0005137,Michael White,Beauty & Personal Care,1194.16,7,8359.12,3.9,India,2024-05-21 15:56:43
TXN-0011362,James Gonzalez,Automotive,646.79,5,3233.95,3.3,Australia,2023-01-29 06:58:17
TXN-0012377,Charles Jackson,Home & Kitchen,331.68,7,2321.76,3.3,Canada,2023-11-10 00:00:00
TXN-0003578,William Moore,Electronics,789.84,6,4739.04,1.9,India,2023-06-17 16:53:41
TXN-0012381,Jennifer Thompson,Books,1083.1,4,4332.4,2.7,Brazil,2024-10-28 01:07:49
TXN-0002346,Sarah Hernandez,Home & Kitchen,332.38,4,1329.52,1.5,Netherlands,2024-06-28 06:15:43
TXN-0009864,Christopher Martinez,Apparel,1373.75,2,2747.5,3.6,Canada,2023-06-09 00:00:00
TXN-0006272,Elizabeth Lee,Toys & Games,882.23,2,1764.46,2.4,Netherlands,2024-05-09 14:24:29
TXN-0002897,Nancy Taylor,Books,389.74,8,3117.92,2.5,Germany,2024-12-30 09:32:57
TXN-0011544,David Hernandez,Beauty & Personal Care,352.46,4,1409.84,5.0,Japan,2024-01-09 12:23:01
TXN-0008990,David Perez,Home & Kitchen,1212.1,8,9696.8,3.0,India,2023-08-26 22:42:02
TXN-0011492,Lisa Davis,Books,770.0,7,5390.0,2.0,France,2024-09-15 11:09:09
TXN-0005407,Christopher Johnson,Home & Kitchen,1014.22,3,3042.66,1.7,Germany,2023-02-09 05:36:23
TXN-0001551,Christopher Brown,Automotive,1124.83,4,4499.32,3.4,Japan,2023-12-31 00:00:00
TXN-0008442,Barbara Brown,Apparel,170.88,7,1196.16,1.2,Brazil,2024-08-06 22:52:59
TXN-0008524,Susan Garcia,Sports & Outdoors,218.06,6,1308.36,1.7,France,2023-01-18 02:05:29
TXN-0009917,Karen Smith,Toys & Games,671.25,6,4027.5,3.9,France,2023-01-28 18:31:16
TXN-0012443,Robert Taylor,Home & Kitchen,1435.36,1,1435.36,4.5,United States,2023-11-14 22:30:43
TXN-0006517,Robert Johnson,Sports & Outdoors,1117.37,7,7821.59,3.0,Brazil,2023-10-03 11:29:10
TXN-0005117,Susan Lopez,Beauty & Personal Care,217.46,2,434.92,3.8,Netherlands,2024-04-01 12:29:22
TXN-0010959,Sarah Miller,Beauty & Personal Care,294.06,2,588.12,1.1,Australia,2023-12-02 02:52:45
TXN-0011012,Jennifer Rodriguez,Electronics,680.98,2,1361.96,1.5,United States,2024-02-07 17:01:39
TXN-0005566,William Johnson,Beauty & Personal Care,330.82,2,661.64,2.4,United States,2023-06-11 13:21:23
TXN-0007152,Sarah Lee,Home & Kitchen,1377.17,4,5508.68,4.7,United Kingdom,2024-01-08 22:51:29
TXN-0008825,Michael Martinez,Sports & Outdoors,1224.84,1,1224.84,2.3,Australia,2023-06-13 23:50:50
TXN-0012387,Christopher Jones,Apparel,187.92,7,1315.44,3.0,Brazil,2023-06-26 15:54:01
TXN-0007376,Sarah Garcia,Home & Kitchen,1052.61,3,3157.83,2.9,Netherlands,2024-09-02 00:00:00
TXN-0009680,Richard Lopez,Books,208.71,4,834.84,4.6,India,2024-12-31 00:00:00
TXN-0000816,Sarah Jackson,Sports & Outdoors,1249.18,5,6245.9,3.9,Germany,2024-01-28 00:00:00
TXN-0007069,Sarah Smith,Automotive,1187.02,4,4748.08,5.0,Australia,2023-06-28 03:08:48
TXN-0001308,Susan Martin,Sports & Outdoors,1156.9,2,2313.8,3.7,Australia,2024-06-17 11:41:52
TXN-0010274,Jennifer Miller,Electronics,1159.83,4,4639.32,2.1,Canada,2024-12-14 04:24:36
TXN-0007736,Patricia Thompson,Toys & Games,1212.92,5,6064.6,4.3,India,2023-03-22 17:32:34
TXN-0010179,Patricia Thompson,Sports & Outdoors,1278.36,7,8948.52,1.1,United Kingdom,2023-10-07 10:49:58
TXN-0002511,Lisa Jones,Apparel,676.85,8,5414.8,1.9,India,2024-12-30 12:34:49
TXN-0009805,Michael Williams,Electronics,1281.08,7,8967.56,4.0,Australia,2023-03-07 01:32:00
TXN-0009923,David Jones,Sports & Outdoors,841.57,7,5890.99,2.4,Brazil,2023-06-05 17:23:36
TXN-0005633,John Hernandez,Books,1424.96,1,1424.96,1.6,Germany,2023-09-01 00:00:00
TXN-0002836,Lisa Williams,Beauty & Personal Care,89.44,5,447.2,2.3,Germany,2023-01-09 00:58:49
TXN-0001948,Joseph Lee,Apparel,26.97,2,53.94,3.2,Japan,2023-01-05 12:56:48
TXN-0010681,Charles Moore,Automotive,1255.26,2,2510.52,1.4,Brazil,2023-06-17 21:59:19
TXN-0009291,Lisa Hernandez,Beauty & Personal Care,1179.55,5,5897.75,1.0,India,2024-11-29 04:34:42
TXN-0007625,Jennifer Jones,Apparel,1159.65,4,4638.6,3.7,Canada,2023-12-18 17:10:57
TXN-0006895,Susan Thomas,Electronics,648.31,4,2593.24,4.4,Netherlands,2024-07-08 01:53:11
TXN-0006447,Charles Garcia,Books,1164.6,2,2329.2,2.6,Japan,2023-11-16 16:24:03
TXN-0010745,Robert Lopez,Apparel,1104.85,6,6629.1,3.3,India,2024-12-08 15:07:06
TXN-0012461,Christopher Taylor,Beauty & Personal Care,1138.98,3,3416.94,2.7,Germany,2023-01-27 00:00:00
TXN-0011671,Christopher Johnson,Toys & Games,868.43,8,6947.44,3.4,Brazil,2024-02-17 01:37:51
TXN-0011785,William Moore,Automotive,1026.12,4,4104.48,1.5,Germany,2024-09-10 09:10:24
TXN-0011963,Jessica Garcia,Electronics,633.72,6,3802.32,4.6,India,2024-12-06 17:15:04
TXN-0000183,Elizabeth Thompson,Automotive,188.34,2,376.68,2.8,Germany,2024-11-29 00:35:28
TXN-0003791,John Brown,Electronics,755.61,8,6044.88,4.1,Canada,2023-06-29 08:51:22
TXN-0001349,John Hernandez,Toys & Games,1311.56,5,6557.8,3.3,United Kingdom,2024-12-03 00:00:00
TXN-0007755,Elizabeth Brown,Apparel,381.8,1,381.8,2.3,Japan,2024-11-24 08:23:19
TXN-0009742,Lisa Lopez,Automotive,252.39,7,1766.73,4.7,Australia,2023-08-31 21:34:53
TXN-0008082,Thomas Thomas,Apparel,132.98,6,797.88,2.4,India,2023-02-25 09:12:58
TXN-0000407,John Lopez,Beauty & Personal Care,175.18,7,1226.26,4.8,United Kingdom,2023-07-31 03:20:09
TXN-0005091,William Johnson,Books,129.45,4,517.8,1.8,Australia,2024-08-14 00:00:00
TXN-0009919,Jennifer White,Books,1490.78,5,7453.9,2.6,United States,2023-12-06 08:12:36
TXN-0008558,Karen Lopez,Apparel,881.04,5,4405.2,2.5,United States,2024-12-15 10:46:53
TXN-0004927,Richard Davis,Books,818.4,1,818.4,4.1,United States,2024-08-04 12:26:31
TXN-0010600,David Johnson,Toys & Games,1101.16,8,8809.28,3.6,Germany,2024-04-19 15:15:39
TXN-0007408,Karen Jackson,Electronics,987.54,1,987.54,2.6,Canada,2023-02-25 00:00:00
TXN-0011487,Michael Rodriguez,Books,490.86,3,1472.58,2.9,France,2024-11-01 17:36:30
TXN-0012266,Elizabeth Thomas,Automotive,420.09,7,2940.63,1.9,Japan,2024-01-08 10:25:21
TXN-0009675,Jessica Miller,Electronics,159.71,1,159.71,4.8,India,2023-09-12 13:34:00
TXN-0005314,Michael Taylor,Toys & Games,1181.1,7,8267.7,2.9,Canada,2023-08-14 20:39:45
TXN-0001490,Karen Wilson,Sports & Outdoors,642.65,6,3855.9,3.9,Germany,2024-02-17 00:00:00
TXN-0000604,Karen Lopez,Sports & Outdoors,1227.08,2,2454.16,4.9,Australia,2024-08-10 00:04:09
TXN-0007754,Daniel Martin,Toys & Games,398.82,8,3190.56,2.8,Canada,2023-08-28 22:56:11
TXN-0004564,James Moore,Electronics,539.73,1,539.73,4.2,United Kingdom,2024-10-22 03:19:56
TXN-0002893,Christopher Garcia,Books,576.44,7,4035.08,2.7,India,2024-05-30 17:12:21
TXN-0009770,John Taylor,Toys & Games,386.67,6,2320.02,2.3,Germany,2023-08-24 09:31:07
TXN-0001186,Michael Wilson,Electronics,1408.56,5,7042.8,4.6,Netherlands,2024-03-04 07:44:00
TXN-0001840,Lisa White,Books,443.95,4,1775.8,2.7,United States,2023-09-19 23:58:24
TXN-0003801,William Garcia,Toys & Games,982.71,4,3930.84,4.0,India,2023-10-11 22:06:39
TXN-0009063,Sarah Thompson,Apparel,1155.84,4,4623.36,1.3,Germany,2024-06-08 07:32:55
TXN-0003624,Joseph Wilson,Automotive,937.98,1,937.98,2.5,France,2023-04-07 06:07:39
TXN-0009785,Robert Taylor,Beauty & Personal Care,1237.95,3,3713.85,3.8,Netherlands,2023-05-09 11:08:37
TXN-0002162,Thomas Gonzalez,Electronics,1447.45,2,2894.9,4.3,Australia,2023-01-25 09:19:13
TXN-0005065,Linda White,Home & Kitchen,249.48,6,1496.88,1.7,United Kingdom,2024-10-29 21:52:46
TXN-0008520,Barbara Martin,Electronics,426.35,4,1705.4,1.4,Brazil,2023-06-18 03:38:11
TXN-0003506,John Martinez,Apparel,988.6,5,4943.0,3.5,Netherlands,2023-12-19 20:46:56
TXN-0000504,Christopher Martinez,Sports & Outdoors,968.74,5,4843.7,4.6,Netherlands,2024-08-29 14:24:40
TXN-0003188,Sarah Lopez,Toys & Games,1454.77,4,5819.08,4.3,Australia,2023-04-30 04:12:50
TXN-0009442,Robert Brown,Electronics,1413.6,2,2827.2,3.9,Germany,2024-12-26 08:45:22
TXN-0010650,Thomas Anderson,Beauty & Personal Care,1110.32,5,5551.6,3.9,Canada,2023-07-23 19:27:26
TXN-0001954,Barbara Thomas,Electronics,655.5,3,1966.5,1.0,Australia,2024-03-24 00:00:00
TXN-0007077,Karen White,Sports & Outdoors,102.95,5,514.75,4.4,Japan,2023-10-26 09:28:59
TXN-0012397,John Smith,Apparel,1487.26,1,1487.26,3.1,Brazil,2024-10-10 00:00:00
TXN-0003314,Lisa Jackson,Home & Kitchen,1352.54,2,2705.08,3.8,Canada,2023-02-14 01:57:59
TXN-0011669,Barbara Martinez,Toys & Games,22.13,1,22.13,4.4,France,2023-12-26 13:16:50
TXN-0004055,Christopher Thompson,Toys & Games,679.32,5,3396.6,3.2,Netherlands,2024-08-13 03:54:28
TXN-0003132,James Taylor,Electronics,61.72,1,61.72,1.3,Netherlands,2023-08-10 00:00:57
TXN-0010912,Richard Williams,Sports & Outdoors,1415.3,1,1415.3,2.6,France,2024-03-26 17:05:37
TXN-0011523,Sarah Lopez,Beauty & Personal Care,245.39,5,1226.95,1.2,United States,2023-04-28 18:59:18
TXN-0010125,Charles Smith,Electronics,1490.1,3,4470.3,3.1,Japan,2024-06-06 06:55:57
TXN-0006142,Robert Jones,Apparel,185.81,2,371.62,2.6,United Kingdom,2023-01-17 05:12:24
TXN-0010357,William Garcia,Home & Kitchen,32.79,1,32.79,4.6,United States,2024-10-31 05:25:13
TXN-0008770,Mary Johnson,Books,822.99,2,1645.98,1.4,Brazil,2023-06-21 00:00:00
TXN-0011738,Jessica Williams,Electronics,555.64,6,3333.84,4.4,Brazil,2023-02-16 04:04:53
TXN-0004656,Lisa Martin,Electronics,632.02,6,3792.12,1.4,Canada,2024-04-13 13:54:16
TXN-0000032,James Anderson,Home & Kitchen,808.76,5,4043.8,1.5,Canada,2023-09-29 01:59:46
TXN-0007204,Charles Garcia,Automotive,204.46,8,1635.68,2.6,United Kingdom,2024-04-19 10:21:36
TXN-0008451,Mary Perez,Apparel,1256.57,3,3769.71,4.1,United States,2024-08-18 02:31:52
TXN-0007363,Elizabeth Thompson,Sports & Outdoors,400.08,6,2400.48,4.9,Japan,2023-12-15 03:25:49
TXN-0008626,Charles Thompson,Sports & Outdoors,885.16,8,7081.28,1.3,France,2023-02-20 18:47:42
TXN-0001625,Mary Martin,Electronics,1185.37,7,8297.59,4.3,Germany,2024-01-16 20:58:28
TXN-0010669,Daniel White,Beauty & Personal Care,1324.54,1,1324.54,4.4,United States,2023-12-27 21:53:25
TXN-0011971,Jennifer Thompson,Home & Kitchen,1060.63,2,2121.26,1.9,Germany,2023-12-21 00:00:00
TXN-0008394,Nancy Johnson,Apparel,46.2,4,184.8,2.6,India,2023-08-03 23:07:20
TXN-0004190,Lisa Martinez,Apparel,1386.28,5,6931.4,2.0,India,2024-04-02 05:59:01
TXN-0011949,Susan Jones,Apparel,294.99,7,2064.93,3.2,United States,2023-08-09 10:23:34
TXN-0002624,Charles Moore,Beauty & Personal Care,235.37,4,941.48,4.5,Germany,2024-07-03 04:48:58
TXN-0003128,Jennifer Taylor,Apparel,617.32,1,617.32,4.4,France,2023-12-01 00:00:00
TXN-0004788,Patricia Jackson,Automotive,904.81,8,7238.48,2.2,United States,2024-12-08 19:50:05
TXN-0007506,Lisa Taylor,Home & Kitchen,1247.98,6,7487.88,4.8,India,2024-09-24 19:43:16
TXN-0003231,Sarah Smith,Home & Kitchen,1065.65,4,4262.6,1.5,Japan,2024-10-14 15:05:36
TXN-0001358,Linda Hernandez,Toys & Games,391.99,4,1567.96,3.3,United Kingdom,2024-08-19 08:26:05
TXN-0001165,Robert Miller,Beauty & Personal Care,357.25,2,714.5,4.2,United States,2024-03-13 23:02:28
TXN-0009491,Sarah Perez,Home & Kitchen,1399.24,6,8395.44,1.4,Germany,2024-04-15 00:00:00
TXN-0000624,Jessica Jackson,Beauty & Personal Care,532.61,5,2663.05,2.2,Japan,2023-01-28 10:31:43
TXN-0010619,Thomas Lee,Home & Kitchen,875.0,7,6125.0,1.7,France,2024-05-01 00:36:26
TXN-0002498,Susan White,Sports & Outdoors,873.2,7,6112.4,2.3,Japan,2024-11-18 00:00:00
TXN-0007236,Richard Garcia,Sports & Outdoors,254.93,4,1019.72,3.6,Germany,2023-10-26 00:00:00
TXN-0000284,Elizabeth Martin,Home & Kitchen,473.21,4,1892.84,2.2,United Kingdom,2023-05-23 04:11:49
TXN-0008263,Christopher Martinez,Books,1368.09,5,6840.45,2.2,United Kingdom,2023-06-17 04:41:48
TXN-0011887,Lisa Brown,Automotive,447.39,8,3579.12,2.1,Canada,2024-11-07 17:25:02
TXN-0000110,Nancy Jones,Home & Kitchen,466.85,8,3734.8,1.1,United States,2023-10-11 09:30:22
TXN-0008505,Sarah Rodriguez,Sports & Outdoors,103.53,3,310.59,1.4,France,2024-04-07 08:51:49
TXN-0006310,Elizabeth Martin,Automotive,13.51,6,81.06,3.7,India,2023-07-21 06:59:04
TXN-0008556,Lisa Garcia,Beauty & Personal Care,42.2,5,211.0,3.4,India,2023-05-29 23:34:48
TXN-0010091,Michael Smith,Beauty & Personal Care,597.74,7,4184.18,1.1,Netherlands,2023-10-09 00:00:00
TXN-0004323,Nancy Williams,Electronics,920.17,3,2760.51,3.8,India,2023-04-25 14:48:50
TXN-0011157,Sarah Johnson,Automotive,57.35,2,114.7,2.1,Netherlands,2023-07-09 05:08:09
TXN-0002873,Mary Martinez,Electronics,716.95,3,2150.85,3.4,Germany,2024-08-05 08:04:29
TXN-0009819,Christopher Williams,Beauty & Personal Care,1301.05,5,6505.25,4.1,Canada,2023-11-27 14:44:05
TXN-0002741,Thomas Miller,Books,623.67,8,4989.36,4.5,United Kingdom,2024-07-12 18:54:28
TXN-0007537,William Rodriguez,Beauty & Personal Care,566.11,5,2830.55,4.3,Canada,2023-09-16 08:30:34
TXN-0002453,Lisa Lee,Sports & Outdoors,467.88,5,2339.4,3.0,United States,2023-04-04 14:34:50
TXN-0007733,Nancy Williams,Automotive,445.35,5,2226.75,3.6,United States,2023-08-29 08:13:11
TXN-0007338,John Rodriguez,Automotive,1250.57,3,3751.71,2.8,Japan,2023-01-04 12:19:09
TXN-0007102,Barbara Rodriguez,Beauty & Personal Care,1322.8,7,9259.6,4.1,Japan,2023-02-11 20:17:58
TXN-0004081,Linda Moore,Toys & Games,939.87,1,939.87,4.1,Australia,2024-11-15 18:03:07
TXN-0006153,Richard Thomas,Beauty & Personal Care,536.81,8,4294.48,4.6,Brazil,2023-03-14 17:20:09
TXN-0004213,Christopher Garcia,Beauty & Personal Care,598.73,3,1796.19,4.5,Brazil,2023-07-11 11:15:50
TXN-0010356,Patricia Jackson,Toys & Games,475.18,8,3801.44,2.7,India,2023-12-06 03:12:51
TXN-0012173,Jessica Gonzalez,Books,546.1,3,1638.3,3.9,Netherlands,2023-03-23 19:01:36
TXN-0006283,Mary Miller,Sports & Outdoors,921.68,1,921.68,2.3,Brazil,2024-07-07 16:02:54
TXN-0007949,Susan Thompson,Automotive,838.06,4,3352.24,2.9,Netherlands,2023-10-30 00:55:36
TXN-0011271,Richard Perez,Books,209.21,4,836.84,4.3,Brazil,2024-08-27 00:00:00
TXN-0011717,Susan Lopez,Toys & Games,484.17,7,3389.19,3.9,Brazil,2023-06-04 12:18:28
TXN-0000529,Christopher Taylor,Toys & Games,1324.98,6,7949.88,4.1,United Kingdom,2023-07-05 11:18:14
TXN-0009384,Sarah Taylor,Automotive,680.81,6,4084.86,4.0,Netherlands,2023-07-03 05:26:50
TXN-0006063,Patricia Garcia,Home & Kitchen,821.48,4,3285.92,2.2,Brazil,2024-10-26 00:05:50
TXN-0001621,Jessica Thomas,Toys & Games,324.97,7,2274.79,4.4,Netherlands,2023-08-11 12:08:34
TXN-0012162,Jennifer Wilson,Books,676.65,3,2029.95,4.0,United Kingdom,2023-10-20 16:11:56
TXN-0011035,Barbara Martin,Toys & Games,307.34,1,307.34,4.7,Germany,2023-06-28 16:34:36
TXN-0003347,Jennifer Moore,Beauty & Personal Care,1384.56,1,1384.56,2.2,India,2023-05-07 18:35:07
TXN-0001118,Sarah Brown,Sports & Outdoors,1324.49,7,9271.43,2.6,Germany,2023-03-20 16:26:54
TXN-0008081,Michael Perez,Apparel,1324.56,8,10596.48,2.2,France,2023-11-04 21:48:09
TXN-0006546,Christopher Gonzalez,Toys & Games,563.23,1,563.23,3.3,United States,2024-03-17 18:35:57
TXN-0007341,Jennifer Taylor,Electronics,1165.42,1,1165.42,4.7,Canada,2023-12-27 15:42:49
TXN-0005115,Daniel Anderson,Apparel,161.46,6,968.76,2.1,Japan,2024-05-18 10:58:30
TXN-0002562,Nancy Brown,Apparel,1403.8,1,1403.8,3.5,Canada,2023-09-17 05:21:27
TXN-0012019,Nancy Martinez,Sports & Outdoors,1436.22,4,5744.88,2.0,France,2024-09-23 16:26:02
TXN-0001538,Barbara Martinez,Apparel,1015.19,7,7106.33,2.4,India,2023-02-12 00:00:00
TXN-0004243,Jessica Williams,Electronics,199.27,5,996.35,2.5,Japan,2024-12-11 00:00:00
TXN-0007248,Nancy Lopez,Beauty & Personal Care,958.68,4,3834.72,3.0,India,2023-09-22 07:11:20
TXN-0009173,Patricia Jackson,Home & Kitchen,483.24,3,1449.72,3.4,Japan,2024-11-14 00:44:47
TXN-0011043,Sarah Brown,Beauty & Personal Care,779.09,1,779.09,3.8,Canada,2024-10-03 22:15:13
TXN-0009196,Mary Gonzalez,Toys & Games,983.58,7,6885.06,4.0,Brazil,2024-04-06 19:35:24
TXN-0002906,Joseph Thompson,Electronics,878.44,2,1756.88,4.4,Japan,2024-04-27 12:28:56
TXN-0004440,Michael Taylor,Beauty & Personal Care,189.31,3,567.93,3.8,Japan,2024-06-27 00:00:00
TXN-0004777,Sarah Garcia,Toys & Games,653.93,2,1307.86,1.5,Australia,2023-02-17 07:23:08
TXN-0004088,Linda Martinez,Sports & Outdoors,339.56,7,2376.92,2.4,Brazil,2024-01-11 00:00:00
TXN-0007095,John Miller,Books,309.56,3,928.68,4.9,India,2024-05-26 16:35:49
TXN-0008179,Jessica Smith,Beauty & Personal Care,465.18,7,3256.26,3.8,Australia,2023-03-22 17:17:52
TXN-0006885,Nancy Lee,Sports & Outdoors,610.06,4,2440.24,1.4,Canada,2024-07-16 22:45:13
TXN-0009094,Michael Thompson,Beauty & Personal Care,688.85,3,2066.55,3.2,Netherlands,2023-02-16 00:43:02
TXN-0009640,Linda Hernandez,Automotive,1403.24,2,2806.48,4.8,Japan,2024-03-17 03:35:20
TXN-0006594,Christopher Taylor,Home & Kitchen,999.78,8,7998.24,4.4,Japan,2024-04-11 19:02:56
TXN-0008241,Nancy Jones,Home & Kitchen,653.26,7,4572.82,4.2,India,2024-12-29 00:56:32
TXN-0011740,Karen Gonzalez,Books,1259.04,7,8813.28,1.6,France,2023-12-13 12:56:45
TXN-0004202,Mary Martinez,Toys & Games,1483.3,3,4449.9,4.9,India,2023-02-04 19:11:31
TXN-0003230,Michael Anderson,Beauty & Personal Care,863.6,7,6045.2,4.1,Germany,2023-04-20 22:36:18
TXN-0006214,Linda Hernandez,Home & Kitchen,565.0,4,2260.0,1.3,India,2023-05-05 15:56:05
TXN-0009852,Elizabeth Jones,Books,646.89,5,3234.45,3.8,United Kingdom,2024-09-12 17:31:03
TXN-0000218,Elizabeth Johnson,Electronics,854.1,2,1708.2,4.7,France,2023-09-18 05:38:15
TXN-0004560,James Lee,Apparel,546.76,8,4374.08,4.8,Canada,2024-08-01 21:48:30
TXN-0004771,Joseph Johnson,Apparel,630.42,8,5043.36,2.2,Germany,2024-01-18 00:00:00
TXN-0011628,Robert Anderson,Beauty & Personal Care,223.39,7,1563.73,4.1,Germany,2023-06-24 06:32:15
TXN-0003987,David Miller,Automotive,1148.19,2,2296.38,2.4,Australia,2024-10-25 00:00:00
TXN-0001116,Patricia Johnson,Toys & Games,294.93,4,1179.72,2.6,Japan,2024-04-06 09:52:44
TXN-0009471,Jennifer Taylor,Beauty & Personal Care,355.49,3,1066.47,1.8,Germany,2024-09-04 10:31:03
TXN-0004301,Linda Davis,Books,1226.77,8,9814.16,2.1,France,2024-03-21 21:32:36
TXN-0006349,Jessica White,Electronics,265.78,4,1063.12,2.3,Canada,2023-12-14 11:20:25
TXN-0012484,Susan Smith,Electronics,1166.12,6,6996.72,1.2,Brazil,2024-04-28 00:00:00
TXN-0004160,Elizabeth Moore,Toys & Games,1245.09,1,1245.09,3.1,Germany,2024-09-22 00:00:00
TXN-0005427,Jessica Thomas,Automotive,1123.86,8,8990.88,4.0,United Kingdom,2023-10-09 05:05:17
TXN-0008335,William Smith,Electronics,875.03,3,2625.09,3.6,Netherlands,2024-02-07 00:00:00
TXN-0009618,Patricia Lopez,Sports & Outdoors,97.57,3,292.71,3.1,Netherlands,2024-12-05 00:00:00
TXN-0009767,Jennifer Wilson,Electronics,1227.66,2,2455.32,1.2,United States,2023-02-27 00:00:00
TXN-0003521,Lisa Brown,Sports & Outdoors,425.15,1,425.15,4.2,Canada,2024-02-23 01:40:42
TXN-0010401,John Johnson,Sports & Outdoors,1411.83,7,9882.81,3.0,Brazil,2023-11-07 08:03:50
TXN-0002298,Patricia Davis,Home & Kitchen,1122.57,8,8980.56,4.0,India,2024-03-06 21:46:19
TXN-0003820,Elizabeth Martin,Beauty & Personal Care,534.29,8,4274.32,3.9,Netherlands,2024-11-11 00:00:00
TXN-0003627,David Moore,Books,533.02,6,3198.12,4.6,France,2023-10-10 08:42:00
TXN-0000291,Linda Martinez,Electronics,397.91,2,795.82,2.8,India,2023-04-02 04:14:02
TXN-0007413,Daniel Johnson,Apparel,1129.07,8,9032.56,3.6,Germany,2023-02-20 00:00:00
TXN-0004494,Jessica Miller,Automotive,72.7,4,290.8,2.1,Brazil,2023-04-25 23:12:40
TXN-0009751,Thomas Moore,Sports & Outdoors,281.03,7,1967.21,3.8,Australia,2024-10-31 13:52:14
TXN-0009800,Lisa Moore,Automotive,80.89,4,323.56,2.0,Brazil,2024-07-11 17:51:31
TXN-0006780,William White,Beauty & Personal Care,1054.1,5,5270.5,3.9,Germany,2023-08-11 20:12:38
TXN-0006824,Elizabeth Anderson,Beauty & Personal Care,1126.96,4,4507.84,2.6,Japan,2023-04-07 10:04:50
TXN-0005343,Charles Thompson,Beauty & Personal Care,100.72,2,201.44,2.2,United States,2023-07-19 09:30:40
TXN-0006396,Karen Anderson,Beauty & Personal Care,157.09,6,942.54,1.5,Germany,2024-12-27 15:05:39
TXN-0009940,Linda Williams,Beauty & Personal Care,695.47,7,4868.29,1.3,India,2023-12-25 21:56:23
TXN-0005769,Richard Williams,Beauty & Personal Care,258.74,4,1034.96,1.6,Netherlands,2023-09-20 00:36:40
TXN-0001545,Linda Gonzalez,Sports & Outdoors,815.24,2,1630.48,4.8,Germany,2023-05-29 00:00:00
TXN-0010506,Susan Lee,Sports & Outdoors,1468.4,8,11747.2,2.3,India,2023-01-26 12:56:52
TXN-0002894,Susan Martin,Apparel,856.92,4,3427.68,1.9,United Kingdom,2023-10-26 00:00:00
TXN-0002602,Charles Hernandez,Books,205.35,1,205.35,2.2,Canada,2024-03-28 22:56:38
TXN-0005125,James Gonzalez,Toys & Games,760.98,8,6087.84,3.0,Australia,2023-05-05 07:49:49
TXN-0002336,Jennifer Johnson,Apparel,1415.82,3,4247.46,2.9,United Kingdom,2023-03-24 15:45:13
TXN-0011672,James Hernandez,Automotive,315.95,5,1579.75,3.7,India,2023-09-16 09:12:07
TXN-0007681,Sarah Lee,Apparel,779.91,6,4679.46,2.6,India,2023-12-31 04:14:11
TXN-0010663,Mary Rodriguez,Electronics,875.55,3,2626.65,3.6,India,2024-12-25 00:00:00
TXN-0009983,Barbara Lee,Automotive,1161.52,1,1161.52,2.7,France,2023-12-27 09:43:06
TXN-0012036,Robert White,Books,624.06,1,624.06,4.8,Brazil,2024-11-02 07:56:07
TXN-0000455,Christopher Smith,Toys & Games,323.08,1,323.08,3.2,Netherlands,2024-02-27 03:00:08
TXN-0011220,Jennifer Jones,Home & Kitchen,1105.42,3,3316.26,4.6,Japan,2023-06-14 21:14:22
TXN-0010983,Sarah Gonzalez,Automotive,808.55,1,808.55,3.4,United Kingdom,2024-04-06 07:00:40
TXN-0001309,Christopher Hernandez,Toys & Games,1289.29,8,10314.32,4.0,Germany,2023-08-11 08:42:35
TXN-0011134,Sarah Miller,Apparel,432.95,2,865.9,1.4,Netherlands,2024-08-20 21:17:09
TXN-0006288,Christopher Smith,Beauty & Personal Care,1040.26,8,8322.08,4.6,France,2023-11-16 19:53:42
TXN-0001640,Karen Jackson,Books,1253.03,4,5012.12,2.8,Australia,2023-08-22 05:40:17
TXN-0009024,Linda Gonzalez,Toys & Games,897.11,6,5382.66,3.0,Brazil,2023-08-09 14:41:08
TXN-0000307,Robert Brown,Toys & Games,1445.06,6,8670.36,4.2,Australia,2023-07-12 11:04:22
TXN-0000904,Patricia Moore,Toys & Games,120.99,1,120.99,3.7,United Kingdom,2023-04-30 05:22:54
TXN-0010943,Mary White,Toys & Games,656.72,7,4597.04,1.7,France,2023-08-13 09:45:05
TXN-0000790,Lisa Martin,Automotive,929.66,6,5577.96,3.8,France,2024-06-20 04:00:02
TXN-0003029,William Thompson,Home & Kitchen,1330.1,7,9310.7,2.7,United Kingdom,2024-03-29 00:00:00
TXN-0007646,William Jones,Toys & Games,1163.76,7,8146.32,1.9,Netherlands,2024-12-12 01:18:39
TXN-0000195,Sarah Brown,Beauty & Personal Care,702.38,5,3511.9,2.8,Germany,2023-04-20 00:00:00
TXN-0009040,Robert Johnson,Home & Kitchen,1132.95,7,7930.65,3.7,Canada,2024-07-31 01:46:43
TXN-0010685,Barbara Miller,Electronics,75.91,4,303.64,1.8,United Kingdom,2024-06-09 10:22:22
TXN-0006696,Sarah Williams,Automotive,1403.77,2,2807.54,2.2,Japan,2023-10-27 23:10:31
TXN-0002948,Karen Hernandez,Beauty & Personal Care,1211.06,1,1211.06,4.2,Netherlands,2024-02-10 20:22:32
TXN-0009090,Lisa Johnson,Electronics,1248.24,6,7489.44,4.5,Netherlands,2023-07-18 22:44:09
TXN-0010774,Sarah Hernandez,Books,175.93,8,1407.44,2.4,United Kingdom,2023-10-05 00:00:00
TXN-0006733,Barbara Jones,Beauty & Personal Care,919.88,1,919.88,1.3,India,2024-10-30 23:50:37
TXN-0005183,Daniel Rodriguez,Toys & Games,30.33,4,121.32,1.5,Brazil,2024-11-06 02:42:13
TXN-0010758,Charles Johnson,Toys & Games,1171.82,7,8202.74,1.8,France,2024-07-24 09:23:35
TXN-0000414,Christopher Gonzalez,Toys & Games,122.85,8,982.8,4.2,Germany,2023-12-15 00:00:00
TXN-0005455,Richard White,Apparel,616.97,8,4935.76,2.6,United Kingdom,2024-01-18 22:23:12
TXN-0009091,Sarah Martinez,Books,320.18,1,320.18,2.9,United Kingdom,2024-11-17 17:54:23
TXN-0004962,David Gonzalez,Beauty & Personal Care,1242.24,1,1242.24,4.3,Germany,2023-03-16 15:38:48
TXN-0002440,Richard Wilson,Toys & Games,1449.92,7,10149.44,1.7,Canada,2024-11-24 06:09:27
TXN-0002216,Jessica Thomas,Apparel,47.12,3,141.36,3.2,India,2023-11-24 15:22:23
TXN-0002623,Richard Wilson,Beauty & Personal Care,510.41,7,3572.87,1.5,Germany,2024-05-07 06:42:31
TXN-0000221,Jessica Hernandez,Books,394.87,4,1579.48,2.8,United States,2023-07-27 09:08:05
TXN-0003163,Nancy Jackson,Toys & Games,577.94,1,577.94,2.1,United States,2024-12-23 21:07:15
TXN-0008116,Charles Davis,Sports & Outdoors,1304.44,6,7826.64,3.5,Brazil,2024-11-20 05:59:56
TXN-0003265,Daniel Hernandez,Home & Kitchen,936.49,3,2809.47,2.0,France,2024-06-19 00:00:00
TXN-0003963,John Miller,Sports & Outdoors,643.63,4,2574.52,4.4,United States,2024-02-19 21:31:44
TXN-0007469,Patricia Hernandez,Sports & Outdoors,380.53,3,1141.59,2.5,Japan,2024-03-17 00:00:00
TXN-0004329,Susan Martin,Toys & Games,276.6,3,829.8,3.1,India,2023-09-04 15:58:20
TXN-0004284,Michael Thompson,Automotive,908.51,6,5451.06,4.7,Germany,2024-01-10 22:45:07
TXN-0004941,Linda Taylor,Sports & Outdoors,593.35,1,593.35,2.7,Canada,2024-03-01 06:55:06
TXN-0003344,Jessica Davis,Beauty & Personal Care,264.36,3,793.08,4.4,Japan,2024-10-23 06:40:37
TXN-0009866,Joseph Thomas,Toys & Games,1086.93,6,6521.58,4.2,Australia,2024-09-23 06:40:55
TXN-0006067,Patricia Lee,Automotive,574.04,3,1722.12,1.8,Australia,2023-05-01 00:00:00
TXN-0011675,Mary Smith,Sports & Outdoors,123.87,7,867.09,3.2,France,2024-12-31 00:00:00
TXN-0001788,Charles Wilson,Automotive,1256.38,3,3769.14,2.3,United Kingdom,2024-03-24 00:24:39
TXN-0001381,Thomas Hernandez,Beauty & Personal Care,386.65,8,3093.2,4.1,United Kingdom,2023-12-21 10:20:48
TXN-0002339,Patricia Wilson,Electronics,878.85,3,2636.55,1.7,Germany,2024-11-28 21:02:40
TXN-0006316,Elizabeth Thomas,Toys & Games,516.5,7,3615.5,2.8,United States,2024-07-28 10:30:38
TXN-0008566,Karen Lee,Home & Kitchen,230.57,6,1383.42,4.9,India,2024-03-09 19:54:41
TXN-0003695,Patricia Jackson,Beauty & Personal Care,972.98,7,6810.86,2.2,Japan,2023-01-22 21:09:10
TXN-0007340,Lisa Lee,Books,1127.36,3,3382.08,4.3,United Kingdom,2023-02-13 00:00:00
TXN-0003908,William Miller,Toys & Games,438.7,4,1754.8,4.3,France,2024-08-04 13:41:14
TXN-0003991,Linda White,Automotive,961.73,7,6732.11,4.8,Brazil,2023-08-28 15:34:29
TXN-0007717,William Lee,Toys & Games,1239.6,6,7437.6,1.4,United States,2024-12-31 14:14:55
TXN-0010519,Mary Jackson,Home & Kitchen,106.03,7,742.21,3.8,Brazil,2023-11-19 09:26:47
TXN-0011731,William Williams,Beauty & Personal Care,230.71,2,461.42,1.7,India,2023-11-14 23:37:29
TXN-0010229,Lisa White,Automotive,868.43,4,3473.72,2.2,India,2024-10-18 00:00:00
TXN-0000251,Susan Smith,Electronics,1084.68,5,5423.4,1.1,Brazil,2024-09-23 14:20:57
TXN-0005891,David Martin,Toys & Games,859.98,5,4299.9,4.9,Germany,2024-02-15 08:37:18
TXN-0003526,Thomas Martin,Toys & Games,1020.53,6,6123.18,3.0,Germany,2023-12-17 19:31:29
TXN-0004640,Lisa Rodriguez,Automotive,1181.71,4,4726.84,3.6,United Kingdom,2023-08-18 00:00:00
TXN-0005256,Richard Lee,Home & Kitchen,1373.33,5,6866.65,2.1,Australia,2023-09-30 00:00:00
TXN-0007115,Daniel Garcia,Apparel,584.62,3,1753.86,4.6,Japan,2023-10-29 00:00:00
TXN-0005663,Mary Johnson,Electronics,1361.59,6,8169.54,4.7,Australia,2024-06-27 08:35:20
TXN-0005968,Richard Miller,Electronics,575.86,4,2303.44,3.1,Germany,2024-07-09 08:15:47
TXN-0011208,David Jones,Books,1138.33,7,7968.31,2.5,Australia,2023-06-12 06:34:31
TXN-0002414,Michael Davis,Automotive,689.02,1,689.02,3.1,Canada,2024-09-30 17:52:26
TXN-0011000,Richard Jackson,Home & Kitchen,1482.44,2,2964.88,2.5,Netherlands,2023-05-12 13:38:10
TXN-0012151,Elizabeth Garcia,Toys & Games,880.47,6,5282.82,2.8,Netherlands,2024-03-31 05:42:15
TXN-0005492,Christopher Hernandez,Sports & Outdoors,666.73,2,1333.46,4.4,Brazil,2023-05-31 21:55:13
TXN-0008519,John Miller,Automotive,218.32,7,1528.24,5.0,India,2024-11-04 00:00:00
TXN-0009892,Mary Davis,Sports & Outdoors,1471.93,2,2943.86,3.9,France,2023-10-11 05:25:31
TXN-0012217,Jennifer Martinez,Sports & Outdoors,353.82,3,1061.46,3.1,France,2023-09-14 16:45:03
TXN-0009368,Jessica Perez,Beauty & Personal Care,31.64,1,31.64,1.1,Japan,2024-04-24 14:45:33
TXN-0007904,Richard Thompson,Home & Kitchen,614.3,7,4300.1,3.2,Australia,2023-11-06 14:31:16
TXN-0011285,David Brown,Sports & Outdoors,269.1,7,1883.7,3.7,India,2024-02-29 16:13:55
TXN-0003009,Linda Perez,Home & Kitchen,1042.88,8,8343.04,1.5,France,2023-10-01 17:10:03
TXN-0001616,Linda Smith,Toys & Games,411.92,5,2059.6,3.0,India,2024-07-16 13:29:52
TXN-0005730,Barbara Williams,Sports & Outdoors,383.32,8,3066.56,1.8,Netherlands,2024-04-21 15:04:05
TXN-0006207,James Gonzalez,Toys & Games,609.49,8,4875.92,3.5,United Kingdom,2023-08-21 04:32:56
TXN-0009808,William Thompson,Sports & Outdoors,863.17,6,5179.02,1.4,United Kingdom,2023-10-19 01:46:09
TXN-0007473,Lisa Jackson,Books,815.29,8,6522.32,1.2,Japan,2024-01-01 00:00:00
TXN-0000537,Sarah Gonzalez,Beauty & Personal Care,803.18,8,6425.44,4.7,United Kingdom,2024-12-01 23:32:21
TXN-0003602,David Jones,Toys & Games,939.37,1,939.37,1.5,Netherlands,2023-10-08 20:46:09
TXN-0001633,David Anderson,Apparel,1119.2,7,7834.4,3.6,Australia,2024-12-12 02:01:51
TXN-0005650,Mary Perez,Beauty & Personal Care,767.97,5,3839.85,3.1,France,2023-01-29 16:29:03
TXN-0004283,Joseph Taylor,Automotive,1307.29,2,2614.58,1.4,United States,2024-07-29 11:17:43
TXN-0005943,Christopher Jackson,Home & Kitchen,775.44,2,1550.88,3.4,France,2024-06-25 15:26:33
TXN-0006653,Jessica Miller,Books,1406.01,1,1406.01,1.9,Germany,2023-01-06 08:33:15
TXN-0007276,John Thomas,Sports & Outdoors,1316.07,4,5264.28,5.0,Netherlands,2023-01-08 01:19:58
TXN-0007312,Patricia Martin,Sports & Outdoors,1495.85,1,1495.85,3.1,Australia,2024-04-20 00:00:00
TXN-0002479,Jennifer Davis,Beauty & Personal Care,567.01,1,567.01,2.5,Netherlands,2023-01-11 00:00:00
TXN-0008508,Charles Thompson,Home & Kitchen,217.85,1,217.85,2.3,Canada,2024-01-18 19:10:51
TXN-0012038,Karen Martinez,Electronics,136.25,5,681.25,3.1,Japan,2023-03-28 22:35:17
TXN-0006295,Sarah Miller,Electronics,316.85,5,1584.25,2.2,Japan,2024-10-10 00:52:16
TXN-0010731,David Martin,Sports & Outdoors,400.92,3,1202.76,2.4,Australia,2024-07-21 20:33:17
TXN-0010025,Charles Smith,Automotive,679.09,3,2037.27,3.4,Canada,2023-05-18 14:58:36
TXN-0010904,David Martin,Electronics,105.56,8,844.48,4.4,Japan,2023-04-08 20:29:18
TXN-0004795,Joseph Gonzalez,Home & Kitchen,54.92,6,329.52,4.2,Japan,2024-05-02 00:00:00
TXN-0003430,Mary Martin,Toys & Games,620.84,1,620.84,1.6,Japan,2023-12-01 06:49:21
TXN-0009454,Thomas Smith,Sports & Outdoors,933.34,2,1866.68,3.6,Germany,2024-02-01 19:34:39
TXN-0005380,Patricia Wilson,Apparel,498.71,3,1496.13,1.1,India,2024-04-22 07:55:58
TXN-0010547,Charles Taylor,Toys & Games,649.87,4,2599.48,1.8,Australia,2023-07-30 17:49:17
TXN-0010598,Jessica Garcia,Automotive,1479.85,4,5919.4,3.4,United States,2023-07-26 07:38:34
TXN-0007237,David Gonzalez,Automotive,891.27,5,4456.35,4.6,United Kingdom,2023-08-10 22:19:22
TXN-0001774,Jessica Jackson,Apparel,944.26,5,4721.3,3.1,Canada,2023-11-23 02:54:06
TXN-0012349,Elizabeth Thomas,Sports & Outdoors,793.17,8,6345.36,2.0,Japan,2024-12-09 07:47:19
TXN-0000138,Jennifer Martin,Electronics,411.79,7,2882.53,2.9,Canada,2023-12-10 08:18:03
TXN-0005236,Richard Smith,Apparel,455.63,4,1822.52,2.6,Japan,2023-05-19 01:27:07
TXN-0010960,John Garcia,Home & Kitchen,417.57,4,1670.28,1.7,Japan,2024-06-23 15:20:43
TXN-0005049,David Garcia,Apparel,1481.08,5,7405.4,4.2,Netherlands,2023-10-29 06:25:48
TXN-0008159,Jessica Brown,Books,718.64,4,2874.56,3.1,India,2023-08-20 00:00:00
TXN-0008064,Patricia Miller,Sports & Outdoors,828.5,4,3314.0,1.9,Japan,2024-01-12 04:21:09
TXN-0011937,James Anderson,Electronics,664.24,5,3321.2,3.1,United States,2023-03-24 07:57:15
TXN-0007458,James Lopez,Sports & Outdoors,1128.04,7,7896.28,3.3,United States,2023-10-15 04:46:14
TXN-0000933,James Garcia,Automotive,149.82,7,1048.74,3.1,United States,2024-05-23 09:09:33
TXN-0007897,James Anderson,Automotive,416.18,8,3329.44,2.6,Canada,2023-04-21 22:02:03
TXN-0008360,Barbara Smith,Apparel,1366.57,3,4099.71,2.4,Japan,2024-12-12 03:53:09
TXN-0005714,Daniel Jones,Books,510.69,6,3064.14,1.4,Netherlands,2023-03-16 23:32:14
TXN-0011614,Jennifer Williams,Beauty & Personal Care,1437.3,7,10061.1,2.1,Netherlands,2023-01-29 19:22:27
TXN-0005452,Jennifer Jones,Apparel,425.62,7,2979.34,2.3,Australia,2024-09-26 11:10:59
TXN-0001973,Jennifer Miller,Apparel,893.13,6,5358.78,4.6,United States,2023-09-10 00:00:00
TXN-0009964,Jennifer Smith,Sports & Outdoors,857.15,5,4285.75,4.9,Germany,2023-06-12 01:58:27
TXN-0003372,John Brown,Books,1112.82,4,4451.28,2.0,France,2024-01-26 04:17:13
TXN-0012384,Jessica Hernandez,Beauty & Personal Care,943.75,2,1887.5,1.6,Germany,2023-05-30 17:28:59
TXN-0004836,Patricia Martin,Automotive,1300.61,4,5202.44,3.5,United States,2023-06-10 11:45:58
TXN-0011060,Mary Jones,Apparel,381.63,5,1908.15,4.3,Netherlands,2023-03-16 10:05:49
TXN-0006701,John Smith,Beauty & Personal Care,665.48,6,3992.88,2.6,Germany,2023-10-26 23:05:24
TXN-0011436,Charles Lee,Sports & Outdoors,1084.34,2,2168.68,3.1,United Kingdom,2023-03-02 17:52:13
TXN-0002712,John Hernandez,Books,213.49,2,426.98,1.4,Brazil,2023-08-02 10:28:24
TXN-0000723,Jessica Thomas,Books,49.44,1,49.44,4.3,United Kingdom,2024-01-22 21:54:27
TXN-0001053,Charles Lopez,Beauty & Personal Care,111.35,8,890.8,2.0,Canada,2024-01-03 14:13:24
TXN-0000313,Elizabeth Williams,Books,806.9,7,5648.3,3.3,United Kingdom,2024-08-15 19:31:44
TXN-0005337,Jessica Rodriguez,Electronics,38.77,6,232.62,1.6,France,2024-06-04 04:45:26
TXN-0011199,William White,Beauty & Personal Care,600.88,8,4807.04,3.7,United States,2024-09-09 00:00:00
TXN-0002132,Elizabeth Smith,Home & Kitchen,169.05,6,1014.3,2.0,Netherlands,2024-02-22 00:00:00
TXN-0012166,Elizabeth Thomas,Apparel,1042.23,2,2084.46,4.5,India,2024-04-15 19:46:22
TXN-0010163,David Smith,Apparel,1278.96,6,7673.76,1.0,Brazil,2023-07-23 04:46:37
TXN-0001719,Jennifer Gonzalez,Books,513.2,3,1539.6,2.2,Australia,2024-11-03 05:29:36
TXN-0011771,Thomas Thompson,Toys & Games,1029.84,3,3089.52,1.8,France,2024-10-23 10:18:20
TXN-0006500,Sarah Martinez,Sports & Outdoors,596.43,3,1789.29,4.2,United States,2024-03-26 07:57:44
TXN-0009340,Patricia Williams,Sports & Outdoors,597.55,8,4780.4,3.6,India,2024-03-21 01:55:37
TXN-0010997,Susan White,Beauty & Personal Care,1382.63,2,2765.26,2.5,India,2023-12-24 13:21:48
TXN-0007349,Christopher Brown,Toys & Games,1165.06,2,2330.12,3.1,Japan,2023-12-26 00:00:00
TXN-0001294,Barbara Anderson,Books,855.76,1,855.76,1.3,Brazil,2023-10-17 13:24:31
TXN-0010994,Jennifer Martin,Sports & Outdoors,827.89,6,4967.34,1.0,India,2023-11-13 20:09:55
TXN-0010845,Charles Williams,Automotive,522.91,5,2614.55,1.3,Japan,2024-01-01 21:31:19
TXN-0001783,Robert Johnson,Beauty & Personal Care,1427.34,4,5709.36,3.6,United States,2024-02-26 04:52:30
TXN-0004705,Karen Martinez,Automotive,399.63,2,799.26,3.4,Japan,2024-04-03 02:35:37
TXN-0001670,Daniel Jones,Apparel,184.37,4,737.48,1.5,Netherlands,2023-02-01 05:29:52
TXN-0007437,Jennifer Martin,Beauty & Personal Care,405.55,6,2433.3,4.0,Australia,2024-03-13 18:35:04
TXN-0005970,John Wilson,Beauty & Personal Care,599.44,8,4795.52,1.1,Germany,2023-11-02 02:56:52
TXN-0009627,Daniel Johnson,Sports & Outdoors,528.08,2,1056.16,3.3,United Kingdom,2023-09-23 19:24:15
TXN-0000967,Michael Perez,Home & Kitchen,1293.7,3,3881.1,1.0,United Kingdom,2023-12-14 09:01:30
TXN-0007836,Jennifer Brown,Beauty & Personal Care,499.04,1,499.04,1.1,Germany,2023-06-11 08:24:51
TXN-0000393,Richard Smith,Electronics,303.12,6,1818.72,4.8,Brazil,2024-11-23 20:12:15
TXN-0001050,Michael Perez,Apparel,1490.16,6,8940.96,2.8,United Kingdom,2023-04-12 21:42:00
TXN-0007951,Sarah Martinez,Sports & Outdoors,744.26,1,744.26,2.4,Brazil,2024-03-22 00:00:00
TXN-0003037,William Johnson,Home & Kitchen,280.95,3,842.85,3.2,Canada,2024-12-08 22:04:05
TXN-0012414,William Lopez,Toys & Games,1488.54,8,11908.32,4.7,Japan,2024-11-29 23:36:10
TXN-0001645,John Hernandez,Books,35.93,3,107.79,4.7,India,2024-07-21 19:08:12
TXN-0010634,Robert Johnson,Toys & Games,472.6,4,1890.4,2.1,United States,2024-02-07 00:00:00
TXN-0001220,Susan Anderson,Beauty & Personal Care,995.32,2,1990.64,1.7,Germany,2023-09-05 16:50:16
TXN-0010865,Susan Jackson,Beauty & Personal Care,1144.43,4,4577.72,1.7,Germany,2023-09-21 00:00:00
TXN-0001122,John Garcia,Electronics,531.45,8,4251.6,3.3,Netherlands,2024-01-15 06:42:30
TXN-0008316,William Williams,Home & Kitchen,229.05,7,1603.35,3.5,Brazil,2023-12-02 02:23:29
TXN-0005921,Jessica Anderson,Books,1262.25,8,10098.0,3.6,Germany,2023-02-21 00:00:00
TXN-0010493,Joseph Martinez,Apparel,467.67,4,1870.68,4.2,France,2024-11-13 19:17:58
TXN-0010823,Sarah Brown,Beauty & Personal Care,1165.08,6,6990.48,1.2,United States,2023-02-06 12:31:39
TXN-0002929,Mary Martin,Electronics,966.81,1,966.81,3.3,United States,2023-08-04 17:52:53
TXN-0011662,Barbara Thompson,Beauty & Personal Care,1178.28,5,5891.4,3.6,Brazil,2024-08-27 20:09:24
TXN-0002078,Michael Johnson,Beauty & Personal Care,701.6,1,701.6,1.7,Netherlands,2023-09-29 16:05:03
TXN-0006906,Christopher Lee,Books,821.74,4,3286.96,1.1,Germany,2024-06-14 09:38:46
TXN-0007752,Karen Jackson,Toys & Games,1474.19,5,7370.95,4.8,United States,2024-01-18 15:16:07
TXN-0008034,Patricia Garcia,Home & Kitchen,1408.8,8,11270.4,2.5,Japan,2024-05-04 19:43:32
TXN-0010720,Nancy Garcia,Automotive,172.82,2,345.64,4.5,India,2023-02-28 11:20:43
TXN-0011254,Mary Lee,Home & Kitchen,548.14,1,548.14,4.5,Australia,2024-06-13 04:02:51
TXN-0001493,Barbara Thompson,Home & Kitchen,397.34,6,2384.04,2.8,Netherlands,2024-07-30 11:28:25
TXN-0009072,William Jones,Automotive,549.13,3,1647.39,2.6,Australia,2023-10-12 17:31:15
TXN-0010839,Elizabeth Miller,Sports & Outdoors,155.12,2,310.24,1.8,India,2024-05-22 03:59:03
TXN-0000509,Nancy Lopez,Beauty & Personal Care,703.45,5,3517.25,3.2,India,2023-04-15 22:43:27
TXN-0011505,James Wilson,Toys & Games,644.1,6,3864.6,2.4,United Kingdom,2024-02-01 05:38:36
TXN-0008808,Nancy Smith,Sports & Outdoors,115.17,8,921.36,3.4,Australia,2024-06-27 00:00:00
TXN-0008333,John Perez,Beauty & Personal Care,449.23,3,1347.69,2.4,Netherlands,2023-07-13 21:27:01
TXN-0008186,Sarah Rodriguez,Beauty & Personal Care,750.75,3,2252.25,1.2,Netherlands,2023-02-03 00:00:00
TXN-0005116,Mary Garcia,Toys & Games,1119.77,3,3359.31,3.1,United States,2023-08-23 18:47:47
TXN-0005415,Robert Martin,Automotive,630.59,6,3783.54,5.0,Netherlands,2023-11-10 19:56:20
TXN-0003995,Joseph Williams,Beauty & Personal Care,18.44,2,36.88,4.6,Netherlands,2023-05-09 00:00:00
TXN-0012022,Elizabeth Brown,Electronics,708.45,5,3542.25,4.9,Japan,2023-05-29 00:00:00
TXN-0006115,William Garcia,Sports & Outdoors,1136.89,5,5684.45,3.5,Brazil,2023-08-28 00:00:00
TXN-0006750,James Moore,Automotive,63.34,2,126.68,2.3,India,2023-05-11 15:25:29
TXN-0012271,Michael Miller,Automotive,362.4,2,724.8,3.2,India,2024-11-14 04:03:37
TXN-0007942,Robert Brown,Electronics,1056.66,4,4226.64,2.3,United States,2023-01-26 00:00:00
TXN-0012229,Thomas Martin,Apparel,64.82,1,64.82,4.4,United States,2023-03-13 08:06:24
TXN-0008814,Susan Wilson,Electronics,1024.0,3,3072.0,3.8,Australia,2023-11-15 20:42:53
TXN-0010104,Mary Brown,Electronics,442.12,6,2652.72,2.2,Canada,2024-03-09 12:10:49
TXN-0002582,Barbara Moore,Sports & Outdoors,1382.76,8,11062.08,2.1,Canada,2024-12-24 19:42:43
TXN-0001314,Linda Garcia,Automotive,487.47,5,2437.35,1.3,Germany,2023-01-24 23:49:36
TXN-0004255,Joseph Hernandez,Books,996.76,5,4983.8,2.8,Australia,2024-01-04 00:00:00
TXN-0009990,David Jones,Automotive,1224.2,8,9793.6,4.1,Japan,2023-10-24 00:07:38
TXN-0008489,Michael Williams,Books,1271.34,2,2542.68,2.2,Australia,2024-01-29 06:32:37
TXN-0003250,James Perez,Automotive,588.67,2,1177.34,4.0,France,2024-08-03 18:09:30
TXN-0001476,Charles Wilson,Apparel,1277.62,4,5110.48,3.1,Australia,2024-02-09 05:32:53
TXN-0003147,James Brown,Apparel,998.86,3,2996.58,4.8,France,2024-09-27 09:49:40
TXN-0007414,Richard Martinez,Electronics,621.86,5,3109.3,1.4,United States,2024-02-12 14:04:52
TXN-0005914,Jennifer Lee,Sports & Outdoors,914.54,4,3658.16,3.5,India,2024-04-30 20:05:32
TXN-0005848,Joseph Thomas,Beauty & Personal Care,739.84,5,3699.2,4.7,Japan,2023-10-29 08:14:31
TXN-0011462,Richard Garcia,Apparel,881.71,3,2645.13,2.0,Brazil,2024-01-12 00:00:00
TXN-0005046,Thomas Davis,Books,1082.48,2,2164.96,1.8,Brazil,2024-12-30 04:41:57
TXN-0005472,Richard Williams,Books,102.33,5,511.65,4.2,United States,2023-08-01 12:09:02
TXN-0000343,Linda Jackson,Toys & Games,1403.13,3,4209.39,1.7,Australia,2024-04-05 05:21:51
TXN-0005945,Charles Gonzalez,Home & Kitchen,568.61,7,3980.27,3.7,United Kingdom,2024-03-26 17:02:17
TXN-0008597,Nancy White,Automotive,1170.62,4,4682.48,2.9,Brazil,2023-07-27 15:01:41
TXN-0006300,Linda Taylor,Sports & Outdoors,1312.13,4,5248.52,4.7,India,2024-11-19 20:17:07
TXN-0003312,Michael Hernandez,Toys & Games,428.45,1,428.45,3.7,United Kingdom,2023-12-12 00:39:02
TXN-0011161,Thomas Anderson,Beauty & Personal Care,955.45,5,4777.25,2.5,Netherlands,2023-11-20 00:00:00
TXN-0000777,Mary Lee,Automotive,1421.39,3,4264.17,1.8,Australia,2023-02-07 19:30:10
TXN-0005245,David Rodriguez,Beauty & Personal Care,994.5,8,7956.0,3.5,Australia,2023-01-24 05:19:55
TXN-0002240,Lisa Jones,Home & Kitchen,543.78,7,3806.46,4.8,Netherlands,2024-03-29 00:00:00
TXN-0000854,Lisa Davis,Toys & Games,1375.91,4,5503.64,1.7,Canada,2023-08-30 00:00:00
TXN-0009725,Barbara Martinez,Home & Kitchen,1258.45,1,1258.45,1.4,Netherlands,2024-05-15 00:00:00
TXN-0005051,Daniel Martin,Books,965.87,8,7726.96,2.1,Germany,2023-10-01 17:29:04
TXN-0003113,Daniel Lee,Electronics,454.42,8,3635.36,2.6,Japan,2024-11-02 14:31:44
TXN-0007908,John Thompson,Apparel,1119.5,7,7836.5,3.9,India,2023-08-11 01:49:23
TXN-0006000,Lisa Johnson,Electronics,267.52,8,2140.16,3.6,Brazil,2024-10-25 02:01:54
TXN-0010247,Mary Davis,Home & Kitchen,542.87,8,4342.96,4.5,Japan,2023-09-26 02:54:02
TXN-0008781,Sarah Garcia,Toys & Games,279.38,2,558.76,2.1,France,2024-02-05 20:30:22
TXN-0010910,Susan Thompson,Toys & Games,191.15,1,191.15,1.4,Canada,2023-07-15 12:20:59
TXN-0002032,Charles Gonzalez,Toys & Games,1267.14,3,3801.42,1.5,France,2024-12-17 15:13:05
TXN-0007867,Sarah Taylor,Beauty & Personal Care,1011.31,1,1011.31,1.7,Japan,2024-02-28 09:09:15
TXN-0004829,Daniel Thomas,Beauty & Personal Care,211.45,5,1057.25,4.9,Netherlands,2024-01-28 07:46:26
TXN-0011162,Robert Brown,Toys & Games,276.31,1,276.31,4.8,Brazil,2024-12-03 00:00:00
TXN-0001469,Elizabeth Williams,Beauty & Personal Care,1364.32,8,10914.56,2.9,Netherlands,2024-06-30 12:06:52
TXN-0007558,Lisa Martinez,Apparel,1418.32,8,11346.56,1.2,United Kingdom,2024-12-05 11:37:26
TXN-0010039,Joseph Martinez,Sports & Outdoors,129.9,6,779.4,4.3,United Kingdom,2024-05-11 00:00:00
TXN-0001815,Daniel Moore,Home & Kitchen,289.68,2,579.36,1.5,United Kingdom,2024-04-16 00:00:00
TXN-0007242,Daniel Williams,Home & Kitchen,1065.95,3,3197.85,2.2,Netherlands,2024-12-07 21:20:46
TXN-0000175,Richard Hernandez,Apparel,1039.64,6,6237.84,4.7,India,2024-02-08 08:00:12
TXN-0000834,John Jones,Sports & Outdoors,1019.52,1,1019.52,3.5,Japan,2023-09-10 15:51:29
TXN-0010088,Karen Miller,Home & Kitchen,1382.18,8,11057.44,1.1,India,2023-12-14 04:37:13
TXN-0000457,Barbara Taylor,Electronics,1272.73,3,3818.19,4.0,Germany,2023-04-20 00:41:57
TXN-0005268,Daniel Garcia,Toys & Games,597.04,6,3582.24,2.3,Canada,2023-08-30 13:19:58
TXN-0007284,Richard Brown,Apparel,1475.34,8,11802.72,2.0,Australia,2023-08-23 09:50:22
TXN-0008651,Jennifer Moore,Beauty & Personal Care,1084.69,7,7592.83,4.3,Netherlands,2023-06-28 09:50:15
TXN-0004643,Thomas Jones,Toys & Games,761.35,8,6090.8,4.9,Australia,2023-02-09 01:53:46
TXN-0002848,Karen Rodriguez,Sports & Outdoors,393.01,6,2358.06,2.7,Australia,2024-01-03 00:00:00
TXN-0008863,Mary Wilson,Books,100.6,5,503.0,3.8,United Kingdom,2024-06-24 17:41:23
TXN-0003969,Jessica Thompson,Toys & Games,661.27,2,1322.54,3.3,India,2023-09-20 18:53:27
TXN-0007718,Daniel Martin,Beauty & Personal Care,74.49,8,595.92,1.7,United States,2023-07-30 20:21:48
TXN-0012416,Susan Thomas,Beauty & Personal Care,1139.74,8,9117.92,1.5,Canada,2024-09-24 00:00:00
TXN-0007490,John Hernandez,Books,375.95,7,2631.65,1.6,Netherlands,2024-11-11 10:50:05
TXN-0011101,Mary Moore,Toys & Games,1202.0,1,1202.0,2.2,United States,2024-10-19 04:51:28
TXN-0004518,William Wilson,Beauty & Personal Care,526.57,2,1053.14,3.6,Netherlands,2023-01-22 08:32:11
TXN-0009141,Michael Miller,Beauty & Personal Care,1424.99,4,5699.96,3.5,Japan,2024-05-31 00:00:00
TXN-0001429,Charles Jackson,Beauty & Personal Care,1433.79,4,5735.16,3.5,Canada,2024-01-22 23:08:47
TXN-0001604,Richard Anderson,Automotive,1324.16,8,10593.28,1.5,Australia,2023-02-09 21:09:48
TXN-0004366,Daniel Smith,Automotive,708.87,3,2126.61,2.6,United Kingdom,2023-06-09 15:12:31
TXN-0007810,Susan Miller,Apparel,780.45,3,2341.35,3.4,United Kingdom,2024-04-11 18:13:17
TXN-0001470,Patricia Moore,Apparel,249.07,2,498.14,3.1,United Kingdom,2024-04-25 05:44:25
TXN-0011948,John Hernandez,Apparel,65.98,7,461.86,4.2,Japan,2023-08-28 07:16:53
TXN-0010330,Elizabeth Martin,Electronics,1032.9,6,6197.4,1.7,Australia,2023-12-19 09:10:55
TXN-0009194,Jessica Thomas,Books,1115.51,4,4462.04,1.8,Japan,2024-06-29 21:50:54
TXN-0011812,John Martinez,Automotive,812.95,2,1625.9,3.6,India,2024-10-20 08:28:03
TXN-0001830,William Moore,Automotive,1217.2,8,9737.6,3.1,Netherlands,2024-01-28 22:56:47
TXN-0005108,Richard Thomas,Beauty & Personal Care,1159.17,6,6955.02,4.8,Germany,2024-11-21 04:48:53
TXN-0007878,Nancy Garcia,Toys & Games,234.46,8,1875.68,4.7,United States,2023-02-12 00:00:00
TXN-0005101,John Jones,Sports & Outdoors,629.58,7,4407.06,1.2,Germany,2023-01-10 23:34:10
TXN-0011346,Susan Thompson,Electronics,518.76,7,3631.32,1.7,Netherlands,2024-03-18 00:24:44
TXN-0003787,Joseph Jones,Electronics,37.39,5,186.95,3.0,France,2023-02-22 20:33:40
TXN-0005632,Joseph Jones,Apparel,216.37,7,1514.59,2.2,United Kingdom,2024-12-05 20:06:32
TXN-0012380,Jessica Jones,Apparel,1489.24,8,11913.92,3.3,France,2024-03-06 22:37:06
TXN-0001585,Susan Thompson,Automotive,229.83,7,1608.81,4.4,India,2024-08-06 01:57:13
TXN-0009255,John Thompson,Electronics,1083.63,7,7585.41,2.3,Germany,2023-06-08 05:21:24
TXN-0001463,Karen Lopez,Automotive,1294.35,7,9060.45,2.5,Brazil,2023-08-27 09:00:42
TXN-0002672,Nancy Lopez,Automotive,1470.91,8,11767.28,3.1,Brazil,2023-01-23 16:31:33
TXN-0010289,John Williams,Apparel,943.17,3,2829.51,3.3,Germany,2024-07-11 11:24:12
TXN-0000385,Richard Gonzalez,Electronics,1063.56,4,4254.24,2.4,Netherlands,2024-07-08 02:10:02
TXN-0010394,Karen Anderson,Books,522.25,2,1044.5,1.3,Germany,2023-10-12 06:57:35
TXN-0004138,John Lee,Home & Kitchen,1211.49,4,4845.96,2.0,Japan,2024-05-21 10:07:17
TXN-0002433,Linda Martin,Toys & Games,6.15,5,30.75,2.0,India,2023-05-09 00:00:00
TXN-0005261,Nancy Miller,Sports & Outdoors,273.35,8,2186.8,4.3,United Kingdom,2024-12-01 16:02:33
TXN-0002785,Robert Hernandez,Beauty & Personal Care,717.55,8,5740.4,1.6,Netherlands,2023-09-08 15:51:48
TXN-0007523,Michael Lopez,Apparel,1434.75,8,11478.0,3.6,United States,2024-11-08 21:25:10
TXN-0000023,Charles Jackson,Automotive,1178.01,7,8246.07,1.8,Germany,2023-03-17 06:55:16
TXN-0004189,Elizabeth Johnson,Automotive,731.97,7,5123.79,3.1,Netherlands,2023-05-06 07:22:55
TXN-0010372,Susan Jones,Electronics,996.18,3,2988.54,1.9,United Kingdom,2024-03-28 08:57:34
TXN-0006870,Linda Anderson,Automotive,374.37,2,748.74,1.0,India,2023-05-13 01:03:27
TXN-0003580,Thomas Johnson,Sports & Outdoors,714.7,8,5717.6,1.8,United States,2024-09-15 15:43:23
TXN-0006939,Nancy Thomas,Sports & Outdoors,1412.73,4,5650.92,1.4,Netherlands,2024-01-29 11:09:53
TXN-0003625,Robert Thomas,Apparel,598.96,4,2395.84,4.2,India,2023-08-08 20:00:06
TXN-0007202,John Moore,Toys & Games,306.82,1,306.82,1.0,Brazil,2024-07-21 10:24:22
TXN-0010985,Michael Martin,Automotive,1283.52,7,8984.64,2.2,Canada,2024-04-26 21:05:26
TXN-0000787,Elizabeth Hernandez,Automotive,937.6,5,4688.0,2.4,India,2024-12-14 02:50:48
TXN-0005374,Daniel Garcia,Beauty & Personal Care,1403.11,6,8418.66,3.2,Japan,2024-12-07 14:54:15
TXN-0007088,Patricia Thompson,Beauty & Personal Care,1456.99,1,1456.99,3.4,Netherlands,2023-11-08 00:00:00
TXN-0002095,Christopher Hernandez,Apparel,1291.23,7,9038.61,4.0,Netherlands,2023-02-08 22:21:40
TXN-0012157,Nancy Moore,Sports & Outdoors,1491.46,3,4474.38,1.4,Germany,2024-08-22 00:00:00
TXN-0008086,Jessica Garcia,Electronics,81.78,6,490.68,1.7,United Kingdom,2023-02-18 00:04:04
TXN-0010791,Mary Thomas,Toys & Games,117.22,1,117.22,1.1,United States,2023-08-26 18:24:11
TXN-0003434,Daniel Johnson,Books,759.39,3,2278.17,3.7,France,2024-06-21 03:41:50
TXN-0009481,David Miller,Automotive,1255.78,5,6278.9,4.6,United States,2024-10-20 10:50:09
TXN-0003383,Joseph Lopez,Apparel,1062.69,8,8501.52,1.6,Australia,2023-02-28 10:36:17
TXN-0001675,James Wilson,Automotive,96.8,1,96.8,4.0,United Kingdom,2024-02-12 05:19:29
TXN-0000835,Elizabeth Gonzalez,Home & Kitchen,217.98,6,1307.88,2.0,Australia,2024-10-04 22:13:04
TXN-0005134,Michael Thomas,Home & Kitchen,977.65,5,4888.25,1.6,France,2023-09-29 00:00:00
TXN-0007635,William Brown,Electronics,1103.59,4,4414.36,4.4,United Kingdom,2024-08-23 11:38:43
TXN-0007542,Robert Rodriguez,Books,1313.31,8,10506.48,1.5,United States,2023-01-11 04:46:54
TXN-0007860,Linda Thomas,Books,529.11,6,3174.66,3.5,United States,2023-04-13 14:20:51
TXN-0003478,John Smith,Electronics,498.53,5,2492.65,2.7,Germany,2023-08-14 19:44:16
TXN-0010550,Jennifer Jackson,Beauty & Personal Care,1202.57,5,6012.85,1.6,Japan,2024-05-20 12:24:54
TXN-0003264,Linda Williams,Apparel,476.02,3,1428.06,2.8,Japan,2023-09-01 13:13:07
TXN-0006583,Linda Johnson,Sports & Outdoors,1046.22,4,4184.88,4.9,Japan,2023-11-05 13:09:51
TXN-0011962,Jessica Smith,Electronics,536.27,4,2145.08,4.2,France,2024-04-26 20:57:52
TXN-0002853,Jennifer White,Apparel,1032.65,5,5163.25,3.7,Germany,2023-02-23 11:24:40
TXN-0007562,Lisa Williams,Home & Kitchen,334.97,1,334.97,4.9,Australia,2023-03-25 00:00:00
TXN-0009313,Elizabeth Martinez,Toys & Games,659.13,6,3954.78,4.3,Netherlands,2024-05-07 03:01:59
TXN-0011922,Karen Williams,Home & Kitchen,1125.74,4,4502.96,4.3,Australia,2023-07-17 06:28:32
TXN-0007769,Jessica Garcia,Sports & Outdoors,694.54,2,1389.08,2.1,United Kingdom,2024-06-22 17:05:23
TXN-0003664,Robert Brown,Toys & Games,883.57,5,4417.85,2.4,Brazil,2024-12-27 21:44:27
TXN-0008951,Lisa Thompson,Books,998.32,6,5989.92,4.5,Brazil,2023-06-25 20:47:00
TXN-0008780,Nancy Garcia,Books,558.48,4,2233.92,4.7,Japan,2024-01-08 00:25:25
TXN-0012056,Nancy Brown,Beauty & Personal Care,778.24,4,3112.96,3.6,United Kingdom,2023-11-27 19:40:52
TXN-0000274,Daniel Moore,Home & Kitchen,1154.59,6,6927.54,1.7,Canada,2024-04-20 00:00:00
TXN-0012483,Elizabeth Jones,Apparel,1376.34,3,4129.02,1.2,Germany,2024-04-02 14:50:44
TXN-0000132,Sarah Hernandez,Home & Kitchen,533.63,7,3735.41,4.5,Japan,2024-07-14 00:00:00
TXN-0011389,Jessica Jones,Sports & Outdoors,195.1,2,390.2,4.0,United Kingdom,2024-08-16 00:00:00
TXN-0000984,Jennifer Jackson,Electronics,1116.4,8,8931.2,4.2,Canada,2023-01-09 07:21:47
TXN-0002357,Susan Jones,Electronics,44.85,4,179.4,1.5,Brazil,2024-10-07 23:08:27
TXN-0001025,Sarah White,Beauty & Personal Care,307.47,8,2459.76,4.0,Canada,2024-11-24 03:21:38
TXN-0009959,Linda Lee,Electronics,1383.89,5,6919.45,3.4,Japan,2023-02-09 14:03:03
TXN-0011388,Lisa White,Toys & Games,171.91,7,1203.37,1.1,India,2024-04-29 00:00:00
TXN-0008362,Christopher Jones,Apparel,680.07,1,680.07,1.6,Brazil,2024-11-01 07:46:20
TXN-0001694,Jennifer Thomas,Toys & Games,261.21,1,261.21,3.1,United States,2024-06-15 14:52:46
TXN-0003657,Jennifer Thompson,Automotive,619.08,4,2476.32,1.7,Japan,2024-01-16 13:40:29
TXN-0004100,Barbara Martinez,Apparel,957.91,3,2873.73,2.4,Brazil,2023-02-22 15:12:43
TXN-0001480,William Thompson,Toys & Games,553.36,7,3873.52,2.6,Australia,2023-09-23 00:00:00
TXN-0000371,James Hernandez,Sports & Outdoors,424.12,8,3392.96,4.4,France,2024-06-15 00:00:00
TXN-0003709,James Davis,Sports & Outdoors,563.41,1,563.41,2.3,India,2024-01-10 15:45:31
TXN-0004375,Nancy White,Home & Kitchen,28.51,7,199.57,2.6,Brazil,2024-02-24 20:35:55
TXN-0009552,James Moore,Apparel,1297.09,1,1297.09,3.6,Australia,2023-04-13 05:01:28
TXN-0011833,Karen Miller,Apparel,1473.34,3,4420.02,5.0,United States,2024-08-01 00:03:00
TXN-0007959,Jennifer Garcia,Electronics,1401.59,2,2803.18,2.4,Japan,2024-06-15 14:33:52
TXN-0003911,Joseph Moore,Beauty & Personal Care,164.1,4,656.4,1.8,India,2024-08-06 00:22:54
TXN-0003138,Lisa Lee,Home & Kitchen,673.91,4,2695.64,2.8,France,2023-10-01 04:15:16
TXN-0002043,Mary Johnson,Electronics,728.35,3,2185.05,3.9,United Kingdom,2023-02-21 00:58:16
TXN-0001992,Christopher Garcia,Apparel,1184.97,5,5924.85,2.3,Germany,2023-03-15 00:00:00
TXN-0005837,Linda Martinez,Beauty & Personal Care,468.28,5,2341.4,4.2,France,2023-07-13 09:38:24
TXN-0000814,Christopher Gonzalez,Books,131.0,6,786.0,2.6,France,2024-07-12 08:54:16
TXN-0012215,Karen Williams,Apparel,779.78,4,3119.12,3.1,Netherlands,2023-08-17 02:40:14
TXN-0011098,Jennifer Anderson,Electronics,361.41,2,722.82,4.1,United States,2024-01-29 20:49:17
TXN-0009673,Lisa Taylor,Books,700.36,4,2801.44,3.4,Australia,2023-12-07 10:49:14
TXN-0001488,Nancy Jackson,Electronics,281.47,1,281.47,1.3,India,2023-06-03 13:46:38
TXN-0002038,Michael Lopez,Sports & Outdoors,652.25,8,5218.0,2.0,United Kingdom,2024-10-17 15:56:19
TXN-0009910,Sarah Lee,Sports & Outdoors,1153.97,5,5769.85,1.8,France,2024-06-30 00:00:00
TXN-0008909,Sarah Davis,Home & Kitchen,893.52,6,5361.12,1.1,United Kingdom,2023-07-18 11:43:30
TXN-0009916,Michael Jones,Toys & Games,891.97,4,3567.88,4.7,Canada,2023-01-07 00:00:00
TXN-0003157,James Hernandez,Home & Kitchen,606.81,1,606.81,3.8,Japan,2024-09-14 00:00:00
TXN-0007015,Barbara Hernandez,Toys & Games,674.19,2,1348.38,1.2,Canada,2024-03-19 00:14:43
TXN-0004918,Christopher Brown,Automotive,1103.6,7,7725.2,2.1,United States,2024-05-10 07:55:15
TXN-0005264,Christopher Thomas,Automotive,1358.81,1,1358.81,1.5,Germany,2023-02-19 12:11:58
TXN-0000791,Elizabeth Williams,Apparel,25.74,2,51.48,4.3,United Kingdom,2024-06-24 14:59:06
TXN-0003078,David Davis,Automotive,1141.4,5,5707.0,4.9,Japan,2023-10-11 15:08:29
TXN-0008112,Charles Perez,Sports & Outdoors,50.03,1,50.03,1.0,France,2023-01-03 20:26:56
TXN-0007559,Barbara Lopez,Automotive,1316.55,3,3949.65,1.1,India,2024-10-28 08:00:28
TXN-0006265,David Smith,Home & Kitchen,319.23,6,1915.38,1.5,Netherlands,2023-11-13 18:16:12
TXN-0009037,Linda Wilson,Apparel,763.14,3,2289.42,2.3,Netherlands,2024-04-29 13:13:14
TXN-0007547,Michael Thompson,Sports & Outdoors,356.92,6,2141.52,2.8,Brazil,2024-03-23 00:00:00
TXN-0003047,Linda Williams,Books,1094.3,6,6565.8,4.8,Japan,2023-11-08 21:02:42
TXN-0010828,Robert Thomas,Books,1245.55,8,9964.4,3.5,Japan,2024-12-24 17:38:42
TXN-0011110,Nancy Lopez,Automotive,1134.99,7,7944.93,1.6,Germany,2023-05-23 16:50:29
TXN-0003693,Nancy Garcia,Electronics,1393.95,8,11151.6,2.9,Australia,2024-01-17 07:55:28
TXN-0009247,Joseph Smith,Apparel,1019.0,3,3057.0,3.8,India,2024-04-04 00:00:00
TXN-0003097,Karen Garcia,Electronics,504.7,8,4037.6,2.2,India,2024-10-29 00:00:00
TXN-0011973,Jessica Davis,Beauty & Personal Care,616.94,1,616.94,3.3,United Kingdom,2023-02-01 21:38:07
TXN-0001435,Mary Lopez,Electronics,1217.31,2,2434.62,4.4,India,2023-03-12 15:29:44
TXN-0006106,Barbara Hernandez,Books,155.73,6,934.38,4.5,United Kingdom,2023-10-01 05:52:34
TXN-0008875,Jennifer White,Books,453.15,8,3625.2,4.1,Netherlands,2024-02-19 00:00:00
TXN-0009572,Thomas Lopez,Toys & Games,1453.01,6,8718.06,4.3,Australia,2024-09-30 00:00:00
TXN-0007047,Richard Moore,Books,858.81,6,5152.86,2.8,Japan,2024-07-22 06:44:04
TXN-0003961,John Thomas,Apparel,254.66,8,2037.28,2.0,India,2024-07-17 00:00:00
TXN-0008923,Robert Moore,Books,1161.06,1,1161.06,2.2,Canada,2024-08-15 21:57:47
TXN-0009226,Sarah Moore,Toys & Games,482.96,3,1448.88,1.7,Germany,2024-10-11 11:13:24
TXN-0005445,Patricia Perez,Apparel,150.47,3,451.41,2.4,Germany,2024-01-02 02:36:20
TXN-0009922,Karen Taylor,Home & Kitchen,1395.13,5,6975.65,4.1,United States,2024-09-11 03:36:57
TXN-0002608,Barbara Rodriguez,Apparel,23.29,1,23.29,1.2,Germany,2023-06-01 15:29:38
TXN-0000614,Elizabeth Gonzalez,Automotive,312.46,6,1874.76,2.2,Germany,2024-09-08 23:41:41
TXN-0006171,Jessica Johnson,Automotive,1049.29,7,7345.03,4.4,Japan,2024-09-28 08:17:04
TXN-0004295,Elizabeth Thomas,Apparel,791.74,5,3958.7,4.4,Japan,2024-01-23 10:59:32
TXN-0008433,Jennifer Jackson,Home & Kitchen,393.22,6,2359.32,3.8,Netherlands,2024-11-30 11:11:11
TXN-0001778,Linda Gonzalez,Apparel,550.8,1,550.8,2.5,United States,2023-04-22 00:00:00
TXN-0006077,Barbara Anderson,Automotive,475.11,4,1900.44,3.3,Japan,2024-04-08 00:31:31
TXN-0006003,Jessica Jackson,Apparel,1269.58,1,1269.58,1.7,Netherlands,2023-09-03 00:00:00
TXN-0007901,Patricia Garcia,Automotive,724.69,1,724.69,3.3,Canada,2024-02-22 21:33:57
TXN-0002971,Jessica Taylor,Automotive,524.65,4,2098.6,1.3,Japan,2023-10-30 10:03:45
TXN-0004170,Mary Miller,Home & Kitchen,298.47,8,2387.76,3.1,Japan,2023-12-24 05:46:38
TXN-0008429,Jennifer Davis,Sports & Outdoors,1478.87,7,10352.09,2.6,Germany,2023-11-22 04:45:13
TXN-0010756,Daniel Thompson,Beauty & Personal Care,710.19,3,2130.57,4.4,Japan,2024-07-18 01:00:27
TXN-0002332,Barbara Smith,Apparel,304.02,7,2128.14,4.0,India,2024-12-03 18:47:48
TXN-0008948,Richard Garcia,Toys & Games,529.89,7,3709.23,1.2,France,2024-02-04 14:48:25
TXN-0010957,Nancy Davis,Apparel,707.84,2,1415.68,1.4,France,2023-07-31 05:20:57
TXN-0008172,Patricia Moore,Beauty & Personal Care,357.71,8,2861.68,2.8,Netherlands,2023-07-06 08:59:05
TXN-0003102,Nancy Lee,Electronics,922.01,1,922.01,4.1,United Kingdom,2023-06-25 20:17:52
TXN-0003597,Barbara Anderson,Books,1394.9,6,8369.4,3.6,Japan,2024-06-20 00:23:41
TXN-0000532,Thomas Martin,Sports & Outdoors,552.7,2,1105.4,1.1,United States,2024-12-16 09:20:26
TXN-0004820,Patricia Perez,Home & Kitchen,650.56,3,1951.68,1.9,Australia,2023-02-10 09:05:08
TXN-0004087,Karen Wilson,Toys & Games,645.77,4,2583.08,2.8,India,2023-01-14 13:19:48
TXN-0001212,Patricia Anderson,Toys & Games,398.27,3,1194.81,5.0,India,2024-07-22 06:38:29
TXN-0008089,Mary Rodriguez,Home & Kitchen,599.92,6,3599.52,4.4,India,2024-11-22 21:26:02
TXN-0010193,Richard Jones,Electronics,580.75,4,2323.0,1.3,Netherlands,2023-12-10 03:51:28
TXN-0008379,John Moore,Beauty & Personal Care,930.57,2,1861.14,3.6,India,2023-05-03 21:45:17
TXN-0009407,Lisa Anderson,Beauty & Personal Care,1376.29,7,9634.03,4.4,Germany,2023-12-29 08:09:39
TXN-0002190,Susan Garcia,Beauty & Personal Care,473.62,2,947.24,2.8,Canada,2023-08-26 11:12:43
TXN-0004758,Linda Jackson,Sports & Outdoors,1301.54,6,7809.24,3.0,Australia,2024-06-08 16:35:15
TXN-0009999,James Wilson,Books,777.96,4,3111.84,1.7,France,2023-08-26 12:02:10
TXN-0002506,John Wilson,Books,1142.91,3,3428.73,3.1,Germany,2023-08-16 00:00:00
TXN-0008972,Michael Moore,Sports & Outdoors,770.98,2,1541.96,3.1,United Kingdom,2023-11-05 10:26:36
TXN-0007096,Elizabeth Martinez,Sports & Outdoors,857.99,1,857.99,4.1,Brazil,2023-04-24 00:00:00
TXN-0004008,Susan Miller,Beauty & Personal Care,1016.39,7,7114.73,1.1,France,2024-01-13 14:51:30
TXN-0007822,Christopher Gonzalez,Books,714.42,2,1428.84,3.4,Germany,2023-09-05 00:00:00
TXN-0010962,Joseph Jackson,Apparel,218.22,6,1309.32,3.5,Canada,2023-11-27 00:00:00
TXN-0006787,Elizabeth Garcia,Apparel,999.58,6,5997.48,3.3,United States,2023-01-03 00:05:18
TXN-0005766,Lisa Anderson,Beauty & Personal Care,1426.57,7,9985.99,4.0,Japan,2024-09-10 10:34:29
TXN-0009288,David Gonzalez,Automotive,320.45,1,320.45,2.7,Germany,2023-09-15 00:00:00
TXN-0007975,Robert Davis,Apparel,567.93,1,567.93,1.8,Japan,2023-05-01 18:18:39
TXN-0003130,John Hernandez,Electronics,60.67,6,364.02,3.4,France,2024-12-31 00:00:00
TXN-0002179,Daniel Martin,Electronics,1112.83,7,7789.81,1.5,United States,2023-05-24 13:34:18
TXN-0011275,Susan Thompson,Home & Kitchen,507.18,6,3043.08,1.4,United States,2024-12-08 17:20:18
TXN-0009575,Sarah Johnson,Beauty & Personal Care,1176.25,4,4705.0,1.4,Germany,2024-11-23 14:45:57
TXN-0003780,Barbara Thomas,Beauty & Personal Care,500.52,4,2002.08,4.6,Brazil,2023-03-24 08:47:09
TXN-0002137,Jennifer Martin,Sports & Outdoors,329.35,2,658.7,2.1,Brazil,2024-01-13 04:11:39
TXN-0004393,Mary Thomas,Apparel,1131.51,4,4526.04,2.6,France,2024-04-09 23:42:09
TXN-0004735,Daniel Gonzalez,Electronics,1171.04,7,8197.28,3.0,Germany,2024-01-30 06:13:37
TXN-0008473,James Martin,Electronics,164.25,5,821.25,1.9,United States,2023-03-18 01:38:46
TXN-0004201,Charles Williams,Beauty & Personal Care,466.93,7,3268.51,2.1,Brazil,2024-01-10 00:00:00
TXN-0005592,Joseph Brown,Automotive,247.86,2,495.72,4.0,Japan,2024-08-31 16:33:36
TXN-0003336,Richard Wilson,Electronics,1252.1,5,6260.5,2.6,Australia,2024-12-17 09:42:35
TXN-0003902,Linda Lee,Books,80.56,3,241.68,2.9,Netherlands,2024-10-25 20:21:08
TXN-0002257,Thomas Wilson,Sports & Outdoors,1417.1,1,1417.1,3.0,India,2023-04-02 02:02:26
TXN-0007477,Christopher Perez,Beauty & Personal Care,1319.31,4,5277.24,3.0,United States,2024-11-28 13:22:49
TXN-0005060,Lisa Hernandez,Toys & Games,728.39,4,2913.56,1.8,France,2024-09-30 01:46:05
TXN-0004968,Nancy Brown,Electronics,1050.01,1,1050.01,1.0,United States,2024-12-21 14:22:03
TXN-0011387,Christopher Davis,Toys & Games,473.08,6,2838.48,4.7,France,2023-07-29 22:32:41
TXN-0003410,William Smith,Books,1225.29,5,6126.45,3.2,France,2023-05-27 15:50:57
TXN-0010306,Linda Moore,Beauty & Personal Care,684.92,3,2054.76,3.1,France,2024-10-09 19:51:39
TXN-0005736,Lisa Brown,Sports & Outdoors,540.62,1,540.62,3.2,United States,2023-01-12 01:52:57
TXN-0004220,Mary White,Home & Kitchen,165.28,2,330.56,1.7,United States,2024-07-13 15:51:44
TXN-0007221,Elizabeth Garcia,Beauty & Personal Care,1409.67,5,7048.35,5.0,Australia,2023-12-31 14:23:39
TXN-0006229,Karen Anderson,Home & Kitchen,853.26,1,853.26,1.6,United States,2024-02-22 01:09:54
TXN-0002478,Charles Hernandez,Books,412.09,8,3296.72,4.2,Netherlands,2023-11-14 00:00:00
TXN-0007169,Linda Moore,Toys & Games,220.2,2,440.4,2.3,Brazil,2024-10-06 08:09:38
TXN-0001565,Christopher Lopez,Books,612.56,7,4287.92,1.2,France,2023-09-06 22:19:17
TXN-0006489,Michael Anderson,Electronics,1003.1,1,1003.1,1.9,France,2024-02-04 10:32:49
TXN-0003915,Thomas Martinez,Home & Kitchen,448.55,7,3139.85,3.9,Australia,2023-09-16 00:00:00
TXN-0006326,Elizabeth Smith,Sports & Outdoors,127.41,3,382.23,4.3,Australia,2024-02-11 21:20:18
TXN-0001388,Joseph Hernandez,Apparel,5.53,5,27.65,3.8,France,2024-06-02 22:39:45
TXN-0008279,Sarah Gonzalez,Electronics,805.99,3,2417.97,4.2,Japan,2024-01-11 13:16:48
TXN-0004673,Susan Wilson,Home & Kitchen,615.23,7,4306.61,3.9,Netherlands,2024-06-17 01:30:05
TXN-0010779,Patricia Gonzalez,Books,1329.49,4,5317.96,4.3,Netherlands,2023-11-12 06:21:37
TXN-0007474,Daniel Williams,Sports & Outdoors,1444.41,5,7222.05,2.0,India,2023-02-02 00:00:00
TXN-0004556,John Thompson,Automotive,1137.87,2,2275.74,3.8,Australia,2024-02-22 00:15:06
TXN-0009510,Susan Garcia,Toys & Games,1484.61,4,5938.44,1.9,Netherlands,2024-03-09 22:15:11
TXN-0007568,James Thomas,Sports & Outdoors,942.59,4,3770.36,3.1,Germany,2023-05-03 14:52:15
TXN-0005835,Elizabeth Smith,Sports & Outdoors,269.46,8,2155.68,3.1,Japan,2024-06-17 20:43:13
TXN-0000288,Jessica Garcia,Home & Kitchen,51.14,4,204.56,2.2,Netherlands,2023-08-02 11:37:47
TXN-0002291,Joseph Davis,Electronics,354.09,4,1416.36,2.3,Japan,2024-03-31 17:59:13
TXN-0002871,Jennifer Brown,Toys & Games,1204.7,4,4818.8,2.7,Germany,2023-04-04 14:55:22
TXN-0004116,Thomas Lopez,Home & Kitchen,1229.31,6,7375.86,3.9,Canada,2024-01-05 23:18:31
TXN-0005545,Linda Miller,Apparel,336.43,4,1345.72,3.8,Australia,2023-06-02 00:00:00
TXN-0000870,Michael Lee,Beauty & Personal Care,1463.09,4,5852.36,1.8,United States,2023-05-16 06:19:41
TXN-0000544,David Lopez,Toys & Games,1395.72,2,2791.44,4.5,Japan,2023-06-26 02:19:25
TXN-0005340,Richard Thompson,Beauty & Personal Care,934.08,5,4670.4,1.1,Canada,2023-05-12 17:13:51
TXN-0009677,Nancy Miller,Sports & Outdoors,1196.03,3,3588.09,4.0,Canada,2024-07-07 00:00:00
TXN-0007059,David Smith,Books,1454.55,1,1454.55,2.6,France,2024-01-30 06:42:28
TXN-0010375,Mary Lee,Apparel,119.69,7,837.83,4.2,France,2024-01-18 00:00:00
TXN-0001323,Elizabeth Smith,Books,847.49,5,4237.45,2.2,Australia,2024-07-10 00:09:46
TXN-0006693,David Davis,Beauty & Personal Care,425.57,7,2978.99,1.6,Brazil,2023-01-14 00:00:00
TXN-0004206,Elizabeth Lee,Electronics,355.3,3,1065.9,2.1,Australia,2024-05-02 04:02:23
TXN-0003683,Charles Davis,Electronics,1471.64,6,8829.84,3.9,Canada,2024-11-24 05:01:56
TXN-0005174,Jessica Martin,Books,753.33,4,3013.32,2.7,Japan,2024-10-23 13:12:50
TXN-0002764,Robert Smith,Books,1413.9,8,11311.2,3.8,Canada,2024-09-26 19:19:48
TXN-0012342,Daniel Smith,Automotive,1006.05,5,5030.25,2.6,India,2024-06-24 00:00:00
TXN-0008328,Jessica Lee,Home & Kitchen,962.61,4,3850.44,2.7,Japan,2024-07-19 00:00:00
TXN-0003638,Joseph Wilson,Toys & Games,1122.86,5,5614.3,4.5,Germany,2024-09-16 00:00:00
TXN-0005175,Nancy Martinez,Sports & Outdoors,764.1,2,1528.2,1.1,Netherlands,2023-11-10 15:28:39
TXN-0001124,Patricia Brown,Sports & Outdoors,681.66,6,4089.96,5.0,Australia,2023-07-19 21:09:22
TXN-0008308,Lisa Hernandez,Toys & Games,1003.92,8,8031.36,1.4,Japan,2024-11-18 03:38:57
TXN-0008133,John Lopez,Electronics,149.66,7,1047.62,4.8,United Kingdom,2024-12-18 21:20:25
TXN-0010094,Sarah Lee,Electronics,609.71,6,3658.26,2.5,United States,2023-05-10 20:17:41
TXN-0005491,Elizabeth Jones,Sports & Outdoors,631.3,4,2525.2,4.9,United Kingdom,2023-05-20 08:57:20
TXN-0010914,Lisa Martin,Sports & Outdoors,848.53,2,1697.06,3.8,Germany,2024-08-31 17:30:27
