transaction_id,customer_name,category,price,quantity,rating,country,created_date,rejection_reason
TXN-0007593,,Books,534.36,6,1.3,France,2023-06-24 06:46:40,MISSING_CUSTOMER_NAME
TXN-0009501,David Thompson,Books,1174.52,6,3.0,United Kingdom,,MISSING_OR_UNPARSEABLE_DATE
TXN-0003704,Michael Lopez,Books,323.27,2,-1.0,United States,2024-03-07 04:03:26,RATING_OUT_OF_BOUNDS
TXN-0002989,Mary Brown,Toys & Games,1256.5,NULL,4.0,Germany,2023-09-12 04:57:37,MISSING_OR_UNPARSEABLE_QUANTITY
TXN-0011988,Richard Williams,Apparel,626.87,2,None,Japan,2023-06-23 08:26:03,MISSING_OR_UNPARSEABLE_RATING
TXN-0005316,Jessica Perez,Books,707.08,3,7.2,Japan,2023-07-21 16:26:34,RATING_OUT_OF_BOUNDS
TXN-0009409,,Sports & Outdoors,1292.55,7,2.9,India,2024-10-20 09:21:11,MISSING_CUSTOMER_NAME
TXN-0005526,Linda Jackson,Beauty & Personal Care,None,1,1.1,Germany,2024-06-05 16:54:24,MISSING_OR_UNPARSEABLE_PRICE
TXN-0003384,Lisa Miller,Home & Kitchen,44.02,4,0.0,Japan,2024-05-14 00:52:37,RATING_OUT_OF_BOUNDS
TXN-0003544,Jessica White,Automotive,-14.53,1,1.9,France,2023-10-27 00:50:39,INVALID_PRICE_NON_POSITIVE
TXN-0007348,Elizabeth Perez,Sports & Outdoors,221.46,5,2.7,,2024-11-05 14:13:37,MISSING_OR_INVALID_COUNTRY
TXN-0011541,Jessica Martin,Books,1059.14,8,4.8,France,None,MISSING_OR_UNPARSEABLE_DATE
TXN-0010533,Elizabeth Miller,Electronics,None,6,3.8,United States,2023-12-27 17:51:04,MISSING_OR_UNPARSEABLE_PRICE
TXN-0000702,Charles Wilson,Sports & Outdoors,1461.52,2,NULL,India,2024-07-23 07:18:49,MISSING_OR_UNPARSEABLE_RATING
TXN-0001387,Sarah Martin,Toys & Games,421.24,7,2.2,,2024-11-30 19:02:55,MISSING_OR_INVALID_COUNTRY
TXN-0011205,Daniel Lopez,Books,520.98,4,-1.0,United States,2023-01-09 12:36:27,RATING_OUT_OF_BOUNDS
TXN-0010496,Elizabeth Thompson,Toys & Games,NULL,7,2.1,United Kingdom,2023-04-08 12:13:17,MISSING_OR_UNPARSEABLE_PRICE
TXN-0011129,Charles Perez,Apparel,129.15,3,6.5,Canada,2024-10-15 05:57:56,RATING_OUT_OF_BOUNDS
TXN-0000923,Jessica Smith,Toys & Games,None,5,3.4,Japan,2023-04-29 16:22:27,MISSING_OR_UNPARSEABLE_PRICE
TXN-0001002,John Johnson,Toys & Games,789.83,4,Five,Japan,2023-11-27 22:37:46,MISSING_OR_UNPARSEABLE_RATING
TXN-0010489,,Books,835.88,3,2.6,India,2024-06-20 07:11:35,MISSING_CUSTOMER_NAME
TXN-0005111,Thomas Jones,Books,1360.4,7,1.0,France,,MISSING_OR_UNPARSEABLE_DATE
TXN-0005167,John Anderson,Home & Kitchen,1452.08,8,N/A,Netherlands,2023-12-04 16:58:34,MISSING_OR_UNPARSEABLE_RATING
TXN-0004657,David Garcia,Automotive,672.27,NULL,4.8,France,2023-10-08 11:42:49,MISSING_OR_UNPARSEABLE_QUANTITY
TXN-0011675,Mary Smith,Sports & Outdoors,-1320.69,7,3.2,France,2024-11-26 01:54:11,INVALID_PRICE_NON_POSITIVE
TXN-0006162,Daniel Taylor,Electronics,NULL,3,4.9,Germany,2024-08-06 12:20:53,MISSING_OR_UNPARSEABLE_PRICE
TXN-0006032,William Smith,Home & Kitchen,-566.39,2,1.2,United States,2023-03-23 05:05:24,INVALID_PRICE_NON_POSITIVE
TXN-0004763,William Gonzalez,Home & Kitchen,973.02,3,6.5,Japan,2024-12-05 20:35:43,RATING_OUT_OF_BOUNDS
TXN-0012029,Nancy Davis,Apparel,1059.85,4,Five,United Kingdom,2023-11-27 23:05:37,MISSING_OR_UNPARSEABLE_RATING
TXN-0002578,None,Toys & Games,1162.16,4,3.8,Brazil,2023-04-17 04:22:07,MISSING_CUSTOMER_NAME
TXN-0007689,None,Apparel,1457.77,2,3.5,Japan,2024-07-03 05:46:33,MISSING_CUSTOMER_NAME
TXN-0001671,Lisa Johnson,Home & Kitchen,203.78,NULL,2.1,Japan,2023-03-29 11:16:07,MISSING_OR_UNPARSEABLE_QUANTITY
TXN-0008889,John Thompson,Home & Kitchen,1458.74,6,Five,United States,2024-07-10 18:05:53,MISSING_OR_UNPARSEABLE_RATING
TXN-0003641,Christopher Moore,Books,1143.63,None,2.6,United Kingdom,2023-12-10 13:52:36,MISSING_OR_UNPARSEABLE_QUANTITY
TXN-0008753,Thomas Lee,Apparel,140.52,6,,Netherlands,2024-08-31 08:28:02,MISSING_OR_UNPARSEABLE_RATING
TXN-0002633,Patricia Martinez,Toys & Games,-890.27,5,4.1,Germany,2023-12-10 07:52:45,INVALID_PRICE_NON_POSITIVE
TXN-0010160,Karen Wilson,Electronics,327.44,4,0.0,Canada,2023-01-23 14:04:56,RATING_OUT_OF_BOUNDS
TXN-0001897,Daniel Jackson,Toys & Games,826.58,,4.7,Netherlands,2023-10-24 01:22:56,MISSING_OR_UNPARSEABLE_QUANTITY
TXN-0000721,John Lopez,Books,-304.39,7,1.5,Australia,2024-10-12 23:29:11,INVALID_PRICE_NON_POSITIVE
TXN-0009580,Thomas Taylor,Electronics,1340.72,3,Five,Germany,2023-03-23 16:09:35,MISSING_OR_UNPARSEABLE_RATING
TXN-0011432,Mary Perez,Books,777.77,3,7.2,France,2023-03-30 06:44:29,RATING_OUT_OF_BOUNDS
TXN-0008062,Nancy Brown,Apparel,1038.37,5,4.3,,2023-07-05 01:25:46,MISSING_OR_INVALID_COUNTRY
TXN-0008376,Christopher Moore,Automotive,1392.83,6,Five,Germany,2023-03-19 12:27:58,MISSING_OR_UNPARSEABLE_RATING
TXN-0001977,William Thompson,Home & Kitchen,-1497.33,2,3.7,United Kingdom,2023-05-22 13:12:58,INVALID_PRICE_NON_POSITIVE
TXN-0011620,Linda Smith,Books,1432.16,5,3.9,United States,None,MISSING_OR_UNPARSEABLE_DATE
TXN-0008982,Nancy Martinez,Beauty & Personal Care,-634.92,1,1.9,Australia,2023-06-01 08:23:12,INVALID_PRICE_NON_POSITIVE
TXN-0010956,Daniel Martin,Sports & Outdoors,1367.69,6,3.4,Germany,NULL,MISSING_OR_UNPARSEABLE_DATE
TXN-0003012,Nancy Hernandez,Apparel,1291.75,None,4.9,Germany,2023-09-29 11:29:23,MISSING_OR_UNPARSEABLE_QUANTITY
TXN-0011145,Sarah Williams,Apparel,439.52,6,1.2,,2023-12-20 23:04:00,MISSING_OR_INVALID_COUNTRY
TXN-0010595,Daniel Jackson,Sports & Outdoors,930.53,4,6.5,United States,2023-07-25 14:27:20,RATING_OUT_OF_BOUNDS
TXN-0005053,Mary Jackson,Sports & Outdoors,844.28,6,-1.0,Australia,2023-02-15 23:29:30,RATING_OUT_OF_BOUNDS
TXN-0010569,Nancy Moore,Electronics,247.25,8,0.0,Japan,2024-03-21 15:52:36,RATING_OUT_OF_BOUNDS
TXN-0011113,Lisa Rodriguez,Apparel,-548.53,1,1.8,Germany,2023-05-27 08:08:55,INVALID_PRICE_NON_POSITIVE
TXN-0002110,Jennifer Jones,Beauty & Personal Care,64.95,None,2.5,Netherlands,2024-08-11 22:47:39,MISSING_OR_UNPARSEABLE_QUANTITY
TXN-0009981,David Miller,Sports & Outdoors,976.45,5,,United States,2023-08-10 18:28:43,MISSING_OR_UNPARSEABLE_RATING
TXN-0012262,Nancy Martinez,Electronics,958.38,1,Five,Brazil,2024-01-26 04:38:16,MISSING_OR_UNPARSEABLE_RATING
TXN-0004555,David Rodriguez,Home & Kitchen,1176.23,6,0.0,India,2024-09-10 16:27:55,RATING_OUT_OF_BOUNDS
TXN-0003790,Robert Wilson,Apparel,454.43,8,1.2,,2023-07-20 23:39:29,MISSING_OR_INVALID_COUNTRY
TXN-0009797,,Automotive,577.09,7,3.5,Japan,2024-11-21 15:22:09,MISSING_CUSTOMER_NAME
TXN-0002794,NULL,Electronics,256.38,1,1.1,Japan,2024-01-23 04:14:39,MISSING_CUSTOMER_NAME
TXN-0007124,None,Electronics,56.15,3,3.9,India,2023-08-21 12:41:20,MISSING_CUSTOMER_NAME
TXN-0006279,Jennifer Johnson,Toys & Games,$179.84,2,4.1,,2024-12-31,MISSING_OR_INVALID_COUNTRY
TXN-0011889,Karen Martinez,Home & Kitchen,853.59,8,2.5,India,,MISSING_OR_UNPARSEABLE_DATE
TXN-0007989,Robert Martin,Home & Kitchen,204.94,1,-1.0,France,2023-03-20 02:56:37,RATING_OUT_OF_BOUNDS
TXN-0011513,Daniel Jones,Automotive,738.03,,2.4,Netherlands,2023-03-22 04:37:57,MISSING_OR_UNPARSEABLE_QUANTITY
TXN-0002491,Linda Wilson,Home & Kitchen,-1261.33,5,3.2,Japan,2023-01-24 16:15:03,INVALID_PRICE_NON_POSITIVE
TXN-0012211,Nancy Miller,Beauty & Personal Care,907.32,3,None,Netherlands,2023-12-31 00:31:49,MISSING_OR_UNPARSEABLE_RATING
TXN-0004421,Jessica Hernandez,Sports & Outdoors,NULL,3,2.1,Japan,2024-08-07 18:57:52,MISSING_OR_UNPARSEABLE_PRICE
TXN-0005909,James Smith,Electronics,321.53,8,7.2,Canada,2023-12-14 11:08:32,RATING_OUT_OF_BOUNDS
TXN-0004180,Jennifer Brown,Automotive,1203.81,7,4.8,None,2024-03-23 12:39:03,MISSING_OR_INVALID_COUNTRY
TXN-0004507,NULL,Toys & Games,39.16,7,4.7,Japan,2024-09-21 21:19:26,MISSING_CUSTOMER_NAME
TXN-0006758,William Anderson,Home & Kitchen,442.59,7,,India,2024-09-27 12:27:56,MISSING_OR_UNPARSEABLE_RATING
TXN-0006144,John Gonzalez,Electronics,325.35,2,2.0,Brazil,None,MISSING_OR_UNPARSEABLE_DATE
TXN-0001108,David White,Automotive,NULL,5,3.8,Germany,2023-10-02 04:34:39,MISSING_OR_UNPARSEABLE_PRICE
TXN-0009238,Richard Thompson,Home & Kitchen,684.6,8,2.5,Canada,NULL,MISSING_OR_UNPARSEABLE_DATE
TXN-0005941,Richard Williams,Sports & Outdoors,843.51,NULL,2.5,Japan,2024-06-18 14:29:01,MISSING_OR_UNPARSEABLE_QUANTITY
TXN-0000259,Barbara Johnson,Home & Kitchen,352.06,2,2.4,Japan,,MISSING_OR_UNPARSEABLE_DATE
TXN-0003366,Mary Perez,Apparel,947.86,5,Five,India,2023-01-20 23:28:02,MISSING_OR_UNPARSEABLE_RATING
TXN-0003918,Linda Thompson,Books,-1117.21,3,1.7,India,2024-10-16 18:47:58,INVALID_PRICE_NON_POSITIVE
TXN-0003242,James Rodriguez,Beauty & Personal Care,1336.89,1,Five,Brazil,2024-04-05 14:29:13,MISSING_OR_UNPARSEABLE_RATING
TXN-0009492,Joseph Brown,Toys & Games,-343.81,6,4.0,India,2024-05-02 10:26:44,INVALID_PRICE_NON_POSITIVE
TXN-0010864,Robert Garcia,Apparel,-1305.42,1,1.2,India,2023-05-18 23:18:30,INVALID_PRICE_NON_POSITIVE
TXN-0004318,Lisa Thompson,Home & Kitchen,607.99,1,N/A,Netherlands,2024-03-11 01:46:15,MISSING_OR_UNPARSEABLE_RATING
TXN-0001134,Elizabeth Davis,Electronics,-1399.74,4,4.2,India,2024-05-09 19:22:22,INVALID_PRICE_NON_POSITIVE
TXN-0011965,Charles Thomas,Electronics,None,8,2.4,Germany,2024-01-25 10:51:07,MISSING_OR_UNPARSEABLE_PRICE
TXN-0002693,Patricia Lopez,Books,268.26,7,0.0,Netherlands,2023-06-13 01:07:08,RATING_OUT_OF_BOUNDS
TXN-0011446,David Jones,Beauty & Personal Care,NULL,6,3.5,Canada,2023-02-20 07:15:20,MISSING_OR_UNPARSEABLE_PRICE
TXN-0011409,John Thomas,Apparel,619.19,8,2.8,Netherlands,None,MISSING_OR_UNPARSEABLE_DATE
TXN-0008016,David Jones,Automotive,-439.51,5,3.6,Japan,2024-08-06 07:31:31,INVALID_PRICE_NON_POSITIVE
TXN-0000500,William Thomas,Home & Kitchen,1118.17,5,None,India,2024-03-11 05:40:54,MISSING_OR_UNPARSEABLE_RATING
TXN-0005821,Linda Jackson,Books,849.83,5,7.2,United States,2023-07-12 01:35:43,RATING_OUT_OF_BOUNDS
TXN-0002266,Lisa Davis,Automotive,1394.71,None,2.3,Canada,2024-05-29 07:25:22,MISSING_OR_UNPARSEABLE_QUANTITY
TXN-0007224,David Miller,Apparel,853.96,4,6.5,Netherlands,2024-03-03 23:03:31,RATING_OUT_OF_BOUNDS
TXN-0003152,Daniel Rodriguez,Home & Kitchen,-1487.43,7,2.3,India,2023-07-30 20:33:55,INVALID_PRICE_NON_POSITIVE
TXN-0009540,Barbara Jones,Electronics,593.81,1,NULL,Brazil,2023-12-03 17:38:06,MISSING_OR_UNPARSEABLE_RATING
TXN-0010804,Jennifer Brown,Toys & Games,44.45,1,2.8,,2023-06-02 15:42:36,MISSING_OR_INVALID_COUNTRY
TXN-0010301,Richard Lee,Toys & Games,,4,1.5,United Kingdom,2023-03-23 08:14:14,MISSING_OR_UNPARSEABLE_PRICE
TXN-0011698,Thomas Perez,Automotive,1369.81,6,,Brazil,2023-05-04 15:08:37,MISSING_OR_UNPARSEABLE_RATING
TXN-0008765,Thomas White,Books,634.77,6,Five,Japan,2023-10-20 00:46:54,MISSING_OR_UNPARSEABLE_RATING
TXN-0005660,James Martin,Books,1495.07,6,0.0,Canada,2023-07-14 02:17:51,RATING_OUT_OF_BOUNDS
TXN-0006582,Daniel Perez,Home & Kitchen,917.84,3,-1.0,India,2023-12-03 21:48:27,RATING_OUT_OF_BOUNDS
TXN-0004943,John Lee,Books,-1396.93,5,4.3,France,2023-06-09 02:21:30,INVALID_PRICE_NON_POSITIVE
TXN-0004896,Daniel Lopez,Toys & Games,-1332.73,5,3.4,United Kingdom,2023-10-16 12:39:26,INVALID_PRICE_NON_POSITIVE
TXN-0011607,Sarah Johnson,Automotive,1207.62,2,2.4,None,2024-12-14 15:14:05,MISSING_OR_INVALID_COUNTRY
TXN-0010562,Karen Jones,Books,726.89,8,None,Germany,2024-06-10 15:00:01,MISSING_OR_UNPARSEABLE_RATING
TXN-0011223,NULL,Sports & Outdoors,167.06,1,2.3,Canada,2024-01-22 06:53:02,MISSING_CUSTOMER_NAME
TXN-0005709,David Martinez,Beauty & Personal Care,NULL,4,3.5,India,2024-11-18 20:14:10,MISSING_OR_UNPARSEABLE_PRICE
TXN-0002184,Mary Lopez,Sports & Outdoors,143.66,8,6.5,Netherlands,2023-07-29 03:05:26,RATING_OUT_OF_BOUNDS
TXN-0009952,Nancy Wilson,Beauty & Personal Care,406.3,NULL,2.3,India,2024-02-07 14:37:39,MISSING_OR_UNPARSEABLE_QUANTITY
TXN-0010024,Robert Jackson,Home & Kitchen,844.5,8,3.1,France,,MISSING_OR_UNPARSEABLE_DATE
TXN-0000895,Joseph Williams,Toys & Games,1212.31,6,7.2,Netherlands,2024-11-13 22:12:36,RATING_OUT_OF_BOUNDS
TXN-0007536,NULL,Beauty & Personal Care,1425.23,3,1.0,Australia,2024-06-14 10:18:10,MISSING_CUSTOMER_NAME
TXN-0001383,Joseph Brown,Home & Kitchen,1070.48,3,Five,Brazil,2023-08-27 11:27:41,MISSING_OR_UNPARSEABLE_RATING
TXN-0000380,Elizabeth Thompson,Sports & Outdoors,1343.75,6,N/A,Japan,2023-06-19 11:42:41,MISSING_OR_UNPARSEABLE_RATING
TXN-0006313,Lisa Rodriguez,Electronics,537.92,4,6.5,India,2023-06-05 13:57:00,RATING_OUT_OF_BOUNDS
TXN-0001034,Susan Martin,Beauty & Personal Care,1204.2,4,Five,United Kingdom,2024-03-02 16:25:33,MISSING_OR_UNPARSEABLE_RATING
TXN-0011262,Barbara Perez,Sports & Outdoors,-1111.07,6,1.5,Australia,2023-02-26 12:45:23,INVALID_PRICE_NON_POSITIVE
TXN-0001689,Lisa Smith,Automotive,1194.6,6,1.4,Germany,None,MISSING_OR_UNPARSEABLE_DATE
TXN-0000535,Sarah Gonzalez,Books,791.66,4,3.3,Germany,,MISSING_OR_UNPARSEABLE_DATE
TXN-0011046,David Wilson,Electronics,1349.47,6,NULL,France,2024-02-19 01:56:28,MISSING_OR_UNPARSEABLE_RATING
TXN-0004832,Richard Thomas,Electronics,185.21,8,4.2,United Kingdom,,MISSING_OR_UNPARSEABLE_DATE
TXN-0004506,None,Apparel,586.66,6,3.7,India,2024-11-15 02:03:10,MISSING_CUSTOMER_NAME
TXN-0011287,William Taylor,Home & Kitchen,1053.94,1,0.0,Netherlands,2023-02-20 21:33:43,RATING_OUT_OF_BOUNDS
TXN-0010266,Susan Davis,Toys & Games,1092.8,6,Five,Brazil,2023-09-12 04:39:40,MISSING_OR_UNPARSEABLE_RATING
TXN-0007705,NULL,Books,1220.72,7,2.4,United Kingdom,2024-10-01 16:55:59,MISSING_CUSTOMER_NAME
TXN-0009661,NULL,Sports & Outdoors,386.55,2,3.7,France,2024-10-09 05:46:07,MISSING_CUSTOMER_NAME
TXN-0002463,Richard Perez,Beauty & Personal Care,905.4,2,4.7,,2023-02-06 10:06:42,MISSING_OR_INVALID_COUNTRY
TXN-0001812,Sarah White,Apparel,429.44,5,4.4,,2024-02-12 14:49:47,MISSING_OR_INVALID_COUNTRY
TXN-0012121,Jessica Lopez,Electronics,247.23,8,4.0,None,2023-02-26 10:32:45,MISSING_OR_INVALID_COUNTRY
TXN-0008020,James Martinez,Automotive,985.48,8,6.5,Brazil,2023-08-21 10:25:46,RATING_OUT_OF_BOUNDS
TXN-0001639,David Smith,Toys & Games,-942.43,2,2.9,Netherlands,2024-11-13 03:28:31,INVALID_PRICE_NON_POSITIVE
TXN-0004503,William White,Sports & Outdoors,508.27,6,N/A,Australia,2024-05-23 08:41:03,MISSING_OR_UNPARSEABLE_RATING
TXN-0002157,Christopher Thomas,Apparel,620.95,5,1.3,,2023-12-07 02:32:23,MISSING_OR_INVALID_COUNTRY
TXN-0010757,John Thompson,Home & Kitchen,437.81,5,6.5,United States,2023-03-02 08:44:58,RATING_OUT_OF_BOUNDS
TXN-0009225,Charles Rodriguez,Automotive,944.92,3,6.5,Japan,2024-02-27 05:27:17,RATING_OUT_OF_BOUNDS
TXN-0007774,Sarah Brown,Sports & Outdoors,325.78,5,N/A,United States,2024-01-08 19:42:57,MISSING_OR_UNPARSEABLE_RATING
TXN-0012079,Thomas Wilson,Toys & Games,$449.37,3,3.5,Brazil,2024-12-31,DUPLICATE_TRANSACTION_ID
TXN-0007846,Thomas Perez,Electronics,-300.7,7,4.5,Germany,2023-06-08 22:09:18,INVALID_PRICE_NON_POSITIVE
TXN-0010093,Nancy Smith,Electronics,NULL,3,1.7,Brazil,2023-04-21 08:43:10,MISSING_OR_UNPARSEABLE_PRICE
TXN-0008147,Michael Lee,Apparel,-1073.35,3,3.2,United States,2024-05-23 01:29:46,INVALID_PRICE_NON_POSITIVE
TXN-0009936,William Taylor,Beauty & Personal Care,185.52,3,N/A,Germany,2023-02-18 23:42:26,MISSING_OR_UNPARSEABLE_RATING
TXN-0002229,Daniel Smith,Electronics,1370.15,6,1.8,,2024-10-03 11:58:43,MISSING_OR_INVALID_COUNTRY
TXN-0000104,Susan Jones,Books,621.02,3,1.7,NULL,2023-03-03 08:04:36,MISSING_OR_INVALID_COUNTRY
TXN-0004331,Sarah Jones,Home & Kitchen,1467.89,3,7.2,France,2023-06-22 23:19:57,RATING_OUT_OF_BOUNDS
TXN-0008475,James Garcia,Sports & Outdoors,1423.47,4,0.0,Canada,2023-01-25 07:37:01,RATING_OUT_OF_BOUNDS
TXN-0006277,Karen Smith,Home & Kitchen,112.5,8,0.0,India,2024-04-05 08:28:34,RATING_OUT_OF_BOUNDS
TXN-0011838,Mary Wilson,Apparel,-1311.59,2,3.0,Australia,2024-06-25 11:36:52,INVALID_PRICE_NON_POSITIVE
TXN-0012073,Patricia Hernandez,Home & Kitchen,860.03,3,Five,Germany,2023-03-02 14:04:43,MISSING_OR_UNPARSEABLE_RATING
TXN-0000851,Karen Rodriguez,Automotive,-1407.15,1,4.4,United States,2023-09-08 21:08:33,INVALID_PRICE_NON_POSITIVE
TXN-0001466,Robert Lee,Toys & Games,1173.88,4,N/A,Netherlands,2023-09-03 19:48:50,MISSING_OR_UNPARSEABLE_RATING
TXN-0012230,Elizabeth Smith,Books,,6,1.4,Japan,2023-08-07 06:28:17,MISSING_OR_UNPARSEABLE_PRICE
TXN-0003957,William Williams,Electronics,46.07,6,4.2,Australia,None,MISSING_OR_UNPARSEABLE_DATE
TXN-0007068,Joseph Jackson,Sports & Outdoors,887.15,4,1.0,,2023-04-04 04:09:32,MISSING_OR_INVALID_COUNTRY
TXN-0000124,Linda Jackson,Beauty & Personal Care,265.5,,1.5,United States,2023-11-23 23:16:24,MISSING_OR_UNPARSEABLE_QUANTITY
TXN-0004599,Richard Jones,Home & Kitchen,847.35,7,N/A,United States,2023-11-10 14:43:31,MISSING_OR_UNPARSEABLE_RATING
TXN-0007166,Patricia Moore,Beauty & Personal Care,-678.06,2,2.9,Australia,2023-01-19 04:06:48,INVALID_PRICE_NON_POSITIVE
TXN-0001638,Susan White,Electronics,1446.39,5,6.5,India,2024-08-10 00:38:26,RATING_OUT_OF_BOUNDS
TXN-0004287,Karen Gonzalez,Home & Kitchen,442.2,3,0.0,Australia,2024-12-31 17:24:38,RATING_OUT_OF_BOUNDS
TXN-0004644,Jennifer Martinez,Home & Kitchen,516.87,6,None,United States,2024-03-21 01:03:06,MISSING_OR_UNPARSEABLE_RATING
TXN-0011053,None,Beauty & Personal Care,261.04,5,4.0,United States,2023-03-09 12:50:27,MISSING_CUSTOMER_NAME
TXN-0000750,William Jones,Beauty & Personal Care,1074.93,,1.1,India,2024-12-04 02:41:58,MISSING_OR_UNPARSEABLE_QUANTITY
TXN-0008417,NULL,Books,252.56,7,4.6,United States,2023-11-23 21:16:43,MISSING_CUSTOMER_NAME
TXN-0002333,David Miller,Beauty & Personal Care,678.1,8,N/A,Japan,2024-11-15 22:36:44,MISSING_OR_UNPARSEABLE_RATING
TXN-0008881,Thomas Rodriguez,Beauty & Personal Care,-1343.03,2,4.8,Brazil,2024-08-15 10:37:08,INVALID_PRICE_NON_POSITIVE
TXN-0001867,David Garcia,Electronics,917.78,1,4.2,France,,MISSING_OR_UNPARSEABLE_DATE
TXN-0002737,Patricia Gonzalez,Beauty & Personal Care,426.34,2,6.5,Japan,2024-09-25 12:39:51,RATING_OUT_OF_BOUNDS
TXN-0002625,Richard Thomas,Apparel,159.37,8,N/A,France,2024-05-12 20:14:30,MISSING_OR_UNPARSEABLE_RATING
TXN-0001566,James Miller,Beauty & Personal Care,677.49,4,Five,Japan,2023-04-09 21:32:06,MISSING_OR_UNPARSEABLE_RATING
TXN-0004790,Jessica Miller,Sports & Outdoors,-179.09,6,4.0,Germany,2023-10-17 10:51:26,INVALID_PRICE_NON_POSITIVE
TXN-0004319,David Lee,Automotive,979.2,3,-1.0,Brazil,2024-09-03 02:26:16,RATING_OUT_OF_BOUNDS
TXN-0000262,Robert Gonzalez,Apparel,-478.43,2,1.4,Japan,2023-08-28 10:31:18,INVALID_PRICE_NON_POSITIVE
TXN-0009787,NULL,Beauty & Personal Care,1467.58,5,1.9,Brazil,2024-05-09 20:02:07,MISSING_CUSTOMER_NAME
TXN-0000527,William Johnson,Automotive,840.74,8,,India,2023-05-25 22:58:27,MISSING_OR_UNPARSEABLE_RATING
TXN-0004698,NULL,Apparel,841.79,2,5.0,India,2024-06-30 06:53:27,MISSING_CUSTOMER_NAME
TXN-0010881,Nancy Davis,Books,1340.86,7,Five,Brazil,2024-11-21 21:30:40,MISSING_OR_UNPARSEABLE_RATING
TXN-0003697,Barbara Brown,Books,604.9,NULL,4.2,Australia,2024-07-21 11:30:05,MISSING_OR_UNPARSEABLE_QUANTITY
TXN-0004051,Susan Moore,Sports & Outdoors,-850.68,7,4.7,United States,2023-07-05 14:58:18,INVALID_PRICE_NON_POSITIVE
TXN-0002231,John Lee,Apparel,1342.19,1,-1.0,Germany,2023-10-04 14:10:31,RATING_OUT_OF_BOUNDS
TXN-0007880,None,Toys & Games,933.9,1,1.2,Netherlands,2024-02-26 06:37:40,MISSING_CUSTOMER_NAME
TXN-0004443,Linda Thomas,Sports & Outdoors,None,8,1.3,Canada,2024-07-04 15:01:25,MISSING_OR_UNPARSEABLE_PRICE
TXN-0003883,Daniel Williams,Books,NULL,7,4.8,Australia,2024-12-10 19:43:21,MISSING_OR_UNPARSEABLE_PRICE
TXN-0009456,Daniel Johnson,Automotive,277.14,1,-1.0,India,2024-05-29 10:38:57,RATING_OUT_OF_BOUNDS
TXN-0007184,None,Apparel,1418.04,8,4.0,Germany,2023-01-25 23:42:19,MISSING_CUSTOMER_NAME
TXN-0005960,Richard Anderson,Apparel,21.2,7,0.0,France,2024-05-31 07:26:46,RATING_OUT_OF_BOUNDS
TXN-0002494,John Wilson,Automotive,477.47,1,NULL,Canada,2023-12-08 18:53:50,MISSING_OR_UNPARSEABLE_RATING
TXN-0010770,William Williams,Automotive,124.46,5,Five,Germany,2023-02-16 11:21:58,MISSING_OR_UNPARSEABLE_RATING
TXN-0007750,Robert Martinez,Beauty & Personal Care,1002.03,7,3.4,None,2024-03-29 19:18:46,MISSING_OR_INVALID_COUNTRY
TXN-0009995,Christopher Lee,Apparel,,1,3.6,India,2024-04-08 07:45:12,MISSING_OR_UNPARSEABLE_PRICE
TXN-0005211,Barbara Lee,Toys & Games,,3,1.9,India,2024-07-18 15:52:50,MISSING_OR_UNPARSEABLE_PRICE
TXN-0004269,William Miller,Books,-351.86,7,2.9,Australia,2024-06-08 16:28:44,INVALID_PRICE_NON_POSITIVE
TXN-0000804,Joseph Brown,Home & Kitchen,916.44,2,-1.0,Netherlands,2023-02-02 14:22:01,RATING_OUT_OF_BOUNDS
TXN-0005389,,Electronics,1010.47,6,3.4,France,2023-10-30 12:57:51,MISSING_CUSTOMER_NAME
TXN-0003942,Patricia Moore,Toys & Games,,2,1.7,India,2023-09-28 01:17:43,MISSING_OR_UNPARSEABLE_PRICE
TXN-0000916,Karen Anderson,Beauty & Personal Care,420.8,1,,United Kingdom,2023-11-19 06:10:24,MISSING_OR_UNPARSEABLE_RATING
TXN-0004090,Michael Jackson,Toys & Games,720.08,6,Five,India,2024-09-27 21:41:13,MISSING_OR_UNPARSEABLE_RATING
TXN-0000114,Richard Moore,Beauty & Personal Care,1187.07,1,N/A,Canada,2023-04-06 23:51:39,MISSING_OR_UNPARSEABLE_RATING
TXN-0001563,Jessica Miller,Books,720.02,,1.4,India,2023-10-29 06:11:18,MISSING_OR_UNPARSEABLE_QUANTITY
TXN-0011159,Robert Wilson,Books,1191.34,NULL,1.1,Germany,2023-03-01 11:33:49,MISSING_OR_UNPARSEABLE_QUANTITY
TXN-0000697,Elizabeth Garcia,Toys & Games,213.65,2,Five,Japan,2023-08-24 12:38:17,MISSING_OR_UNPARSEABLE_RATING
TXN-0003216,Barbara Perez,Automotive,1155.5,8,4.9,India,None,MISSING_OR_UNPARSEABLE_DATE
TXN-0004732,NULL,Toys & Games,477.39,1,3.7,United Kingdom,2023-10-25 17:35:28,MISSING_CUSTOMER_NAME
TXN-0010470,James Gonzalez,Apparel,739.31,1,4.9,None,2024-07-25 11:00:32,MISSING_OR_INVALID_COUNTRY
TXN-0004926,Christopher Miller,Electronics,1264.82,6,-1.0,Germany,2023-03-11 16:42:49,RATING_OUT_OF_BOUNDS
TXN-0004496,Mary Thompson,Home & Kitchen,-185.13,4,4.6,Netherlands,2023-05-08 03:15:02,INVALID_PRICE_NON_POSITIVE
TXN-0002643,Sarah Williams,Home & Kitchen,20.58,,3.3,Japan,2024-07-05 18:23:28,MISSING_OR_UNPARSEABLE_QUANTITY
TXN-0011822,Michael Davis,Apparel,,3,1.9,France,2024-08-08 12:06:27,MISSING_OR_UNPARSEABLE_PRICE
TXN-0003794,William Davis,Home & Kitchen,666.25,3,,India,2024-10-15 14:20:25,MISSING_OR_UNPARSEABLE_RATING
TXN-0006420,NULL,Sports & Outdoors,748.54,2,3.1,France,2024-12-07 19:06:49,MISSING_CUSTOMER_NAME
TXN-0003554,Sarah Lee,Beauty & Personal Care,1398.42,3,-1.0,Netherlands,2023-07-11 15:38:25,RATING_OUT_OF_BOUNDS
TXN-0002746,Jennifer Thomas,Toys & Games,890.83,,2.0,Japan,2023-02-24 02:02:29,MISSING_OR_UNPARSEABLE_QUANTITY
TXN-0004942,None,Beauty & Personal Care,599.42,4,1.1,Japan,2024-12-23 10:44:43,MISSING_CUSTOMER_NAME
TXN-0008587,Jennifer Thomas,Books,NULL,3,2.2,Australia,2023-08-20 13:03:08,MISSING_OR_UNPARSEABLE_PRICE
TXN-0010687,David Brown,Sports & Outdoors,1271.53,5,2.2,,2023-09-17 06:49:45,MISSING_OR_INVALID_COUNTRY
TXN-0010514,Elizabeth Davis,Home & Kitchen,,6,2.0,Netherlands,2023-06-24 04:36:14,MISSING_OR_UNPARSEABLE_PRICE
TXN-0000340,Michael Lee,Books,1193.3,7,7.2,Brazil,2023-10-06 22:20:05,RATING_OUT_OF_BOUNDS
TXN-0002402,John Taylor,Beauty & Personal Care,1121.08,1,N/A,Brazil,2023-04-26 20:24:29,MISSING_OR_UNPARSEABLE_RATING
TXN-0008312,James Thomas,Sports & Outdoors,-1135.41,4,4.4,Germany,2024-02-13 17:17:49,INVALID_PRICE_NON_POSITIVE
TXN-0006007,Barbara Johnson,Toys & Games,495.01,5,Five,Brazil,2024-01-29 05:12:16,MISSING_OR_UNPARSEABLE_RATING
TXN-0000147,Jennifer Lee,Automotive,1132.9,None,3.7,India,2024-11-16 02:34:09,MISSING_OR_UNPARSEABLE_QUANTITY
TXN-0009859,Thomas White,Toys & Games,606.1,,1.1,United Kingdom,2024-10-13 16:17:56,MISSING_OR_UNPARSEABLE_QUANTITY
TXN-0001564,Robert Perez,Apparel,,2,2.9,Brazil,2023-02-26 09:10:38,MISSING_OR_UNPARSEABLE_PRICE
TXN-0006382,Charles Jones,Sports & Outdoors,-998.16,8,3.9,Australia,2024-05-20 14:57:34,INVALID_PRICE_NON_POSITIVE
TXN-0007807,Linda Taylor,Electronics,592.58,8,1.2,,2024-10-22 15:34:47,MISSING_OR_INVALID_COUNTRY
TXN-0008978,Sarah Rodriguez,Electronics,1126.28,2,,United States,2023-06-09 00:27:36,MISSING_OR_UNPARSEABLE_RATING
TXN-0000098,Michael Thompson,Books,577.54,7,7.2,Netherlands,2024-08-01 10:18:36,RATING_OUT_OF_BOUNDS
TXN-0011379,Karen Rodriguez,Apparel,1334.45,1,3.3,United States,None,MISSING_OR_UNPARSEABLE_DATE
TXN-0011260,NULL,Home & Kitchen,366.09,3,4.1,Germany,2023-04-27 02:01:13,MISSING_CUSTOMER_NAME
TXN-0008413,James Moore,Books,1376.51,7,Five,Japan,2023-04-21 07:48:10,MISSING_OR_UNPARSEABLE_RATING
TXN-0003667,Jennifer Davis,Books,134.24,7,7.2,Japan,2023-09-21 21:26:49,RATING_OUT_OF_BOUNDS
TXN-0008007,William Hernandez,Sports & Outdoors,,3,3.3,Germany,2023-07-04 17:35:09,MISSING_OR_UNPARSEABLE_PRICE
TXN-0007401,Charles White,Home & Kitchen,-793.55,3,2.9,United Kingdom,2023-09-02 20:53:39,INVALID_PRICE_NON_POSITIVE
TXN-0007058,NULL,Sports & Outdoors,347.02,1,3.2,India,2023-11-16 06:57:53,MISSING_CUSTOMER_NAME
TXN-0000106,Elizabeth Perez,Apparel,665.39,6,5.0,None,2023-08-21 08:38:21,MISSING_OR_INVALID_COUNTRY
TXN-0011433,Christopher Thomas,Electronics,1296.43,,2.8,India,2024-10-04 03:54:06,MISSING_OR_UNPARSEABLE_QUANTITY
TXN-0001150,William Smith,Apparel,753.45,4,2.4,Australia,,MISSING_OR_UNPARSEABLE_DATE
TXN-0009451,Joseph Jones,Beauty & Personal Care,1390.25,3,0.0,Brazil,2023-01-01 16:28:04,RATING_OUT_OF_BOUNDS
TXN-0000309,Richard Martinez,Electronics,744.86,2,2.0,Germany,,MISSING_OR_UNPARSEABLE_DATE
TXN-0003032,David Anderson,Sports & Outdoors,-569.43,6,3.8,France,2023-05-21 11:32:22,INVALID_PRICE_NON_POSITIVE
TXN-0002234,Jessica Thompson,Sports & Outdoors,1432.35,3,1.6,,2023-08-04 04:32:46,MISSING_OR_INVALID_COUNTRY
TXN-0009532,Karen Williams,Electronics,1238.51,5,N/A,India,2023-03-02 02:34:17,MISSING_OR_UNPARSEABLE_RATING
TXN-0002437,Daniel Gonzalez,Toys & Games,-1498.6,3,1.9,United Kingdom,2023-01-30 20:34:49,INVALID_PRICE_NON_POSITIVE
TXN-0007309,Charles Jackson,Sports & Outdoors,1470.73,,2.1,Netherlands,2024-07-05 04:16:57,MISSING_OR_UNPARSEABLE_QUANTITY
TXN-0006704,Richard Gonzalez,Apparel,1006.36,6,None,Australia,2024-01-01 17:25:49,MISSING_OR_UNPARSEABLE_RATING
TXN-0004455,Sarah Martinez,Sports & Outdoors,-818.97,4,3.2,Netherlands,2023-06-03 06:43:39,INVALID_PRICE_NON_POSITIVE
TXN-0002305,,Automotive,1257.06,1,2.8,Australia,2023-11-22 14:55:35,MISSING_CUSTOMER_NAME
TXN-0007258,Robert Martin,Sports & Outdoors,,4,2.3,Netherlands,2024-09-25 10:34:31,MISSING_OR_UNPARSEABLE_PRICE
TXN-0011970,Susan Moore,Electronics,-1451.82,7,4.1,Brazil,2023-06-15 11:38:59,INVALID_PRICE_NON_POSITIVE
TXN-0007333,,Books,1432.73,3,1.5,Brazil,2024-12-18 19:32:55,MISSING_CUSTOMER_NAME
TXN-0006562,Lisa Anderson,Books,1297.7,6,Five,Brazil,2024-07-10 23:22:49,MISSING_OR_UNPARSEABLE_RATING
TXN-0011612,Thomas Lee,Home & Kitchen,863.12,8,7.2,Brazil,2024-11-10 03:46:23,RATING_OUT_OF_BOUNDS
TXN-0005815,Jessica Smith,Home & Kitchen,1034.7,1,3.8,Brazil,NULL,MISSING_OR_UNPARSEABLE_DATE
TXN-0006822,NULL,Automotive,960.49,1,2.1,Canada,2023-09-11 04:30:36,MISSING_CUSTOMER_NAME
TXN-0006179,Lisa Hernandez,Automotive,1345.41,1,,France,2024-09-07 11:17:08,MISSING_OR_UNPARSEABLE_RATING
TXN-0004480,Elizabeth White,Automotive,259.74,7,1.1,Australia,NULL,MISSING_OR_UNPARSEABLE_DATE
TXN-0005577,Barbara Taylor,Automotive,1100.03,6,0.0,Netherlands,2024-03-27 06:09:21,RATING_OUT_OF_BOUNDS
TXN-0003328,Susan White,Beauty & Personal Care,182.65,2,4.9,NULL,2023-11-15 03:18:06,MISSING_OR_INVALID_COUNTRY
TXN-0002303,Karen Johnson,Books,172.37,7,1.4,India,,MISSING_OR_UNPARSEABLE_DATE
TXN-0001542,Nancy Garcia,Books,-736.32,6,3.9,Australia,2024-09-10 23:32:05,INVALID_PRICE_NON_POSITIVE
TXN-0009828,Susan Brown,Home & Kitchen,917.68,6,2.0,NULL,2023-02-24 17:51:53,MISSING_OR_INVALID_COUNTRY
TXN-0001909,Jennifer Garcia,Home & Kitchen,232.47,3,7.2,United Kingdom,2024-09-11 23:22:31,RATING_OUT_OF_BOUNDS
TXN-0005233,Lisa Martin,Automotive,1018.92,7,0.0,France,2023-01-31 19:28:17,RATING_OUT_OF_BOUNDS
TXN-0009500,Charles Thompson,Home & Kitchen,-269.99,4,3.0,Netherlands,2024-03-25 15:58:35,INVALID_PRICE_NON_POSITIVE
TXN-0010855,Jessica Thomas,Books,644.78,8,7.2,Brazil,2023-12-27 12:24:51,RATING_OUT_OF_BOUNDS
TXN-0003751,Linda Williams,Beauty & Personal Care,,2,3.9,Netherlands,2024-06-13 11:39:45,MISSING_OR_UNPARSEABLE_PRICE
TXN-0006427,Barbara Jackson,Apparel,31.61,7,N/A,Australia,2023-06-26 06:04:34,MISSING_OR_UNPARSEABLE_RATING
TXN-0002601,Jessica Martinez,Books,539.61,2,2.0,United Kingdom,,MISSING_OR_UNPARSEABLE_DATE
TXN-0011411,Richard Martinez,Electronics,,3,1.6,Netherlands,2023-08-28 13:49:53,MISSING_OR_UNPARSEABLE_PRICE
TXN-0005908,Nancy White,Sports & Outdoors,922.97,2,0.0,Japan,2024-07-08 19:13:14,RATING_OUT_OF_BOUNDS
TXN-0005439,,Automotive,462.14,8,3.0,United Kingdom,2024-10-13 16:16:04,MISSING_CUSTOMER_NAME
TXN-0004624,,Apparel,222.76,4,3.5,Japan,2023-01-04 03:48:58,MISSING_CUSTOMER_NAME
TXN-0012201,Christopher Jones,Electronics,,4,3.7,Netherlands,2024-12-18 02:12:08,MISSING_OR_UNPARSEABLE_PRICE
TXN-0004392,Jessica Lopez,Sports & Outdoors,963.12,7,4.1,,2023-10-08 09:40:07,MISSING_OR_INVALID_COUNTRY
TXN-0007253,John Williams,Books,NULL,3,1.1,India,2024-05-29 01:50:17,MISSING_OR_UNPARSEABLE_PRICE
TXN-0010080,Jessica Lopez,Apparel,,4,2.5,Australia,2023-08-09 10:03:13,MISSING_OR_UNPARSEABLE_PRICE
TXN-0011400,Thomas Brown,Apparel,695.63,5,1.9,India,NULL,MISSING_OR_UNPARSEABLE_DATE
TXN-0004175,Joseph Johnson,Sports & Outdoors,1429.38,1,0.0,Netherlands,2023-11-20 21:38:55,RATING_OUT_OF_BOUNDS
TXN-0002790,Mary Smith,Apparel,408.31,3,3.1,None,2023-12-14 08:31:08,MISSING_OR_INVALID_COUNTRY
TXN-0008619,Elizabeth White,Sports & Outdoors,1288.67,None,3.3,Netherlands,2024-06-24 22:19:30,MISSING_OR_UNPARSEABLE_QUANTITY
TXN-0006407,Patricia Rodriguez,Electronics,915.95,,4.9,United Kingdom,2023-02-09 08:12:57,MISSING_OR_UNPARSEABLE_QUANTITY
TXN-0004802,Michael Williams,Home & Kitchen,-770.22,6,3.4,Japan,2023-11-11 04:53:30,INVALID_PRICE_NON_POSITIVE
TXN-0000049,Joseph Anderson,Automotive,769.21,3,N/A,Germany,2023-08-09 10:09:43,MISSING_OR_UNPARSEABLE_RATING
TXN-0006305,Susan Hernandez,Toys & Games,1380.8,2,,Netherlands,2024-01-08 12:58:48,MISSING_OR_UNPARSEABLE_RATING
TXN-0002969,Richard Thompson,Beauty & Personal Care,1078.44,None,2.0,United States,2023-03-06 19:16:38,MISSING_OR_UNPARSEABLE_QUANTITY
TXN-0009036,Nancy Jones,Apparel,NULL,5,3.1,Brazil,2023-08-16 14:05:56,MISSING_OR_UNPARSEABLE_PRICE
TXN-0005617,William Martin,Toys & Games,1002.01,4,4.7,United States,None,MISSING_OR_UNPARSEABLE_DATE
TXN-0003503,James Gonzalez,Electronics,1021.76,6,7.2,Netherlands,2024-12-09 03:43:57,RATING_OUT_OF_BOUNDS
TXN-0011080,,Apparel,171.39,8,1.5,United States,2024-05-27 12:02:50,MISSING_CUSTOMER_NAME
TXN-0002733,Thomas Thompson,Electronics,1317.27,4,N/A,Brazil,2024-07-23 22:03:40,MISSING_OR_UNPARSEABLE_RATING
TXN-0003109,Joseph Martinez,Apparel,864.94,4,,United Kingdom,2024-08-14 14:21:01,MISSING_OR_UNPARSEABLE_RATING
TXN-0002656,John Hernandez,Books,-81.84,7,4.9,Australia,2023-05-25 02:49:48,INVALID_PRICE_NON_POSITIVE
TXN-0006882,Nancy Gonzalez,Beauty & Personal Care,1457.62,NULL,4.9,Brazil,2023-02-24 14:47:21,MISSING_OR_UNPARSEABLE_QUANTITY
TXN-0010142,Lisa Williams,Sports & Outdoors,-1183.21,1,4.3,Canada,2023-07-18 11:26:27,INVALID_PRICE_NON_POSITIVE
TXN-0001960,Mary Williams,Home & Kitchen,560.84,1,0.0,Netherlands,2024-10-17 10:19:37,RATING_OUT_OF_BOUNDS
TXN-0003190,Richard Anderson,Electronics,13.77,6,-1.0,Japan,2023-03-20 15:46:30,RATING_OUT_OF_BOUNDS
TXN-0000987,Thomas Davis,Apparel,-553.74,3,3.1,Canada,2023-02-09 12:58:01,INVALID_PRICE_NON_POSITIVE
TXN-0000684,James Martinez,Books,37.94,4,4.3,None,2024-02-08 14:25:40,MISSING_OR_INVALID_COUNTRY
TXN-0002342,Richard Miller,Automotive,NULL,1,4.8,United States,2023-08-15 04:27:36,MISSING_OR_UNPARSEABLE_PRICE
TXN-0004161,William Perez,Automotive,,1,4.3,Canada,2023-04-02 14:09:32,MISSING_OR_UNPARSEABLE_PRICE
TXN-0002447,Charles Thomas,Beauty & Personal Care,1352.19,8,1.5,None,2024-04-04 09:10:46,MISSING_OR_INVALID_COUNTRY
TXN-0011622,None,Home & Kitchen,73.45,6,3.5,Netherlands,2024-10-20 18:26:51,MISSING_CUSTOMER_NAME
TXN-0009482,Jessica Brown,Books,$480.65,4,4.7,,2024-12-31,MISSING_OR_INVALID_COUNTRY
TXN-0010849,John Hernandez,Books,472.77,7,6.5,United States,2024-01-08 19:12:34,RATING_OUT_OF_BOUNDS
TXN-0001487,Christopher Taylor,Books,$115.33,8,N/A,India,2024-12-31,MISSING_OR_UNPARSEABLE_RATING
TXN-0007937,Charles Miller,Toys & Games,394.09,3,,United States,2024-12-25 15:09:45,MISSING_OR_UNPARSEABLE_RATING
TXN-0003887,Robert Wilson,Beauty & Personal Care,730.44,8,1.8,Canada,,MISSING_OR_UNPARSEABLE_DATE
TXN-0012247,Karen Hernandez,Automotive,-932.11,3,2.4,Japan,2023-10-20 16:35:00,INVALID_PRICE_NON_POSITIVE
TXN-0006071,Susan Lee,Sports & Outdoors,75.96,2,N/A,United Kingdom,2023-03-14 13:42:13,MISSING_OR_UNPARSEABLE_RATING
TXN-0004571,Christopher Martinez,Home & Kitchen,1473.45,1,2.7,United States,None,MISSING_OR_UNPARSEABLE_DATE
TXN-0002540,William White,Home & Kitchen,407.33,1,3.3,Germany,,MISSING_OR_UNPARSEABLE_DATE
TXN-0000573,John White,Home & Kitchen,1169.2,3,-1.0,United Kingdom,2023-09-09 05:44:55,RATING_OUT_OF_BOUNDS
TXN-0008029,James Gonzalez,Books,492.11,6,2.7,,2024-06-18 12:39:53,MISSING_OR_INVALID_COUNTRY
TXN-0005727,Thomas Gonzalez,Books,320.06,4,-1.0,India,2024-11-14 03:56:46,RATING_OUT_OF_BOUNDS
TXN-0003776,NULL,Books,723.17,2,1.5,Brazil,2023-06-15 12:09:27,MISSING_CUSTOMER_NAME
TXN-0010392,James Anderson,Home & Kitchen,45.31,6,-1.0,Brazil,2024-03-31 10:37:35,RATING_OUT_OF_BOUNDS
TXN-0006479,James Johnson,TOYS & GAMES,$351.71,3,3.8,Australia,2024-12-31,DUPLICATE_TRANSACTION_ID
TXN-0003299,Jessica Martinez,Electronics,-343.0,7,4.9,France,2024-03-25 16:59:27,INVALID_PRICE_NON_POSITIVE
TXN-0004581,John Anderson,Automotive,25.12,,1.5,Australia,2024-11-03 05:13:03,MISSING_OR_UNPARSEABLE_QUANTITY
TXN-0006983,Karen Lee,Home & Kitchen,-524.95,4,3.9,Canada,2024-09-24 03:29:58,INVALID_PRICE_NON_POSITIVE
TXN-0005674,Jennifer Thomas,Sports & Outdoors,,5,2.8,India,2024-10-07 00:30:29,MISSING_OR_UNPARSEABLE_PRICE
TXN-0006092,Daniel Gonzalez,Apparel,1313.94,3,0.0,India,2024-09-27 09:01:37,RATING_OUT_OF_BOUNDS
TXN-0004057,Susan White,Books,859.62,4,0.0,Canada,2023-05-06 20:34:34,RATING_OUT_OF_BOUNDS
TXN-0012235,Susan Lee,Automotive,79.23,8,0.0,Canada,2023-04-06 18:52:02,RATING_OUT_OF_BOUNDS
TXN-0008202,Karen Jackson,Electronics,-472.54,8,1.3,Netherlands,2024-06-19 12:25:03,INVALID_PRICE_NON_POSITIVE
TXN-0004436,Patricia Williams,Beauty & Personal Care,57.67,7,Five,France,2024-01-15 00:22:40,MISSING_OR_UNPARSEABLE_RATING
TXN-0007940,Linda Martinez,Apparel,888.38,2,1.6,Australia,None,MISSING_OR_UNPARSEABLE_DATE
TXN-0010520,Christopher Lopez,Books,1098.41,2,6.5,Germany,2024-04-01 16:37:27,RATING_OUT_OF_BOUNDS
TXN-0007140,David White,Home & Kitchen,451.95,4,3.8,Japan,NULL,MISSING_OR_UNPARSEABLE_DATE
TXN-0010268,Jessica Gonzalez,Home & Kitchen,527.79,4,1.6,,2023-05-21 20:45:05,MISSING_OR_INVALID_COUNTRY
TXN-0005732,Michael Perez,Electronics,694.12,7,1.2,United Kingdom,None,MISSING_OR_UNPARSEABLE_DATE
TXN-0001460,Susan Thompson,Books,-191.91,6,1.8,Japan,2023-11-12 04:31:04,INVALID_PRICE_NON_POSITIVE
TXN-0003708,Charles Garcia,Apparel,870.62,2,6.5,United Kingdom,2023-12-24 08:42:00,RATING_OUT_OF_BOUNDS
TXN-0010153,John Hernandez,TOYS & GAMES,1345.25,5,4.5,Netherlands,2023-03-05 18:25:18,DUPLICATE_TRANSACTION_ID
TXN-0005344,Joseph Garcia,Electronics,1498.83,6,N/A,Australia,2024-01-10 01:22:07,MISSING_OR_UNPARSEABLE_RATING
TXN-0002641,Jessica Perez,Books,802.55,None,2.1,France,2024-10-03 04:53:37,MISSING_OR_UNPARSEABLE_QUANTITY
TXN-0001247,Michael Rodriguez,Sports & Outdoors,-878.78,5,2.5,Japan,2024-08-18 17:42:29,INVALID_PRICE_NON_POSITIVE
TXN-0007885,Susan Thompson,Beauty & Personal Care,439.63,7,N/A,Netherlands,2024-03-08 15:37:45,MISSING_OR_UNPARSEABLE_RATING
TXN-0005375,Barbara Perez,Beauty & Personal Care,-731.72,1,2.3,India,2024-03-11 12:53:15,INVALID_PRICE_NON_POSITIVE
TXN-0005695,Robert Anderson,Apparel,314.06,8,,United Kingdom,2023-11-28 10:38:02,MISSING_OR_UNPARSEABLE_RATING
TXN-0003408,David Perez,Automotive,$16.03,4,2.0,United States,2024-12-31,DUPLICATE_TRANSACTION_ID
TXN-0001185,Jennifer Anderson,Automotive,662.66,8,Five,United States,2023-10-06 15:05:36,MISSING_OR_UNPARSEABLE_RATING
TXN-0004577,Patricia Martin,Beauty & Personal Care,495.96,8,0.0,India,2024-02-26 01:46:23,RATING_OUT_OF_BOUNDS
TXN-0009113,Charles Martinez,sports & outdoors,$293.42,8,2.1,India,2024-12-31,DUPLICATE_TRANSACTION_ID
TXN-0009034,James Brown,Books,1442.95,6,3.4,None,2024-12-25 01:03:56,MISSING_OR_INVALID_COUNTRY
TXN-0001629,NULL,Books,694.62,3,1.1,Germany,2023-02-15 15:08:37,MISSING_CUSTOMER_NAME
TXN-0010724,,Apparel,327.53,7,4.2,Brazil,2023-07-14 20:21:59,MISSING_CUSTOMER_NAME
TXN-0009433,John Martin,Toys & Games,1214.94,1,1.5,Netherlands,,MISSING_OR_UNPARSEABLE_DATE
TXN-0006108,,Books,228.92,7,4.5,Netherlands,2024-01-28 14:04:07,MISSING_CUSTOMER_NAME
TXN-0000819,Daniel Jackson,Apparel,781.9,4,,Japan,2024-02-06 03:21:35,MISSING_OR_UNPARSEABLE_RATING
TXN-0011033,David Martinez,Electronics,679.96,NULL,2.4,Canada,2024-03-16 13:43:41,MISSING_OR_UNPARSEABLE_QUANTITY
TXN-0008552,David Gonzalez,Apparel,1198.05,3,2.9,United States,None,MISSING_OR_UNPARSEABLE_DATE
TXN-0002774,Susan Wilson,Home & Kitchen,1156.62,7,1.7,Germany,,MISSING_OR_UNPARSEABLE_DATE
TXN-0011916,Lisa Thompson,Home & Kitchen,336.47,8,4.8,India,NULL,MISSING_OR_UNPARSEABLE_DATE
TXN-0000456,Sarah Thomas,Apparel,591.79,5,7.2,Australia,2024-01-25 05:36:46,RATING_OUT_OF_BOUNDS
TXN-0000681,Jessica Thompson,Sports & Outdoors,933.32,2,0.0,India,2024-11-17 14:33:45,RATING_OUT_OF_BOUNDS
TXN-0003726,John White,Apparel,1369.38,3,7.2,United States,2023-03-24 20:55:17,RATING_OUT_OF_BOUNDS
TXN-0009095,Susan Martinez,Books,538.25,7,2.2,United Kingdom,,MISSING_OR_UNPARSEABLE_DATE
TXN-0005315,John Wilson,Home & Kitchen,1239.92,6,0.0,Japan,2023-06-25 22:34:45,RATING_OUT_OF_BOUNDS
TXN-0010835,Joseph Lopez,Electronics,-1202.27,8,1.2,Australia,2024-11-24 01:59:09,INVALID_PRICE_NON_POSITIVE
TXN-0001879,Jennifer Taylor,Automotive,409.27,3,3.4,Netherlands,NULL,MISSING_OR_UNPARSEABLE_DATE
TXN-0011792,Barbara Anderson,Books,-480.11,7,3.0,India,2023-07-29 16:51:48,INVALID_PRICE_NON_POSITIVE
TXN-0007001,Daniel Davis,Beauty & Personal Care,380.38,5,NULL,United States,2024-06-03 05:23:41,MISSING_OR_UNPARSEABLE_RATING
TXN-0003782,Jennifer Anderson,Home & Kitchen,477.72,1,7.2,Netherlands,2023-06-27 00:26:03,RATING_OUT_OF_BOUNDS
TXN-0003103,Jessica Jackson,Toys & Games,941.59,1,3.3,None,2023-01-08 08:47:24,MISSING_OR_INVALID_COUNTRY
TXN-0000190,Christopher Moore,Sports & Outdoors,939.41,2,3.0,United Kingdom,NULL,MISSING_OR_UNPARSEABLE_DATE
TXN-0001405,Barbara Martin,Books,1243.88,2,,Australia,2023-03-12 05:47:01,MISSING_OR_UNPARSEABLE_RATING
TXN-0006837,Nancy Thompson,Electronics,582.04,8,Five,United Kingdom,2024-06-12 19:40:48,MISSING_OR_UNPARSEABLE_RATING
TXN-0008746,Robert Smith,Home & Kitchen,1114.17,3,4.0,Germany,None,MISSING_OR_UNPARSEABLE_DATE
TXN-0003453,Robert Taylor,Books,61.83,8,N/A,Netherlands,2024-04-16 14:49:10,MISSING_OR_UNPARSEABLE_RATING
TXN-0007173,Jennifer Wilson,Books,1341.27,NULL,3.3,Netherlands,2024-06-25 01:21:06,MISSING_OR_UNPARSEABLE_QUANTITY
TXN-0006681,None,Apparel,189.22,5,2.4,Canada,2024-08-07 08:45:52,MISSING_CUSTOMER_NAME
TXN-0011063,Richard White,Electronics,311.43,5,6.5,Canada,2024-08-01 14:59:25,RATING_OUT_OF_BOUNDS
TXN-0002694,Richard Davis,Apparel,1128.53,4,1.5,Australia,,MISSING_OR_UNPARSEABLE_DATE
TXN-0003031,John Brown,Automotive,853.58,3,,Brazil,2024-09-21 03:43:03,MISSING_OR_UNPARSEABLE_RATING
TXN-0004723,Charles Jackson,Automotive,789.9,6,2.0,United States,,MISSING_OR_UNPARSEABLE_DATE
TXN-0008607,Nancy Smith,Electronics,378.21,1,-1.0,United Kingdom,2024-05-21 08:17:05,RATING_OUT_OF_BOUNDS
TXN-0011528,Susan White,Toys & Games,831.45,2,,Canada,2023-09-19 04:45:56,MISSING_OR_UNPARSEABLE_RATING
TXN-0005726,Karen Thompson,Electronics,217.32,2,6.5,United States,2023-03-29 19:56:13,RATING_OUT_OF_BOUNDS
TXN-0008463,David Thomas,Electronics,726.97,1,-1.0,United Kingdom,2023-06-30 13:15:25,RATING_OUT_OF_BOUNDS
TXN-0001061,Nancy Wilson,Sports & Outdoors,-955.35,2,1.6,France,2023-08-01 17:57:54,INVALID_PRICE_NON_POSITIVE
TXN-0002657,Sarah Rodriguez,Beauty & Personal Care,254.99,6,6.5,Australia,2024-05-24 12:30:12,RATING_OUT_OF_BOUNDS
TXN-0006314,Barbara Wilson,Apparel,-328.17,5,3.7,Netherlands,2023-09-10 14:16:46,INVALID_PRICE_NON_POSITIVE
TXN-0011532,None,Sports & Outdoors,1116.13,3,1.8,Netherlands,2024-06-30 05:04:31,MISSING_CUSTOMER_NAME
TXN-0001441,Lisa Taylor,Apparel,559.38,1,-1.0,Brazil,2023-03-18 14:58:58,RATING_OUT_OF_BOUNDS
TXN-0000528,William Martin,Apparel,799.05,8,2.2,,2023-07-24 13:11:10,MISSING_OR_INVALID_COUNTRY
TXN-0004115,,Apparel,213.55,7,3.6,Australia,2024-04-13 18:52:12,MISSING_CUSTOMER_NAME
TXN-0003620,,Automotive,1278.03,4,2.9,United Kingdom,2024-01-01 00:15:49,MISSING_CUSTOMER_NAME
TXN-0011537,Daniel Davis,Toys & Games,1215.25,2,1.4,,2024-01-24 05:53:16,MISSING_OR_INVALID_COUNTRY
TXN-0004867,,Toys & Games,612.47,8,3.9,United Kingdom,2024-10-22 20:56:12,MISSING_CUSTOMER_NAME
TXN-0011294,Barbara Rodriguez,Books,972.45,1,-1.0,Brazil,2024-10-09 08:21:42,RATING_OUT_OF_BOUNDS
TXN-0000222,Elizabeth Jackson,Electronics,982.26,4,-1.0,France,2023-04-02 19:52:15,RATING_OUT_OF_BOUNDS
TXN-0009105,Susan Wilson,Beauty & Personal Care,-737.79,6,3.9,United Kingdom,2024-05-19 08:44:04,INVALID_PRICE_NON_POSITIVE
TXN-0010398,David Anderson,Home & Kitchen,1012.7,6,Five,Brazil,2023-06-09 01:26:38,MISSING_OR_UNPARSEABLE_RATING
TXN-0009210,Lisa Taylor,Beauty & Personal Care,1281.67,3,0.0,Australia,2024-06-12 14:00:37,RATING_OUT_OF_BOUNDS
TXN-0008038,None,Sports & Outdoors,1456.38,7,4.0,Netherlands,2024-04-19 10:20:47,MISSING_CUSTOMER_NAME
TXN-0004277,Jessica Miller,Beauty & Personal Care,714.45,2,Five,United States,2024-05-28 13:24:24,MISSING_OR_UNPARSEABLE_RATING
TXN-0011404,Daniel Brown,Apparel,1302.92,7,7.2,France,2023-01-06 14:16:50,RATING_OUT_OF_BOUNDS
TXN-0007609,Patricia White,Apparel,848.3,7,N/A,United States,2024-12-14 09:24:18,MISSING_OR_UNPARSEABLE_RATING
TXN-0010076,Mary Jackson,Apparel,1312.45,4,N/A,United States,2024-12-31 08:27:36,MISSING_OR_UNPARSEABLE_RATING
TXN-0007944,Thomas Jones,Apparel,1134.56,1,1.7,France,None,MISSING_OR_UNPARSEABLE_DATE
TXN-0010896,Charles Moore,Books,-1040.33,5,2.3,Canada,2024-06-25 13:06:40,INVALID_PRICE_NON_POSITIVE
TXN-0011873,Thomas Martinez,Automotive,1479.71,2,N/A,Netherlands,2023-05-06 23:02:19,MISSING_OR_UNPARSEABLE_RATING
TXN-0004486,Patricia Lee,Electronics,1166.46,3,3.8,,2023-04-05 11:31:43,MISSING_OR_INVALID_COUNTRY
TXN-0010526,Lisa Thomas,Home & Kitchen,-1477.65,1,3.3,India,2024-02-20 12:33:14,INVALID_PRICE_NON_POSITIVE
TXN-0008891,Jennifer Wilson,Apparel,924.04,4,2.5,None,2023-03-31 07:56:39,MISSING_OR_INVALID_COUNTRY
TXN-0006731,Susan Thomas,Home & Kitchen,$154.63,7,2.9,,2024-12-31,MISSING_OR_INVALID_COUNTRY
TXN-0000609,Sarah Anderson,Toys & Games,-623.1,4,3.2,Netherlands,2024-01-10 16:06:55,INVALID_PRICE_NON_POSITIVE
TXN-0002806,Jennifer White,Electronics,,5,1.7,United States,2024-08-11 21:05:41,MISSING_OR_UNPARSEABLE_PRICE
TXN-0012401,Linda Wilson,Sports & Outdoors,-657.35,3,2.8,India,2024-08-05 22:28:23,INVALID_PRICE_NON_POSITIVE
TXN-0009463,David Johnson,Apparel,1154.49,3,0.0,Japan,2024-11-07 15:17:00,RATING_OUT_OF_BOUNDS
TXN-0000280,Linda Gonzalez,Apparel,,7,2.6,United Kingdom,2024-07-26 17:54:55,MISSING_OR_UNPARSEABLE_PRICE
TXN-0008232,Robert Davis,Beauty & Personal Care,1417.23,None,4.9,Australia,2024-12-19 23:39:21,MISSING_OR_UNPARSEABLE_QUANTITY
TXN-0007826,Robert Rodriguez,Sports & Outdoors,521.97,4,4.2,NULL,2024-10-11 13:31:08,MISSING_OR_INVALID_COUNTRY
TXN-0007317,Patricia Hernandez,Home & Kitchen,$442.3,None,3.6,Australia,2024-12-31,MISSING_OR_UNPARSEABLE_QUANTITY
TXN-0006721,Joseph Gonzalez,Beauty & Personal Care,-798.38,6,3.9,India,2023-02-27 03:06:41,INVALID_PRICE_NON_POSITIVE
TXN-0010050,Charles Moore,Sports & Outdoors,953.46,1,Five,India,2023-02-17 10:08:35,MISSING_OR_UNPARSEABLE_RATING
TXN-0007823,James Moore,Automotive,627.39,1,-1.0,Canada,2023-03-27 07:04:03,RATING_OUT_OF_BOUNDS
TXN-0008993,Joseph Hernandez,Books,-577.41,8,3.5,Canada,2023-02-03 04:25:42,INVALID_PRICE_NON_POSITIVE
TXN-0000663,Joseph Johnson,Home & Kitchen,1387.67,3,0.0,United States,2023-01-23 13:48:54,RATING_OUT_OF_BOUNDS
TXN-0003072,Michael Martin,Books,423.48,1,4.1,France,2024-09-24 13:25:46,DUPLICATE_TRANSACTION_ID
TXN-0003799,David Rodriguez,Home & Kitchen,-174.75,1,3.6,Canada,2023-01-22 13:37:56,INVALID_PRICE_NON_POSITIVE
TXN-0007701,Christopher Rodriguez,Automotive,1230.68,6,,Australia,2024-08-23 07:08:40,MISSING_OR_UNPARSEABLE_RATING
TXN-0011986,Jessica Martinez,Books,1266.08,,2.4,Australia,2023-06-21 23:07:29,MISSING_OR_UNPARSEABLE_QUANTITY
TXN-0006912,Michael White,Books,,7,1.4,Germany,2024-11-26 23:31:26,MISSING_OR_UNPARSEABLE_PRICE
TXN-0006807,Karen White,Toys & Games,1036.32,7,None,United Kingdom,2024-02-28 04:11:58,MISSING_OR_UNPARSEABLE_RATING
TXN-0011981,Mary Wilson,Apparel,None,3,3.2,India,2024-03-12 14:41:51,MISSING_OR_UNPARSEABLE_PRICE
TXN-0002863,None,Sports & Outdoors,718.21,5,3.3,Netherlands,2023-12-15 14:09:29,MISSING_CUSTOMER_NAME
TXN-0007405,Joseph Williams,Toys & Games,1152.24,8,N/A,United Kingdom,2023-07-21 11:47:10,MISSING_OR_UNPARSEABLE_RATING
TXN-0006518,Daniel Taylor,Automotive,105.53,5,0.0,United States,2024-12-21 19:54:23,RATING_OUT_OF_BOUNDS
TXN-0009243,James Thomas,Home & Kitchen,629.63,,4.1,Germany,2024-06-11 05:56:18,MISSING_OR_UNPARSEABLE_QUANTITY
TXN-0002451,Robert Smith,Home & Kitchen,-990.03,4,3.5,India,2023-01-03 03:47:18,INVALID_PRICE_NON_POSITIVE
TXN-0005696,William Miller,Apparel,1336.46,6,6.5,Japan,2023-07-22 05:34:25,RATING_OUT_OF_BOUNDS
TXN-0003783,Joseph Smith,Apparel,1109.63,2,N/A,United States,2023-06-03 04:26:38,MISSING_OR_UNPARSEABLE_RATING
TXN-0012409,Thomas Brown,Books,1323.66,2,-1.0,India,2024-03-20 14:20:49,RATING_OUT_OF_BOUNDS
TXN-0000663,Joseph Johnson,Home & Kitchen,$174.68,3,0.0,United States,2024-12-31,RATING_OUT_OF_BOUNDS
TXN-0003067,,Apparel,106.18,3,4.7,Japan,2024-08-30 05:34:48,MISSING_CUSTOMER_NAME
TXN-0000651,Robert White,Books,60.13,3,Five,Canada,2023-01-15 19:21:36,MISSING_OR_UNPARSEABLE_RATING
TXN-0000389,Charles Martin,Home & Kitchen,1334.69,2,4.5,,2023-10-24 10:49:47,MISSING_OR_INVALID_COUNTRY
TXN-0007118,Sarah Hernandez,Books,886.87,4,N/A,Australia,2024-12-20 08:55:00,MISSING_OR_UNPARSEABLE_RATING
TXN-0008005,Richard Rodriguez,Electronics,,5,4.4,India,2024-12-21 21:47:10,MISSING_OR_UNPARSEABLE_PRICE
TXN-0005787,Jessica Smith,Beauty & Personal Care,1069.33,5,-1.0,India,2023-07-08 15:57:53,RATING_OUT_OF_BOUNDS
TXN-0000682,Richard Garcia,Sports & Outdoors,168.5,5,-1.0,Canada,2023-04-25 22:03:47,RATING_OUT_OF_BOUNDS
TXN-0002245,Lisa Wilson,Home & Kitchen,170.88,3,0.0,India,2023-02-23 03:07:05,RATING_OUT_OF_BOUNDS
TXN-0000490,Karen Lopez,Apparel,184.22,2,0.0,Canada,2024-05-30 07:07:16,RATING_OUT_OF_BOUNDS
TXN-0009998,NULL,Automotive,408.04,5,1.2,India,2023-03-03 15:38:24,MISSING_CUSTOMER_NAME
TXN-0007462,Patricia Hernandez,Apparel,,3,4.3,Canada,2024-08-02 06:13:36,MISSING_OR_UNPARSEABLE_PRICE
TXN-0004104,Richard Garcia,Beauty & Personal Care,1341.89,5,1.1,NULL,2023-06-15 00:24:02,MISSING_OR_INVALID_COUNTRY
TXN-0000205,Charles Martinez,Electronics,714.51,4,Five,Netherlands,2024-03-29 05:39:44,MISSING_OR_UNPARSEABLE_RATING
TXN-0008557,Jessica Gonzalez,Electronics,900.62,8,2.6,,2024-04-07 08:13:37,MISSING_OR_INVALID_COUNTRY
TXN-0010077,Jessica Hernandez,Books,NULL,5,4.3,Canada,2024-07-25 10:16:27,MISSING_OR_UNPARSEABLE_PRICE
TXN-0000763,Robert Smith,Sports & Outdoors,357.05,,4.6,France,2023-10-15 02:32:48,MISSING_OR_UNPARSEABLE_QUANTITY
TXN-0005598,Thomas Wilson,Apparel,665.34,6,N/A,Germany,2023-12-15 09:41:25,MISSING_OR_UNPARSEABLE_RATING
TXN-0008932,Patricia Jackson,Home & Kitchen,1173.15,5,,Canada,2024-07-07 22:24:08,MISSING_OR_UNPARSEABLE_RATING
TXN-0003803,Nancy Martin,Sports & Outdoors,1103.16,7,None,France,2023-03-08 05:34:08,MISSING_OR_UNPARSEABLE_RATING
TXN-0010804,Jennifer Brown,Toys & Games,$295.61,1,2.8,,2024-12-31,MISSING_OR_INVALID_COUNTRY
TXN-0002802,Thomas Hernandez,Books,48.8,8,Five,United Kingdom,2024-02-12 09:51:11,MISSING_OR_UNPARSEABLE_RATING
TXN-0000352,Patricia White,Electronics,-581.98,7,4.9,United States,2024-11-18 01:14:39,INVALID_PRICE_NON_POSITIVE
TXN-0001821,Joseph Perez,Books,,4,4.7,Germany,2024-05-24 01:28:06,MISSING_OR_UNPARSEABLE_PRICE
TXN-0004322,James Johnson,Sports & Outdoors,,1,2.8,France,2023-04-20 03:02:22,MISSING_OR_UNPARSEABLE_PRICE
TXN-0003852,Linda Anderson,Electronics,663.39,5,1.2,None,2024-05-02 23:43:49,MISSING_OR_INVALID_COUNTRY
TXN-0008525,Mary Wilson,Beauty & Personal Care,1334.73,2,N/A,India,2024-03-10 19:59:47,MISSING_OR_UNPARSEABLE_RATING
TXN-0009741,Charles Taylor,Home & Kitchen,1035.02,3,N/A,Germany,2024-07-10 07:58:35,MISSING_OR_UNPARSEABLE_RATING
TXN-0002750,Lisa Brown,Home & Kitchen,442.27,6,Five,Brazil,2024-07-22 22:33:41,MISSING_OR_UNPARSEABLE_RATING
TXN-0006935,Susan Lee,Books,899.62,1,N/A,Japan,2024-12-08 20:14:42,MISSING_OR_UNPARSEABLE_RATING
TXN-0005765,None,Toys & Games,448.43,5,3.5,Canada,2024-10-27 17:38:28,MISSING_CUSTOMER_NAME
TXN-0009761,Christopher Miller,Sports & Outdoors,416.86,4,2.6,Brazil,None,MISSING_OR_UNPARSEABLE_DATE
TXN-0003253,Christopher Moore,Toys & Games,979.68,5,N/A,Brazil,2024-03-22 21:52:04,MISSING_OR_UNPARSEABLE_RATING
TXN-0008188,Susan White,Home & Kitchen,-269.27,3,3.3,Netherlands,2023-12-28 22:06:17,INVALID_PRICE_NON_POSITIVE
TXN-0010664,Michael Davis,Home & Kitchen,997.71,7,3.5,None,2024-01-10 22:00:35,MISSING_OR_INVALID_COUNTRY
TXN-0000706,Elizabeth Lopez,Automotive,513.77,3,-1.0,Japan,2023-05-01 01:06:44,RATING_OUT_OF_BOUNDS
TXN-0009849,Joseph Lopez,Automotive,238.82,4,NULL,Germany,2023-06-03 08:38:24,MISSING_OR_UNPARSEABLE_RATING
TXN-0001614,Jennifer Perez,Automotive,124.55,8,,Canada,2023-09-24 05:04:59,MISSING_OR_UNPARSEABLE_RATING
TXN-0003522,Jessica Taylor,Books,1043.53,4,7.2,France,2024-05-08 08:31:21,RATING_OUT_OF_BOUNDS
TXN-0012095,Susan Rodriguez,Sports & Outdoors,400.54,8,3.8,Brazil,None,MISSING_OR_UNPARSEABLE_DATE
TXN-0004483,Barbara Garcia,Beauty & Personal Care,837.52,2,NULL,United States,2023-09-14 05:48:08,MISSING_OR_UNPARSEABLE_RATING
TXN-0003023,Barbara Thompson,Toys & Games,736.13,8,,United States,2024-02-19 18:04:48,MISSING_OR_UNPARSEABLE_RATING
TXN-0000479,Susan Williams,Home & Kitchen,-336.55,2,3.4,France,2024-07-16 17:33:37,INVALID_PRICE_NON_POSITIVE
TXN-0007105,Lisa Jones,Beauty & Personal Care,835.67,4,0.0,India,2023-03-21 20:47:17,RATING_OUT_OF_BOUNDS
TXN-0007720,Linda White,Beauty & Personal Care,122.06,8,NULL,France,2023-07-02 12:09:45,MISSING_OR_UNPARSEABLE_RATING
TXN-0009669,William Lee,Electronics,285.73,None,4.7,Japan,2024-05-22 16:24:39,MISSING_OR_UNPARSEABLE_QUANTITY
TXN-0002984,David Lopez,Beauty & Personal Care,944.62,8,6.5,Netherlands,2024-07-04 08:05:48,RATING_OUT_OF_BOUNDS
TXN-0006318,Charles Gonzalez,Books,882.69,6,NULL,Brazil,2024-10-20 10:28:31,MISSING_OR_UNPARSEABLE_RATING
TXN-0004173,Jennifer Martin,Automotive,438.97,1,1.4,Germany,,MISSING_OR_UNPARSEABLE_DATE
TXN-0008327,John Lee,Toys & Games,232.44,5,None,Japan,2024-07-18 10:34:16,MISSING_OR_UNPARSEABLE_RATING
TXN-0006665,David Jones,Apparel,$328.61,5,1.1,Netherlands,2024-12-31,DUPLICATE_TRANSACTION_ID
TXN-0001985,Christopher Hernandez,Apparel,,4,4.6,Brazil,2024-06-16 20:25:37,MISSING_OR_UNPARSEABLE_PRICE
TXN-0007315,Linda Miller,Apparel,390.34,5,7.2,Japan,2024-08-31 16:14:48,RATING_OUT_OF_BOUNDS
TXN-0011003,Barbara Thompson,Toys & Games,508.07,,4.1,Canada,2023-09-23 06:47:42,MISSING_OR_UNPARSEABLE_QUANTITY
TXN-0004687,Sarah Taylor,Sports & Outdoors,681.22,3,Five,India,2023-06-18 09:22:28,MISSING_OR_UNPARSEABLE_RATING
TXN-0006437,Susan Gonzalez,Automotive,283.63,,1.5,Germany,2024-07-25 23:33:37,MISSING_OR_UNPARSEABLE_QUANTITY
TXN-0001780,Barbara Smith,Beauty & Personal Care,1483.37,,3.7,Brazil,2023-11-11 12:31:46,MISSING_OR_UNPARSEABLE_QUANTITY
TXN-0003043,Charles Martin,Home & Kitchen,-60.32,4,3.4,Japan,2023-01-16 20:54:06,INVALID_PRICE_NON_POSITIVE
TXN-0009405,Lisa Jackson,Toys & Games,-242.78,4,3.1,Germany,2023-12-06 15:31:30,INVALID_PRICE_NON_POSITIVE
TXN-0002760,David Johnson,Home & Kitchen,108.52,3,-1.0,United States,2023-01-24 20:50:55,RATING_OUT_OF_BOUNDS
TXN-0004289,Michael Thomas,Sports & Outdoors,34.47,2,2.0,Japan,None,MISSING_OR_UNPARSEABLE_DATE
TXN-0010548,Barbara Jackson,Sports & Outdoors,1119.21,8,N/A,United States,2024-06-28 19:43:09,MISSING_OR_UNPARSEABLE_RATING
TXN-0008954,NULL,Books,868.63,1,4.1,Australia,2023-12-07 10:18:56,MISSING_CUSTOMER_NAME
TXN-0011196,,Beauty & Personal Care,755.76,4,2.1,Netherlands,2024-04-09 06:13:05,MISSING_CUSTOMER_NAME
TXN-0012064,John Moore,Electronics,1280.61,1,2.3,Netherlands,None,MISSING_OR_UNPARSEABLE_DATE
TXN-0003284,Jennifer Moore,Apparel,603.34,3,N/A,United States,2024-05-27 19:39:00,MISSING_OR_UNPARSEABLE_RATING
TXN-0006663,William Perez,Sports & Outdoors,1288.66,7,4.0,,2024-12-03 22:53:53,MISSING_OR_INVALID_COUNTRY
TXN-0007563,Lisa Johnson,Automotive,,7,1.7,Germany,2023-11-15 00:14:02,MISSING_OR_UNPARSEABLE_PRICE
TXN-0007501,Charles Rodriguez,Toys & Games,1239.79,2,-1.0,Australia,2023-09-19 09:32:01,RATING_OUT_OF_BOUNDS
TXN-0005556,None,Automotive,1125.35,3,2.6,Australia,2023-08-26 20:13:22,MISSING_CUSTOMER_NAME
TXN-0008124,Jennifer Jones,Apparel,1055.49,7,6.5,Germany,2023-03-11 23:36:59,RATING_OUT_OF_BOUNDS
TXN-0001010,Sarah Lopez,Beauty & Personal Care,946.65,2,Five,India,2023-02-22 14:10:40,MISSING_OR_UNPARSEABLE_RATING
TXN-0006841,Sarah Garcia,Automotive,1261.41,6,,United States,2023-03-09 02:52:19,MISSING_OR_UNPARSEABLE_RATING
TXN-0000979,Elizabeth Moore,Sports & Outdoors,-153.1,1,1.7,Netherlands,2024-08-06 23:55:37,INVALID_PRICE_NON_POSITIVE
TXN-0002381,NULL,Beauty & Personal Care,295.34,2,2.9,Japan,2023-08-10 09:32:12,MISSING_CUSTOMER_NAME
TXN-0005640,Joseph Gonzalez,Books,-1406.96,4,3.2,Germany,2023-09-04 02:09:57,INVALID_PRICE_NON_POSITIVE
TXN-0011929,Christopher Taylor,Home & Kitchen,181.49,6,Five,Netherlands,2024-01-18 08:23:13,MISSING_OR_UNPARSEABLE_RATING
TXN-0009554,Sarah Williams,Toys & Games,1098.08,3,4.0,,2023-12-12 14:06:04,MISSING_OR_INVALID_COUNTRY
TXN-0006603,NULL,Electronics,623.8,8,4.8,Brazil,2023-01-02 15:10:34,MISSING_CUSTOMER_NAME
TXN-0000943,David Smith,Beauty & Personal Care,1454.55,6,3.7,,2023-07-01 09:50:55,MISSING_OR_INVALID_COUNTRY
TXN-0006435,Lisa Hernandez,Sports & Outdoors,1058.91,7,0.0,United Kingdom,2023-11-18 07:27:53,RATING_OUT_OF_BOUNDS
TXN-0000621,Charles Thomas,Books,407.53,None,1.1,Brazil,2023-01-30 09:51:19,MISSING_OR_UNPARSEABLE_QUANTITY
TXN-0009138,Christopher Jackson,Automotive,588.86,8,-1.0,Netherlands,2024-04-15 16:38:33,RATING_OUT_OF_BOUNDS
TXN-0011233,Robert Martin,Home & Kitchen,1216.61,8,1.7,,2023-01-12 17:18:57,MISSING_OR_INVALID_COUNTRY
TXN-0007859,James Wilson,Apparel,1224.96,2,6.5,Germany,2024-02-14 04:03:43,RATING_OUT_OF_BOUNDS
TXN-0001391,Robert Miller,Automotive,1010.0,6,1.0,United Kingdom,,MISSING_OR_UNPARSEABLE_DATE
TXN-0011634,Richard Moore,Home & Kitchen,364.32,5,6.5,United States,2023-03-12 17:04:50,RATING_OUT_OF_BOUNDS
TXN-0010815,Robert Johnson,Electronics,1487.7,6,6.5,Brazil,2024-05-31 03:20:23,RATING_OUT_OF_BOUNDS
TXN-0007753,Charles Perez,Automotive,989.18,2,None,India,2024-12-21 01:16:17,MISSING_OR_UNPARSEABLE_RATING
TXN-0000092,William Moore,Apparel,NULL,8,1.5,France,2024-05-04 08:27:59,MISSING_OR_UNPARSEABLE_PRICE
TXN-0005531,,Toys & Games,466.99,4,3.2,Netherlands,2024-11-19 02:28:40,MISSING_CUSTOMER_NAME
TXN-0004372,James Perez,Beauty & Personal Care,609.48,7,-1.0,Germany,2024-05-16 21:25:36,RATING_OUT_OF_BOUNDS
TXN-0004204,Mary Perez,Apparel,1365.88,4,2.0,NULL,2024-06-28 22:14:34,MISSING_OR_INVALID_COUNTRY
TXN-0000257,Charles Perez,Electronics,1393.51,,1.1,United Kingdom,2023-06-10 21:42:25,MISSING_OR_UNPARSEABLE_QUANTITY
TXN-0004904,Mary Rodriguez,Toys & Games,1367.26,,4.9,Netherlands,2023-06-11 16:19:48,MISSING_OR_UNPARSEABLE_QUANTITY
TXN-0008611,Linda Jones,Toys & Games,-374.37,7,3.1,Germany,2024-04-04 19:41:37,INVALID_PRICE_NON_POSITIVE
TXN-0006398,Mary Jones,Beauty & Personal Care,300.0,6,,Netherlands,2023-03-06 23:00:17,MISSING_OR_UNPARSEABLE_RATING
TXN-0002968,James Garcia,Apparel,24.13,6,7.2,France,2024-11-19 11:51:33,RATING_OUT_OF_BOUNDS
TXN-0001601,Michael Williams,Beauty & Personal Care,-177.73,7,2.5,France,2023-08-21 15:25:10,INVALID_PRICE_NON_POSITIVE
TXN-0009539,Robert Brown,Sports & Outdoors,433.82,2,2.7,None,2024-02-15 07:18:59,MISSING_OR_INVALID_COUNTRY
TXN-0002922,Mary Anderson,Books,1329.43,5,7.2,Canada,2023-10-05 13:04:39,RATING_OUT_OF_BOUNDS
TXN-0003617,Karen Lopez,Beauty & Personal Care,903.99,4,0.0,Australia,2023-09-16 08:52:57,RATING_OUT_OF_BOUNDS
TXN-0003254,Linda Johnson,Electronics,708.04,8,3.3,United States,None,MISSING_OR_UNPARSEABLE_DATE
TXN-0009206,Elizabeth Taylor,Beauty & Personal Care,1462.25,2,4.4,NULL,2023-12-07 08:45:29,MISSING_OR_INVALID_COUNTRY
TXN-0003302,Lisa Garcia,Electronics,76.86,6,N/A,Australia,2024-03-15 02:48:51,MISSING_OR_UNPARSEABLE_RATING
TXN-0004397,Barbara Jackson,Electronics,-293.45,4,1.4,France,2024-08-11 06:15:35,INVALID_PRICE_NON_POSITIVE
TXN-0003305,Lisa Martinez,Sports & Outdoors,523.09,None,3.7,United Kingdom,2024-06-12 12:38:09,MISSING_OR_UNPARSEABLE_QUANTITY
TXN-0000925,Michael Jones,Books,-24.19,6,3.0,United States,2024-12-20 00:07:56,INVALID_PRICE_NON_POSITIVE
TXN-0004387,Mary Taylor,Automotive,1385.68,4,3.3,Canada,NULL,MISSING_OR_UNPARSEABLE_DATE
TXN-0008744,Patricia Perez,Books,975.81,7,5.0,Japan,None,MISSING_OR_UNPARSEABLE_DATE
TXN-0001786,Joseph Gonzalez,Automotive,811.21,3,7.2,Germany,2024-04-23 03:17:47,RATING_OUT_OF_BOUNDS
TXN-0003252,Michael Taylor,Automotive,1323.48,6,N/A,Brazil,2023-04-24 00:56:48,MISSING_OR_UNPARSEABLE_RATING
TXN-0011402,Susan Martinez,Books,1117.04,2,6.5,India,2023-08-08 21:42:04,RATING_OUT_OF_BOUNDS
TXN-0005704,Michael Moore,Beauty & Personal Care,454.42,3,,Netherlands,2023-02-19 13:15:08,MISSING_OR_UNPARSEABLE_RATING
TXN-0008543,Nancy Thomas,Automotive,NULL,3,2.6,Netherlands,2023-07-27 03:16:24,MISSING_OR_UNPARSEABLE_PRICE
TXN-0010454,Robert Smith,Home & Kitchen,946.76,4,-1.0,United States,2023-05-15 15:05:42,RATING_OUT_OF_BOUNDS
TXN-0002003,Karen Miller,Home & Kitchen,1468.74,3,-1.0,Brazil,2024-03-27 23:06:45,RATING_OUT_OF_BOUNDS
TXN-0007961,Jennifer Jones,Beauty & Personal Care,118.59,8,4.3,None,2023-09-16 16:32:52,MISSING_OR_INVALID_COUNTRY
TXN-0002081,Elizabeth White,Books,1065.01,2,4.2,NULL,2023-08-26 04:11:00,MISSING_OR_INVALID_COUNTRY
TXN-0004097,Thomas Taylor,Beauty & Personal Care,591.77,4,-1.0,France,2024-07-19 19:33:19,RATING_OUT_OF_BOUNDS
TXN-0011057,Thomas Garcia,Automotive,138.96,6,1.2,,2023-05-28 12:39:58,MISSING_OR_INVALID_COUNTRY
TXN-0004314,Joseph Davis,Toys & Games,828.04,5,1.1,Australia,NULL,MISSING_OR_UNPARSEABLE_DATE
TXN-0007092,David Moore,Sports & Outdoors,1271.59,5,3.4,United Kingdom,NULL,MISSING_OR_UNPARSEABLE_DATE
TXN-0000365,Michael Jones,Electronics,122.16,7,1.8,Japan,None,MISSING_OR_UNPARSEABLE_DATE
TXN-0003211,Linda Johnson,Toys & Games,41.34,1,6.5,France,2024-01-24 02:45:01,RATING_OUT_OF_BOUNDS
TXN-0010458,Susan Brown,Electronics,759.48,4,2.1,,2023-11-30 05:55:48,MISSING_OR_INVALID_COUNTRY
TXN-0009236,Robert Perez,Apparel,741.36,5,Five,France,2023-11-07 23:50:09,MISSING_OR_UNPARSEABLE_RATING
TXN-0012218,NULL,Apparel,1029.89,2,4.0,Netherlands,2023-03-11 23:57:58,MISSING_CUSTOMER_NAME
TXN-0000466,Charles Jones,Electronics,391.1,3,3.1,United Kingdom,,MISSING_OR_UNPARSEABLE_DATE
TXN-0012154,Karen Lee,Sports & Outdoors,188.1,1,N/A,United States,2023-06-13 22:19:38,MISSING_OR_UNPARSEABLE_RATING
TXN-0003631,David Perez,Automotive,484.98,3,1.4,Brazil,NULL,MISSING_OR_UNPARSEABLE_DATE
TXN-0007550,Patricia Hernandez,Toys & Games,881.72,4,3.8,NULL,2024-05-16 04:59:36,MISSING_OR_INVALID_COUNTRY
TXN-0002502,Daniel Thompson,Automotive,-1180.27,3,1.8,Germany,2024-10-30 10:57:05,INVALID_PRICE_NON_POSITIVE
TXN-0004137,Linda Miller,Toys & Games,914.95,5,Five,France,2024-06-02 10:55:16,MISSING_OR_UNPARSEABLE_RATING
TXN-0011445,Patricia Smith,Beauty & Personal Care,1431.19,8,,Australia,2024-09-11 06:26:17,MISSING_OR_UNPARSEABLE_RATING
TXN-0010196,Thomas Gonzalez,Automotive,$259.75,1,1.1,Brazil,2024-12-31,DUPLICATE_TRANSACTION_ID
TXN-0007711,Richard Moore,Automotive,,4,4.3,United States,2023-08-21 16:08:48,MISSING_OR_UNPARSEABLE_PRICE
TXN-0008838,Jessica Thompson,Books,1216.18,8,3.8,None,2023-10-09 18:14:40,MISSING_OR_INVALID_COUNTRY
TXN-0005246,Karen White,Electronics,1340.69,1,NULL,India,2024-05-05 01:03:51,MISSING_OR_UNPARSEABLE_RATING
TXN-0000143,Susan Martinez,Home & Kitchen,36.18,6,N/A,Japan,2024-04-25 02:41:24,MISSING_OR_UNPARSEABLE_RATING
TXN-0004759,Elizabeth Gonzalez,Sports & Outdoors,NULL,2,4.1,United Kingdom,2024-12-11 14:10:37,MISSING_OR_UNPARSEABLE_PRICE
TXN-0006631,Daniel Jackson,Electronics,NULL,4,2.4,Brazil,2024-05-22 22:06:59,MISSING_OR_UNPARSEABLE_PRICE
TXN-0005166,Patricia Williams,Beauty & Personal Care,779.25,3,4.4,Australia,None,MISSING_OR_UNPARSEABLE_DATE
TXN-0009989,David Thompson,Toys & Games,1252.22,NULL,1.2,Netherlands,2023-04-30 08:12:50,MISSING_OR_UNPARSEABLE_QUANTITY
TXN-0005982,Karen Garcia,Sports & Outdoors,178.33,8,0.0,Australia,2024-01-19 08:36:13,RATING_OUT_OF_BOUNDS
TXN-0006699,William Martin,Home & Kitchen,1390.94,8,2.0,None,2024-02-13 14:42:58,MISSING_OR_INVALID_COUNTRY
TXN-0004512,Patricia Gonzalez,Home & Kitchen,NULL,8,3.1,Australia,2024-01-09 02:31:37,MISSING_OR_UNPARSEABLE_PRICE
TXN-0008331,Patricia Thomas,Books,689.48,2,1.4,,2023-05-13 08:03:33,MISSING_OR_INVALID_COUNTRY
TXN-0010833,Michael Martin,Toys & Games,742.1,7,0.0,Brazil,2024-12-30 04:24:55,RATING_OUT_OF_BOUNDS
TXN-0009443,Christopher Jones,Toys & Games,247.81,,1.7,Germany,2024-01-07 13:59:57,MISSING_OR_UNPARSEABLE_QUANTITY
TXN-0004059,Lisa Williams,Toys & Games,204.05,1,7.2,France,2023-04-15 04:36:30,RATING_OUT_OF_BOUNDS
TXN-0004261,Joseph Miller,Automotive,858.57,3,Five,India,2023-06-02 18:47:32,MISSING_OR_UNPARSEABLE_RATING
TXN-0009058,Barbara Wilson,Toys & Games,251.82,4,7.2,Brazil,2023-07-17 11:46:55,RATING_OUT_OF_BOUNDS
TXN-0004863,Linda Anderson,Apparel,1411.24,1,1.9,Brazil,,MISSING_OR_UNPARSEABLE_DATE
TXN-0004198,None,Sports & Outdoors,1499.37,8,1.6,United Kingdom,2024-07-13 18:49:24,MISSING_CUSTOMER_NAME
TXN-0003272,NULL,Electronics,559.61,6,4.2,France,2023-09-22 04:05:53,MISSING_CUSTOMER_NAME
TXN-0006686,Daniel Johnson,Home & Kitchen,1024.52,1,N/A,Canada,2024-01-15 21:24:36,MISSING_OR_UNPARSEABLE_RATING
TXN-0010427,Susan Martinez,Books,-851.83,3,1.0,Japan,2023-12-14 06:53:36,INVALID_PRICE_NON_POSITIVE
TXN-0002993,Linda Anderson,Books,1192.87,7,6.5,Australia,2024-08-03 02:40:52,RATING_OUT_OF_BOUNDS
TXN-0004048,Barbara Thomas,Beauty & Personal Care,734.25,5,N/A,United Kingdom,2024-07-11 08:14:42,MISSING_OR_UNPARSEABLE_RATING
TXN-0010319,Jessica Jackson,Books,1324.97,1,,United Kingdom,2023-04-13 09:59:18,MISSING_OR_UNPARSEABLE_RATING
TXN-0001641,Mary Davis,Sports & Outdoors,-401.72,4,1.2,Japan,2024-09-30 02:00:10,INVALID_PRICE_NON_POSITIVE
TXN-0003586,Sarah Brown,Beauty & Personal Care,590.65,5,N/A,Canada,2023-12-25 10:40:57,MISSING_OR_UNPARSEABLE_RATING
TXN-0012051,Patricia Martinez,Beauty & Personal Care,$366.49,4,None,Netherlands,2024-12-31,MISSING_OR_UNPARSEABLE_RATING
TXN-0002069,Joseph Lee,Toys & Games,693.27,6,3.8,,2024-02-16 23:42:21,MISSING_OR_INVALID_COUNTRY
TXN-0003920,Lisa Rodriguez,Beauty & Personal Care,722.54,6,-1.0,Australia,2023-06-03 18:14:38,RATING_OUT_OF_BOUNDS
TXN-0003081,Sarah Gonzalez,Toys & Games,1427.37,3,3.2,NULL,2024-01-02 14:15:28,MISSING_OR_INVALID_COUNTRY
TXN-0008681,Mary Rodriguez,Apparel,508.87,8,7.2,France,2024-03-30 12:19:18,RATING_OUT_OF_BOUNDS
TXN-0011468,William Perez,Toys & Games,1372.93,7,1.1,None,2024-06-15 23:30:46,MISSING_OR_INVALID_COUNTRY
TXN-0007100,Susan Lopez,Apparel,-944.33,3,4.5,Canada,2023-10-01 23:44:41,INVALID_PRICE_NON_POSITIVE
TXN-0012163,None,Books,180.08,4,1.7,Germany,2023-02-01 09:19:30,MISSING_CUSTOMER_NAME
TXN-0010466,Robert Brown,Apparel,1485.81,4,,France,2024-05-10 21:38:40,MISSING_OR_UNPARSEABLE_RATING
TXN-0008625,Jessica Lopez,Home & Kitchen,1055.55,2,Five,Germany,2023-03-11 16:11:58,MISSING_OR_UNPARSEABLE_RATING
TXN-0004134,Sarah Garcia,Books,867.05,None,3.2,United States,2023-05-18 13:15:33,MISSING_OR_UNPARSEABLE_QUANTITY
TXN-0002759,,Books,79.85,2,2.3,Japan,2024-09-04 12:23:54,MISSING_CUSTOMER_NAME
TXN-0009667,Christopher Taylor,Toys & Games,1335.5,None,4.0,United Kingdom,2023-01-23 15:00:46,MISSING_OR_UNPARSEABLE_QUANTITY
TXN-0008550,Patricia Jackson,Books,$140.17,,4.7,Japan,2024-12-31,MISSING_OR_UNPARSEABLE_QUANTITY
TXN-0002382,Karen Williams,Electronics,NULL,4,2.5,Canada,2023-06-05 23:02:16,MISSING_OR_UNPARSEABLE_PRICE
TXN-0010106,NULL,Home & Kitchen,1255.43,7,1.8,Brazil,2024-08-18 14:52:46,MISSING_CUSTOMER_NAME
TXN-0007207,Richard Hernandez,Apparel,1300.15,2,3.8,,2023-11-09 14:19:23,MISSING_OR_INVALID_COUNTRY
TXN-0009402,John Lee,Home & Kitchen,1004.25,5,6.5,Germany,2023-12-16 19:37:06,RATING_OUT_OF_BOUNDS
TXN-0003605,Charles Brown,Beauty & Personal Care,1208.62,1,-1.0,France,2024-06-14 04:54:33,RATING_OUT_OF_BOUNDS
TXN-0008115,Charles Wilson,Apparel,651.53,8,3.3,Brazil,2023-12-19 11:45:37,DUPLICATE_TRANSACTION_ID
TXN-0003703,Susan Lee,Home & Kitchen,575.38,8,1.4,United Kingdom,NULL,MISSING_OR_UNPARSEABLE_DATE
TXN-0010521,Linda Davis,Books,None,5,1.3,France,2024-08-21 22:16:48,MISSING_OR_UNPARSEABLE_PRICE
TXN-0011824,Thomas Miller,Sports & Outdoors,732.16,5,3.1,NULL,2024-02-23 00:35:30,MISSING_OR_INVALID_COUNTRY
TXN-0004056,Richard Jackson,Automotive,459.74,8,Five,Brazil,2024-10-04 13:33:57,MISSING_OR_UNPARSEABLE_RATING
TXN-0006161,William Thompson,Electronics,1424.05,7,N/A,India,2024-01-17 21:16:57,MISSING_OR_UNPARSEABLE_RATING
TXN-0011253,William Martinez,Automotive,1423.97,8,N/A,Germany,2023-04-25 21:17:02,MISSING_OR_UNPARSEABLE_RATING
TXN-0010083,Linda Moore,Apparel,-1376.7,2,1.1,Canada,2024-03-12 19:31:35,INVALID_PRICE_NON_POSITIVE
TXN-0012234,Karen Martin,Toys & Games,956.31,NULL,4.6,Japan,2023-10-10 18:31:54,MISSING_OR_UNPARSEABLE_QUANTITY
TXN-0012102,Lisa Moore,Toys & Games,107.51,1,NULL,Netherlands,2023-12-20 00:54:56,MISSING_OR_UNPARSEABLE_RATING
TXN-0004290,John Lopez,Automotive,None,3,4.0,India,2023-02-22 08:23:51,MISSING_OR_UNPARSEABLE_PRICE
TXN-0008876,Mary Lopez,Electronics,-659.18,6,4.3,Japan,2024-05-26 08:29:01,INVALID_PRICE_NON_POSITIVE
TXN-0005656,NULL,Home & Kitchen,1099.23,7,4.2,Netherlands,2023-01-15 04:44:48,MISSING_CUSTOMER_NAME
TXN-0009338,Robert Gonzalez,Home & Kitchen,1275.43,7,0.0,Netherlands,2024-12-19 22:22:37,RATING_OUT_OF_BOUNDS
TXN-0008686,Joseph Anderson,Automotive,-947.15,8,1.9,Japan,2023-08-14 20:41:23,INVALID_PRICE_NON_POSITIVE
TXN-0004023,Jennifer Lee,Toys & Games,1494.92,4,6.5,Australia,2024-06-21 03:18:23,RATING_OUT_OF_BOUNDS
TXN-0001137,Patricia Jones,Automotive,758.2,6,7.2,Australia,2023-11-29 04:19:52,RATING_OUT_OF_BOUNDS
TXN-0012373,,Apparel,1365.27,3,3.5,Netherlands,2023-07-24 13:44:57,MISSING_CUSTOMER_NAME
TXN-0010005,Thomas Brown,Apparel,1123.56,7,7.2,Germany,2024-04-05 22:44:47,RATING_OUT_OF_BOUNDS
TXN-0004320,Joseph Wilson,Books,884.04,8,2.8,United States,NULL,MISSING_OR_UNPARSEABLE_DATE
TXN-0007294,Susan White,Beauty & Personal Care,1432.41,6,0.0,Germany,2024-05-24 01:11:17,RATING_OUT_OF_BOUNDS
TXN-0003283,Joseph White,Sports & Outdoors,683.77,1,2.3,,2024-04-26 21:53:13,MISSING_OR_INVALID_COUNTRY
TXN-0005371,Michael Martinez,Beauty & Personal Care,1336.38,6,,Netherlands,2024-05-11 07:34:03,MISSING_OR_UNPARSEABLE_RATING
TXN-0003125,Barbara Williams,Apparel,352.69,1,Five,Australia,2024-08-21 14:47:30,MISSING_OR_UNPARSEABLE_RATING
TXN-0009656,Robert Hernandez,Beauty & Personal Care,1343.85,3,N/A,India,2023-05-02 18:34:14,MISSING_OR_UNPARSEABLE_RATING
TXN-0011472,Mary Hernandez,Books,456.98,1,1.2,None,2023-11-11 02:10:36,MISSING_OR_INVALID_COUNTRY
TXN-0004308,Elizabeth Taylor,Beauty & Personal Care,681.76,4,None,Australia,2024-05-05 16:38:15,MISSING_OR_UNPARSEABLE_RATING
TXN-0003926,Nancy Perez,Sports & Outdoors,607.3,1,6.5,India,2023-12-07 10:32:08,RATING_OUT_OF_BOUNDS
TXN-0009375,NULL,Sports & Outdoors,147.12,3,4.6,Netherlands,2023-11-14 07:07:31,MISSING_CUSTOMER_NAME
TXN-0012000,Christopher Garcia,Sports & Outdoors,709.04,4,1.8,,2024-01-12 21:09:56,MISSING_OR_INVALID_COUNTRY
TXN-0009615,Michael Lopez,Home & Kitchen,658.18,1,0.0,Netherlands,2023-10-16 05:19:53,RATING_OUT_OF_BOUNDS
TXN-0002285,Karen Anderson,Toys & Games,665.79,5,0.0,Brazil,2023-08-16 22:20:17,RATING_OUT_OF_BOUNDS
TXN-0008518,Christopher Williams,Toys & Games,None,3,3.5,United Kingdom,2024-08-01 03:53:35,MISSING_OR_UNPARSEABLE_PRICE
TXN-0009641,Charles Garcia,Home & Kitchen,374.66,2,7.2,Brazil,2023-01-30 03:47:23,RATING_OUT_OF_BOUNDS
TXN-0002117,Sarah Anderson,Apparel,-37.09,5,1.6,United Kingdom,2023-03-29 18:13:40,INVALID_PRICE_NON_POSITIVE
TXN-0007796,Lisa Thompson,Sports & Outdoors,1199.88,None,4.6,India,2024-03-31 00:45:36,MISSING_OR_UNPARSEABLE_QUANTITY
TXN-0008504,Richard Taylor,Books,-135.7,7,1.8,Canada,2024-01-31 04:31:10,INVALID_PRICE_NON_POSITIVE
TXN-0004731,Daniel Thomas,Home & Kitchen,-371.97,4,3.5,United States,2023-10-07 20:22:09,INVALID_PRICE_NON_POSITIVE
TXN-0001656,Susan White,Electronics,1293.7,2,1.5,Australia,,MISSING_OR_UNPARSEABLE_DATE
TXN-0008635,Susan Martin,Toys & Games,1183.43,8,2.6,Netherlands,,MISSING_OR_UNPARSEABLE_DATE
TXN-0006560,Michael Moore,Toys & Games,447.28,,4.4,Brazil,2024-06-18 20:29:07,MISSING_OR_UNPARSEABLE_QUANTITY
TXN-0012452,David Lee,Home & Kitchen,426.2,5,N/A,United Kingdom,2023-05-23 19:50:49,MISSING_OR_UNPARSEABLE_RATING
TXN-0009202,Patricia Rodriguez,Toys & Games,467.71,1,7.2,India,2023-06-08 07:32:13,RATING_OUT_OF_BOUNDS
TXN-0006558,Karen Thomas,Apparel,307.46,2,4.3,India,None,MISSING_OR_UNPARSEABLE_DATE
TXN-0000755,Barbara Wilson,Beauty & Personal Care,1044.34,NULL,3.6,India,2023-05-23 17:09:17,MISSING_OR_UNPARSEABLE_QUANTITY
TXN-0008784,Richard Jones,Home & Kitchen,NULL,1,2.8,Canada,2023-11-23 05:22:05,MISSING_OR_UNPARSEABLE_PRICE
TXN-0005597,John Rodriguez,Beauty & Personal Care,82.01,,2.3,India,2024-06-20 00:44:50,MISSING_OR_UNPARSEABLE_QUANTITY
TXN-0005209,,Toys & Games,451.36,2,4.7,Netherlands,2024-10-18 13:51:52,MISSING_CUSTOMER_NAME
TXN-0003373,Jessica Williams,Books,903.24,7,Five,Germany,2024-11-24 05:17:23,MISSING_OR_UNPARSEABLE_RATING
TXN-0010974,David Rodriguez,Automotive,1145.56,5,,United Kingdom,2024-02-13 18:15:59,MISSING_OR_UNPARSEABLE_RATING
TXN-0000879,Sarah Williams,Apparel,446.1,6,Five,Canada,2023-02-01 22:57:34,MISSING_OR_UNPARSEABLE_RATING
TXN-0000708,Jessica Lopez,Sports & Outdoors,212.83,8,NULL,Australia,2024-04-09 04:58:41,MISSING_OR_UNPARSEABLE_RATING
TXN-0003833,Mary Thomas,Books,None,4,1.4,Germany,2023-04-12 02:42:31,MISSING_OR_UNPARSEABLE_PRICE
TXN-0001377,David Thompson,Automotive,782.28,5,4.0,Netherlands,2023-04-13 07:11:53,DUPLICATE_TRANSACTION_ID
TXN-0001342,David Taylor,Automotive,1184.18,5,6.5,Netherlands,2023-07-24 03:58:48,RATING_OUT_OF_BOUNDS
TXN-0008485,Christopher Thomas,Automotive,765.51,7,3.7,None,2023-05-03 03:16:54,MISSING_OR_INVALID_COUNTRY
TXN-0011984,Joseph Jackson,Home & Kitchen,1100.59,5,5.0,Japan,,MISSING_OR_UNPARSEABLE_DATE
TXN-0002687,Elizabeth Brown,Beauty & Personal Care,373.67,7,,Australia,2023-09-12 11:25:53,MISSING_OR_UNPARSEABLE_RATING
TXN-0000337,Robert Williams,Beauty & Personal Care,68.83,,1.2,Canada,2024-12-18 19:03:50,MISSING_OR_UNPARSEABLE_QUANTITY
TXN-0004525,Elizabeth Perez,Books,None,8,4.0,India,2024-01-14 14:05:45,MISSING_OR_UNPARSEABLE_PRICE
TXN-0010365,Joseph Brown,Books,None,7,2.6,Australia,2024-07-28 15:13:46,MISSING_OR_UNPARSEABLE_PRICE
TXN-0009863,Robert Johnson,Toys & Games,173.24,1,1.6,United Kingdom,NULL,MISSING_OR_UNPARSEABLE_DATE
TXN-0006189,Michael Anderson,Toys & Games,,3,2.3,Canada,2024-07-13 15:46:14,MISSING_OR_UNPARSEABLE_PRICE
TXN-0008914,Robert Thomas,Books,1142.72,7,2.4,France,NULL,MISSING_OR_UNPARSEABLE_DATE
TXN-0001507,Barbara Johnson,Automotive,338.88,1,2.3,Germany,NULL,MISSING_OR_UNPARSEABLE_DATE
TXN-0002874,Susan Davis,Home & Kitchen,NULL,5,5.0,United Kingdom,2023-06-19 04:35:39,MISSING_OR_UNPARSEABLE_PRICE
TXN-0008570,,Automotive,65.6,8,2.3,Canada,2024-06-20 07:55:23,MISSING_CUSTOMER_NAME
TXN-0002323,Michael Johnson,Automotive,545.67,NULL,4.0,Canada,2024-01-09 08:36:20,MISSING_OR_UNPARSEABLE_QUANTITY
TXN-0008392,Robert Moore,Electronics,1257.2,4,3.0,,2023-09-07 03:59:00,MISSING_OR_INVALID_COUNTRY
TXN-0000272,Nancy Thomas,Apparel,-366.82,3,3.9,France,2024-09-04 21:27:25,INVALID_PRICE_NON_POSITIVE
TXN-0008991,Robert Lopez,Home & Kitchen,1051.21,2,7.2,United States,2024-05-20 12:22:09,RATING_OUT_OF_BOUNDS
TXN-0003621,Mary Thompson,Sports & Outdoors,1339.6,,3.2,Australia,2023-08-30 04:52:38,MISSING_OR_UNPARSEABLE_QUANTITY
TXN-0010169,Michael Moore,Beauty & Personal Care,-1119.82,2,3.3,United Kingdom,2023-11-26 06:01:41,INVALID_PRICE_NON_POSITIVE
TXN-0000311,John Smith,Home & Kitchen,-396.97,1,4.7,United States,2024-09-05 01:25:55,INVALID_PRICE_NON_POSITIVE
TXN-0000873,Jennifer Taylor,Toys & Games,182.15,None,4.2,Canada,2023-05-29 21:11:53,MISSING_OR_UNPARSEABLE_QUANTITY
TXN-0012037,John White,Electronics,626.4,6,-1.0,United States,2023-08-23 19:12:37,RATING_OUT_OF_BOUNDS
TXN-0008350,Thomas Gonzalez,Books,422.56,5,N/A,United Kingdom,2024-03-03 17:15:19,MISSING_OR_UNPARSEABLE_RATING
TXN-0008564,Christopher Johnson,Toys & Games,11.35,,4.6,India,2024-11-22 13:16:19,MISSING_OR_UNPARSEABLE_QUANTITY
TXN-0012415,Christopher Williams,Automotive,25.69,2,0.0,India,2023-04-20 22:43:37,RATING_OUT_OF_BOUNDS
TXN-0006804,Lisa Gonzalez,Home & Kitchen,302.09,6,,United Kingdom,2024-01-13 20:43:14,MISSING_OR_UNPARSEABLE_RATING
TXN-0007697,Charles Smith,Automotive,201.74,7,N/A,France,2023-06-13 18:42:39,MISSING_OR_UNPARSEABLE_RATING
TXN-0002903,Richard Hernandez,Electronics,689.57,4,1.0,France,None,MISSING_OR_UNPARSEABLE_DATE
TXN-0000639,Susan Thompson,Beauty & Personal Care,-247.14,2,2.1,France,2023-02-18 10:59:06,INVALID_PRICE_NON_POSITIVE
TXN-0003321,Joseph Martinez,Toys & Games,445.56,4,Five,United States,2023-03-22 12:59:23,MISSING_OR_UNPARSEABLE_RATING
TXN-0007615,,Home & Kitchen,43.78,4,3.3,United Kingdom,2024-11-01 15:30:01,MISSING_CUSTOMER_NAME
TXN-0004901,NULL,Beauty & Personal Care,240.26,6,3.7,Japan,2023-10-20 23:18:43,MISSING_CUSTOMER_NAME
TXN-0007195,John Martin,Electronics,1034.61,7,7.2,Netherlands,2023-03-27 18:57:31,RATING_OUT_OF_BOUNDS
TXN-0010759,Lisa Williams,Home & Kitchen,1088.5,1,None,France,2023-02-09 19:33:26,MISSING_OR_UNPARSEABLE_RATING
TXN-0006494,Barbara White,Toys & Games,-204.28,1,5.0,Canada,2024-12-26 19:09:19,INVALID_PRICE_NON_POSITIVE
TXN-0006085,NULL,Beauty & Personal Care,399.58,3,4.6,Australia,2024-07-16 15:40:15,MISSING_CUSTOMER_NAME
TXN-0001549,Richard Moore,Home & Kitchen,1034.44,6,0.0,Japan,2024-06-15 22:29:42,RATING_OUT_OF_BOUNDS
TXN-0010629,,Automotive,872.93,2,1.9,Brazil,2023-06-30 17:50:25,MISSING_CUSTOMER_NAME
TXN-0006958,Michael Gonzalez,Electronics,874.45,1,N/A,India,2024-03-16 09:49:25,MISSING_OR_UNPARSEABLE_RATING
TXN-0001831,,Books,1002.69,6,1.7,Australia,2024-05-10 02:30:10,MISSING_CUSTOMER_NAME
TXN-0006744,Susan Gonzalez,Automotive,1455.39,1,0.0,Australia,2024-03-24 10:56:41,RATING_OUT_OF_BOUNDS
TXN-0008276,None,Home & Kitchen,1296.87,6,1.3,United Kingdom,2023-02-03 22:20:26,MISSING_CUSTOMER_NAME
TXN-0005078,William Miller,Beauty & Personal Care,293.25,2,1.1,None,2023-03-23 14:03:34,MISSING_OR_INVALID_COUNTRY
TXN-0002198,Nancy Martin,Automotive,-559.21,3,3.2,Netherlands,2024-11-12 01:30:51,INVALID_PRICE_NON_POSITIVE
TXN-0011272,Nancy Thompson,Toys & Games,,3,4.6,United States,2024-07-16 22:54:01,MISSING_OR_UNPARSEABLE_PRICE
TXN-0012407,Linda Gonzalez,Sports & Outdoors,,5,1.5,Japan,2023-11-04 17:14:34,MISSING_OR_UNPARSEABLE_PRICE
TXN-0000446,Sarah Martinez,Apparel,1017.55,6,4.8,France,NULL,MISSING_OR_UNPARSEABLE_DATE
TXN-0006539,David Williams,Apparel,507.75,2,N/A,United States,2023-04-11 00:40:42,MISSING_OR_UNPARSEABLE_RATING
TXN-0007723,Richard Miller,Home & Kitchen,$171.33,4,1.7,Japan,2024-12-31,DUPLICATE_TRANSACTION_ID
TXN-0010933,Charles Smith,Electronics,-664.07,8,3.6,India,2024-09-11 17:20:02,INVALID_PRICE_NON_POSITIVE
TXN-0006372,Barbara Brown,Home & Kitchen,623.29,3,4.4,India,2023-09-10 10:39:02,DUPLICATE_TRANSACTION_ID
TXN-0003445,Patricia Johnson,Books,NULL,1,1.0,Germany,2024-06-22 05:05:00,MISSING_OR_UNPARSEABLE_PRICE
TXN-0009593,,Sports & Outdoors,255.73,6,2.6,Canada,2024-02-23 12:30:17,MISSING_CUSTOMER_NAME
TXN-0000332,Elizabeth Anderson,Sports & Outdoors,None,5,4.3,Canada,2024-06-25 06:44:49,MISSING_OR_UNPARSEABLE_PRICE
TXN-0006439,David Davis,Books,1098.37,,3.4,India,2023-12-21 11:20:06,MISSING_OR_UNPARSEABLE_QUANTITY
TXN-0008292,Christopher White,Electronics,1106.08,4,1.3,NULL,2023-01-17 08:11:39,MISSING_OR_INVALID_COUNTRY
TXN-0006936,Jessica Davis,Electronics,-638.85,1,2.9,Germany,2023-08-02 13:47:45,INVALID_PRICE_NON_POSITIVE
TXN-0007744,,Books,387.19,3,4.1,Germany,2023-06-10 21:52:07,MISSING_CUSTOMER_NAME
TXN-0011050,Jennifer Anderson,Sports & Outdoors,56.99,6,2.2,India,None,MISSING_OR_UNPARSEABLE_DATE
TXN-0000498,Robert Thomas,Electronics,635.17,3,5.0,United Kingdom,None,MISSING_OR_UNPARSEABLE_DATE
TXN-0008345,,Apparel,500.0,5,4.6,Brazil,2024-09-10 13:55:55,MISSING_CUSTOMER_NAME
TXN-0004238,Jessica Taylor,Beauty & Personal Care,-820.86,2,3.4,Netherlands,2023-01-12 18:55:54,INVALID_PRICE_NON_POSITIVE
TXN-0006615,Lisa Jackson,Electronics,1113.15,8,7.2,United States,2024-07-27 11:39:58,RATING_OUT_OF_BOUNDS
TXN-0009395,Mary White,Apparel,None,2,3.2,United States,2023-11-29 07:53:26,MISSING_OR_UNPARSEABLE_PRICE
TXN-0000321,,Books,376.15,6,2.1,Australia,2023-03-02 11:55:12,MISSING_CUSTOMER_NAME
TXN-0000335,Robert Brown,Electronics,$491.65,4,1.5,United States,2024-12-31,DUPLICATE_TRANSACTION_ID
TXN-0007771,William Moore,Automotive,NULL,5,1.1,Australia,2024-05-16 01:37:09,MISSING_OR_UNPARSEABLE_PRICE
TXN-0008336,Christopher Hernandez,Sports & Outdoors,1160.75,7,Five,Netherlands,2023-01-09 23:57:17,MISSING_OR_UNPARSEABLE_RATING
TXN-0005520,Robert Thompson,Beauty & Personal Care,1308.75,6,-1.0,France,2024-05-25 00:39:49,RATING_OUT_OF_BOUNDS
TXN-0001174,Linda Anderson,Sports & Outdoors,1171.41,5,None,Australia,2023-07-09 16:19:33,MISSING_OR_UNPARSEABLE_RATING
TXN-0002152,Karen Jones,Automotive,669.67,7,0.0,Netherlands,2024-12-14 04:52:40,RATING_OUT_OF_BOUNDS
TXN-0003348,Mary White,Apparel,516.56,NULL,4.6,Australia,2024-02-09 20:00:47,MISSING_OR_UNPARSEABLE_QUANTITY
TXN-0009413,Susan Thomas,Books,-730.26,7,4.5,Japan,2024-06-12 17:04:51,INVALID_PRICE_NON_POSITIVE
TXN-0001911,,Home & Kitchen,561.9,5,3.1,Canada,2024-02-06 14:52:26,MISSING_CUSTOMER_NAME
TXN-0012165,Christopher Jones,Home & Kitchen,637.41,7,-1.0,Netherlands,2023-09-09 06:15:57,RATING_OUT_OF_BOUNDS
TXN-0011535,Elizabeth Miller,Books,95.25,7,4.7,,2024-10-04 10:28:59,MISSING_OR_INVALID_COUNTRY
TXN-0011807,Charles Brown,Apparel,,6,1.6,Australia,2023-09-02 01:22:43,MISSING_OR_UNPARSEABLE_PRICE
TXN-0005112,Barbara Thomas,Beauty & Personal Care,1330.5,7,7.2,Canada,2023-01-15 08:25:23,RATING_OUT_OF_BOUNDS
TXN-0007410,Susan Garcia,Books,NULL,6,5.0,India,2024-10-13 17:05:33,MISSING_OR_UNPARSEABLE_PRICE
TXN-0008266,Richard Jackson,Books,-154.28,1,2.9,Australia,2024-02-03 11:02:20,INVALID_PRICE_NON_POSITIVE
TXN-0007200,Thomas Taylor,Beauty & Personal Care,892.41,2,7.2,Australia,2023-12-21 17:39:08,RATING_OUT_OF_BOUNDS
TXN-0004303,John Lopez,Electronics,None,5,1.8,United Kingdom,2024-11-19 05:30:43,MISSING_OR_UNPARSEABLE_PRICE
TXN-0008732,Lisa White,Books,1004.91,NULL,4.1,Australia,2024-07-21 06:35:25,MISSING_OR_UNPARSEABLE_QUANTITY
TXN-0009303,Daniel Thomas,Automotive,775.47,3,Five,India,2024-03-26 14:40:20,MISSING_OR_UNPARSEABLE_RATING
TXN-0000578,James Martin,Sports & Outdoors,690.67,8,3.2,NULL,2023-01-05 11:11:52,MISSING_OR_INVALID_COUNTRY
TXN-0000905,Michael Thompson,Electronics,328.17,,4.3,Brazil,2024-09-22 07:40:36,MISSING_OR_UNPARSEABLE_QUANTITY
TXN-0005720,Daniel Gonzalez,Books,57.47,6,-1.0,Canada,2024-03-16 20:18:40,RATING_OUT_OF_BOUNDS
TXN-0000027,Mary Garcia,Toys & Games,1478.04,5,7.2,United States,2024-09-01 19:52:19,RATING_OUT_OF_BOUNDS
TXN-0007119,,Automotive,672.7,3,2.2,France,2024-06-16 11:23:24,MISSING_CUSTOMER_NAME
TXN-0005428,Jennifer Rodriguez,Home & Kitchen,None,1,3.9,United Kingdom,2024-10-23 14:53:16,MISSING_OR_UNPARSEABLE_PRICE
TXN-0008187,Richard Smith,Electronics,644.69,5,7.2,United Kingdom,2023-12-05 22:18:04,RATING_OUT_OF_BOUNDS
TXN-0003838,Michael Williams,Beauty & Personal Care,1360.86,8,7.2,Netherlands,2023-03-31 07:31:40,RATING_OUT_OF_BOUNDS
TXN-0001487,Christopher Taylor,Books,1227.24,8,N/A,India,2023-05-25 12:30:02,MISSING_OR_UNPARSEABLE_RATING
TXN-0007730,Joseph Taylor,Home & Kitchen,970.17,7,2.7,None,2023-11-09 16:42:41,MISSING_OR_INVALID_COUNTRY
TXN-0005706,Thomas Perez,Beauty & Personal Care,-306.76,4,2.7,Japan,2023-11-13 18:42:38,INVALID_PRICE_NON_POSITIVE
TXN-0006861,,Electronics,1497.81,4,2.8,Canada,2024-10-10 14:57:37,MISSING_CUSTOMER_NAME
TXN-0002109,Sarah Davis,Automotive,1183.99,8,0.0,United Kingdom,2023-09-21 16:20:09,RATING_OUT_OF_BOUNDS
TXN-0005299,Joseph White,Toys & Games,-536.02,2,4.8,Australia,2024-04-08 15:52:17,INVALID_PRICE_NON_POSITIVE
TXN-0010218,William Lee,Beauty & Personal Care,,8,1.3,United States,2024-01-29 06:00:55,MISSING_OR_UNPARSEABLE_PRICE
TXN-0007481,Lisa Perez,Toys & Games,587.73,6,2.4,United Kingdom,2024-01-26 21:01:45,DUPLICATE_TRANSACTION_ID
TXN-0009818,Richard Gonzalez,Electronics,1172.25,1,,Brazil,2024-02-01 13:08:22,MISSING_OR_UNPARSEABLE_RATING
TXN-0006692,Linda Jackson,Beauty & Personal Care,1286.76,3,0.0,Germany,2024-07-14 12:41:32,RATING_OUT_OF_BOUNDS
TXN-0003017,Daniel Davis,Sports & Outdoors,836.18,6,-1.0,Canada,2023-02-02 10:05:31,RATING_OUT_OF_BOUNDS
TXN-0001896,Patricia Davis,Beauty & Personal Care,281.14,7,3.5,Netherlands,NULL,MISSING_OR_UNPARSEABLE_DATE
TXN-0009372,Nancy Jones,Books,-1173.13,8,3.1,Brazil,2023-07-17 20:37:11,INVALID_PRICE_NON_POSITIVE
TXN-0008001,David Lee,Automotive,658.09,3,N/A,Japan,2023-12-16 21:34:33,MISSING_OR_UNPARSEABLE_RATING
TXN-0011105,,Apparel,836.67,8,3.8,Japan,2023-10-28 21:36:24,MISSING_CUSTOMER_NAME
TXN-0005501,Thomas Anderson,Books,-1406.24,3,4.2,United Kingdom,2024-08-19 03:25:55,INVALID_PRICE_NON_POSITIVE
TXN-0011451,Lisa Moore,Automotive,728.14,8,0.0,India,2023-11-10 03:12:12,RATING_OUT_OF_BOUNDS
TXN-0001410,Elizabeth Martin,Home & Kitchen,1499.16,None,4.3,Australia,2023-07-10 23:58:30,MISSING_OR_UNPARSEABLE_QUANTITY
TXN-0010097,Charles Rodriguez,Sports & Outdoors,253.58,5,,Australia,2023-01-14 02:50:14,MISSING_OR_UNPARSEABLE_RATING
TXN-0003681,Linda Miller,Automotive,676.38,6,Five,Canada,2023-03-26 05:28:53,MISSING_OR_UNPARSEABLE_RATING
TXN-0000887,Elizabeth White,Electronics,-1216.55,6,2.4,India,2023-11-22 13:28:20,INVALID_PRICE_NON_POSITIVE
TXN-0008691,Sarah Miller,Automotive,1242.86,4,-1.0,United Kingdom,2024-06-06 10:55:33,RATING_OUT_OF_BOUNDS
TXN-0011268,Patricia Smith,Books,None,4,4.1,Germany,2023-03-11 04:12:34,MISSING_OR_UNPARSEABLE_PRICE
TXN-0004858,None,Toys & Games,1308.06,8,3.1,Netherlands,2023-06-30 03:46:15,MISSING_CUSTOMER_NAME
TXN-0000276,Joseph Lopez,Toys & Games,1159.65,3,6.5,India,2023-01-20 01:52:51,RATING_OUT_OF_BOUNDS
TXN-0011002,David Wilson,Sports & Outdoors,1472.73,7,4.1,United States,2024-09-08 13:20:37,DUPLICATE_TRANSACTION_ID
TXN-0005059,John Jones,Toys & Games,671.32,1,,Japan,2024-12-26 03:28:13,MISSING_OR_UNPARSEABLE_RATING
TXN-0007448,David White,Home & Kitchen,353.09,6,0.0,United States,2023-01-20 13:53:15,RATING_OUT_OF_BOUNDS
TXN-0008353,Jennifer Thomas,Electronics,835.64,2,-1.0,Canada,2024-03-09 03:13:21,RATING_OUT_OF_BOUNDS
TXN-0000920,Thomas Williams,Toys & Games,470.64,4,None,India,2023-05-18 00:59:46,MISSING_OR_UNPARSEABLE_RATING
TXN-0009267,Joseph Lee,Apparel,481.35,7,4.7,NULL,2023-05-08 12:21:32,MISSING_OR_INVALID_COUNTRY
TXN-0005387,Charles Thompson,Electronics,,8,3.7,Canada,2024-08-08 16:46:31,MISSING_OR_UNPARSEABLE_PRICE
TXN-0011343,William Johnson,Toys & Games,464.91,NULL,2.4,Brazil,2023-01-30 13:33:07,MISSING_OR_UNPARSEABLE_QUANTITY
TXN-0001665,Sarah Davis,Home & Kitchen,256.73,2,N/A,Australia,2023-01-14 02:01:21,MISSING_OR_UNPARSEABLE_RATING
TXN-0008523,,Electronics,964.7,3,2.6,Canada,2024-04-28 03:33:43,MISSING_CUSTOMER_NAME
TXN-0002683,Susan Perez,Home & Kitchen,883.68,1,1.6,France,None,MISSING_OR_UNPARSEABLE_DATE
TXN-0003994,John Taylor,Automotive,-1433.85,1,2.5,Netherlands,2023-01-07 22:55:07,INVALID_PRICE_NON_POSITIVE
TXN-0010373,Susan Brown,Apparel,-758.2,6,3.2,United States,2023-02-17 19:46:03,INVALID_PRICE_NON_POSITIVE
TXN-0010315,NULL,Toys & Games,160.79,4,1.1,Australia,2024-01-03 06:07:15,MISSING_CUSTOMER_NAME
TXN-0006549,Jennifer Moore,Apparel,1318.57,2,,Brazil,2024-01-28 22:29:46,MISSING_OR_UNPARSEABLE_RATING
TXN-0010851,John Jones,Toys & Games,343.28,1,3.9,India,None,MISSING_OR_UNPARSEABLE_DATE
TXN-0000698,David Williams,Toys & Games,14.9,5,Five,Canada,2024-03-07 17:07:15,MISSING_OR_UNPARSEABLE_RATING
TXN-0010135,Richard Moore,Electronics,,3,4.8,Canada,2024-04-09 10:28:53,MISSING_OR_UNPARSEABLE_PRICE
TXN-0008056,Thomas Perez,Books,$274.51,6,4.6,United States,2024-12-31,DUPLICATE_TRANSACTION_ID
TXN-0007869,Daniel Williams,Beauty & Personal Care,853.31,7,0.0,Australia,2024-12-14 03:29:59,RATING_OUT_OF_BOUNDS
TXN-0002037,Jennifer Jones,Home & Kitchen,555.7,8,NULL,Canada,2024-12-25 07:39:23,MISSING_OR_UNPARSEABLE_RATING
TXN-0000344,Barbara Jackson,Apparel,1422.81,8,0.0,Netherlands,2023-05-17 08:36:55,RATING_OUT_OF_BOUNDS
TXN-0002560,Thomas Martin,Toys & Games,610.46,4,7.2,United Kingdom,2024-03-03 13:57:09,RATING_OUT_OF_BOUNDS
TXN-0011195,Richard Perez,Electronics,140.0,6,2.8,Brazil,,MISSING_OR_UNPARSEABLE_DATE
TXN-0005963,Charles Martin,Apparel,717.11,,4.6,United States,2024-11-03 23:04:07,MISSING_OR_UNPARSEABLE_QUANTITY
TXN-0005956,Christopher Williams,Beauty & Personal Care,341.15,5,2.2,None,2023-03-03 03:44:44,MISSING_OR_INVALID_COUNTRY
TXN-0011951,James Lopez,Automotive,None,5,2.1,Germany,2023-07-25 17:09:11,MISSING_OR_UNPARSEABLE_PRICE
TXN-0003711,Michael Martinez,Beauty & Personal Care,527.86,2,0.0,Germany,2023-09-14 15:34:36,RATING_OUT_OF_BOUNDS
TXN-0007551,William Miller,Electronics,228.83,3,6.5,Netherlands,2023-08-08 15:46:15,RATING_OUT_OF_BOUNDS
TXN-0012278,James Rodriguez,Automotive,1007.6,5,-1.0,United Kingdom,2023-10-15 03:35:49,RATING_OUT_OF_BOUNDS
TXN-0006933,Barbara Smith,Sports & Outdoors,325.64,1,,France,2023-07-30 17:59:02,MISSING_OR_UNPARSEABLE_RATING
TXN-0001993,Charles Johnson,Toys & Games,537.47,1,3.5,None,2024-02-25 05:13:45,MISSING_OR_INVALID_COUNTRY
TXN-0009420,Sarah Davis,Home & Kitchen,1011.7,2,6.5,Germany,2024-01-15 15:59:46,RATING_OUT_OF_BOUNDS
TXN-0007746,Nancy Jones,Apparel,971.71,8,6.5,France,2023-01-25 21:07:26,RATING_OUT_OF_BOUNDS
TXN-0011739,Daniel Perez,Automotive,286.12,5,3.1,France,NULL,MISSING_OR_UNPARSEABLE_DATE
TXN-0008897,Joseph Brown,Automotive,832.47,4,-1.0,Germany,2024-04-14 09:06:03,RATING_OUT_OF_BOUNDS
TXN-0004670,None,Automotive,1000.32,7,3.1,Germany,2023-01-05 07:15:32,MISSING_CUSTOMER_NAME
TXN-0002300,Mary White,Sports & Outdoors,874.84,5,Five,Canada,2024-05-09 02:22:12,MISSING_OR_UNPARSEABLE_RATING
TXN-0011176,Karen Miller,Beauty & Personal Care,1327.97,6,0.0,India,2023-07-08 22:41:33,RATING_OUT_OF_BOUNDS
TXN-0004526,Karen Williams,Apparel,1451.45,8,7.2,Brazil,2024-01-14 17:23:27,RATING_OUT_OF_BOUNDS
TXN-0001407,Jennifer Garcia,Beauty & Personal Care,171.66,5,NULL,United States,2024-06-27 21:12:05,MISSING_OR_UNPARSEABLE_RATING
TXN-0012410,Lisa Johnson,Beauty & Personal Care,115.66,7,-1.0,Canada,2024-10-22 14:48:25,RATING_OUT_OF_BOUNDS
TXN-0006321,Michael Jones,Electronics,99.65,2,,India,2023-11-10 17:41:23,MISSING_OR_UNPARSEABLE_RATING
TXN-0000207,Joseph Hernandez,Toys & Games,622.38,4,2.6,,2024-08-24 22:31:50,MISSING_OR_INVALID_COUNTRY
TXN-0002684,Michael Thomas,Toys & Games,922.6,7,7.2,Netherlands,2023-08-23 00:31:36,RATING_OUT_OF_BOUNDS
TXN-0010675,Charles Thompson,Apparel,1305.0,7,N/A,Japan,2023-12-07 04:23:26,MISSING_OR_UNPARSEABLE_RATING
TXN-0000400,Michael Thompson,Electronics,634.2,NULL,3.6,France,2023-07-29 16:44:19,MISSING_OR_UNPARSEABLE_QUANTITY
TXN-0004384,Charles Thomas,Electronics,208.24,2,6.5,Japan,2024-04-20 04:31:52,RATING_OUT_OF_BOUNDS
TXN-0005772,Linda Taylor,Beauty & Personal Care,,2,3.8,Netherlands,2023-04-19 04:39:26,MISSING_OR_UNPARSEABLE_PRICE
TXN-0009097,Thomas Anderson,Electronics,654.73,6,6.5,Japan,2023-07-26 06:04:57,RATING_OUT_OF_BOUNDS
TXN-0005275,Jennifer Garcia,Toys & Games,909.78,2,0.0,India,2024-01-17 16:04:57,RATING_OUT_OF_BOUNDS
TXN-0003357,,Beauty & Personal Care,826.84,1,2.3,Japan,2024-11-20 10:20:59,MISSING_CUSTOMER_NAME
TXN-0002181,William Moore,Books,NULL,6,3.8,Netherlands,2023-09-07 12:08:27,MISSING_OR_UNPARSEABLE_PRICE
TXN-0011636,Susan Thomas,Electronics,"$1,295.78",6,3.6,Netherlands,2023-12-07 09:38:38,DUPLICATE_TRANSACTION_ID
TXN-0004878,Susan Martin,Sports & Outdoors,-34.79,5,2.0,United Kingdom,2023-09-06 22:13:26,INVALID_PRICE_NON_POSITIVE
TXN-0005629,Daniel Smith,Beauty & Personal Care,1307.49,1,-1.0,Canada,2024-08-09 20:09:10,RATING_OUT_OF_BOUNDS
TXN-0007493,Joseph Martin,Home & Kitchen,281.17,1,7.2,Japan,2024-11-29 17:51:37,RATING_OUT_OF_BOUNDS
TXN-0007000,Sarah Lopez,Toys & Games,1102.67,6,6.5,Australia,2024-09-25 07:41:54,RATING_OUT_OF_BOUNDS
TXN-0007210,Barbara Wilson,Automotive,243.58,,3.8,Canada,2023-08-21 13:09:51,MISSING_OR_UNPARSEABLE_QUANTITY
TXN-0009335,Robert Thomas,TOYS & GAMES,$466.67,2,1.4,France,2024-12-31,DUPLICATE_TRANSACTION_ID
TXN-0002068,Jessica Miller,Home & Kitchen,NULL,8,1.9,United Kingdom,2024-09-11 17:44:43,MISSING_OR_UNPARSEABLE_PRICE
TXN-0009614,Charles Wilson,Books,1429.97,8,3.6,NULL,2024-05-01 05:45:13,MISSING_OR_INVALID_COUNTRY
TXN-0007446,None,Electronics,507.73,1,3.3,Netherlands,2024-04-08 07:31:34,MISSING_CUSTOMER_NAME
TXN-0003564,Richard Anderson,Toys & Games,1001.13,7,2.8,,2023-01-29 09:41:51,MISSING_OR_INVALID_COUNTRY
TXN-0001043,Michael Gonzalez,Electronics,591.47,2,N/A,Germany,2023-12-30 20:16:54,MISSING_OR_UNPARSEABLE_RATING
TXN-0002435,Joseph Lopez,Sports & Outdoors,$94.44,7,4.3,United States,2024-12-31,DUPLICATE_TRANSACTION_ID
TXN-0008964,Christopher Jones,Electronics,-142.27,1,1.9,Netherlands,2023-11-29 15:34:49,INVALID_PRICE_NON_POSITIVE
TXN-0001051,Nancy Gonzalez,Books,1495.53,2,4.8,,2024-03-16 07:47:52,MISSING_OR_INVALID_COUNTRY
TXN-0001935,James Garcia,Books,-1334.0,1,1.3,United Kingdom,2024-02-10 11:11:13,INVALID_PRICE_NON_POSITIVE
TXN-0000603,Nancy Johnson,Home & Kitchen,85.43,7,2.6,Japan,,MISSING_OR_UNPARSEABLE_DATE
TXN-0006336,Richard Williams,Home & Kitchen,1269.93,8,7.2,Germany,2023-09-06 19:16:00,RATING_OUT_OF_BOUNDS
TXN-0006997,Linda Rodriguez,Beauty & Personal Care,,5,4.3,Germany,2023-01-17 05:55:30,MISSING_OR_UNPARSEABLE_PRICE
TXN-0001603,Lisa Jones,Sports & Outdoors,-370.52,1,4.6,Japan,2024-12-02 21:30:42,INVALID_PRICE_NON_POSITIVE
TXN-0005288,Thomas Williams,Beauty & Personal Care,756.0,7,Five,Netherlands,2024-05-31 08:38:53,MISSING_OR_UNPARSEABLE_RATING
TXN-0009583,,Apparel,734.63,3,4.8,France,2024-05-10 09:09:30,MISSING_CUSTOMER_NAME
TXN-0004844,Barbara Rodriguez,Toys & Games,-579.84,4,2.1,United States,2023-05-21 07:42:56,INVALID_PRICE_NON_POSITIVE
TXN-0010162,Elizabeth Gonzalez,Books,1148.98,5,1.3,NULL,2023-08-17 04:26:09,MISSING_OR_INVALID_COUNTRY
TXN-0011027,Joseph Brown,Automotive,910.95,6,4.4,France,,MISSING_OR_UNPARSEABLE_DATE
TXN-0005596,Charles Gonzalez,Home & Kitchen,-1351.0,6,1.4,Netherlands,2023-11-04 21:20:05,INVALID_PRICE_NON_POSITIVE
TXN-0009665,Elizabeth Davis,Sports & Outdoors,179.09,5,4.7,None,2024-03-10 13:39:15,MISSING_OR_INVALID_COUNTRY
TXN-0001188,Linda Brown,Electronics,,8,3.3,United Kingdom,2023-02-02 14:06:31,MISSING_OR_UNPARSEABLE_PRICE
TXN-0008539,Barbara Thompson,Toys & Games,988.96,1,N/A,Brazil,2024-01-16 14:47:38,MISSING_OR_UNPARSEABLE_RATING
TXN-0004036,,Apparel,1047.41,8,2.0,India,2023-05-16 08:31:58,MISSING_CUSTOMER_NAME
TXN-0006532,Michael Anderson,Sports & Outdoors,567.49,4,-1.0,India,2024-07-19 08:02:35,RATING_OUT_OF_BOUNDS
TXN-0009690,Sarah Brown,Beauty & Personal Care,546.19,,4.7,United States,2024-12-23 21:33:56,MISSING_OR_UNPARSEABLE_QUANTITY
TXN-0011357,Daniel Hernandez,Toys & Games,529.47,5,N/A,Brazil,2023-03-14 08:05:22,MISSING_OR_UNPARSEABLE_RATING
TXN-0000569,Karen Thomas,Beauty & Personal Care,1331.94,7,2.6,None,2023-02-02 11:41:53,MISSING_OR_INVALID_COUNTRY
TXN-0010158,James Perez,Automotive,423.57,1,None,Netherlands,2023-01-12 01:37:24,MISSING_OR_UNPARSEABLE_RATING
TXN-0007222,Jennifer Johnson,Electronics,351.77,2,2.5,NULL,2023-02-03 02:22:55,MISSING_OR_INVALID_COUNTRY
TXN-0008769,Mary White,Home & Kitchen,1042.91,8,,Brazil,2024-02-06 14:01:07,MISSING_OR_UNPARSEABLE_RATING
TXN-0006515,Karen Smith,Sports & Outdoors,128.96,3,3.1,,2023-12-04 16:31:20,MISSING_OR_INVALID_COUNTRY
TXN-0012385,William Johnson,Books,263.23,2,6.5,India,2023-11-01 18:17:34,RATING_OUT_OF_BOUNDS
TXN-0004701,Joseph Perez,Apparel,421.07,1,Five,Netherlands,2024-11-03 04:48:15,MISSING_OR_UNPARSEABLE_RATING
TXN-0005015,Mary Jones,Home & Kitchen,1443.63,1,-1.0,United States,2024-10-24 16:03:29,RATING_OUT_OF_BOUNDS
TXN-0001130,Barbara Martinez,Home & Kitchen,750.9,3,NULL,United States,2023-04-27 16:26:53,MISSING_OR_UNPARSEABLE_RATING
TXN-0010513,Jessica Perez,Books,637.34,6,6.5,Canada,2023-05-27 11:16:06,RATING_OUT_OF_BOUNDS
TXN-0000134,Barbara Moore,Beauty & Personal Care,1145.1,4,4.2,Canada,,MISSING_OR_UNPARSEABLE_DATE
TXN-0001704,James White,Electronics,487.13,2,0.0,Canada,2023-05-28 21:43:25,RATING_OUT_OF_BOUNDS
TXN-0004212,Sarah Thomas,Sports & Outdoors,143.45,,2.4,France,2024-06-07 05:22:38,MISSING_OR_UNPARSEABLE_QUANTITY
TXN-0010739,Susan Brown,Electronics,-800.41,5,3.2,Germany,2023-03-19 02:48:18,INVALID_PRICE_NON_POSITIVE
TXN-0005793,Patricia Martinez,Toys & Games,201.81,6,2.0,United States,,MISSING_OR_UNPARSEABLE_DATE
TXN-0011806,Lisa Williams,Toys & Games,417.32,4,0.0,Canada,2024-07-08 09:58:46,RATING_OUT_OF_BOUNDS
TXN-0012310,Michael Lopez,Electronics,1241.99,4,-1.0,France,2023-12-12 23:34:32,RATING_OUT_OF_BOUNDS
TXN-0004353,Jessica White,Sports & Outdoors,423.75,1,3.2,India,,MISSING_OR_UNPARSEABLE_DATE
TXN-0001182,Nancy Martinez,Automotive,861.04,5,-1.0,Japan,2023-10-24 03:46:48,RATING_OUT_OF_BOUNDS
TXN-0009032,Robert Rodriguez,Books,-814.06,2,1.3,France,2023-08-29 09:17:42,INVALID_PRICE_NON_POSITIVE
TXN-0001020,Linda White,Toys & Games,226.76,8,-1.0,Australia,2023-05-21 23:39:27,RATING_OUT_OF_BOUNDS
TXN-0003124,William Jones,Apparel,None,7,2.2,France,2023-03-03 03:00:14,MISSING_OR_UNPARSEABLE_PRICE
TXN-0004724,Jennifer Thompson,Apparel,1476.75,7,N/A,Germany,2023-09-14 09:24:59,MISSING_OR_UNPARSEABLE_RATING
TXN-0005081,Sarah Lee,Sports & Outdoors,1221.46,3,2.2,,2023-01-16 12:50:32,MISSING_OR_INVALID_COUNTRY
TXN-0006958,Michael Gonzalez,Electronics,$198.08,1,N/A,India,2024-12-31,MISSING_OR_UNPARSEABLE_RATING
TXN-0001386,Sarah Davis,Apparel,242.33,NULL,3.5,Australia,2024-10-29 03:49:02,MISSING_OR_UNPARSEABLE_QUANTITY
TXN-0006579,Christopher Anderson,Sports & Outdoors,448.87,3,0.0,Canada,2023-03-06 10:43:43,RATING_OUT_OF_BOUNDS
TXN-0003656,Christopher Brown,Books,NULL,6,1.2,Germany,2023-03-10 00:48:30,MISSING_OR_UNPARSEABLE_PRICE
TXN-0008700,Michael Brown,Apparel,-1117.97,5,4.3,France,2024-11-11 14:07:15,INVALID_PRICE_NON_POSITIVE
TXN-0003193,Sarah Thompson,Automotive,156.93,5,,United States,2024-05-03 02:04:40,MISSING_OR_UNPARSEABLE_RATING
TXN-0003610,Robert Rodriguez,Beauty & Personal Care,358.87,2,2.5,NULL,2023-03-07 17:54:37,MISSING_OR_INVALID_COUNTRY
TXN-0002261,Richard Anderson,Books,171.29,1,1.0,Netherlands,,MISSING_OR_UNPARSEABLE_DATE
TXN-0003538,Lisa Miller,Sports & Outdoors,445.27,8,,Germany,2024-07-06 14:11:25,MISSING_OR_UNPARSEABLE_RATING
TXN-0001637,Michael Miller,Apparel,1022.13,5,3.1,Australia,NULL,MISSING_OR_UNPARSEABLE_DATE
TXN-0002820,Lisa Garcia,Toys & Games,1325.04,3,Five,France,2023-01-23 07:53:22,MISSING_OR_UNPARSEABLE_RATING
TXN-0009752,Linda Davis,Sports & Outdoors,1096.8,7,7.2,India,2024-08-02 02:51:42,RATING_OUT_OF_BOUNDS
TXN-0010148,Susan Gonzalez,Apparel,1130.81,5,7.2,France,2024-12-31 05:41:41,RATING_OUT_OF_BOUNDS
TXN-0001860,Daniel Miller,Electronics,849.87,3,,United States,2024-10-29 12:27:42,MISSING_OR_UNPARSEABLE_RATING
TXN-0011065,Jennifer Smith,Toys & Games,-184.83,1,4.7,Brazil,2024-07-06 14:09:22,INVALID_PRICE_NON_POSITIVE
TXN-0007127,Elizabeth Hernandez,Automotive,426.54,8,7.2,Netherlands,2023-06-28 19:58:53,RATING_OUT_OF_BOUNDS
TXN-0000501,James Wilson,Home & Kitchen,None,4,3.3,Australia,2024-05-19 18:22:14,MISSING_OR_UNPARSEABLE_PRICE
TXN-0001940,Michael White,Electronics,-1253.78,7,4.7,India,2023-01-03 17:23:58,INVALID_PRICE_NON_POSITIVE
TXN-0011778,James Hernandez,Electronics,1229.89,2,-1.0,India,2023-01-04 01:31:59,RATING_OUT_OF_BOUNDS
TXN-0008687,Nancy Thomas,Electronics,31.0,3,,Australia,2023-03-15 20:53:39,MISSING_OR_UNPARSEABLE_RATING
TXN-0004246,Thomas Wilson,Toys & Games,1285.83,None,4.6,India,2023-11-24 19:11:11,MISSING_OR_UNPARSEABLE_QUANTITY
TXN-0008250,John Rodriguez,Sports & Outdoors,1310.7,5,N/A,United States,2024-09-24 13:43:22,MISSING_OR_UNPARSEABLE_RATING
TXN-0005637,James Johnson,Electronics,919.74,2,NULL,Japan,2023-10-12 05:45:58,MISSING_OR_UNPARSEABLE_RATING
TXN-0005104,Joseph Anderson,Sports & Outdoors,1251.12,2,7.2,Netherlands,2024-08-18 14:38:49,RATING_OUT_OF_BOUNDS
TXN-0006676,David Lopez,Electronics,820.97,7,None,Brazil,2023-09-21 21:32:29,MISSING_OR_UNPARSEABLE_RATING
TXN-0007680,Richard Jones,Sports & Outdoors,,2,2.9,Canada,2024-08-17 00:37:41,MISSING_OR_UNPARSEABLE_PRICE
TXN-0008405,Sarah Miller,Books,NULL,3,2.9,United States,2023-06-29 15:13:38,MISSING_OR_UNPARSEABLE_PRICE
TXN-0004611,Thomas Thomas,Electronics,1489.47,2,N/A,France,2023-09-06 13:50:59,MISSING_OR_UNPARSEABLE_RATING
TXN-0010474,William Lee,Books,443.03,7,4.0,,2023-08-11 03:35:06,MISSING_OR_INVALID_COUNTRY
TXN-0003940,Barbara Jones,Books,1392.63,NULL,4.3,Canada,2023-11-03 18:55:23,MISSING_OR_UNPARSEABLE_QUANTITY
TXN-0000571,Linda Taylor,Toys & Games,-838.76,1,1.8,United States,2023-12-08 09:52:41,INVALID_PRICE_NON_POSITIVE
TXN-0002761,Richard Lopez,Books,NULL,6,3.4,France,2024-11-01 17:07:27,MISSING_OR_UNPARSEABLE_PRICE
TXN-0001160,Nancy White,Automotive,1249.44,8,3.0,Germany,NULL,MISSING_OR_UNPARSEABLE_DATE
TXN-0003795,James Martinez,Home & Kitchen,-1393.99,4,1.2,Canada,2024-02-02 09:59:19,INVALID_PRICE_NON_POSITIVE
TXN-0009626,Linda White,Books,1311.65,7,3.0,,2023-07-07 14:05:05,MISSING_OR_INVALID_COUNTRY
TXN-0003001,James Thomas,Beauty & Personal Care,1001.12,2,6.5,Canada,2023-02-20 05:36:44,RATING_OUT_OF_BOUNDS
TXN-0001685,Patricia Jackson,Apparel,619.05,,1.8,Germany,2023-11-17 06:56:42,MISSING_OR_UNPARSEABLE_QUANTITY
TXN-0002904,William Jones,Automotive,1402.17,,4.0,Germany,2024-04-19 04:55:44,MISSING_OR_UNPARSEABLE_QUANTITY
TXN-0000421,,Home & Kitchen,688.79,3,4.9,India,2023-01-04 08:51:33,MISSING_CUSTOMER_NAME
TXN-0002405,Joseph Rodriguez,Toys & Games,766.25,NULL,1.1,Netherlands,2024-01-11 04:38:54,MISSING_OR_UNPARSEABLE_QUANTITY
TXN-0000908,Nancy Garcia,Apparel,NULL,2,4.3,United States,2023-09-08 15:10:59,MISSING_OR_UNPARSEABLE_PRICE
TXN-0008797,John Hernandez,Books,293.02,7,6.5,United States,2023-03-29 03:34:25,RATING_OUT_OF_BOUNDS
TXN-0010701,John Gonzalez,Home & Kitchen,,7,3.0,Germany,2024-05-12 09:51:38,MISSING_OR_UNPARSEABLE_PRICE
TXN-0010467,John Johnson,tOYS & gAMES,1351.64,2,4.6,United States,2023-02-08 11:22:20,DUPLICATE_TRANSACTION_ID
TXN-0012315,Mary Davis,Books,861.6,1,0.0,Brazil,2024-12-23 01:08:43,RATING_OUT_OF_BOUNDS
TXN-0006907,Christopher Garcia,Automotive,1174.69,6,7.2,Netherlands,2023-06-26 10:58:49,RATING_OUT_OF_BOUNDS
TXN-0003797,Patricia Garcia,Automotive,$346.56,8,1.2,Australia,2024-12-31,DUPLICATE_TRANSACTION_ID
TXN-0011827,William Perez,Apparel,-1391.77,4,3.1,United Kingdom,2023-06-06 19:48:12,INVALID_PRICE_NON_POSITIVE
TXN-0003939,Jennifer Smith,Home & Kitchen,,6,1.7,Japan,2023-01-05 14:03:21,MISSING_OR_UNPARSEABLE_PRICE
TXN-0002771,Mary White,Electronics,83.36,,1.3,Netherlands,2023-12-11 08:57:54,MISSING_OR_UNPARSEABLE_QUANTITY
TXN-0005162,Susan Anderson,Electronics,$267.36,8,Five,India,2024-12-31,MISSING_OR_UNPARSEABLE_RATING
TXN-0006267,Jennifer Miller,home & kitchen,$106.14,8,1.3,France,2024-12-31,DUPLICATE_TRANSACTION_ID
TXN-0008688,Lisa Lopez,Books,1070.1,3,0.0,Japan,2023-02-20 11:44:50,RATING_OUT_OF_BOUNDS
TXN-0009216,Daniel Lopez,Automotive,612.48,8,1.1,NULL,2023-04-23 06:25:17,MISSING_OR_INVALID_COUNTRY
TXN-0009543,Christopher Smith,Home & Kitchen,361.69,7,1.1,NULL,2023-01-06 04:57:46,MISSING_OR_INVALID_COUNTRY
TXN-0000911,Susan Martinez,Automotive,1070.23,,2.0,Canada,2023-03-15 14:10:00,MISSING_OR_UNPARSEABLE_QUANTITY
TXN-0010037,Thomas Taylor,Toys & Games,265.43,2,2.5,None,2023-06-15 15:33:26,MISSING_OR_INVALID_COUNTRY
TXN-0001148,William Gonzalez,Toys & Games,698.63,7,Five,Canada,2023-08-09 03:22:23,MISSING_OR_UNPARSEABLE_RATING
TXN-0009200,Nancy Wilson,Electronics,None,3,4.6,Germany,2024-06-11 20:45:05,MISSING_OR_UNPARSEABLE_PRICE
TXN-0007498,Jessica Miller,Sports & Outdoors,1497.48,4,N/A,United States,2024-12-08 03:14:01,MISSING_OR_UNPARSEABLE_RATING
TXN-0002525,David Gonzalez,Automotive,1045.64,2,-1.0,Brazil,2024-08-24 10:57:12,RATING_OUT_OF_BOUNDS
TXN-0000127,John Williams,Beauty & Personal Care,226.76,None,2.1,Netherlands,2024-05-06 17:24:19,MISSING_OR_UNPARSEABLE_QUANTITY
TXN-0001097,None,Beauty & Personal Care,844.65,7,2.1,Germany,2023-06-14 19:13:54,MISSING_CUSTOMER_NAME
TXN-0007037,William Brown,Toys & Games,-597.04,2,1.8,Canada,2023-01-03 18:36:07,INVALID_PRICE_NON_POSITIVE
TXN-0004660,Christopher Johnson,Apparel,1204.93,1,7.2,Canada,2023-05-14 05:32:54,RATING_OUT_OF_BOUNDS
TXN-0004271,Sarah Thomas,Beauty & Personal Care,314.19,2,1.0,,2024-07-04 14:05:47,MISSING_OR_INVALID_COUNTRY
TXN-0001330,Thomas Davis,Books,998.04,7,6.5,Australia,2023-09-13 22:36:22,RATING_OUT_OF_BOUNDS
TXN-0000478,Sarah Martin,Electronics,$235.72,1,4.2,United Kingdom,2024-12-31,DUPLICATE_TRANSACTION_ID
TXN-0002073,James Thompson,Electronics,214.72,8,2.6,,2023-08-29 03:39:36,MISSING_OR_INVALID_COUNTRY
TXN-0005515,Christopher Miller,Electronics,-263.83,4,4.7,Brazil,2024-11-07 18:51:55,INVALID_PRICE_NON_POSITIVE
TXN-0007964,Mary White,Beauty & Personal Care,926.97,6,1.5,India,NULL,MISSING_OR_UNPARSEABLE_DATE
TXN-0007613,Barbara Rodriguez,Automotive,53.41,,5.0,Australia,2024-11-18 02:07:44,MISSING_OR_UNPARSEABLE_QUANTITY
TXN-0007452,Christopher Anderson,Electronics,$83.42,5,4.2,Germany,2024-12-31,DUPLICATE_TRANSACTION_ID
TXN-0004932,Jessica Miller,Automotive,-113.67,8,4.1,Canada,2024-12-28 00:12:39,INVALID_PRICE_NON_POSITIVE
TXN-0010081,Richard Moore,Home & Kitchen,1279.25,4,N/A,United States,2024-12-16 21:46:08,MISSING_OR_UNPARSEABLE_RATING
TXN-0000881,None,Home & Kitchen,$394.8,5,4.4,Australia,2024-12-31,MISSING_CUSTOMER_NAME
TXN-0005339,Mary Anderson,Automotive,1218.83,8,2.3,Netherlands,,MISSING_OR_UNPARSEABLE_DATE
TXN-0008608,Karen Gonzalez,Automotive,1315.42,7,Five,Brazil,2024-03-20 21:15:09,MISSING_OR_UNPARSEABLE_RATING
TXN-0003137,Richard Thomas,Apparel,56.24,8,0.0,Brazil,2024-07-08 23:54:36,RATING_OUT_OF_BOUNDS
TXN-0004842,Daniel Garcia,Sports & Outdoors,1041.96,7,3.4,France,,MISSING_OR_UNPARSEABLE_DATE
TXN-0001442,,Beauty & Personal Care,1072.48,8,1.8,Canada,2024-05-12 10:18:55,MISSING_CUSTOMER_NAME
TXN-0010786,Mary Thomas,Electronics,,6,1.4,Brazil,2023-08-20 03:45:36,MISSING_OR_UNPARSEABLE_PRICE
TXN-0011300,James Gonzalez,Sports & Outdoors,671.03,3,0.0,United Kingdom,2023-08-05 00:40:24,RATING_OUT_OF_BOUNDS
TXN-0009155,Lisa Martin,Toys & Games,1411.05,3,,Brazil,2023-08-30 18:42:29,MISSING_OR_UNPARSEABLE_RATING
TXN-0008085,Jessica Martin,Books,1150.16,None,2.7,Netherlands,2023-06-21 00:17:49,MISSING_OR_UNPARSEABLE_QUANTITY
TXN-0006240,Lisa Wilson,Toys & Games,1029.52,3,4.7,NULL,2023-05-28 06:23:19,MISSING_OR_INVALID_COUNTRY
TXN-0006931,Patricia Brown,Sports & Outdoors,1408.58,3,3.6,United States,,MISSING_OR_UNPARSEABLE_DATE
TXN-0005232,Michael Moore,Home & Kitchen,-352.29,2,2.6,France,2023-02-27 18:33:03,INVALID_PRICE_NON_POSITIVE
TXN-0006736,Karen Gonzalez,Toys & Games,564.89,2,,India,2023-10-23 15:42:40,MISSING_OR_UNPARSEABLE_RATING
TXN-0012408,,Home & Kitchen,1430.62,2,5.0,Netherlands,2023-03-25 19:04:23,MISSING_CUSTOMER_NAME
TXN-0008580,Richard Johnson,Electronics,1240.69,6,,United Kingdom,2023-06-12 00:35:07,MISSING_OR_UNPARSEABLE_RATING
TXN-0010726,,Apparel,116.05,5,3.3,Germany,2023-02-02 05:00:12,MISSING_CUSTOMER_NAME
TXN-0008669,Karen Martin,Apparel,260.74,5,1.3,NULL,2024-10-03 06:19:52,MISSING_OR_INVALID_COUNTRY
TXN-0005437,,Books,440.11,5,4.1,United Kingdom,2024-10-05 02:12:06,MISSING_CUSTOMER_NAME
TXN-0009762,David Martinez,Sports & Outdoors,726.43,3,Five,France,2024-04-09 18:32:05,MISSING_OR_UNPARSEABLE_RATING
TXN-0004226,Susan Jackson,Electronics,-1442.34,4,5.0,United Kingdom,2023-03-17 12:11:17,INVALID_PRICE_NON_POSITIVE
TXN-0008752,Charles Moore,Beauty & Personal Care,329.74,7,-1.0,Netherlands,2024-11-01 13:17:24,RATING_OUT_OF_BOUNDS
TXN-0001237,Charles Davis,Home & Kitchen,,8,3.1,United Kingdom,2024-10-14 04:12:38,MISSING_OR_UNPARSEABLE_PRICE
TXN-0003133,Susan White,Home & Kitchen,1100.36,3,2.9,United States,,MISSING_OR_UNPARSEABLE_DATE
TXN-0006793,Sarah Brown,Home & Kitchen,,5,4.6,Canada,2023-11-14 05:29:49,MISSING_OR_UNPARSEABLE_PRICE
TXN-0005775,Karen Jackson,Automotive,1379.43,4,-1.0,India,2024-05-28 17:28:19,RATING_OUT_OF_BOUNDS
TXN-0002637,Charles Anderson,Home & Kitchen,None,1,2.6,Netherlands,2024-11-21 12:17:15,MISSING_OR_UNPARSEABLE_PRICE
TXN-0003297,Sarah Smith,Automotive,1396.79,2,N/A,United States,2024-06-21 14:24:34,MISSING_OR_UNPARSEABLE_RATING
TXN-0010820,NULL,Apparel,1146.1,8,4.4,Canada,2024-08-12 16:17:26,MISSING_CUSTOMER_NAME
TXN-0001888,Susan Smith,Home & Kitchen,453.35,NULL,5.0,Canada,2023-03-29 17:28:11,MISSING_OR_UNPARSEABLE_QUANTITY
TXN-0004545,Mary Gonzalez,Sports & Outdoors,625.47,2,6.5,Brazil,2024-08-13 08:56:43,RATING_OUT_OF_BOUNDS
TXN-0006009,Robert Lee,Toys & Games,1443.71,1,4.9,None,2024-03-29 02:59:52,MISSING_OR_INVALID_COUNTRY
TXN-0001827,Jennifer Johnson,Beauty & Personal Care,1001.75,8,0.0,Germany,2024-12-08 07:59:51,RATING_OUT_OF_BOUNDS
TXN-0010108,Mary Jones,Home & Kitchen,,2,3.9,France,2024-09-09 10:19:00,MISSING_OR_UNPARSEABLE_PRICE
TXN-0010717,Sarah Davis,Electronics,194.58,1,N/A,Netherlands,2023-11-24 19:31:06,MISSING_OR_UNPARSEABLE_RATING
TXN-0007644,Thomas Hernandez,Apparel,1410.57,7,1.6,NULL,2023-06-22 04:53:48,MISSING_OR_INVALID_COUNTRY
TXN-0003958,Jennifer Moore,Sports & Outdoors,1393.98,8,6.5,Japan,2024-08-30 03:22:06,RATING_OUT_OF_BOUNDS
TXN-0006473,Richard Thompson,Automotive,474.6,1,1.8,Brazil,20-Mar-2023,DUPLICATE_TRANSACTION_ID
TXN-0006771,Jennifer Anderson,Home & Kitchen,-1092.18,3,2.2,Germany,2023-02-14 02:02:06,INVALID_PRICE_NON_POSITIVE
TXN-0007435,NULL,Sports & Outdoors,1300.78,8,1.6,Canada,2024-08-18 04:58:49,MISSING_CUSTOMER_NAME
TXN-0000781,,Books,670.94,7,2.9,India,2024-03-13 08:08:40,MISSING_CUSTOMER_NAME
TXN-0005155,Elizabeth Thompson,Toys & Games,-790.11,1,3.2,Brazil,2023-12-17 14:19:05,INVALID_PRICE_NON_POSITIVE
TXN-0007016,Joseph Jackson,Toys & Games,NULL,3,2.1,Netherlands,2024-03-30 02:30:47,MISSING_OR_UNPARSEABLE_PRICE
TXN-0008203,Lisa Brown,Toys & Games,636.59,5,3.8,,2024-02-13 03:42:27,MISSING_OR_INVALID_COUNTRY
TXN-0009165,John Smith,Automotive,,4,4.7,Netherlands,2023-11-01 20:39:12,MISSING_OR_UNPARSEABLE_PRICE
TXN-0010363,Mary Thompson,Beauty & Personal Care,1053.48,6,,Japan,2024-08-24 10:38:42,MISSING_OR_UNPARSEABLE_RATING
TXN-0009054,Susan Martin,Toys & Games,1344.24,4,1.6,India,NULL,MISSING_OR_UNPARSEABLE_DATE
TXN-0000531,Mary Jones,Apparel,307.11,8,1.8,,2023-01-25 17:06:52,MISSING_OR_INVALID_COUNTRY
TXN-0003851,William Jackson,Books,None,5,2.4,Canada,2024-06-04 09:36:25,MISSING_OR_UNPARSEABLE_PRICE
TXN-0007332,Elizabeth Jackson,Sports & Outdoors,,2,3.9,Japan,2023-05-05 08:34:56,MISSING_OR_UNPARSEABLE_PRICE
TXN-0002439,Robert White,Electronics,,7,1.7,France,2023-11-16 00:32:34,MISSING_OR_UNPARSEABLE_PRICE
TXN-0007526,William White,Toys & Games,224.03,6,3.6,Canada,,MISSING_OR_UNPARSEABLE_DATE
TXN-0008123,Robert Lopez,Electronics,1058.46,6,-1.0,Netherlands,2023-10-08 05:13:03,RATING_OUT_OF_BOUNDS
TXN-0009512,Michael Anderson,Electronics,999.56,5,6.5,United States,2023-06-12 20:01:41,RATING_OUT_OF_BOUNDS
TXN-0002831,Patricia Perez,Automotive,194.13,6,-1.0,Netherlands,2024-12-07 14:04:25,RATING_OUT_OF_BOUNDS
TXN-0008145,Charles Williams,Electronics,1427.94,6,N/A,Australia,2024-07-29 21:15:29,MISSING_OR_UNPARSEABLE_RATING
TXN-0009079,Michael Martinez,Toys & Games,,3,2.6,Canada,2023-06-09 18:42:52,MISSING_OR_UNPARSEABLE_PRICE
TXN-0010156,Jessica Smith,Automotive,405.54,5,NULL,Netherlands,2024-11-23 18:14:38,MISSING_OR_UNPARSEABLE_RATING
TXN-0009128,Nancy Martinez,Automotive,708.86,8,3.3,None,2023-06-05 01:48:58,MISSING_OR_INVALID_COUNTRY
TXN-0010379,Daniel Wilson,Beauty & Personal Care,872.89,3,NULL,United Kingdom,2023-10-15 21:31:14,MISSING_OR_UNPARSEABLE_RATING
TXN-0008245,Daniel Rodriguez,Electronics,649.08,1,0.0,India,2024-05-24 21:08:43,RATING_OUT_OF_BOUNDS
TXN-0000677,Karen Hernandez,Electronics,-1418.26,6,4.6,Brazil,2023-03-28 04:33:58,INVALID_PRICE_NON_POSITIVE
TXN-0004073,Patricia Jackson,Beauty & Personal Care,1220.87,4,Five,United States,2023-11-09 20:53:30,MISSING_OR_UNPARSEABLE_RATING
TXN-0011553,Joseph Lee,Books,NULL,8,2.7,United Kingdom,2024-06-27 21:17:52,MISSING_OR_UNPARSEABLE_PRICE
TXN-0008877,Sarah Thompson,Beauty & Personal Care,778.46,1,4.2,Japan,,MISSING_OR_UNPARSEABLE_DATE
TXN-0010540,James Smith,Sports & Outdoors,1052.77,4,4.1,,2024-11-23 22:53:16,MISSING_OR_INVALID_COUNTRY
TXN-0001125,William Lopez,Automotive,1242.49,5,N/A,United States,2024-11-23 08:23:10,MISSING_OR_UNPARSEABLE_RATING
TXN-0000046,David Martin,Beauty & Personal Care,-1081.03,5,3.0,Canada,2024-06-01 23:47:05,INVALID_PRICE_NON_POSITIVE
TXN-0001406,Christopher Garcia,Toys & Games,-400.7,8,2.4,Germany,2024-09-17 23:01:05,INVALID_PRICE_NON_POSITIVE
TXN-0008398,Karen Miller,Beauty & Personal Care,1367.52,4,,Brazil,2024-07-12 12:44:57,MISSING_OR_UNPARSEABLE_RATING
TXN-0009663,William Miller,Electronics,350.05,2,6.5,Canada,2024-03-05 10:45:54,RATING_OUT_OF_BOUNDS
TXN-0000339,Karen Davis,Sports & Outdoors,-620.93,8,1.2,India,2023-08-06 07:24:08,INVALID_PRICE_NON_POSITIVE
TXN-0004894,David Perez,Books,45.32,NULL,2.0,Netherlands,2023-07-30 22:22:18,MISSING_OR_UNPARSEABLE_QUANTITY
TXN-0000757,Robert Martin,Toys & Games,679.98,3,None,Australia,2024-06-17 23:18:40,MISSING_OR_UNPARSEABLE_RATING
TXN-0003789,William Brown,Electronics,-830.17,7,2.9,France,2024-02-10 07:22:03,INVALID_PRICE_NON_POSITIVE
TXN-0009732,Lisa Johnson,Electronics,593.07,6,3.7,Brazil,,MISSING_OR_UNPARSEABLE_DATE
TXN-0012475,Lisa Garcia,Apparel,61.63,6,-1.0,Germany,2024-09-23 09:06:09,RATING_OUT_OF_BOUNDS
TXN-0000647,Elizabeth Thompson,Toys & Games,947.77,NULL,2.9,Canada,2024-11-18 13:35:16,MISSING_OR_UNPARSEABLE_QUANTITY
TXN-0006662,Sarah Lopez,Sports & Outdoors,91.26,7,2.3,None,2023-01-07 01:09:12,MISSING_OR_INVALID_COUNTRY
TXN-0006703,James Smith,Apparel,269.57,2,0.0,France,2023-12-15 22:30:04,RATING_OUT_OF_BOUNDS
TXN-0006930,Nancy Rodriguez,Electronics,1042.0,6,7.2,Brazil,2023-02-08 03:58:07,RATING_OUT_OF_BOUNDS
TXN-0004306,Joseph Davis,Toys & Games,29.03,6,3.3,None,2024-04-16 01:56:49,MISSING_OR_INVALID_COUNTRY
TXN-0008426,Nancy Moore,Toys & Games,195.23,7,7.2,United Kingdom,2023-11-23 01:11:32,RATING_OUT_OF_BOUNDS
TXN-0010659,Barbara Thomas,Books,360.5,,1.3,Japan,2024-11-08 02:42:19,MISSING_OR_UNPARSEABLE_QUANTITY
TXN-0008176,Richard Rodriguez,Sports & Outdoors,550.59,7,4.2,NULL,2024-09-07 02:32:05,MISSING_OR_INVALID_COUNTRY
TXN-0012391,Robert Martinez,Books,1114.92,5,2.2,United Kingdom,,MISSING_OR_UNPARSEABLE_DATE
TXN-0007424,Daniel Taylor,Automotive,731.09,5,0.0,Japan,2024-12-20 22:26:32,RATING_OUT_OF_BOUNDS
TXN-0008954,NULL,Books,$50.26,1,4.1,Australia,2024-12-31,MISSING_CUSTOMER_NAME
TXN-0007111,David Jackson,Electronics,294.57,8,4.7,,2024-11-21 07:42:58,MISSING_OR_INVALID_COUNTRY
TXN-0008768,Sarah White,Beauty & Personal Care,984.13,8,0.0,United States,2023-05-08 07:56:36,RATING_OUT_OF_BOUNDS
TXN-0005282,Mary Smith,Electronics,1218.29,,5.0,United Kingdom,2023-01-11 12:02:26,MISSING_OR_UNPARSEABLE_QUANTITY
TXN-0000213,Michael Miller,Sports & Outdoors,,3,1.4,Brazil,2024-07-29 11:12:31,MISSING_OR_UNPARSEABLE_PRICE
TXN-0010963,Charles Martin,Electronics,-966.33,2,2.4,Australia,2023-04-14 17:11:39,INVALID_PRICE_NON_POSITIVE
TXN-0012077,William Hernandez,Books,-973.64,1,2.5,Brazil,2023-08-24 12:52:53,INVALID_PRICE_NON_POSITIVE
TXN-0001139,Charles Taylor,Beauty & Personal Care,-933.23,5,1.2,United Kingdom,2024-10-18 09:56:33,INVALID_PRICE_NON_POSITIVE
TXN-0012119,None,Home & Kitchen,1225.02,5,2.5,Netherlands,2023-10-02 20:42:17,MISSING_CUSTOMER_NAME
TXN-0008904,Michael Brown,Sports & Outdoors,564.16,5,3.7,,2024-08-02 02:33:19,MISSING_OR_INVALID_COUNTRY
TXN-0009525,Robert Brown,Beauty & Personal Care,NULL,6,3.0,Japan,2023-10-22 01:38:12,MISSING_OR_UNPARSEABLE_PRICE
TXN-0008103,Jessica Jones,Automotive,NULL,6,4.0,India,2023-05-02 23:28:51,MISSING_OR_UNPARSEABLE_PRICE
TXN-0006157,Sarah Johnson,Beauty & Personal Care,-244.04,3,4.0,United Kingdom,2023-09-12 13:12:04,INVALID_PRICE_NON_POSITIVE
TXN-0012172,Susan Taylor,Apparel,674.72,2,N/A,Germany,2024-07-04 05:18:21,MISSING_OR_UNPARSEABLE_RATING
TXN-0002488,,Sports & Outdoors,341.57,2,1.5,Australia,2023-01-13 15:40:02,MISSING_CUSTOMER_NAME
TXN-0002449,None,Books,857.49,8,5.0,United States,2023-11-29 12:29:44,MISSING_CUSTOMER_NAME
TXN-0011576,John Taylor,Beauty & Personal Care,246.61,4,None,Brazil,2023-03-19 19:24:29,MISSING_OR_UNPARSEABLE_RATING
TXN-0010446,David Smith,Toys & Games,708.63,3,3.7,France,None,MISSING_OR_UNPARSEABLE_DATE
TXN-0004040,Richard Perez,Beauty & Personal Care,-875.65,5,2.3,Netherlands,2024-09-26 04:39:26,INVALID_PRICE_NON_POSITIVE
TXN-0005146,Sarah Lee,Apparel,1228.58,,4.9,Japan,2023-05-21 11:05:21,MISSING_OR_UNPARSEABLE_QUANTITY
TXN-0007811,James Williams,Books,731.24,1,-1.0,France,2023-12-04 02:07:36,RATING_OUT_OF_BOUNDS
TXN-0003273,Susan Miller,Beauty & Personal Care,14.89,None,2.9,Japan,2024-02-23 14:26:59,MISSING_OR_UNPARSEABLE_QUANTITY
TXN-0012053,Patricia Johnson,Beauty & Personal Care,1022.87,None,4.9,Canada,2023-11-25 15:36:37,MISSING_OR_UNPARSEABLE_QUANTITY
TXN-0012406,Robert Thompson,Apparel,$212.8,8,0.0,United States,2024-12-31,RATING_OUT_OF_BOUNDS
TXN-0010876,Robert Martin,Electronics,565.72,None,3.7,United States,2024-08-25 13:08:45,MISSING_OR_UNPARSEABLE_QUANTITY
TXN-0005924,Lisa Martin,Electronics,1044.3,5,1.5,,2023-12-03 19:55:59,MISSING_OR_INVALID_COUNTRY
TXN-0012118,Thomas Lopez,Books,66.36,5,N/A,Japan,2024-12-20 08:04:40,MISSING_OR_UNPARSEABLE_RATING
TXN-0009571,Elizabeth Anderson,Home & Kitchen,,8,2.9,United Kingdom,2024-01-22 02:23:16,MISSING_OR_UNPARSEABLE_PRICE
TXN-0001261,Robert Williams,Toys & Games,,1,2.3,Canada,2024-10-28 08:14:03,MISSING_OR_UNPARSEABLE_PRICE
TXN-0005511,Patricia Lopez,Automotive,510.13,None,2.5,Japan,2024-11-28 18:39:38,MISSING_OR_UNPARSEABLE_QUANTITY
TXN-0007996,Thomas Johnson,Books,1466.78,4,NULL,United States,2024-09-21 22:39:43,MISSING_OR_UNPARSEABLE_RATING
TXN-0001600,Thomas Lopez,Toys & Games,787.59,7,0.0,France,2024-10-28 08:54:55,RATING_OUT_OF_BOUNDS
TXN-0001636,Susan Johnson,Electronics,1068.49,6,Five,Australia,2023-03-23 05:50:02,MISSING_OR_UNPARSEABLE_RATING
TXN-0000237,None,Sports & Outdoors,96.13,3,3.5,France,2023-11-28 19:35:45,MISSING_CUSTOMER_NAME
TXN-0005436,David Miller,Sports & Outdoors,,8,3.8,Germany,2024-08-20 00:44:13,MISSING_OR_UNPARSEABLE_PRICE
TXN-0009712,David Thompson,Sports & Outdoors,885.89,8,,France,2023-07-20 02:26:08,MISSING_OR_UNPARSEABLE_RATING
TXN-0011425,David White,Automotive,551.54,3,6.5,United Kingdom,2024-08-19 02:03:24,RATING_OUT_OF_BOUNDS
TXN-0004947,Thomas Thomas,Electronics,1080.25,3,3.3,Netherlands,18/09/2023,DUPLICATE_TRANSACTION_ID
TXN-0005625,Jessica Garcia,Sports & Outdoors,607.42,4,-1.0,India,2023-09-28 11:39:57,RATING_OUT_OF_BOUNDS
TXN-0010296,Nancy Thomas,Toys & Games,NULL,7,2.9,Brazil,2023-07-24 08:02:38,MISSING_OR_UNPARSEABLE_PRICE
TXN-0009665,Elizabeth Davis,Sports & Outdoors,$34.75,5,4.7,None,2024-12-31,MISSING_OR_INVALID_COUNTRY
TXN-0000543,Daniel Thompson,Home & Kitchen,$426.09,1,3.9,Netherlands,2024-12-31,DUPLICATE_TRANSACTION_ID
TXN-0008685,Susan Lee,Automotive,1111.67,8,-1.0,Germany,2023-02-07 15:44:37,RATING_OUT_OF_BOUNDS
TXN-0009429,Mary Williams,Electronics,781.41,1,2.6,Germany,,MISSING_OR_UNPARSEABLE_DATE
TXN-0000254,Christopher Lee,Electronics,610.89,NULL,3.2,Canada,2023-02-13 14:03:29,MISSING_OR_UNPARSEABLE_QUANTITY
TXN-0008117,Jessica Jones,Apparel,-1088.52,6,1.5,Germany,2024-06-05 23:33:04,INVALID_PRICE_NON_POSITIVE
TXN-0000739,Christopher Thompson,Apparel,751.31,8,2.1,Netherlands,,MISSING_OR_UNPARSEABLE_DATE
TXN-0010990,David Gonzalez,Books,1144.71,4,7.2,Netherlands,2024-09-29 14:47:18,RATING_OUT_OF_BOUNDS
TXN-0010386,Jennifer Hernandez,bEAUTY & pERSONAL cARE,$116.62,1,4.3,Netherlands,2024-12-31,DUPLICATE_TRANSACTION_ID
TXN-0006183,Jennifer White,Toys & Games,717.52,5,N/A,Germany,2024-02-24 10:13:17,MISSING_OR_UNPARSEABLE_RATING
TXN-0007626,James Perez,Books,953.82,3,3.1,,2024-02-19 13:16:20,MISSING_OR_INVALID_COUNTRY
TXN-0002963,John White,Electronics,521.17,None,1.6,United States,2024-09-13 02:36:42,MISSING_OR_UNPARSEABLE_QUANTITY
TXN-0004538,Karen Garcia,Apparel,28.25,1,None,France,2023-06-12 02:44:59,MISSING_OR_UNPARSEABLE_RATING
TXN-0002497,David White,Automotive,861.14,2,4.0,Canada,,MISSING_OR_UNPARSEABLE_DATE
TXN-0004587,Joseph Williams,Apparel,1245.01,2,,France,2023-06-09 08:53:29,MISSING_OR_UNPARSEABLE_RATING
TXN-0002557,Susan Hernandez,Sports & Outdoors,943.39,8,1.2,,2024-11-21 04:10:56,MISSING_OR_INVALID_COUNTRY
TXN-0002046,Barbara Thompson,Apparel,,3,4.6,Brazil,2023-01-21 19:22:58,MISSING_OR_UNPARSEABLE_PRICE
TXN-0009519,Richard Miller,Home & Kitchen,-242.11,8,1.4,Australia,2023-12-11 12:03:54,INVALID_PRICE_NON_POSITIVE
TXN-0004332,Linda Smith,Toys & Games,-851.71,6,3.1,Germany,2023-01-26 21:29:10,INVALID_PRICE_NON_POSITIVE
TXN-0000919,John Miller,Electronics,NULL,3,1.4,United Kingdom,2024-04-05 07:26:09,MISSING_OR_UNPARSEABLE_PRICE
TXN-0012437,Richard Perez,Apparel,1171.6,8,2.4,None,2024-05-29 10:41:46,MISSING_OR_INVALID_COUNTRY
TXN-0004481,Elizabeth Gonzalez,Toys & Games,477.8,,1.2,United Kingdom,2023-05-30 10:53:47,MISSING_OR_UNPARSEABLE_QUANTITY
TXN-0003547,Jennifer Thomas,Sports & Outdoors,,5,3.8,India,2023-06-17 09:05:39,MISSING_OR_UNPARSEABLE_PRICE
TXN-0004752,Barbara Perez,Home & Kitchen,155.24,4,3.6,NULL,2023-01-23 18:31:52,MISSING_OR_INVALID_COUNTRY
TXN-0010444,James Moore,Electronics,903.82,7,2.6,India,2024-12-30 03:52:57,DUPLICATE_TRANSACTION_ID
TXN-0007292,Elizabeth Anderson,Apparel,76.49,4,6.5,United States,2023-10-28 02:33:45,RATING_OUT_OF_BOUNDS
TXN-0011741,Jennifer Jones,Toys & Games,1266.36,2,4.7,,2023-03-26 03:38:46,MISSING_OR_INVALID_COUNTRY
TXN-0001956,Susan Rodriguez,Electronics,261.66,3,-1.0,India,2024-11-02 11:45:35,RATING_OUT_OF_BOUNDS
TXN-0004002,William Anderson,Beauty & Personal Care,1047.81,4,Five,India,2024-11-28 05:46:23,MISSING_OR_UNPARSEABLE_RATING
TXN-0011211,Elizabeth Johnson,Toys & Games,-772.61,4,2.7,Germany,2024-12-14 18:22:45,INVALID_PRICE_NON_POSITIVE
TXN-0006034,Elizabeth Jackson,Sports & Outdoors,1037.41,,3.4,Australia,2023-03-08 02:16:15,MISSING_OR_UNPARSEABLE_QUANTITY
TXN-0002691,Robert Martin,Toys & Games,279.81,2,-1.0,Japan,2023-03-19 01:23:07,RATING_OUT_OF_BOUNDS
TXN-0006267,Jennifer Miller,home & kitchen,$217.71,8,1.3,France,2024-12-31,DUPLICATE_TRANSACTION_ID
TXN-0004222,,Home & Kitchen,1341.89,2,3.0,United Kingdom,2024-12-20 05:00:37,MISSING_CUSTOMER_NAME
TXN-0006878,James Garcia,Automotive,1429.53,8,,Germany,2023-06-12 13:29:38,MISSING_OR_UNPARSEABLE_RATING
TXN-0008185,Barbara Hernandez,Toys & Games,1259.74,None,2.2,Australia,2023-11-21 10:02:20,MISSING_OR_UNPARSEABLE_QUANTITY
TXN-0001792,Joseph Jackson,Toys & Games,None,5,1.7,Germany,2023-07-11 13:25:09,MISSING_OR_UNPARSEABLE_PRICE
TXN-0003985,John Garcia,Home & Kitchen,None,7,2.1,Canada,2024-01-17 11:07:31,MISSING_OR_UNPARSEABLE_PRICE
TXN-0005406,Joseph Brown,Apparel,757.32,7,Five,India,2024-08-02 04:28:06,MISSING_OR_UNPARSEABLE_RATING
TXN-0000956,Mary Garcia,Automotive,-452.16,3,5.0,Japan,2024-03-01 14:23:46,INVALID_PRICE_NON_POSITIVE
TXN-0005569,William Williams,Electronics,556.12,,4.3,Japan,2023-04-16 02:56:15,MISSING_OR_UNPARSEABLE_QUANTITY
TXN-0010271,Patricia White,Automotive,$352.75,7,2.6,Brazil,2024-12-31,DUPLICATE_TRANSACTION_ID
TXN-0006794,Patricia Brown,Automotive,719.93,3,None,Germany,2023-06-12 07:38:40,MISSING_OR_UNPARSEABLE_RATING
TXN-0005576,Thomas Rodriguez,Automotive,1187.07,8,3.9,Brazil,None,MISSING_OR_UNPARSEABLE_DATE
TXN-0001189,Daniel Rodriguez,Sports & Outdoors,1019.19,6,,United States,2023-02-04 17:53:05,MISSING_OR_UNPARSEABLE_RATING
TXN-0001771,David Johnson,Apparel,-444.55,1,4.9,Japan,2023-03-15 09:54:37,INVALID_PRICE_NON_POSITIVE
TXN-0005470,James Smith,Apparel,-1442.21,6,4.5,Netherlands,2024-05-12 14:12:14,INVALID_PRICE_NON_POSITIVE
TXN-0009099,Mary Perez,Electronics,938.1,4,2.5,NULL,2024-10-01 02:44:24,MISSING_OR_INVALID_COUNTRY
TXN-0005580,Lisa White,Books,"1,144.08",7,2.6,United Kingdom,2024-10-27 08:58:59,DUPLICATE_TRANSACTION_ID
TXN-0003294,Christopher Gonzalez,Toys & Games,1499.19,6,Five,France,2023-04-23 02:47:24,MISSING_OR_UNPARSEABLE_RATING
TXN-0001372,James Lopez,Books,632.72,2,7.2,Canada,2024-01-05 11:29:33,RATING_OUT_OF_BOUNDS
TXN-0002205,Karen Perez,Apparel,670.72,1,2.5,,2023-04-25 19:19:17,MISSING_OR_INVALID_COUNTRY
TXN-0009798,Linda Garcia,Books,,3,2.5,Japan,2023-12-07 17:11:04,MISSING_OR_UNPARSEABLE_PRICE
TXN-0011356,Joseph Lopez,Apparel,841.66,7,4.9,,2024-02-15 21:13:11,MISSING_OR_INVALID_COUNTRY
TXN-0009651,Susan Jackson,Toys & Games,1421.08,1,1.4,Brazil,None,MISSING_OR_UNPARSEABLE_DATE
TXN-0003950,Jennifer Rodriguez,Home & Kitchen,-353.99,6,1.7,Brazil,2023-12-17 04:47:33,INVALID_PRICE_NON_POSITIVE
TXN-0009925,Jennifer Martinez,Home & Kitchen,428.64,8,3.5,Australia,,MISSING_OR_UNPARSEABLE_DATE
TXN-0010112,Daniel Garcia,Toys & Games,330.64,8,6.5,Brazil,2023-01-24 03:26:18,RATING_OUT_OF_BOUNDS
TXN-0010281,Karen Rodriguez,Apparel,-766.32,4,3.2,India,2023-03-02 20:33:52,INVALID_PRICE_NON_POSITIVE
TXN-0009462,William Davis,Beauty & Personal Care,1477.02,NULL,3.1,United States,2023-08-13 18:20:16,MISSING_OR_UNPARSEABLE_QUANTITY
TXN-0001179,Richard Gonzalez,Automotive,340.55,None,1.7,United States,2023-12-01 20:00:22,MISSING_OR_UNPARSEABLE_QUANTITY
TXN-0007918,Barbara Smith,Automotive,-191.01,1,3.7,Japan,2024-02-04 17:42:45,INVALID_PRICE_NON_POSITIVE
TXN-0003394,None,Automotive,597.59,4,1.6,Germany,2023-07-06 19:37:45,MISSING_CUSTOMER_NAME
TXN-0009793,Mary Thompson,Toys & Games,$400.32,7,3.5,Netherlands,2024-12-31,DUPLICATE_TRANSACTION_ID
TXN-0001178,William Rodriguez,Toys & Games,1241.63,2,1.2,,2024-10-25 18:25:06,MISSING_OR_INVALID_COUNTRY
TXN-0007821,John Jackson,Apparel,981.36,8,Five,France,2023-09-02 09:45:34,MISSING_OR_UNPARSEABLE_RATING
TXN-0006292,Jennifer Anderson,Automotive,-1030.46,3,1.4,Japan,2023-02-12 05:39:50,INVALID_PRICE_NON_POSITIVE
TXN-0005498,Patricia Wilson,Sports & Outdoors,494.83,5,None,Netherlands,2023-09-07 02:45:52,MISSING_OR_UNPARSEABLE_RATING
TXN-0003349,None,Automotive,443.29,2,2.7,United States,2024-03-09 08:20:15,MISSING_CUSTOMER_NAME
TXN-0001886,Susan Rodriguez,Apparel,756.29,4,2.1,United States,NULL,MISSING_OR_UNPARSEABLE_DATE
TXN-0007997,Richard Miller,Sports & Outdoors,-1099.4,5,4.0,United States,2023-10-05 20:46:37,INVALID_PRICE_NON_POSITIVE
TXN-0011983,Barbara Johnson,Apparel,1236.38,8,3.3,United Kingdom,,MISSING_OR_UNPARSEABLE_DATE
TXN-0010772,Nancy Hernandez,Apparel,1439.25,7,0.0,France,2023-03-04 07:41:37,RATING_OUT_OF_BOUNDS
TXN-0011790,Thomas Davis,Home & Kitchen,16.87,1,N/A,Australia,2024-05-04 05:02:35,MISSING_OR_UNPARSEABLE_RATING
TXN-0012116,Mary Lopez,Automotive,923.8,6,,Australia,2023-09-01 17:08:43,MISSING_OR_UNPARSEABLE_RATING
TXN-0005761,Jennifer Gonzalez,Sports & Outdoors,1412.01,4,7.2,Australia,2023-11-21 19:25:10,RATING_OUT_OF_BOUNDS
TXN-0011969,John Jackson,Home & Kitchen,,3,3.5,France,2023-01-24 05:03:56,MISSING_OR_UNPARSEABLE_PRICE
TXN-0012331,Robert Martin,Apparel,91.9,,2.6,Germany,2024-06-23 19:08:45,MISSING_OR_UNPARSEABLE_QUANTITY
TXN-0001825,Christopher Anderson,Automotive,246.53,7,None,Germany,2023-01-16 04:37:50,MISSING_OR_UNPARSEABLE_RATING
TXN-0001813,Robert Thomas,Books,,8,3.9,Japan,2023-08-16 07:43:49,MISSING_OR_UNPARSEABLE_PRICE
TXN-0009461,Thomas Taylor,Toys & Games,919.39,6,Five,Brazil,2024-01-17 21:31:51,MISSING_OR_UNPARSEABLE_RATING
TXN-0011751,Nancy Smith,Home & Kitchen,913.86,6,,Australia,2024-03-26 21:22:23,MISSING_OR_UNPARSEABLE_RATING
TXN-0001022,Nancy Martin,Books,219.57,7,2.0,,2024-12-07 03:25:52,MISSING_OR_INVALID_COUNTRY
TXN-0006028,Karen Rodriguez,Electronics,-74.79,2,1.1,Brazil,2023-01-05 11:00:55,INVALID_PRICE_NON_POSITIVE
TXN-0012479,Barbara Taylor,Home & Kitchen,1220.39,1,6.5,Brazil,2023-04-02 00:27:38,RATING_OUT_OF_BOUNDS
TXN-0011655,Elizabeth Johnson,Books,719.86,4,6.5,France,2023-08-23 01:32:14,RATING_OUT_OF_BOUNDS
TXN-0003244,,Beauty & Personal Care,613.11,6,2.8,Netherlands,2024-04-10 17:03:45,MISSING_CUSTOMER_NAME
TXN-0003049,Thomas Smith,Apparel,351.7,6,6.5,Netherlands,2024-08-10 04:57:39,RATING_OUT_OF_BOUNDS
TXN-0006040,Barbara Brown,Electronics,-1496.24,5,2.2,India,2023-07-24 11:29:35,INVALID_PRICE_NON_POSITIVE
TXN-0002432,Robert Davis,Automotive,376.72,3,3.2,,2023-07-26 19:26:54,MISSING_OR_INVALID_COUNTRY
TXN-0000216,Elizabeth Hernandez,Sports & Outdoors,1362.37,,3.6,United States,2023-06-30 08:53:53,MISSING_OR_UNPARSEABLE_QUANTITY
TXN-0002429,Susan Miller,Sports & Outdoors,None,6,4.2,France,2023-10-24 07:23:57,MISSING_OR_UNPARSEABLE_PRICE
TXN-0006613,John Davis,Automotive,853.92,8,7.2,United Kingdom,2024-02-15 23:43:27,RATING_OUT_OF_BOUNDS
TXN-0008334,James Martin,Sports & Outdoors,48.03,7,None,United Kingdom,2024-10-05 12:45:53,MISSING_OR_UNPARSEABLE_RATING
TXN-0002397,,Apparel,589.27,5,1.9,Canada,2024-08-29 00:32:20,MISSING_CUSTOMER_NAME
TXN-0006747,,Toys & Games,227.7,5,1.5,India,2024-07-13 08:07:01,MISSING_CUSTOMER_NAME
TXN-0003600,Thomas Hernandez,Sports & Outdoors,1490.8,1,NULL,France,2024-05-26 20:26:45,MISSING_OR_UNPARSEABLE_RATING
TXN-0003714,Charles Brown,Toys & Games,569.46,8,None,Brazil,2024-09-18 11:51:50,MISSING_OR_UNPARSEABLE_RATING
TXN-0011347,Michael Lee,Sports & Outdoors,-1154.45,6,2.6,Netherlands,2024-11-13 03:58:42,INVALID_PRICE_NON_POSITIVE
TXN-0006037,Christopher White,Toys & Games,,2,3.4,Germany,2023-01-31 22:14:06,MISSING_OR_UNPARSEABLE_PRICE
TXN-0006740,Christopher Johnson,Apparel,,8,4.2,Germany,2024-02-21 08:30:04,MISSING_OR_UNPARSEABLE_PRICE
TXN-0006687,Sarah Smith,Electronics,-1112.4,2,4.4,India,2024-06-20 22:59:32,INVALID_PRICE_NON_POSITIVE
TXN-0006753,Nancy White,Sports & Outdoors,747.88,4,0.0,United Kingdom,2024-11-01 00:28:00,RATING_OUT_OF_BOUNDS
TXN-0005939,Charles Smith,Sports & Outdoors,,4,4.3,United States,2024-08-21 16:46:21,MISSING_OR_UNPARSEABLE_PRICE
TXN-0004105,Sarah Anderson,Sports & Outdoors,1005.34,4,7.2,France,2023-03-19 14:38:23,RATING_OUT_OF_BOUNDS
TXN-0003096,Christopher Lopez,Beauty & Personal Care,-120.6,4,4.2,Canada,2024-05-16 16:54:15,INVALID_PRICE_NON_POSITIVE
TXN-0001101,Mary Hernandez,Electronics,$115.65,7,3.9,CAN,2024-12-31,DUPLICATE_TRANSACTION_ID
TXN-0007177,Nancy Lee,Automotive,670.1,8,N/A,Brazil,2024-09-02 00:47:53,MISSING_OR_UNPARSEABLE_RATING
TXN-0001205,NULL,Beauty & Personal Care,572.16,8,1.7,India,2024-07-15 04:59:41,MISSING_CUSTOMER_NAME
TXN-0004417,Christopher Lee,Home & Kitchen,247.69,4,,India,2024-01-01 03:49:57,MISSING_OR_UNPARSEABLE_RATING
TXN-0004833,NULL,Electronics,660.05,7,1.8,Germany,2023-05-06 17:04:23,MISSING_CUSTOMER_NAME
TXN-0003368,Jennifer White,Sports & Outdoors,-19.36,3,3.3,France,2024-08-23 07:58:10,DUPLICATE_TRANSACTION_ID
TXN-0011406,Barbara Martin,Home & Kitchen,1371.91,5,Five,Australia,2024-03-26 20:43:19,MISSING_OR_UNPARSEABLE_RATING
TXN-0004736,Sarah Perez,Sports & Outdoors,1174.17,5,0.0,France,2024-10-08 17:49:52,RATING_OUT_OF_BOUNDS
TXN-0009159,Michael Brown,Apparel,1495.56,7,4.1,Australia,,MISSING_OR_UNPARSEABLE_DATE
TXN-0009781,Jessica Smith,Electronics,1435.53,6,3.4,,2024-12-24 12:12:54,MISSING_OR_INVALID_COUNTRY
TXN-0004920,,Automotive,951.68,5,4.1,Australia,2024-12-24 15:30:49,MISSING_CUSTOMER_NAME
TXN-0006978,Linda Hernandez,Electronics,210.56,5,4.1,,2024-09-19 18:20:02,MISSING_OR_INVALID_COUNTRY
TXN-0006955,Elizabeth Jones,Home & Kitchen,1464.91,8,7.2,United States,2024-02-08 18:00:38,RATING_OUT_OF_BOUNDS
TXN-0000161,Thomas Taylor,Toys & Games,1226.25,3,,United Kingdom,2023-02-10 12:42:07,MISSING_OR_UNPARSEABLE_RATING
TXN-0000776,None,Apparel,126.19,8,2.8,United States,2023-07-29 04:27:34,MISSING_CUSTOMER_NAME
TXN-0004721,Michael Jones,Automotive,1482.37,4,4.3,United States,18-08-2024,DUPLICATE_TRANSACTION_ID
TXN-0005900,Mary Moore,Books,1079.16,7,4.9,Netherlands,,MISSING_OR_UNPARSEABLE_DATE
TXN-0008833,Sarah Gonzalez,Automotive,1098.14,7,0.0,France,2024-12-19 12:21:31,RATING_OUT_OF_BOUNDS
TXN-0003285,Lisa White,Electronics,1471.37,3,None,Canada,2024-03-24 02:35:44,MISSING_OR_UNPARSEABLE_RATING
TXN-0012013,Barbara Hernandez,Toys & Games,,6,2.3,Germany,2024-05-05 21:58:25,MISSING_OR_UNPARSEABLE_PRICE
TXN-0010546,,Electronics,1457.93,7,3.1,France,2024-07-15 12:44:01,MISSING_CUSTOMER_NAME
TXN-0012456,Patricia Smith,Electronics,276.52,1,-1.0,France,2023-09-20 03:17:00,RATING_OUT_OF_BOUNDS
TXN-0009017,Patricia Davis,Apparel,512.99,6,N/A,Brazil,2024-03-14 06:30:08,MISSING_OR_UNPARSEABLE_RATING
TXN-0002927,Joseph Wilson,Automotive,42.41,3,7.2,France,2024-11-04 02:09:16,RATING_OUT_OF_BOUNDS
TXN-0006120,David Lee,Apparel,456.46,8,7.2,Brazil,2023-10-23 04:41:19,RATING_OUT_OF_BOUNDS
TXN-0008201,Sarah Thomas,Books,736.03,6,NULL,Australia,2023-04-28 16:54:09,MISSING_OR_UNPARSEABLE_RATING
TXN-0011749,Mary Anderson,Home & Kitchen,1185.89,3,-1.0,France,2023-06-16 07:08:11,RATING_OUT_OF_BOUNDS
TXN-0011104,William Taylor,Home & Kitchen,450.38,2,2.5,Germany,NULL,MISSING_OR_UNPARSEABLE_DATE
TXN-0011656,Daniel Martin,Sports & Outdoors,315.63,4,,Netherlands,2023-12-04 22:09:25,MISSING_OR_UNPARSEABLE_RATING
TXN-0009391,William Moore,Sports & Outdoors,-648.29,1,1.9,Australia,2023-11-10 13:34:27,INVALID_PRICE_NON_POSITIVE
TXN-0002022,David Lee,Beauty & Personal Care,1011.89,2,0.0,France,2024-10-22 07:57:04,RATING_OUT_OF_BOUNDS
TXN-0011828,Mary Smith,Books,-858.44,5,4.8,Japan,2023-05-12 06:13:48,INVALID_PRICE_NON_POSITIVE
TXN-0001197,Susan Lopez,Home & Kitchen,842.88,2,-1.0,Australia,2024-05-22 10:57:09,RATING_OUT_OF_BOUNDS
TXN-0008901,Robert Perez,Sports & Outdoors,609.27,5,7.2,Canada,2024-05-17 02:20:18,RATING_OUT_OF_BOUNDS
TXN-0005373,Elizabeth Thomas,Beauty & Personal Care,1142.7,7,Five,Germany,2024-08-09 15:33:57,MISSING_OR_UNPARSEABLE_RATING
TXN-0002978,Robert Perez,Toys & Games,16.7,5,N/A,India,2024-08-12 15:22:48,MISSING_OR_UNPARSEABLE_RATING
TXN-0005063,Michael Thomas,Home & Kitchen,$376.97,5,1.8,Australia,2024-12-31,DUPLICATE_TRANSACTION_ID
TXN-0012001,Sarah Gonzalez,Books,1113.64,6,4.8,Brazil,2024-11-29 04:56:10,DUPLICATE_TRANSACTION_ID
TXN-0010657,Christopher Thompson,Home & Kitchen,345.77,8,0.0,Germany,2024-08-08 05:04:11,RATING_OUT_OF_BOUNDS
TXN-0006306,Linda Thompson,Sports & Outdoors,1202.97,6,2.0,,2023-05-06 12:38:36,MISSING_OR_INVALID_COUNTRY
TXN-0000442,William Moore,Home & Kitchen,1233.32,5,2.6,None,2023-12-17 09:35:30,MISSING_OR_INVALID_COUNTRY
TXN-0004510,William Jones,Sports & Outdoors,163.73,5,3.3,NULL,2023-02-20 04:46:59,MISSING_OR_INVALID_COUNTRY
TXN-0011681,Jennifer Thomas,Toys & Games,992.24,7,,India,2024-03-23 10:05:49,MISSING_OR_UNPARSEABLE_RATING
TXN-0002717,Susan Lee,Apparel,-13.69,7,3.3,Australia,2024-03-16 18:38:34,INVALID_PRICE_NON_POSITIVE
TXN-0004789,Barbara Thompson,Sports & Outdoors,1275.24,2,7.2,United States,2023-07-12 00:46:11,RATING_OUT_OF_BOUNDS
TXN-0000145,Lisa Hernandez,Books,None,2,3.0,Australia,2023-03-30 13:36:38,MISSING_OR_UNPARSEABLE_PRICE
TXN-0009071,,Sports & Outdoors,254.81,1,3.5,Japan,2023-01-27 03:09:19,MISSING_CUSTOMER_NAME
TXN-0008211,Robert Smith,Toys & Games,1296.41,5,N/A,United Kingdom,2023-12-21 22:24:59,MISSING_OR_UNPARSEABLE_RATING
TXN-0010972,Daniel Anderson,Toys & Games,774.54,8,7.2,United Kingdom,2023-10-21 18:59:04,RATING_OUT_OF_BOUNDS
TXN-0011943,Elizabeth Taylor,Automotive,591.17,7,1.4,France,,MISSING_OR_UNPARSEABLE_DATE
TXN-0001163,John Garcia,Sports & Outdoors,803.96,4,,Canada,2024-12-24 18:10:46,MISSING_OR_UNPARSEABLE_RATING
TXN-0004390,Patricia Hernandez,Apparel,896.1,4,N/A,United Kingdom,2024-03-22 12:51:15,MISSING_OR_UNPARSEABLE_RATING
TXN-0005507,Thomas Martin,Toys & Games,1156.7,,2.2,Australia,2024-12-01 07:36:20,MISSING_OR_UNPARSEABLE_QUANTITY
TXN-0007656,William Johnson,Sports & Outdoors,None,1,2.6,Netherlands,2024-12-18 18:06:16,MISSING_OR_UNPARSEABLE_PRICE
TXN-0004373,Mary Miller,Home & Kitchen,189.55,4,0.0,Japan,2024-01-11 16:08:22,RATING_OUT_OF_BOUNDS
TXN-0003123,Barbara Lopez,Beauty & Personal Care,1289.5,,4.2,Brazil,2023-07-27 05:00:42,MISSING_OR_UNPARSEABLE_QUANTITY
TXN-0004917,,Electronics,992.75,8,3.5,Brazil,2024-10-08 00:07:41,MISSING_CUSTOMER_NAME
TXN-0010464,Joseph Anderson,Books,1281.04,4,7.2,India,2023-07-30 19:32:23,RATING_OUT_OF_BOUNDS
TXN-0004383,Susan Jones,Home & Kitchen,796.4,1,Five,United States,2024-11-03 23:45:34,MISSING_OR_UNPARSEABLE_RATING
TXN-0008648,Karen Taylor,Electronics,473.97,NULL,1.6,United States,2024-05-13 03:00:25,MISSING_OR_UNPARSEABLE_QUANTITY
TXN-0007362,Daniel Smith,Automotive,1318.02,4,1.9,,2023-11-28 11:37:00,MISSING_OR_INVALID_COUNTRY
TXN-0006166,Barbara Thompson,Electronics,828.49,2,6.5,France,2024-02-25 07:07:46,RATING_OUT_OF_BOUNDS
TXN-0000295,,Apparel,950.44,7,2.5,Netherlands,2023-02-28 15:43:31,MISSING_CUSTOMER_NAME
TXN-0006783,Richard Jackson,Electronics,895.08,2,6.5,Australia,2023-06-26 05:43:08,RATING_OUT_OF_BOUNDS
TXN-0000842,Richard Thompson,Home & Kitchen,1088.99,5,None,United Kingdom,2023-06-13 18:31:55,MISSING_OR_UNPARSEABLE_RATING
TXN-0008674,Sarah Moore,Books,1058.06,2,1.4,Germany,NULL,MISSING_OR_UNPARSEABLE_DATE
TXN-0002668,Sarah Rodriguez,Automotive,1300.16,4,,Australia,2024-04-15 16:34:42,MISSING_OR_UNPARSEABLE_RATING
TXN-0011207,David Taylor,Apparel,75.29,2,,Australia,2023-06-05 18:41:12,MISSING_OR_UNPARSEABLE_RATING
TXN-0005567,Daniel Perez,Toys & Games,1041.5,7,None,Australia,2023-06-20 05:07:02,MISSING_OR_UNPARSEABLE_RATING
TXN-0001283,Charles Smith,Books,271.35,4,0.0,Netherlands,2023-09-21 23:16:51,RATING_OUT_OF_BOUNDS
TXN-0009314,None,Sports & Outdoors,487.6,3,4.1,Australia,2024-10-12 10:25:29,MISSING_CUSTOMER_NAME
TXN-0003804,Michael Anderson,Beauty & Personal Care,1456.98,7,,Brazil,2024-07-13 02:43:39,MISSING_OR_UNPARSEABLE_RATING
TXN-0001756,James Moore,Automotive,151.89,3,4.1,Japan,None,MISSING_OR_UNPARSEABLE_DATE
TXN-0011258,Christopher Miller,Books,908.57,4,6.5,France,2023-11-03 06:34:33,RATING_OUT_OF_BOUNDS
TXN-0006998,Karen Anderson,Books,181.23,3,N/A,Germany,2023-02-08 19:08:05,MISSING_OR_UNPARSEABLE_RATING
TXN-0012267,Robert Jones,Automotive,481.97,2,-1.0,France,2023-12-30 07:15:54,RATING_OUT_OF_BOUNDS
TXN-0000633,Richard Perez,Beauty & Personal Care,1025.9,1,1.4,None,2024-02-17 16:01:33,MISSING_OR_INVALID_COUNTRY
TXN-0006576,Barbara Johnson,Electronics,,7,2.4,Japan,2023-05-09 19:46:36,MISSING_OR_UNPARSEABLE_PRICE
TXN-0006409,Joseph Moore,Toys & Games,112.42,7,N/A,United Kingdom,2023-07-16 00:08:54,MISSING_OR_UNPARSEABLE_RATING
TXN-0011266,Charles Jones,Toys & Games,434.26,6,Five,Australia,2023-05-04 07:52:34,MISSING_OR_UNPARSEABLE_RATING
TXN-0004994,William Taylor,Automotive,255.87,7,-1.0,Brazil,2024-02-01 05:53:22,RATING_OUT_OF_BOUNDS
TXN-0005703,Charles Perez,Apparel,288.06,5,Five,United Kingdom,2024-10-22 22:36:36,MISSING_OR_UNPARSEABLE_RATING
TXN-0004621,Karen Jones,Books,1001.28,7,,Brazil,2023-10-06 04:25:41,MISSING_OR_UNPARSEABLE_RATING
TXN-0006202,Patricia Johnson,Automotive,NULL,8,3.8,Australia,2024-04-17 12:51:45,MISSING_OR_UNPARSEABLE_PRICE
TXN-0003959,Susan Anderson,Automotive,-1102.09,4,5.0,United States,2024-05-20 04:33:03,INVALID_PRICE_NON_POSITIVE
TXN-0001426,William Thomas,Home & Kitchen,394.46,4,,United Kingdom,2024-05-17 17:09:12,MISSING_OR_UNPARSEABLE_RATING
TXN-0001253,Richard Gonzalez,Toys & Games,NULL,6,3.1,India,2024-11-17 01:38:13,MISSING_OR_UNPARSEABLE_PRICE
TXN-0002229,Daniel Smith,Electronics,$37.92,6,1.8,,2024-12-31,MISSING_OR_INVALID_COUNTRY
TXN-0007161,David Wilson,Home & Kitchen,None,4,4.2,United States,2023-08-18 18:58:44,MISSING_OR_UNPARSEABLE_PRICE
TXN-0011941,John Hernandez,Apparel,-1290.96,3,3.3,United States,2023-05-05 03:31:41,INVALID_PRICE_NON_POSITIVE
TXN-0007019,Linda Wilson,Electronics,84.57,8,N/A,Canada,2023-11-27 02:35:12,MISSING_OR_UNPARSEABLE_RATING
TXN-0009523,Jessica Wilson,Home & Kitchen,969.91,,3.3,Japan,2024-03-11 14:22:26,MISSING_OR_UNPARSEABLE_QUANTITY
TXN-0002839,William Smith,Books,615.09,8,3.7,France,NULL,MISSING_OR_UNPARSEABLE_DATE
TXN-0010708,Mary Johnson,Home & Kitchen,177.19,6,6.5,Canada,2024-11-15 18:39:38,RATING_OUT_OF_BOUNDS
TXN-0010857,Karen Lee,Apparel,-1159.67,3,4.8,Germany,2024-07-11 19:57:28,INVALID_PRICE_NON_POSITIVE
TXN-0007175,Jennifer Jackson,Apparel,694.42,8,1.4,India,,MISSING_OR_UNPARSEABLE_DATE
TXN-0000935,Mary White,Apparel,392.73,NULL,2.8,Germany,2024-12-10 03:01:13,MISSING_OR_UNPARSEABLE_QUANTITY
TXN-0011865,Lisa Jackson,Sports & Outdoors,179.04,2,7.2,Brazil,2024-03-22 01:30:49,RATING_OUT_OF_BOUNDS
TXN-0001300,Nancy Jones,Sports & Outdoors,$483.31,6,1.4,France,2024-12-31,DUPLICATE_TRANSACTION_ID
TXN-0009858,Thomas Jackson,  Toys & Games  ,$279.93,3,1.9,Germany,2024-12-31,DUPLICATE_TRANSACTION_ID
TXN-0011252,NULL,Home & Kitchen,301.8,2,1.7,United Kingdom,2023-10-08 08:35:03,MISSING_CUSTOMER_NAME
TXN-0009520,Elizabeth Wilson,Toys & Games,-1214.72,1,4.5,United Kingdom,2023-09-19 06:48:05,INVALID_PRICE_NON_POSITIVE
TXN-0010886,Thomas Jackson,Beauty & Personal Care,$129.6,5,NULL,Brazil,2024-12-31,MISSING_OR_UNPARSEABLE_RATING
TXN-0001302,David Hernandez,Beauty & Personal Care,1234.83,3,Five,Australia,2024-07-30 18:31:46,MISSING_OR_UNPARSEABLE_RATING
TXN-0003614,Karen Hernandez,Sports & Outdoors,1113.9,8,2.6,France,2024-06-08 10:46:23,DUPLICATE_TRANSACTION_ID
TXN-0006324,John Jackson,Home & Kitchen,1210.0,None,3.9,Netherlands,2024-06-26 08:39:39,MISSING_OR_UNPARSEABLE_QUANTITY
TXN-0009333,William Davis,Sports & Outdoors,52.01,1,7.2,France,2023-03-11 05:47:46,RATING_OUT_OF_BOUNDS
TXN-0012059,Karen Lee,Sports & Outdoors,1327.84,7,3.0,Australia,,MISSING_OR_UNPARSEABLE_DATE
TXN-0010416,Susan Brown,Apparel,145.57,4,NULL,India,2024-09-01 06:03:52,MISSING_OR_UNPARSEABLE_RATING
TXN-0002145,Linda Davis,Apparel,1489.45,4,4.5,NULL,2024-01-25 14:31:57,MISSING_OR_INVALID_COUNTRY
TXN-0010012,William Rodriguez,Beauty & Personal Care,89.06,2,None,United Kingdom,2023-04-01 22:35:48,MISSING_OR_UNPARSEABLE_RATING
TXN-0007983,Mary Smith,Automotive,,1,1.1,France,2023-03-12 23:18:18,MISSING_OR_UNPARSEABLE_PRICE
TXN-0011770,Barbara Moore,Automotive,75.74,4,1.8,,2023-09-29 08:44:50,MISSING_OR_INVALID_COUNTRY
TXN-0000546,Daniel Davis,Apparel,1012.08,7,4.9,United States,,MISSING_OR_UNPARSEABLE_DATE
TXN-0004583,Jessica Rodriguez,Electronics,NULL,6,1.3,France,2023-11-29 07:09:16,MISSING_OR_UNPARSEABLE_PRICE
TXN-0007652,Richard Lopez,Automotive,648.74,NULL,4.0,Netherlands,2023-09-29 02:50:15,MISSING_OR_UNPARSEABLE_QUANTITY
TXN-0006429,None,Automotive,975.05,1,3.4,United States,2023-09-13 06:19:59,MISSING_CUSTOMER_NAME
TXN-0010805,Richard Thompson,Apparel,692.32,1,-1.0,Brazil,2024-06-22 23:37:41,RATING_OUT_OF_BOUNDS
TXN-0006280,Karen Smith,Beauty & Personal Care,,3,4.4,France,2024-11-11 15:46:07,MISSING_OR_UNPARSEABLE_PRICE
TXN-0002475,Nancy Garcia,Apparel,473.74,8,6.5,United States,2024-01-05 18:11:33,RATING_OUT_OF_BOUNDS
TXN-0004924,Joseph Lopez,Beauty & Personal Care,672.77,4,,France,2024-08-25 14:18:24,MISSING_OR_UNPARSEABLE_RATING
TXN-0002320,Charles Thomas,Home & Kitchen,546.61,,2.5,Australia,2024-12-30 06:08:45,MISSING_OR_UNPARSEABLE_QUANTITY
TXN-0001311,Richard Jackson,Toys & Games,618.39,1,3.5,Japan,,MISSING_OR_UNPARSEABLE_DATE
TXN-0010577,David Davis,Books,697.24,8,,France,2023-04-08 03:40:52,MISSING_OR_UNPARSEABLE_RATING
TXN-0012493,NULL,Sports & Outdoors,196.16,3,2.1,United Kingdom,2024-11-29 04:28:03,MISSING_CUSTOMER_NAME
TXN-0004766,John Rodriguez,Sports & Outdoors,1085.26,8,1.5,None,2024-12-05 09:27:01,MISSING_OR_INVALID_COUNTRY
TXN-0003249,James Taylor,Books,690.47,2,1.5,France,NULL,MISSING_OR_UNPARSEABLE_DATE
TXN-0011936,Susan Taylor,Electronics,159.81,7,N/A,Brazil,2023-03-11 12:36:11,MISSING_OR_UNPARSEABLE_RATING
TXN-0004875,Robert Martinez,Electronics,1339.05,2,Five,France,2024-05-09 23:28:02,MISSING_OR_UNPARSEABLE_RATING
TXN-0004120,Elizabeth White,Beauty & Personal Care,NULL,4,4.4,Japan,2024-08-26 20:15:54,MISSING_OR_UNPARSEABLE_PRICE
TXN-0004637,Richard Rodriguez,Books,1365.88,4,3.5,,2023-04-15 00:03:26,MISSING_OR_INVALID_COUNTRY
TXN-0001521,Thomas Garcia,Toys & Games,232.62,1,None,Germany,2024-08-01 01:53:53,MISSING_OR_UNPARSEABLE_RATING
TXN-0008606,Barbara Thompson,Beauty & Personal Care,-284.47,4,2.2,India,2024-07-31 14:21:32,INVALID_PRICE_NON_POSITIVE
TXN-0010800,John Thomas,Sports & Outdoors,398.28,,4.1,Germany,2024-01-20 00:54:35,MISSING_OR_UNPARSEABLE_QUANTITY
TXN-0008234,Jessica Brown,Toys & Games,967.78,1,0.0,Brazil,2024-10-05 11:09:25,RATING_OUT_OF_BOUNDS
TXN-0007921,Nancy Gonzalez,Beauty & Personal Care,863.08,NULL,2.9,United States,2023-05-30 20:27:21,MISSING_OR_UNPARSEABLE_QUANTITY
TXN-0000539,William Lopez,Automotive,1439.94,1,3.9,India,NULL,MISSING_OR_UNPARSEABLE_DATE
TXN-0000741,Elizabeth Wilson,Toys & Games,-1290.98,2,3.5,Australia,2024-10-19 01:58:03,INVALID_PRICE_NON_POSITIVE
TXN-0007919,,Toys & Games,93.78,4,5.0,Netherlands,2023-06-25 01:11:10,MISSING_CUSTOMER_NAME
TXN-0002422,Nancy Jones,Home & Kitchen,7.2,8,Five,Australia,2023-03-30 21:16:20,MISSING_OR_UNPARSEABLE_RATING
TXN-0008537,,Home & Kitchen,736.81,4,2.1,Netherlands,2024-10-15 05:15:51,MISSING_CUSTOMER_NAME
TXN-0005361,Elizabeth Moore,Electronics,NULL,7,2.6,United Kingdom,2024-04-23 06:07:29,MISSING_OR_UNPARSEABLE_PRICE
TXN-0002516,Robert Lopez,Electronics,$44.98,1,4.4,Japan,2024-12-31,DUPLICATE_TRANSACTION_ID
TXN-0005249,Barbara Lopez,Beauty & Personal Care,493.14,2,,United Kingdom,2023-08-13 06:05:16,MISSING_OR_UNPARSEABLE_RATING
TXN-0010784,Jennifer Thomas,Books,694.74,3,6.5,United States,2023-01-29 20:41:35,RATING_OUT_OF_BOUNDS
TXN-0002699,Elizabeth Lopez,Books,1115.64,2,4.8,,2024-05-20 13:27:39,MISSING_OR_INVALID_COUNTRY
TXN-0001235,Daniel Brown,Automotive,-868.93,1,2.6,Germany,2023-06-30 06:56:50,INVALID_PRICE_NON_POSITIVE
TXN-0010980,Mary Jackson,Home & Kitchen,458.02,4,4.2,None,2023-04-22 03:54:47,MISSING_OR_INVALID_COUNTRY
TXN-0004446,Karen Davis,Toys & Games,1008.75,3,3.0,NULL,2023-12-24 13:12:53,MISSING_OR_INVALID_COUNTRY
TXN-0003315,Thomas Lopez,Home & Kitchen,379.18,None,4.6,Brazil,2024-04-18 13:24:33,MISSING_OR_UNPARSEABLE_QUANTITY
TXN-0005363,Christopher Thompson,Beauty & Personal Care,457.59,5,-1.0,France,2023-08-29 19:37:29,RATING_OUT_OF_BOUNDS
TXN-0001115,John Lopez,Toys & Games,-230.18,7,3.0,Germany,2023-02-11 06:55:10,INVALID_PRICE_NON_POSITIVE
TXN-0003028,Richard Smith,Apparel,276.3,7,Five,Australia,2024-07-20 14:06:55,MISSING_OR_UNPARSEABLE_RATING
TXN-0010004,Sarah Taylor,Books,1042.37,None,2.1,Germany,2024-07-31 12:43:42,MISSING_OR_UNPARSEABLE_QUANTITY
TXN-0010812,Christopher Jones,Home & Kitchen,465.04,7,2.3,France,,MISSING_OR_UNPARSEABLE_DATE
TXN-0001123,Jessica Brown,Electronics,853.06,5,-1.0,United States,2024-02-12 23:43:38,RATING_OUT_OF_BOUNDS
TXN-0002471,,Automotive,760.86,8,5.0,United States,2023-02-03 01:22:41,MISSING_CUSTOMER_NAME
TXN-0010879,Linda Hernandez,Sports & Outdoors,1455.34,7,NULL,Brazil,2024-10-23 04:58:39,MISSING_OR_UNPARSEABLE_RATING
TXN-0008389,,Automotive,514.55,6,3.7,Germany,2024-04-25 10:28:11,MISSING_CUSTOMER_NAME
TXN-0008598,Elizabeth Williams,Beauty & Personal Care,38.99,6,1.5,India,06-04-2023,DUPLICATE_TRANSACTION_ID
TXN-0009837,,Apparel,651.71,6,1.2,Japan,2024-11-24 06:45:56,MISSING_CUSTOMER_NAME
TXN-0001233,Christopher Jackson,Automotive,440.4,2,1.9,None,2023-11-12 14:33:12,MISSING_OR_INVALID_COUNTRY
TXN-0012092,Patricia Davis,Electronics,778.51,7,2.3,,2024-04-11 09:54:43,MISSING_OR_INVALID_COUNTRY
TXN-0009529,None,Home & Kitchen,551.51,7,4.5,France,2023-10-07 05:45:22,MISSING_CUSTOMER_NAME
TXN-0005743,Sarah Johnson,Automotive,246.29,NULL,3.3,United States,2023-01-12 21:20:29,MISSING_OR_UNPARSEABLE_QUANTITY
TXN-0004684,Christopher Perez,Automotive,915.13,4,1.4,India,2024-03-22 19:32:45,DUPLICATE_TRANSACTION_ID
TXN-0010068,William Wilson,Books,$223.78,6,1.9,United States,2024-12-31,DUPLICATE_TRANSACTION_ID
TXN-0002312,James Thomas,Electronics,300.45,1,NULL,Germany,2024-09-23 18:19:05,MISSING_OR_UNPARSEABLE_RATING
TXN-0007609,Patricia White,Apparel,$266.61,7,N/A,United States,2024-12-31,MISSING_OR_UNPARSEABLE_RATING
TXN-0000074,William Martinez,Sports & Outdoors,185.38,NULL,2.3,Germany,2024-07-31 00:18:24,MISSING_OR_UNPARSEABLE_QUANTITY
TXN-0010920,Lisa Thompson,Home & Kitchen,80.39,4,2.0,None,2024-10-13 19:30:11,MISSING_OR_INVALID_COUNTRY
TXN-0011013,Sarah White,Beauty & Personal Care,970.04,8,None,France,2023-01-17 21:45:29,MISSING_OR_UNPARSEABLE_RATING
TXN-0000071,William Moore,Electronics,1422.35,2,-1.0,Brazil,2023-11-12 16:22:09,RATING_OUT_OF_BOUNDS
TXN-0012402,Lisa Jones,Beauty & Personal Care,$398.7,3,7.2,Japan,2024-12-31,RATING_OUT_OF_BOUNDS
TXN-0011894,Christopher Martin,Electronics,1056.0,8,6.5,Germany,2023-02-25 16:35:02,RATING_OUT_OF_BOUNDS
TXN-0003376,Jennifer Martin,Electronics,-819.83,2,3.3,Brazil,2024-06-10 04:09:22,INVALID_PRICE_NON_POSITIVE
TXN-0001241,Lisa Brown,Apparel,659.21,2,N/A,Germany,2023-11-26 11:19:47,MISSING_OR_UNPARSEABLE_RATING
TXN-0011616,Jennifer Garcia,Toys & Games,399.7,2,2.0,France,None,MISSING_OR_UNPARSEABLE_DATE
TXN-0010665,Jennifer Smith,Automotive,266.24,2,5.0,Canada,,MISSING_OR_UNPARSEABLE_DATE
TXN-0011398,John Jones,Home & Kitchen,322.02,1,-1.0,France,2024-12-02 01:51:31,RATING_OUT_OF_BOUNDS
TXN-0006006,Sarah Smith,Automotive,964.55,1,1.9,,2024-08-22 18:46:11,MISSING_OR_INVALID_COUNTRY
TXN-0001510,Elizabeth Rodriguez,Books,-447.67,1,3.6,United Kingdom,2024-08-15 03:40:28,INVALID_PRICE_NON_POSITIVE
TXN-0009117,Daniel White,Electronics,837.05,,4.6,United Kingdom,2024-10-09 04:11:09,MISSING_OR_UNPARSEABLE_QUANTITY
TXN-0001259,William Lee,Electronics,1235.87,8,-1.0,Netherlands,2024-05-06 01:48:33,RATING_OUT_OF_BOUNDS
TXN-0008536,None,Electronics,180.82,1,4.6,Netherlands,2023-07-01 23:32:54,MISSING_CUSTOMER_NAME
TXN-0005654,Christopher Lopez,Automotive,,4,4.3,Japan,2024-01-05 22:48:58,MISSING_OR_UNPARSEABLE_PRICE
TXN-0006962,Susan Thompson,Books,221.1,6,1.1,None,2023-08-26 00:03:41,MISSING_OR_INVALID_COUNTRY
TXN-0002122,Daniel Garcia,Toys & Games,953.82,4,,Japan,2024-11-12 16:32:50,MISSING_OR_UNPARSEABLE_RATING
TXN-0002237,Jennifer Wilson,Home & Kitchen,-802.69,1,1.1,Canada,2023-08-26 06:32:12,INVALID_PRICE_NON_POSITIVE
TXN-0011217,John Williams,Electronics,304.33,5,1.6,India,2023-08-01 18:18:20,DUPLICATE_TRANSACTION_ID
TXN-0010818,John Johnson,Automotive,469.35,6,None,Netherlands,2024-04-22 22:58:02,MISSING_OR_UNPARSEABLE_RATING
TXN-0006044,James Williams,Sports & Outdoors,1040.61,1,,United States,2024-12-24 00:14:47,MISSING_OR_UNPARSEABLE_RATING
TXN-0009371,Christopher Davis,Beauty & Personal Care,1434.16,3,N/A,United States,2023-12-02 08:00:11,MISSING_OR_UNPARSEABLE_RATING
TXN-0000701,Susan Garcia,Automotive,47.52,5,,Germany,2023-02-21 19:50:27,MISSING_OR_UNPARSEABLE_RATING
TXN-0009547,Thomas Taylor,Home & Kitchen,797.77,5,1.3,Australia,NULL,MISSING_OR_UNPARSEABLE_DATE
TXN-0007280,Patricia Miller,Home & Kitchen,219.68,6,-1.0,United States,2024-03-07 05:26:38,RATING_OUT_OF_BOUNDS
TXN-0005077,Patricia Brown,Beauty & Personal Care,180.64,7,0.0,Canada,2024-07-17 01:15:41,RATING_OUT_OF_BOUNDS
TXN-0002349,Sarah Lee,Sports & Outdoors,1465.96,8,,Australia,2024-08-04 16:51:14,MISSING_OR_UNPARSEABLE_RATING
TXN-0010184,David Martinez,Books,-1447.3,2,2.2,United States,2023-03-06 00:07:20,INVALID_PRICE_NON_POSITIVE
TXN-0002622,William Thomas,Beauty & Personal Care,-377.57,6,1.6,Germany,2024-11-13 02:01:54,INVALID_PRICE_NON_POSITIVE
TXN-0010254,Thomas Hernandez,Books,1338.44,8,Five,Brazil,2023-11-28 00:58:14,MISSING_OR_UNPARSEABLE_RATING
TXN-0001216,NULL,Apparel,1221.73,8,2.1,India,2023-06-04 05:40:06,MISSING_CUSTOMER_NAME
TXN-0011001,Nancy Lee,Home & Kitchen,656.05,3,NULL,Germany,2023-06-12 03:38:34,MISSING_OR_UNPARSEABLE_RATING
TXN-0003034,NULL,Electronics,220.85,4,3.2,Australia,2024-05-18 08:51:42,MISSING_CUSTOMER_NAME
TXN-0000349,Richard Martinez,Sports & Outdoors,$258.58,1,4.8,United Kingdom,2024-12-31,DUPLICATE_TRANSACTION_ID
TXN-0004897,Lisa Anderson,Books,893.48,5,,Germany,2023-01-23 21:37:41,MISSING_OR_UNPARSEABLE_RATING
TXN-0009123,Michael Perez,Books,1138.94,8,4.9,France,None,MISSING_OR_UNPARSEABLE_DATE
TXN-0002499,Michael Hernandez,Automotive,-942.67,8,2.6,France,2023-01-06 08:54:56,INVALID_PRICE_NON_POSITIVE
TXN-0007854,Barbara Martin,Home & Kitchen,100.76,1,1.9,India,None,MISSING_OR_UNPARSEABLE_DATE
TXN-0007133,Jessica Moore,apparel,1255.76,8,2.5,Japan,2023-04-09 03:28:52,DUPLICATE_TRANSACTION_ID
TXN-0004848,Linda Anderson,Electronics,241.46,4,None,United Kingdom,2024-04-11 13:07:25,MISSING_OR_UNPARSEABLE_RATING
TXN-0002528,Elizabeth Anderson,Sports & Outdoors,-41.63,6,3.1,Japan,2024-06-17 08:59:18,INVALID_PRICE_NON_POSITIVE
TXN-0003248,Nancy Garcia,Apparel,1166.0,4,2.5,,2024-02-10 04:58:02,MISSING_OR_INVALID_COUNTRY
TXN-0000141,Patricia Smith,Automotive,267.66,7,N/A,Japan,2023-06-28 17:34:28,MISSING_OR_UNPARSEABLE_RATING
TXN-0002313,Elizabeth Miller,Home & Kitchen,809.6,4,,Netherlands,2023-08-13 03:07:06,MISSING_OR_UNPARSEABLE_RATING
TXN-0002955,Linda Johnson,Books,1213.66,,1.0,United States,2023-12-09 11:55:25,MISSING_OR_UNPARSEABLE_QUANTITY
TXN-0011377,Nancy Garcia,Beauty & Personal Care,395.26,1,3.2,France,,MISSING_OR_UNPARSEABLE_DATE
TXN-0010008,Christopher Brown,Automotive,640.27,4,0.0,India,2024-11-01 02:05:19,RATING_OUT_OF_BOUNDS
TXN-0007650,Thomas Smith,Toys & Games,488.94,1,-1.0,Australia,2023-08-24 14:57:44,RATING_OUT_OF_BOUNDS
TXN-0010264,John Anderson,Automotive,$104.52,7,6.5,Australia,2024-12-31,RATING_OUT_OF_BOUNDS
TXN-0000357,Lisa White,Sports & Outdoors,449.61,2,1.2,NULL,2024-03-20 02:33:42,MISSING_OR_INVALID_COUNTRY
TXN-0001806,Sarah Wilson,Toys & Games,1433.54,7,None,United States,2023-12-16 08:30:02,MISSING_OR_UNPARSEABLE_RATING
TXN-0003929,Jennifer Hernandez,Toys & Games,858.44,3,2.5,United Kingdom,2024-03-15 06:54:13,DUPLICATE_TRANSACTION_ID
TXN-0005773,Joseph Jones,Apparel,NULL,4,2.0,Germany,2024-07-25 15:34:23,MISSING_OR_UNPARSEABLE_PRICE
TXN-0003109,Joseph Martinez,Apparel,$31.35,4,,United Kingdom,2024-12-31,MISSING_OR_UNPARSEABLE_RATING
TXN-0002192,Barbara Wilson,Automotive,442.34,7,N/A,Germany,2024-07-25 01:30:23,MISSING_OR_UNPARSEABLE_RATING
TXN-0001692,,Books,446.02,1,3.6,United Kingdom,2023-06-25 05:57:29,MISSING_CUSTOMER_NAME
TXN-0006279,Jennifer Johnson,Toys & Games,564.55,2,4.1,,2023-11-10 15:00:56,MISSING_OR_INVALID_COUNTRY
TXN-0001058,Richard Wilson,Books,496.44,6,N/A,Japan,2024-04-14 10:15:45,MISSING_OR_UNPARSEABLE_RATING
TXN-0004620,Patricia Davis,Apparel,NULL,4,3.2,India,2024-06-05 02:50:54,MISSING_OR_UNPARSEABLE_PRICE
TXN-0002200,Joseph White,Automotive,,2,4.3,Brazil,2023-08-21 10:13:58,MISSING_OR_UNPARSEABLE_PRICE
TXN-0005795,David Wilson,Books,601.67,7,7.2,Canada,2023-04-21 23:05:49,RATING_OUT_OF_BOUNDS
TXN-0009107,,Toys & Games,$340.37,2,2.3,India,2024-12-31,MISSING_CUSTOMER_NAME
TXN-0008199,Linda Thomas,Beauty & Personal Care,190.47,7,0.0,United States,2023-10-11 01:05:01,RATING_OUT_OF_BOUNDS
TXN-0011539,Patricia Taylor,Automotive,845.25,3,1.2,Canada,NULL,MISSING_OR_UNPARSEABLE_DATE
TXN-0010092,Linda Hernandez,Home & Kitchen,-1240.07,4,4.9,Brazil,2024-07-02 17:17:59,INVALID_PRICE_NON_POSITIVE
TXN-0008453,Elizabeth Hernandez,Books,403.49,2,4.0,India,,MISSING_OR_UNPARSEABLE_DATE
TXN-0000155,Daniel Perez,Toys & Games,894.59,2,NULL,United Kingdom,2023-10-20 13:48:40,MISSING_OR_UNPARSEABLE_RATING
TXN-0005001,John Taylor,Electronics,1072.17,7,-1.0,Canada,2024-08-31 18:36:39,RATING_OUT_OF_BOUNDS
TXN-0006223,,Home & Kitchen,89.97,6,1.5,Brazil,2024-09-19 09:55:47,MISSING_CUSTOMER_NAME
TXN-0007398,Lisa Jones,Automotive,1198.1,3,-1.0,Brazil,2024-04-07 20:40:14,RATING_OUT_OF_BOUNDS
TXN-0009382,Jennifer Williams,Automotive,1006.04,1,Five,United States,2023-09-16 20:44:51,MISSING_OR_UNPARSEABLE_RATING
TXN-0002254,,Automotive,40.34,4,2.8,France,2024-05-25 13:52:37,MISSING_CUSTOMER_NAME
TXN-0010742,Barbara Taylor,Home & Kitchen,848.09,,2.5,France,2023-03-04 00:19:28,MISSING_OR_UNPARSEABLE_QUANTITY
TXN-0012051,Patricia Martinez,Beauty & Personal Care,1079.22,4,None,Netherlands,2023-12-23 04:07:14,MISSING_OR_UNPARSEABLE_RATING
TXN-0001147,Jennifer Taylor,Books,723.3,5,N/A,India,2024-04-02 07:21:09,MISSING_OR_UNPARSEABLE_RATING
TXN-0006834,Barbara Thomas,Toys & Games,-203.19,6,3.6,Germany,2023-04-03 17:46:42,INVALID_PRICE_NON_POSITIVE
TXN-0011707,Patricia Gonzalez,Sports & Outdoors,-809.89,8,2.7,Netherlands,2023-07-26 15:51:17,INVALID_PRICE_NON_POSITIVE
TXN-0002060,Linda Gonzalez,Apparel,993.34,,3.7,Japan,2023-06-28 01:19:02,MISSING_OR_UNPARSEABLE_QUANTITY
TXN-0000368,Patricia Brown,Home & Kitchen,-1301.88,6,4.5,France,2023-07-25 03:51:49,INVALID_PRICE_NON_POSITIVE
TXN-0010000,Thomas Wilson,BOOKS,$140.81,6,4.1,France,2024-12-31,DUPLICATE_TRANSACTION_ID
TXN-0007802,Lisa Anderson,Beauty & Personal Care,692.22,8,2.3,United States,2024-11-06 17:06:44,DUPLICATE_TRANSACTION_ID
TXN-0002159,Barbara Perez,Sports & Outdoors,417.32,4,6.5,Japan,2024-09-14 22:02:25,RATING_OUT_OF_BOUNDS
TXN-0011540,Jessica Hernandez,Automotive,NULL,7,1.3,Australia,2024-06-09 02:08:12,MISSING_OR_UNPARSEABLE_PRICE
TXN-0007935,Richard Smith,Home & Kitchen,1117.98,4,Five,Brazil,2023-10-06 19:26:17,MISSING_OR_UNPARSEABLE_RATING
TXN-0006324,John Jackson,Home & Kitchen,$276.02,None,3.9,Netherlands,2024-12-31,MISSING_OR_UNPARSEABLE_QUANTITY
TXN-0001269,Joseph Lee,aPPAREL,1424.75,7,1.6,United States,2024-03-17 17:32:49,DUPLICATE_TRANSACTION_ID
TXN-0004797,Nancy Miller,Automotive,803.5,2,NULL,Germany,2023-02-28 10:40:21,MISSING_OR_UNPARSEABLE_RATING
TXN-0008055,Richard Thomas,Home & Kitchen,1446.51,5,0.0,United Kingdom,2024-09-13 02:09:20,RATING_OUT_OF_BOUNDS
TXN-0008152,Thomas Smith,home & kitchen,1067.1,7,3.3,United Kingdom,2024-04-21 02:13:53,DUPLICATE_TRANSACTION_ID
TXN-0007135,Karen Martinez,Electronics,61.92,6,4.1,Australia,,MISSING_OR_UNPARSEABLE_DATE
TXN-0010383,Robert Martin,Electronics,1344.0,6,-1.0,Australia,2023-06-07 01:06:31,RATING_OUT_OF_BOUNDS
TXN-0004162,Jessica Garcia,Home & Kitchen,923.36,8,N/A,United States,2023-07-19 17:43:39,MISSING_OR_UNPARSEABLE_RATING
TXN-0008859,Charles Taylor,Sports & Outdoors,715.52,3,N/A,Germany,2023-02-27 04:06:01,MISSING_OR_UNPARSEABLE_RATING
TXN-0002105,Robert Johnson,Apparel,447.53,,4.8,Brazil,2024-09-13 00:47:02,MISSING_OR_UNPARSEABLE_QUANTITY
TXN-0006623,Nancy Jones,beauty & personal care,751.63,8,4.9,France,2023-09-14 18:45:42,DUPLICATE_TRANSACTION_ID
TXN-0007155,,Apparel,1089.49,1,1.1,United States,2024-12-14 09:25:55,MISSING_CUSTOMER_NAME
TXN-0006227,Linda Davis,Home & Kitchen,874.26,3,Five,France,2023-08-10 20:27:24,MISSING_OR_UNPARSEABLE_RATING
TXN-0004590,Lisa Hernandez,Sports & Outdoors,1428.73,2,,Australia,2024-08-08 18:19:47,MISSING_OR_UNPARSEABLE_RATING
TXN-0006732,Jessica Moore,Beauty & Personal Care,$89.69,3,1.1,Canada,2024-12-31,DUPLICATE_TRANSACTION_ID
TXN-0007517,Sarah Thompson,Home & Kitchen,-679.95,5,3.5,United Kingdom,2024-01-01 23:29:30,INVALID_PRICE_NON_POSITIVE
TXN-0007927,Joseph Thomas,Toys & Games,1414.15,8,0.0,India,2024-08-30 00:52:01,RATING_OUT_OF_BOUNDS
TXN-0002350,Joseph White,Electronics,-1289.45,7,2.2,Brazil,2023-01-03 03:59:41,INVALID_PRICE_NON_POSITIVE
TXN-0007676,Joseph Moore,Electronics,1210.78,6,7.2,United States,2023-01-30 02:04:29,RATING_OUT_OF_BOUNDS
TXN-0007667,Karen Moore,Toys & Games,438.02,4,-1.0,Japan,2023-06-04 21:37:21,RATING_OUT_OF_BOUNDS
TXN-0000163,John Davis,Automotive,-1396.06,7,1.2,Australia,2024-01-25 22:05:27,INVALID_PRICE_NON_POSITIVE
TXN-0003126,John Davis,Beauty & Personal Care,527.2,4,,United States,2023-08-29 19:56:39,MISSING_OR_UNPARSEABLE_RATING
TXN-0010798,Thomas Moore,Toys & Games,733.21,2,3.5,France,,MISSING_OR_UNPARSEABLE_DATE
TXN-0010613,Michael Garcia,Automotive,1482.5,NULL,3.5,Germany,2024-04-13 01:32:01,MISSING_OR_UNPARSEABLE_QUANTITY
TXN-0010586,Thomas Rodriguez,Books,187.22,5,0.0,France,2024-11-25 02:20:10,RATING_OUT_OF_BOUNDS
TXN-0005521,Sarah Jackson,Sports & Outdoors,1316.3,3,-1.0,India,2024-04-02 19:53:25,RATING_OUT_OF_BOUNDS
TXN-0001919,Patricia Jones,Books,1402.31,,2.1,United Kingdom,2024-02-22 07:22:51,MISSING_OR_UNPARSEABLE_QUANTITY
TXN-0012368,Robert Rodriguez,Apparel,1379.35,8,2.9,Japan,NULL,MISSING_OR_UNPARSEABLE_DATE
TXN-0007382,,Automotive,55.15,3,2.2,France,2024-08-26 08:40:18,MISSING_CUSTOMER_NAME
TXN-0005172,Joseph Thomas,Electronics,147.46,NULL,1.0,Germany,2023-11-29 21:35:46,MISSING_OR_UNPARSEABLE_QUANTITY
TXN-0006575,Sarah Miller,Sports & Outdoors,442.55,7,0.0,Australia,2023-01-22 04:04:49,RATING_OUT_OF_BOUNDS
TXN-0004959,Christopher Brown,Electronics,442.89,,4.5,Canada,2024-03-17 07:30:09,MISSING_OR_UNPARSEABLE_QUANTITY
TXN-0001424,Jennifer Garcia,Electronics,1094.36,,1.4,India,2023-11-10 10:48:56,MISSING_OR_UNPARSEABLE_QUANTITY
TXN-0006262,Susan Thompson,Electronics,1094.95,8,N/A,United States,2023-11-10 22:23:24,MISSING_OR_UNPARSEABLE_RATING
TXN-0007922,NULL,Sports & Outdoors,904.95,7,3.5,Japan,2023-01-11 20:31:57,MISSING_CUSTOMER_NAME
TXN-0002024,Linda White,Sports & Outdoors,NULL,7,2.1,Canada,2023-06-06 03:09:27,MISSING_OR_UNPARSEABLE_PRICE
TXN-0004509,Karen Gonzalez,Home & Kitchen,535.56,8,Five,Japan,2024-08-29 13:34:34,MISSING_OR_UNPARSEABLE_RATING
TXN-0009935,Sarah Martinez,Sports & Outdoors,873.61,4,N/A,Brazil,2024-12-03 15:20:34,MISSING_OR_UNPARSEABLE_RATING
TXN-0000403,David Davis,Electronics,1009.09,2,0.0,United States,2024-06-03 15:28:21,RATING_OUT_OF_BOUNDS
TXN-0004111,Linda Perez,Electronics,629.38,7,Five,Germany,2024-02-16 13:23:20,MISSING_OR_UNPARSEABLE_RATING
TXN-0011154,Christopher Gonzalez,Books,131.67,7,Five,United Kingdom,2024-12-16 10:57:55,MISSING_OR_UNPARSEABLE_RATING
TXN-0000996,Jennifer Perez,Books,1439.75,NULL,1.5,India,2024-01-15 20:53:06,MISSING_OR_UNPARSEABLE_QUANTITY
TXN-0004568,Robert Lopez,Books,772.58,4,4.7,Japan,20/09/2024,DUPLICATE_TRANSACTION_ID
TXN-0009031,John Jackson,Beauty & Personal Care,-336.63,1,3.5,India,2023-08-16 05:24:59,INVALID_PRICE_NON_POSITIVE
TXN-0008387,Jennifer Jackson,automotive,686.41,4,4.0,Canada,2023-08-01 12:07:02,DUPLICATE_TRANSACTION_ID
TXN-0008219,James Perez,Apparel,1061.79,8,6.5,Canada,2023-04-04 18:10:10,RATING_OUT_OF_BOUNDS
TXN-0007009,John Wilson,Toys & Games,,6,2.6,Australia,2024-11-23 00:48:50,MISSING_OR_UNPARSEABLE_PRICE
TXN-0002722,Lisa Jackson,Automotive,563.5,5,-1.0,United Kingdom,2023-02-10 08:13:24,RATING_OUT_OF_BOUNDS
TXN-0007991,Elizabeth Wilson,Toys & Games,911.93,4,3.9,United States,,MISSING_OR_UNPARSEABLE_DATE
TXN-0002706,Jessica Brown,Beauty & Personal Care,237.19,3,6.5,Netherlands,2024-05-08 19:24:18,RATING_OUT_OF_BOUNDS
TXN-0009086,Joseph Johnson,Home & Kitchen,1162.04,,4.6,Japan,2023-08-25 09:11:19,MISSING_OR_UNPARSEABLE_QUANTITY
TXN-0006920,James Lopez,Automotive,-990.19,7,3.0,India,2023-12-22 04:16:19,INVALID_PRICE_NON_POSITIVE
TXN-0011103,Patricia Johnson,Apparel,1167.2,5,2.1,,2023-05-02 18:52:42,MISSING_OR_INVALID_COUNTRY
TXN-0012176,John Martin,Apparel,20.59,3,,Canada,2024-07-20 07:43:18,MISSING_OR_UNPARSEABLE_RATING
TXN-0012265,Nancy Hernandez,Beauty & Personal Care,380.13,1,Five,Canada,2023-07-18 04:14:20,MISSING_OR_UNPARSEABLE_RATING
TXN-0004635,Barbara Thompson,Beauty & Personal Care,1076.99,8,2.4,Germany,,MISSING_OR_UNPARSEABLE_DATE
TXN-0005462,James Taylor,Books,,6,4.6,Australia,2024-01-26 10:10:25,MISSING_OR_UNPARSEABLE_PRICE
TXN-0009820,Joseph Miller,Toys & Games,1246.23,5,N/A,Brazil,2023-03-09 11:07:25,MISSING_OR_UNPARSEABLE_RATING
TXN-0003130,John Hernandez,Electronics,-234.99,6,3.4,France,2024-05-27 06:32:20,INVALID_PRICE_NON_POSITIVE
TXN-0006098,Christopher Garcia,Apparel,251.56,5,7.2,United States,2024-09-20 16:32:40,RATING_OUT_OF_BOUNDS
TXN-0009966,Linda Martin,Beauty & Personal Care,-369.06,6,2.1,United States,2023-06-02 04:38:01,INVALID_PRICE_NON_POSITIVE
TXN-0000815,,Sports & Outdoors,143.77,5,3.1,Germany,2024-08-11 00:21:58,MISSING_CUSTOMER_NAME
TXN-0001643,Thomas White,Sports & Outdoors,996.65,8,5.0,Netherlands,None,MISSING_OR_UNPARSEABLE_DATE
TXN-0010752,Sarah Thompson,Toys & Games,,2,4.9,Japan,2024-10-22 00:44:25,MISSING_OR_UNPARSEABLE_PRICE
TXN-0003486,Sarah Johnson,Toys & Games,898.62,None,1.8,Canada,2023-11-08 14:23:09,MISSING_OR_UNPARSEABLE_QUANTITY
TXN-0004930,Joseph Thomas,Apparel,154.39,8,0.0,Canada,2023-11-11 07:34:41,RATING_OUT_OF_BOUNDS
TXN-0009766,James Johnson,Electronics,360.97,2,0.0,United States,2024-11-23 03:28:52,RATING_OUT_OF_BOUNDS
TXN-0011307,Nancy Lopez,Sports & Outdoors,1425.4,4,6.5,Canada,2023-03-08 17:09:17,RATING_OUT_OF_BOUNDS
TXN-0011985,Patricia Williams,Apparel,-603.82,8,1.9,Australia,2024-02-27 17:58:07,INVALID_PRICE_NON_POSITIVE
TXN-0010212,John Gonzalez,Home & Kitchen,157.03,,3.9,Germany,2024-08-23 03:16:28,MISSING_OR_UNPARSEABLE_QUANTITY
TXN-0003630,Lisa Jackson,Home & Kitchen,756.6,1,6.5,United States,2023-03-03 17:11:56,RATING_OUT_OF_BOUNDS
TXN-0006857,Nancy Jackson,Toys & Games,849.97,3,None,Australia,2023-07-09 14:43:12,MISSING_OR_UNPARSEABLE_RATING
TXN-0002995,Mary Martin,Toys & Games,1284.41,7,0.0,India,2023-04-18 00:31:10,RATING_OUT_OF_BOUNDS
TXN-0000680,William Taylor,Toys & Games,86.42,6,0.0,France,2024-01-13 15:55:35,RATING_OUT_OF_BOUNDS
TXN-0011787,Michael Wilson,Automotive,1032.14,6,N/A,Canada,2024-09-25 07:36:00,MISSING_OR_UNPARSEABLE_RATING
TXN-0001335,Patricia Anderson,Home & Kitchen,300.11,4,3.4,India,,MISSING_OR_UNPARSEABLE_DATE
TXN-0002889,NULL,Sports & Outdoors,466.85,6,1.8,Canada,2024-02-23 18:30:58,MISSING_CUSTOMER_NAME
TXN-0010892,Karen Jones,Automotive,,4,4.9,India,2023-11-08 16:12:46,MISSING_OR_UNPARSEABLE_PRICE
TXN-0004659,Jessica Hernandez,Toys & Games,926.31,7,6.5,Canada,2024-10-29 11:49:30,RATING_OUT_OF_BOUNDS
TXN-0002282,William Davis,Beauty & Personal Care,None,2,3.0,Brazil,2023-11-15 07:49:40,MISSING_OR_UNPARSEABLE_PRICE
TXN-0010396,James Jackson,Apparel,656.96,7,N/A,United Kingdom,2024-05-12 22:09:45,MISSING_OR_UNPARSEABLE_RATING
TXN-0006846,None,Beauty & Personal Care,171.32,7,3.6,Germany,2023-09-09 02:28:05,MISSING_CUSTOMER_NAME
TXN-0010711,,Beauty & Personal Care,28.72,2,2.2,France,2024-06-30 22:04:31,MISSING_CUSTOMER_NAME
TXN-0005570,Susan Gonzalez,Beauty & Personal Care,1147.83,1,0.0,Japan,2024-09-27 08:30:21,RATING_OUT_OF_BOUNDS
TXN-0010832,Mary Wilson,Electronics,675.62,4,2.9,Japan,1730625502,DUPLICATE_TRANSACTION_ID
TXN-0010727,Jennifer Jones,Beauty & Personal Care,92.97,4,7.2,Brazil,2024-07-08 00:54:38,RATING_OUT_OF_BOUNDS
TXN-0002570,David Anderson,Electronics,194.83,NULL,3.1,Australia,2024-04-24 21:52:53,MISSING_OR_UNPARSEABLE_QUANTITY
TXN-0010890,Christopher Lopez,Books,1202.01,6,2.6,None,2024-02-03 11:40:27,MISSING_OR_INVALID_COUNTRY
TXN-0007941,Robert Jackson,Books,-244.88,1,2.7,Brazil,2024-02-23 08:02:33,INVALID_PRICE_NON_POSITIVE
TXN-0001059,Lisa Thomas,Home & Kitchen,684.6,3,,France,2023-04-24 00:34:25,MISSING_OR_UNPARSEABLE_RATING
TXN-0004792,,Sports & Outdoors,736.1,1,1.8,Germany,2024-10-31 07:40:38,MISSING_CUSTOMER_NAME
TXN-0011455,Jessica Lee,Electronics,863.66,6,-1.0,Germany,2024-10-21 05:30:42,RATING_OUT_OF_BOUNDS
TXN-0001514,Christopher Wilson,Beauty & Personal Care,271.11,1,3.6,Japan,,MISSING_OR_UNPARSEABLE_DATE
TXN-0008134,Patricia Lopez,Home & Kitchen,615.27,4,3.0,India,,MISSING_OR_UNPARSEABLE_DATE
TXN-0005434,Charles Thompson,Home & Kitchen,,2,4.2,Brazil,2024-04-12 07:23:00,MISSING_OR_UNPARSEABLE_PRICE
TXN-0005583,Susan Lopez,Home & Kitchen,327.92,3,4.4,,2023-08-08 05:11:57,MISSING_OR_INVALID_COUNTRY
TXN-0001999,Linda Thompson,Electronics,287.62,NULL,1.4,United Kingdom,2024-09-09 16:45:08,MISSING_OR_UNPARSEABLE_QUANTITY
TXN-0006347,Jennifer Miller,Electronics,1452.26,3,N/A,France,2023-06-29 08:26:23,MISSING_OR_UNPARSEABLE_RATING
TXN-0003375,Karen Williams,Books,129.96,4,,Brazil,2023-08-14 05:58:33,MISSING_OR_UNPARSEABLE_RATING
TXN-0005870,William Martin,Books,883.49,1,3.1,NULL,2023-10-30 22:55:10,MISSING_OR_INVALID_COUNTRY
TXN-0007779,Jennifer Taylor,Apparel,672.59,7,4.7,,2024-11-18 00:44:28,MISSING_OR_INVALID_COUNTRY
TXN-0004114,Patricia Thompson,Sports & Outdoors,-347.17,6,4.1,Australia,2023-10-04 01:57:28,INVALID_PRICE_NON_POSITIVE
TXN-0008144,Daniel White,Electronics,1354.75,7,-1.0,Netherlands,2024-09-09 20:14:20,RATING_OUT_OF_BOUNDS
TXN-0012457,Susan Hernandez,Sports & Outdoors,$319.40,3,4.5,France,2024-11-19 01:33:06,DUPLICATE_TRANSACTION_ID
TXN-0003011,Christopher Thomas,Sports & Outdoors,593.29,6,Five,Canada,2023-10-18 13:35:26,MISSING_OR_UNPARSEABLE_RATING
TXN-0005153,Linda Smith,Apparel,931.71,8,None,Netherlands,2023-07-06 11:04:33,MISSING_OR_UNPARSEABLE_RATING
TXN-0009388,Richard Anderson,Automotive,931.0,6,6.5,Germany,2023-07-19 11:17:27,RATING_OUT_OF_BOUNDS
TXN-0002326,Jennifer Hernandez,Sports & Outdoors,1029.45,7,Five,Japan,2024-11-25 00:06:07,MISSING_OR_UNPARSEABLE_RATING
TXN-0008983,William Hernandez,Books,957.7,8,7.2,Canada,2023-08-22 12:31:50,RATING_OUT_OF_BOUNDS
TXN-0011136,Susan Taylor,ELECTRONICS,$367.75,1,4.9,France,2024-12-31,DUPLICATE_TRANSACTION_ID
TXN-0006307,Michael Thomas,Beauty & Personal Care,470.86,3,Five,Netherlands,2023-03-10 22:15:18,MISSING_OR_UNPARSEABLE_RATING
TXN-0007859,James Wilson,Apparel,$171.92,2,6.5,Germany,2024-12-31,RATING_OUT_OF_BOUNDS
TXN-0001678,Linda Anderson,Apparel,1172.61,8,-1.0,United States,2024-03-04 13:18:04,RATING_OUT_OF_BOUNDS
TXN-0001313,Barbara Smith,Toys & Games,769.45,4,N/A,Brazil,2023-05-06 08:19:39,MISSING_OR_UNPARSEABLE_RATING
TXN-0012338,David White,Sports & Outdoors,-1128.31,8,4.4,Australia,2024-12-19 04:13:29,INVALID_PRICE_NON_POSITIVE
TXN-0010100,Daniel Lee,Home & Kitchen,-1458.24,8,4.2,Australia,2023-07-06 16:24:40,INVALID_PRICE_NON_POSITIVE
TXN-0002701,Karen Martinez,Beauty & Personal Care,1018.13,2,7.2,Germany,2024-06-04 11:11:48,RATING_OUT_OF_BOUNDS
TXN-0010492,Karen Garcia,Automotive,,2,1.1,Germany,2024-08-07 14:22:16,MISSING_OR_UNPARSEABLE_PRICE
TXN-0006777,David Gonzalez,Automotive,-630.77,7,3.6,Australia,2024-01-21 06:44:41,INVALID_PRICE_NON_POSITIVE
TXN-0006559,Richard Lopez,Apparel,715.45,None,3.6,Canada,2023-09-02 03:08:35,MISSING_OR_UNPARSEABLE_QUANTITY
TXN-0011722,Jessica Garcia,Books,1114.56,6,3.0,,2023-12-18 17:53:28,MISSING_OR_INVALID_COUNTRY
TXN-0010205,Mary Garcia,Electronics,-1103.11,4,1.5,United States,2023-01-19 13:52:35,INVALID_PRICE_NON_POSITIVE
TXN-0009294,None,Electronics,1486.03,3,2.3,United States,2023-07-08 01:27:07,MISSING_CUSTOMER_NAME
TXN-0001170,Barbara Lopez,Books,,1,2.0,Australia,2023-03-13 10:49:58,MISSING_OR_UNPARSEABLE_PRICE
TXN-0001162,Karen Moore,Beauty & Personal Care,-339.91,5,4.7,United States,2023-07-15 06:05:50,INVALID_PRICE_NON_POSITIVE
TXN-0007623,,Electronics,1365.72,5,1.3,Japan,2024-09-07 10:59:13,MISSING_CUSTOMER_NAME
TXN-0010358,Jennifer Miller,Beauty & Personal Care,641.54,7,2.0,Brazil,NULL,MISSING_OR_UNPARSEABLE_DATE
TXN-0006598,Patricia Johnson,Home & Kitchen,534.14,None,1.6,Netherlands,2023-07-25 12:19:23,MISSING_OR_UNPARSEABLE_QUANTITY
TXN-0011348,Jennifer Martinez,Books,76.48,6,N/A,Brazil,2024-05-31 23:24:12,MISSING_OR_UNPARSEABLE_RATING
TXN-0002784,John Gonzalez,Beauty & Personal Care,284.96,1,,United Kingdom,2024-03-27 02:31:37,MISSING_OR_UNPARSEABLE_RATING
TXN-0004430,Barbara Lee,Automotive,-650.87,8,1.1,Germany,2024-05-31 09:46:13,INVALID_PRICE_NON_POSITIVE
TXN-0010053,Susan Anderson,Automotive,674.91,8,,France,2023-06-22 18:24:00,MISSING_OR_UNPARSEABLE_RATING
TXN-0001348,Mary Lee,Beauty & Personal Care,809.15,8,N/A,France,2023-03-28 05:45:50,MISSING_OR_UNPARSEABLE_RATING
TXN-0006132,Christopher Hernandez,Sports & Outdoors,611.51,3,N/A,Japan,2023-01-02 03:59:32,MISSING_OR_UNPARSEABLE_RATING
TXN-0009345,Jessica Gonzalez,Toys & Games,1399.15,5,1.6,,2024-11-19 16:59:33,MISSING_OR_INVALID_COUNTRY
TXN-0002134,Jessica Anderson,Automotive,1248.7,6,,Germany,2023-10-29 03:33:53,MISSING_OR_UNPARSEABLE_RATING
TXN-0000770,Thomas Hernandez,Toys & Games,476.74,,4.1,United Kingdom,2023-04-28 11:46:45,MISSING_OR_UNPARSEABLE_QUANTITY
TXN-0008093,,Apparel,566.76,5,4.7,United States,2023-02-19 11:54:07,MISSING_CUSTOMER_NAME
TXN-0000867,Karen Martinez,Toys & Games,247.61,8,4.5,Australia,08/12/2024,DUPLICATE_TRANSACTION_ID
TXN-0004511,Nancy Wilson,Beauty & Personal Care,1282.52,8,,United States,2023-09-24 11:59:01,MISSING_OR_UNPARSEABLE_RATING
TXN-0008371,John Jackson,Sports & Outdoors,385.5,,2.1,Germany,2023-04-20 08:51:26,MISSING_OR_UNPARSEABLE_QUANTITY
TXN-0011854,Susan Thompson,Automotive,963.8,None,1.7,Canada,2023-02-07 14:55:38,MISSING_OR_UNPARSEABLE_QUANTITY
TXN-0004172,Barbara Davis,Beauty & Personal Care,1112.04,7,NULL,United Kingdom,2024-05-22 13:26:26,MISSING_OR_UNPARSEABLE_RATING
TXN-0009926,Daniel Moore,Beauty & Personal Care,,1,3.1,United States,2024-02-04 16:51:14,MISSING_OR_UNPARSEABLE_PRICE
TXN-0003882,Joseph Thompson,Books,113.92,,4.8,Australia,2024-11-14 06:42:04,MISSING_OR_UNPARSEABLE_QUANTITY
TXN-0010715,Barbara Perez,Beauty & Personal Care,-513.39,5,5.0,Japan,2023-10-25 12:08:20,INVALID_PRICE_NON_POSITIVE
TXN-0006853,John Williams,Books,,2,1.6,France,2024-07-22 13:40:49,MISSING_OR_UNPARSEABLE_PRICE
TXN-0010075,Christopher White,Electronics,184.3,6,Five,Germany,2024-07-14 10:00:07,MISSING_OR_UNPARSEABLE_RATING
TXN-0000275,David Wilson,Home & Kitchen,152.42,NULL,3.0,United States,2024-02-07 23:05:28,MISSING_OR_UNPARSEABLE_QUANTITY
TXN-0004126,Daniel Garcia,Toys & Games,None,4,4.7,Brazil,2024-09-10 16:18:40,MISSING_OR_UNPARSEABLE_PRICE
TXN-0003301,John Johnson,Electronics,1016.05,1,,United States,2024-01-21 12:51:40,MISSING_OR_UNPARSEABLE_RATING
TXN-0010098,Linda Garcia,Books,141.63,4,6.5,India,2024-10-24 06:25:03,RATING_OUT_OF_BOUNDS
TXN-0007029,,Sports & Outdoors,1091.87,3,2.1,Australia,2023-07-23 22:26:11,MISSING_CUSTOMER_NAME
TXN-0005510,Barbara White,Home & Kitchen,,4,1.3,Japan,2023-07-09 00:21:27,MISSING_OR_UNPARSEABLE_PRICE
TXN-0008867,Karen Martin,Electronics,NULL,8,3.0,India,2023-01-18 00:08:24,MISSING_OR_UNPARSEABLE_PRICE
TXN-0003875,John Thomas,Beauty & Personal Care,434.84,8,3.1,NULL,2024-04-05 19:37:38,MISSING_OR_INVALID_COUNTRY
TXN-0005998,William Martin,Sports & Outdoors,,3,2.1,Brazil,2023-07-14 10:20:21,MISSING_OR_UNPARSEABLE_PRICE
TXN-0008184,Daniel Davis,  Beauty & Personal Care  ,156.08,8,4.1,Australia,2023-11-06 18:53:51,DUPLICATE_TRANSACTION_ID
TXN-0011397,William Perez,Electronics,1106.26,7,7.2,United Kingdom,2023-03-05 10:37:24,RATING_OUT_OF_BOUNDS
TXN-0011297,None,Books,254.99,3,2.4,Germany,2023-06-14 14:54:45,MISSING_CUSTOMER_NAME
TXN-0002907,John Smith,Books,394.76,8,6.5,Brazil,2023-11-01 14:55:57,RATING_OUT_OF_BOUNDS
TXN-0002026,Michael Johnson,Books,122.63,6,0.0,Canada,2024-02-15 21:18:43,RATING_OUT_OF_BOUNDS
TXN-0005350,Patricia Thomas,Automotive,309.82,,4.7,Germany,2024-07-04 10:37:28,MISSING_OR_UNPARSEABLE_QUANTITY
TXN-0009886,Thomas Martin,Books,1405.56,7,6.5,India,2023-07-03 18:07:21,RATING_OUT_OF_BOUNDS
TXN-0000459,Barbara Davis,Electronics,779.24,6,0.0,Germany,2024-12-13 22:55:56,RATING_OUT_OF_BOUNDS
TXN-0002045,Thomas Lee,Home & Kitchen,-1490.21,1,1.8,India,2023-06-03 21:08:33,INVALID_PRICE_NON_POSITIVE
TXN-0006320,Daniel Perez,Toys & Games,1036.29,5,4.1,,2023-12-14 23:36:03,MISSING_OR_INVALID_COUNTRY
TXN-0003241,NULL,Apparel,65.36,2,4.9,Japan,2023-08-03 15:43:50,MISSING_CUSTOMER_NAME
TXN-0009976,Susan Wilson,Beauty & Personal Care,1226.96,5,4.2,None,2023-02-22 15:50:52,MISSING_OR_INVALID_COUNTRY
TXN-0008803,Robert Moore,Apparel,416.1,3,1.2,NULL,2023-12-06 23:40:27,MISSING_OR_INVALID_COUNTRY
TXN-0010459,Richard White,Sports & Outdoors,324.25,3,-1.0,Brazil,2023-11-05 12:41:36,RATING_OUT_OF_BOUNDS
TXN-0009188,Richard Davis,Home & Kitchen,979.58,2,3.8,,2024-06-23 07:44:12,MISSING_OR_INVALID_COUNTRY
TXN-0006915,Lisa Lee,Apparel,119.23,2,1.3,United Kingdom,NULL,MISSING_OR_UNPARSEABLE_DATE
TXN-0000748,Lisa White,Books,-330.92,2,1.7,Japan,2023-08-02 05:55:59,INVALID_PRICE_NON_POSITIVE
TXN-0012228,James Jackson,Home & Kitchen,1203.99,,1.5,Canada,2023-10-26 23:54:20,MISSING_OR_UNPARSEABLE_QUANTITY
TXN-0009232,Thomas Garcia,Home & Kitchen,380.49,5,3.5,India,,MISSING_OR_UNPARSEABLE_DATE
TXN-0002680,,Electronics,542.13,3,3.1,France,2024-09-14 03:46:16,MISSING_CUSTOMER_NAME
TXN-0009885,James Thomas,Electronics,None,6,3.6,Germany,2024-08-02 12:37:25,MISSING_OR_UNPARSEABLE_PRICE
TXN-0010335,Elizabeth Jones,Automotive,487.72,7,1.2,None,2024-06-12 10:03:40,MISSING_OR_INVALID_COUNTRY
TXN-0008849,Charles Gonzalez,Home & Kitchen,1126.68,1,0.0,Germany,2023-10-08 02:32:22,RATING_OUT_OF_BOUNDS
TXN-0000768,Daniel Taylor,Toys & Games,394.31,6,6.5,United Kingdom,2023-04-10 07:41:50,RATING_OUT_OF_BOUNDS
TXN-0007618,Michael Smith,Sports & Outdoors,835.17,1,3.1,Canada,,MISSING_OR_UNPARSEABLE_DATE
TXN-0000171,Robert Johnson,Beauty & Personal Care,511.13,3,N/A,Brazil,2024-06-15 19:24:29,MISSING_OR_UNPARSEABLE_RATING
TXN-0001453,David Perez,Automotive,1307.65,2,4.4,United States,NULL,MISSING_OR_UNPARSEABLE_DATE
TXN-0011280,Susan Johnson,Books,1178.99,1,6.5,United States,2023-06-24 06:40:51,RATING_OUT_OF_BOUNDS
TXN-0003843,None,Toys & Games,670.74,7,4.8,United Kingdom,2023-03-23 01:51:31,MISSING_CUSTOMER_NAME
TXN-0003116,Mary White,Toys & Games,1425.8,5,NULL,India,2023-06-24 11:28:42,MISSING_OR_UNPARSEABLE_RATING
TXN-0004714,Charles Lopez,Automotive,1329.34,6,4.8,NULL,2023-05-09 18:22:20,MISSING_OR_INVALID_COUNTRY
TXN-0001699,Patricia Moore,Automotive,NULL,3,1.2,Japan,2023-05-20 15:34:36,MISSING_OR_UNPARSEABLE_PRICE
TXN-0000746,John Gonzalez,Apparel,172.34,2,3.1,Germany,None,MISSING_OR_UNPARSEABLE_DATE
TXN-0006425,Robert Perez,Books,1262.93,,2.4,Netherlands,2024-02-18 13:35:44,MISSING_OR_UNPARSEABLE_QUANTITY
TXN-0002856,Michael Wilson,Sports & Outdoors,45.68,5,2.6,India,,MISSING_OR_UNPARSEABLE_DATE
TXN-0009823,Karen Lopez,Toys & Games,-685.51,8,1.9,Germany,2024-08-07 00:59:59,INVALID_PRICE_NON_POSITIVE
TXN-0011063,Richard White,Electronics,$120.88,5,6.5,Canada,2024-12-31,RATING_OUT_OF_BOUNDS
TXN-0002689,Jennifer Lopez,Automotive,362.55,4,None,United States,2023-04-23 03:47:26,MISSING_OR_UNPARSEABLE_RATING
TXN-0001744,Mary Brown,Beauty & Personal Care,1038.21,1,Five,India,2023-02-06 21:18:04,MISSING_OR_UNPARSEABLE_RATING
TXN-0012209,William Moore,Apparel,1286.5,8,None,Netherlands,2023-12-06 11:01:20,MISSING_OR_UNPARSEABLE_RATING
TXN-0001971,Elizabeth Gonzalez,Apparel,-75.91,6,1.2,Brazil,2024-09-26 01:01:01,INVALID_PRICE_NON_POSITIVE
TXN-0003976,Elizabeth Gonzalez,Sports & Outdoors,None,3,3.7,Brazil,2023-07-12 23:39:59,MISSING_OR_UNPARSEABLE_PRICE
TXN-0002456,Nancy Garcia,Electronics,1044.04,2,-1.0,United Kingdom,2024-02-05 12:09:33,RATING_OUT_OF_BOUNDS
TXN-0001923,Mary Rodriguez,Beauty & Personal Care,54.63,4,-1.0,Germany,2024-02-28 13:28:36,RATING_OUT_OF_BOUNDS
TXN-0010388,Christopher Martinez,Toys & Games,321.49,2,None,Australia,2024-05-27 11:24:49,MISSING_OR_UNPARSEABLE_RATING
TXN-0008783,Christopher Smith,Home & Kitchen,182.77,3,NULL,Japan,2024-12-25 13:32:55,MISSING_OR_UNPARSEABLE_RATING
TXN-0003341,Lisa Thomas,Toys & Games,644.08,,1.7,United Kingdom,2023-04-22 20:49:23,MISSING_OR_UNPARSEABLE_QUANTITY
TXN-0002243,Christopher Anderson,Apparel,144.82,,3.2,United Kingdom,2023-10-23 16:17:29,MISSING_OR_UNPARSEABLE_QUANTITY
TXN-0010762,Michael Anderson,Home & Kitchen,NULL,3,2.4,Brazil,2023-02-04 15:06:25,MISSING_OR_UNPARSEABLE_PRICE
TXN-0000640,Mary Rodriguez,Sports & Outdoors,,8,4.9,United Kingdom,2023-06-05 20:44:36,MISSING_OR_UNPARSEABLE_PRICE
TXN-0011107,Christopher Brown,Electronics,1279.3,7,0.0,France,2024-05-05 16:43:28,RATING_OUT_OF_BOUNDS
TXN-0003925,James Anderson,Toys & Games,1215.93,4,3.4,Netherlands,NULL,MISSING_OR_UNPARSEABLE_DATE
TXN-0001157,David Brown,Automotive,-204.16,4,1.8,Japan,2024-01-17 10:49:25,INVALID_PRICE_NON_POSITIVE
TXN-0009911,Barbara Rodriguez,Electronics,1145.43,6,None,Australia,2023-09-05 04:29:38,MISSING_OR_UNPARSEABLE_RATING
TXN-0011880,Charles Thomas,Beauty & Personal Care,,6,2.5,Canada,2023-11-04 19:30:14,MISSING_OR_UNPARSEABLE_PRICE
TXN-0000618,Richard Lopez,Toys & Games,,3,1.5,United Kingdom,2023-02-25 17:26:32,MISSING_OR_UNPARSEABLE_PRICE
TXN-0003900,Linda Jackson,Books,1118.74,3,0.0,Netherlands,2023-05-20 05:07:42,RATING_OUT_OF_BOUNDS
TXN-0004970,James Anderson,Home & Kitchen,NULL,2,4.6,United States,2023-11-26 09:49:49,MISSING_OR_UNPARSEABLE_PRICE
TXN-0009576,Barbara Martinez,Books,806.2,3,None,India,2023-11-26 23:52:16,MISSING_OR_UNPARSEABLE_RATING
TXN-0000676,David Taylor,Electronics,,5,3.8,France,2024-04-20 17:51:02,MISSING_OR_UNPARSEABLE_PRICE
TXN-0010821,Daniel Gonzalez,Toys & Games,1028.31,6,-1.0,India,2024-02-11 23:21:31,RATING_OUT_OF_BOUNDS
TXN-0010279,Jessica Jones,Automotive,322.75,4,7.2,Germany,2024-07-03 21:41:03,RATING_OUT_OF_BOUNDS
TXN-0007305,David Martinez,Books,648.1,7,7.2,Germany,2023-06-10 10:17:27,RATING_OUT_OF_BOUNDS
TXN-0002606,Patricia Johnson,Toys & Games,483.52,5,0.0,Brazil,2024-08-14 01:48:32,RATING_OUT_OF_BOUNDS
TXN-0006332,Lisa Lee,Apparel,$52.52,5,4.2,Germany,2024-12-31,DUPLICATE_TRANSACTION_ID
TXN-0000616,Sarah Lopez,Home & Kitchen,-1299.19,4,2.7,France,2024-04-03 09:27:07,INVALID_PRICE_NON_POSITIVE
TXN-0012199,Nancy Jones,Sports & Outdoors,410.64,6,-1.0,Brazil,2023-01-27 19:23:09,RATING_OUT_OF_BOUNDS
TXN-0005429,Patricia Garcia,Sports & Outdoors,210.48,4,-1.0,India,2024-10-26 11:14:37,RATING_OUT_OF_BOUNDS
TXN-0008879,Christopher Gonzalez,Books,NULL,3,3.7,United States,2024-08-05 06:36:59,MISSING_OR_UNPARSEABLE_PRICE
TXN-0002017,Susan Gonzalez,Automotive,577.83,7,4.7,None,2023-03-07 07:58:25,MISSING_OR_INVALID_COUNTRY
TXN-0007066,Lisa Hernandez,Beauty & Personal Care,249.84,4,2.5,None,2024-02-02 14:02:22,MISSING_OR_INVALID_COUNTRY
TXN-0003086,James Williams,Automotive,449.85,5,1.3,Australia,NULL,MISSING_OR_UNPARSEABLE_DATE
TXN-0000847,Joseph Smith,Books,1138.84,6,NULL,United States,2024-09-26 00:34:38,MISSING_OR_UNPARSEABLE_RATING
TXN-0005937,,Sports & Outdoors,713.22,2,3.0,Canada,2024-05-11 04:46:18,MISSING_CUSTOMER_NAME
TXN-0001371,Mary White,Apparel,,7,4.1,Japan,2024-07-15 04:47:58,MISSING_OR_UNPARSEABLE_PRICE
TXN-0003671,John Garcia,Home & Kitchen,NULL,7,2.8,Brazil,2024-06-18 12:09:30,MISSING_OR_UNPARSEABLE_PRICE
TXN-0007233,Jessica Thomas,Electronics,1259.83,6,2.0,Canada,NULL,MISSING_OR_UNPARSEABLE_DATE
TXN-0001655,Mary Anderson,Books,-858.55,1,5.0,United States,2024-12-26 09:31:53,INVALID_PRICE_NON_POSITIVE
TXN-0000659,Thomas Anderson,Toys & Games,1407.44,1,0.0,Germany,2024-07-11 01:33:13,RATING_OUT_OF_BOUNDS
TXN-0010587,Sarah Brown,Automotive,477.53,4,7.2,India,2023-06-20 21:57:19,RATING_OUT_OF_BOUNDS
TXN-0009012,Robert Gonzalez,Electronics,176.75,8,0.0,Brazil,2024-04-11 21:11:51,RATING_OUT_OF_BOUNDS
TXN-0005912,Michael White,Books,497.61,2,7.2,France,2023-04-03 03:01:16,RATING_OUT_OF_BOUNDS
TXN-0002063,Nancy Hernandez,Beauty & Personal Care,None,2,3.3,Japan,2023-10-20 00:41:12,DUPLICATE_TRANSACTION_ID
TXN-0001552,Sarah Thompson,Automotive,922.51,,1.0,Germany,2023-04-10 17:15:14,MISSING_OR_UNPARSEABLE_QUANTITY
TXN-0010060,Patricia Smith,Toys & Games,None,6,3.1,India,2024-08-06 21:40:14,DUPLICATE_TRANSACTION_ID
TXN-0002290,William Martinez,Home & Kitchen,156.11,8,4.1,Canada,NULL,MISSING_OR_UNPARSEABLE_DATE
TXN-0005139,John Wilson,Books,925.65,7,2.7,United Kingdom,NULL,MISSING_OR_UNPARSEABLE_DATE
TXN-0012083,John Thomas,Home & Kitchen,$78.94,4,2.6,United Kingdom,2024-12-31,DUPLICATE_TRANSACTION_ID
TXN-0010597,None,Books,1028.09,1,3.3,Canada,2024-06-16 11:41:27,MISSING_CUSTOMER_NAME
TXN-0000981,Nancy Jones,Apparel,853.5,5,NULL,Japan,2024-07-17 10:47:43,MISSING_OR_UNPARSEABLE_RATING
TXN-0007125,Nancy Brown,Electronics,1298.11,8,7.2,India,2023-12-23 14:40:38,RATING_OUT_OF_BOUNDS
TXN-0006651,Charles Rodriguez,Automotive,1112.6,None,2.6,Netherlands,2024-02-05 04:57:00,MISSING_OR_UNPARSEABLE_QUANTITY
TXN-0011909,Sarah Miller,Electronics,306.57,6,6.5,Canada,2023-02-01 22:22:21,RATING_OUT_OF_BOUNDS
TXN-0007270,Barbara Brown,Electronics,1459.02,,4.2,Japan,2023-08-23 22:39:38,MISSING_OR_UNPARSEABLE_QUANTITY
TXN-0008003,,Apparel,1409.95,2,1.9,France,2024-12-19 17:35:29,MISSING_CUSTOMER_NAME
TXN-0008538,Nancy Williams,Automotive,472.63,6,N/A,India,2023-01-15 04:44:14,MISSING_OR_UNPARSEABLE_RATING
TXN-0004726,Jennifer Jones,Electronics,-1447.23,4,4.1,Brazil,2024-08-22 07:51:42,INVALID_PRICE_NON_POSITIVE
TXN-0009530,Richard Jackson,Beauty & Personal Care,-1422.89,6,2.3,India,2023-05-20 02:24:40,INVALID_PRICE_NON_POSITIVE
TXN-0011227,Jennifer Martinez,Home & Kitchen,959.71,7,7.2,United Kingdom,2023-07-16 17:19:24,RATING_OUT_OF_BOUNDS
TXN-0005357,Charles Thompson,Toys & Games,462.72,1,6.5,United Kingdom,2023-06-29 20:15:04,RATING_OUT_OF_BOUNDS
TXN-0005517,Karen Taylor,Automotive,-418.1,5,4.4,Canada,2023-05-25 10:20:50,INVALID_PRICE_NON_POSITIVE
TXN-0009041,Thomas Garcia,Electronics,559.99,7,2.1,Australia,,MISSING_OR_UNPARSEABLE_DATE
TXN-0010395,William Williams,Beauty & Personal Care,670.82,3,NULL,India,2024-02-26 01:53:39,MISSING_OR_UNPARSEABLE_RATING
TXN-0000126,Elizabeth Anderson,Electronics,1497.89,7,7.2,United States,2023-03-25 20:33:15,RATING_OUT_OF_BOUNDS
TXN-0004484,Patricia Hernandez,Electronics,1302.69,2,4.1,India,19-Jul-2023,DUPLICATE_TRANSACTION_ID
TXN-0001177,Robert Johnson,Books,976.61,8,0.0,India,2023-01-17 12:52:04,RATING_OUT_OF_BOUNDS
TXN-0000137,NULL,Apparel,470.9,6,4.1,Australia,2024-03-16 20:42:38,MISSING_CUSTOMER_NAME
TXN-0009955,Thomas Martin,Automotive,511.31,4,7.2,United Kingdom,2024-06-29 18:19:30,RATING_OUT_OF_BOUNDS
TXN-0007219,Jennifer Moore,Home & Kitchen,752.37,8,None,India,2024-03-31 02:18:26,MISSING_OR_UNPARSEABLE_RATING
TXN-0006981,Sarah Williams,Sports & Outdoors,955.73,,3.8,Germany,2024-04-25 19:33:05,MISSING_OR_UNPARSEABLE_QUANTITY
TXN-0009253,Sarah Johnson,Electronics,NULL,2,2.7,Australia,2023-07-05 01:51:13,MISSING_OR_UNPARSEABLE_PRICE
TXN-0000495,Linda Rodriguez,Automotive,-517.93,3,3.0,Netherlands,2023-06-13 12:36:35,INVALID_PRICE_NON_POSITIVE
TXN-0000277,Susan Williams,Home & Kitchen,525.75,6,,United Kingdom,2023-06-10 16:17:11,MISSING_OR_UNPARSEABLE_RATING
TXN-0003612,Thomas Hernandez,Apparel,550.87,8,3.7,Australia,,MISSING_OR_UNPARSEABLE_DATE
TXN-0002658,John Smith,Apparel,428.08,2,4.7,Australia,None,MISSING_OR_UNPARSEABLE_DATE
TXN-0006707,Jessica Moore,Home & Kitchen,-651.65,2,2.7,Germany,2024-05-04 18:55:18,INVALID_PRICE_NON_POSITIVE
TXN-0009215,Jennifer Williams,Automotive,151.61,1,NULL,Netherlands,2024-02-08 11:35:39,MISSING_OR_UNPARSEABLE_RATING
TXN-0009497,Joseph Martinez,Automotive,1467.11,5,N/A,United States,2023-09-13 11:55:02,MISSING_OR_UNPARSEABLE_RATING
TXN-0006919,Christopher Taylor,Toys & Games,1476.49,4,Five,United Kingdom,2023-10-14 19:26:18,MISSING_OR_UNPARSEABLE_RATING
TXN-0010099,None,Sports & Outdoors,981.41,6,3.4,Australia,2023-04-09 02:28:41,MISSING_CUSTOMER_NAME
TXN-0005928,Charles Brown,Toys & Games,-990.6,6,3.6,Canada,2024-02-28 16:18:58,INVALID_PRICE_NON_POSITIVE
TXN-0011683,Jessica Taylor,Apparel,1456.67,4,0.0,Netherlands,2023-11-06 16:24:58,RATING_OUT_OF_BOUNDS
TXN-0007585,Charles Brown,Home & Kitchen,894.23,8,N/A,India,2023-09-15 15:58:50,MISSING_OR_UNPARSEABLE_RATING
TXN-0007317,Patricia Hernandez,Home & Kitchen,621.96,None,3.6,Australia,2023-01-15 03:33:34,MISSING_OR_UNPARSEABLE_QUANTITY
TXN-0006099,Charles Anderson,Electronics,1306.84,4,3.8,,2023-05-04 10:11:42,MISSING_OR_INVALID_COUNTRY
TXN-0000030,Jennifer Williams,Home & Kitchen,608.64,4,3.3,None,2023-01-31 20:50:17,MISSING_OR_INVALID_COUNTRY
TXN-0008474,John Wilson,Electronics,664.92,1,NULL,Netherlands,2023-12-23 15:19:44,MISSING_OR_UNPARSEABLE_RATING
TXN-0006299,NULL,Apparel,673.69,8,2.0,United Kingdom,2023-11-04 05:27:13,MISSING_CUSTOMER_NAME
TXN-0004302,Michael Thomas,Apparel,1190.85,7,Five,United Kingdom,2023-05-13 06:02:08,MISSING_OR_UNPARSEABLE_RATING
TXN-0003980,John Lopez,Toys & Games,-386.86,6,1.7,Germany,2024-11-09 14:19:35,DUPLICATE_TRANSACTION_ID
TXN-0000666,John Thomas,Automotive,1336.28,3,7.2,United States,2024-04-18 08:39:53,RATING_OUT_OF_BOUNDS
TXN-0007986,Elizabeth Anderson,Home & Kitchen,1190.6,4,6.5,Australia,2024-03-30 06:59:22,RATING_OUT_OF_BOUNDS
TXN-0010130,,Electronics,778.43,7,4.6,Australia,2024-07-13 06:04:58,MISSING_CUSTOMER_NAME
TXN-0000448,Lisa Lopez,Books,1358.91,3,NULL,Japan,2023-06-21 11:47:09,MISSING_OR_UNPARSEABLE_RATING
TXN-0008240,Nancy Taylor,Beauty & Personal Care,1203.74,2,N/A,Netherlands,2023-05-16 08:38:30,MISSING_OR_UNPARSEABLE_RATING
TXN-0001221,Barbara Thompson,Toys & Games,1161.65,8,7.2,United Kingdom,2024-11-02 02:17:57,RATING_OUT_OF_BOUNDS
TXN-0001820,Sarah Davis,Home & Kitchen,,3,3.9,Japan,2023-04-04 22:17:39,MISSING_OR_UNPARSEABLE_PRICE
TXN-0008151,Daniel Martin,Toys & Games,,3,4.8,France,2024-12-15 08:17:01,DUPLICATE_TRANSACTION_ID
TXN-0004230,Karen Williams,Apparel,11.73,3,1.0,Japan,24-06-2023,DUPLICATE_TRANSACTION_ID
TXN-0004967,Linda Moore,Toys & Games,632.57,7,,Australia,2023-01-11 09:23:35,MISSING_OR_UNPARSEABLE_RATING
TXN-0003734,Mary Jones,Electronics,1353.75,5,3.8,Netherlands,,MISSING_OR_UNPARSEABLE_DATE
TXN-0009145,Michael Perez,Sports & Outdoors,951.14,3,4.7,Japan,NULL,MISSING_OR_UNPARSEABLE_DATE
TXN-0000336,Christopher Lee,hOME & kITCHEN,881.25,2,1.1,Netherlands,2023-02-20 01:50:45,DUPLICATE_TRANSACTION_ID
TXN-0002083,William Smith,Apparel,340.67,6,3.0,NULL,2023-04-10 15:45:15,MISSING_OR_INVALID_COUNTRY
TXN-0000542,John Jackson,Toys & Games,1377.23,2,7.2,Netherlands,2024-09-07 20:48:19,RATING_OUT_OF_BOUNDS
TXN-0011548,Joseph Smith,Home & Kitchen,377.89,4,6.5,United States,2024-11-21 16:31:23,RATING_OUT_OF_BOUNDS
TXN-0004106,Linda Garcia,Books,-1309.53,8,3.8,Netherlands,2023-05-21 02:09:50,INVALID_PRICE_NON_POSITIVE
TXN-0003491,Mary Perez,Electronics,719.61,2,Five,Germany,2024-01-01 23:31:06,MISSING_OR_UNPARSEABLE_RATING
TXN-0001289,Sarah Gonzalez,Home & Kitchen,15.4,5,1.8,,2024-09-23 08:20:40,MISSING_OR_INVALID_COUNTRY
TXN-0009449,Susan Williams,Electronics,,6,3.5,United States,2024-10-11 21:16:39,MISSING_OR_UNPARSEABLE_PRICE
TXN-0002435,Joseph Lopez,Sports & Outdoors,1456.49,7,4.3,United States,2023-07-31 06:01:25,DUPLICATE_TRANSACTION_ID
TXN-0011132,Barbara Johnson,Toys & Games,1155.62,3,7.2,France,2024-06-07 14:13:20,RATING_OUT_OF_BOUNDS
TXN-0001623,James Jones,Toys & Games,1345.39,3,0.0,India,2023-01-02 14:54:33,RATING_OUT_OF_BOUNDS
TXN-0003543,Michael Perez,Home & Kitchen,1099.09,4,7.2,France,2024-03-07 12:40:44,RATING_OUT_OF_BOUNDS
TXN-0005918,Lisa White,Apparel,739.35,None,2.1,Germany,2023-10-29 11:52:26,MISSING_OR_UNPARSEABLE_QUANTITY
TXN-0010430,Robert Moore,Beauty & Personal Care,16.19,8,,Japan,2024-02-17 22:32:22,MISSING_OR_UNPARSEABLE_RATING
TXN-0007699,Mary Lee,Toys & Games,938.08,4,-1.0,United States,2023-02-21 13:00:57,RATING_OUT_OF_BOUNDS
TXN-0012383,Daniel Thomas,Automotive,442.74,4,Five,United Kingdom,2024-11-14 04:00:04,MISSING_OR_UNPARSEABLE_RATING
TXN-0008427,William Davis,Sports & Outdoors,,3,2.0,Canada,2024-04-02 04:04:08,MISSING_OR_UNPARSEABLE_PRICE
TXN-0006405,Barbara Thompson,Books,21.61,4,NULL,Germany,2023-07-31 14:51:17,MISSING_OR_UNPARSEABLE_RATING
TXN-0012439,,Automotive,1118.83,1,4.2,Australia,2024-04-03 04:06:19,MISSING_CUSTOMER_NAME
TXN-0001491,Elizabeth Garcia,Home & Kitchen,98.86,6,4.6,,2023-02-16 22:00:42,MISSING_OR_INVALID_COUNTRY
TXN-0006606,David Thomas,Electronics,1092.97,8,4.4,India,,MISSING_OR_UNPARSEABLE_DATE
TXN-0010376,Susan Martinez,Electronics,40.42,7,3.0,Germany,,MISSING_OR_UNPARSEABLE_DATE
TXN-0000080,Joseph Anderson,Sports & Outdoors,1485.1,,3.3,Netherlands,2023-02-16 18:46:27,MISSING_OR_UNPARSEABLE_QUANTITY
TXN-0003513,Nancy Wilson,Automotive,191.78,6,7.2,United States,2024-10-13 19:34:55,RATING_OUT_OF_BOUNDS
TXN-0004256,Charles Thompson,Books,None,6,2.0,Netherlands,2024-05-16 03:39:40,MISSING_OR_UNPARSEABLE_PRICE
TXN-0010566,Barbara Anderson,Home & Kitchen,180.97,8,7.2,United States,2024-03-19 16:14:03,RATING_OUT_OF_BOUNDS
TXN-0007985,Karen Garcia,Sports & Outdoors,455.31,6,6.5,France,2023-01-23 09:06:32,RATING_OUT_OF_BOUNDS
TXN-0007792,William Lee,Electronics,783.28,6,7.2,Netherlands,2023-03-16 22:05:29,RATING_OUT_OF_BOUNDS
TXN-0005916,Linda Williams,Beauty & Personal Care,951.87,1,7.2,Australia,2024-01-26 23:35:36,RATING_OUT_OF_BOUNDS
TXN-0008113,David Wilson,Automotive,-897.79,4,4.8,India,2024-07-15 18:21:17,INVALID_PRICE_NON_POSITIVE
TXN-0003826,Daniel Jones,Apparel,NULL,5,3.7,United States,2023-09-20 22:17:00,MISSING_OR_UNPARSEABLE_PRICE
TXN-0001887,Karen Johnson,Toys & Games,1477.59,7,2.9,United Kingdom,,MISSING_OR_UNPARSEABLE_DATE
TXN-0008256,NULL,Home & Kitchen,1104.99,8,4.1,Australia,2024-08-09 20:49:15,MISSING_CUSTOMER_NAME
TXN-0007963,Susan Smith,Sports & Outdoors,729.78,8,4.9,,2024-08-07 13:02:38,MISSING_OR_INVALID_COUNTRY
TXN-0004873,James Lopez,Books,485.41,5,3.5,Japan,,MISSING_OR_UNPARSEABLE_DATE
TXN-0012463,,Electronics,1189.76,8,1.3,Germany,2024-07-23 07:10:48,MISSING_CUSTOMER_NAME
TXN-0012096,Thomas Perez,Toys & Games,-356.76,8,4.9,United States,2023-02-06 07:22:39,INVALID_PRICE_NON_POSITIVE
TXN-0002215,Patricia Gonzalez,Sports & Outdoors,592.37,1,-1.0,Germany,2024-10-13 03:24:06,RATING_OUT_OF_BOUNDS
TXN-0010095,Charles Gonzalez,Home & Kitchen,-439.55,3,3.6,United Kingdom,2023-05-16 21:29:53,INVALID_PRICE_NON_POSITIVE
TXN-0010261,Michael Smith,Books,467.61,1,3.9,NULL,2023-01-23 21:54:28,MISSING_OR_INVALID_COUNTRY
TXN-0000877,NULL,Automotive,713.27,7,3.6,India,2024-09-06 02:18:30,MISSING_CUSTOMER_NAME
TXN-0001413,Michael Wilson,Apparel,873.44,7,4.0,Brazil,2024-07-02 22:41:56,DUPLICATE_TRANSACTION_ID
TXN-0000669,Jennifer Jackson,Books,620.49,8,4.4,None,2023-06-18 02:46:57,MISSING_OR_INVALID_COUNTRY
TXN-0007843,Patricia Brown,Electronics,1364.54,1,4.2,,2024-10-11 04:25:19,MISSING_OR_INVALID_COUNTRY
TXN-0009723,James Lopez,  Books  ,230.21,4,3.4,Japan,2023-10-30 01:24:46,DUPLICATE_TRANSACTION_ID
TXN-0002370,Charles Garcia,Electronics,1158.63,8,7.2,France,2023-12-02 02:17:24,RATING_OUT_OF_BOUNDS
TXN-0009502,James White,Apparel,-105.04,5,4.2,United Kingdom,2024-09-15 03:50:11,INVALID_PRICE_NON_POSITIVE
TXN-0007417,Patricia Martinez,Home & Kitchen,$214.79,3,4.4,Netherlands,2024-12-31,DUPLICATE_TRANSACTION_ID
TXN-0009807,Lisa Jones,Toys & Games,162.49,NULL,2.0,Germany,2024-11-28 13:27:49,MISSING_OR_UNPARSEABLE_QUANTITY
TXN-0003977,Lisa Gonzalez,Beauty & Personal Care,-1066.62,2,3.2,United Kingdom,2024-03-05 10:00:06,INVALID_PRICE_NON_POSITIVE
TXN-0008207,Jessica Rodriguez,Apparel,1483.43,2,NULL,Canada,2023-02-15 22:41:03,MISSING_OR_UNPARSEABLE_RATING
TXN-0007541,Patricia Miller,Beauty & Personal Care,-802.63,2,3.7,Brazil,2023-04-04 19:00:40,INVALID_PRICE_NON_POSITIVE
TXN-0010978,Jessica Hernandez,Sports & Outdoors,NULL,3,1.8,Japan,2023-07-26 22:22:42,MISSING_OR_UNPARSEABLE_PRICE
TXN-0001679,Patricia Rodriguez,Beauty & Personal Care,385.94,2,6.5,Brazil,2024-05-26 07:29:10,RATING_OUT_OF_BOUNDS
TXN-0007149,Jennifer White,Toys & Games,965.31,2,Five,Australia,2023-12-10 01:09:47,MISSING_OR_UNPARSEABLE_RATING
TXN-0010778,Jennifer Moore,Beauty & Personal Care,611.58,3,2.9,,2023-02-22 00:21:08,MISSING_OR_INVALID_COUNTRY
TXN-0009140,Robert Miller,Beauty & Personal Care,366.49,8,1.4,Japan,,MISSING_OR_UNPARSEABLE_DATE
TXN-0005981,Michael Smith,Electronics,263.92,4,N/A,Japan,2023-03-29 12:24:34,MISSING_OR_UNPARSEABLE_RATING
TXN-0001266,Jennifer Smith,Books,NULL,4,2.2,Australia,2024-06-12 20:43:14,MISSING_OR_UNPARSEABLE_PRICE
TXN-0006222,David Wilson,Beauty & Personal Care,711.81,1,4.7,NULL,2024-12-23 15:49:37,MISSING_OR_INVALID_COUNTRY
TXN-0008818,Daniel Williams,Home & Kitchen,1099.98,2,2.3,,2024-09-07 22:33:21,MISSING_OR_INVALID_COUNTRY
TXN-0000502,Barbara Hernandez,Automotive,NULL,7,3.5,India,2023-12-27 04:57:55,MISSING_OR_UNPARSEABLE_PRICE
TXN-0004977,James Lopez,Beauty & Personal Care,734.93,4,1.1,Brazil,09-May-2024,DUPLICATE_TRANSACTION_ID
TXN-0005516,Susan White,Books,136.14,4,-1.0,Canada,2023-02-17 16:40:24,RATING_OUT_OF_BOUNDS
TXN-0011526,Joseph Martinez,Beauty & Personal Care,562.0,6,7.2,United Kingdom,2024-02-02 09:05:54,RATING_OUT_OF_BOUNDS
TXN-0000115,Lisa Perez,Sports & Outdoors,574.63,6,Five,Netherlands,2023-07-01 14:45:22,MISSING_OR_UNPARSEABLE_RATING
TXN-0003540,Robert Brown,Beauty & Personal Care,888.19,8,-1.0,Netherlands,2023-06-18 19:42:17,RATING_OUT_OF_BOUNDS
TXN-0012417,Thomas Smith,Home & Kitchen,-83.88,2,4.5,United States,2023-10-16 19:00:10,INVALID_PRICE_NON_POSITIVE
TXN-0009199,Nancy Williams,Automotive,1403.75,1,,Netherlands,2023-08-01 12:33:12,MISSING_OR_UNPARSEABLE_RATING
TXN-0002695,NULL,Beauty & Personal Care,281.5,1,2.7,United States,2024-06-05 12:15:30,MISSING_CUSTOMER_NAME
TXN-0003750,Jessica White,Electronics,275.07,4,N/A,France,2024-12-10 23:47:47,MISSING_OR_UNPARSEABLE_RATING
TXN-0001850,NULL,Beauty & Personal Care,1429.61,3,4.3,France,2024-06-15 15:02:54,MISSING_CUSTOMER_NAME
TXN-0009879,Daniel Taylor,Automotive,1362.61,8,,United States,2024-12-05 07:39:10,MISSING_OR_UNPARSEABLE_RATING
TXN-0012350,None,Beauty & Personal Care,1341.46,8,4.2,United States,2024-06-04 16:41:16,MISSING_CUSTOMER_NAME
TXN-0009816,John Martin,Home & Kitchen,-666.17,4,2.9,India,2023-12-01 16:45:38,INVALID_PRICE_NON_POSITIVE
TXN-0001000,Michael Thomas,Home & Kitchen,NULL,4,5.0,Brazil,2024-04-04 04:41:45,MISSING_OR_UNPARSEABLE_PRICE
TXN-0006419,Lisa Perez,Home & Kitchen,357.29,3,,France,2024-01-15 02:22:25,MISSING_OR_UNPARSEABLE_RATING
TXN-0005467,Jessica Garcia,Beauty & Personal Care,89.81,2,2.3,,2023-01-05 10:20:22,MISSING_OR_INVALID_COUNTRY
TXN-0008033,James Thompson,Sports & Outdoors,703.52,3,,Brazil,2023-09-27 11:51:48,MISSING_OR_UNPARSEABLE_RATING
TXN-0010543,Mary Miller,Beauty & Personal Care,842.7,6,Five,Australia,2024-01-24 01:25:12,MISSING_OR_UNPARSEABLE_RATING
TXN-0004786,Sarah Davis,Electronics,-845.21,5,1.1,Germany,2024-07-26 22:16:15,INVALID_PRICE_NON_POSITIVE
TXN-0005733,Sarah Gonzalez,AUTOMOTIVE,287.63,6,4.5,Netherlands,2023-08-21 13:05:24,DUPLICATE_TRANSACTION_ID
TXN-0004499,Michael White,Toys & Games,-74.38,5,4.4,India,2024-09-01 19:16:09,INVALID_PRICE_NON_POSITIVE
TXN-0009556,Jennifer Johnson,Automotive,1277.35,1,0.0,Germany,2024-06-23 07:10:52,RATING_OUT_OF_BOUNDS
TXN-0011955,Charles Moore,Electronics,260.29,6,N/A,Germany,2023-05-09 11:18:42,MISSING_OR_UNPARSEABLE_RATING
TXN-0007282,Linda Martinez,Apparel,NULL,2,1.1,United Kingdom,2023-07-20 19:33:00,MISSING_OR_UNPARSEABLE_PRICE
TXN-0007355,John Perez,Electronics,None,2,1.7,United States,2024-10-31 03:11:06,MISSING_OR_UNPARSEABLE_PRICE
TXN-0003493,Daniel Garcia,Toys & Games,1082.62,4,,United Kingdom,2023-10-29 14:59:24,MISSING_OR_UNPARSEABLE_RATING
TXN-0001353,Robert Brown,Toys & Games,597.48,8,4.2,Japan,None,MISSING_OR_UNPARSEABLE_DATE
TXN-0003870,Joseph Thomas,Home & Kitchen,1245.92,5,1.4,,2023-12-27 21:52:42,MISSING_OR_INVALID_COUNTRY
TXN-0008238,Michael Anderson,Home & Kitchen,354.62,5,4.6,NULL,2024-10-08 11:09:21,MISSING_OR_INVALID_COUNTRY
TXN-0005639,Elizabeth White,Sports & Outdoors,1151.35,4,,France,2024-08-23 21:13:18,MISSING_OR_UNPARSEABLE_RATING
TXN-0006803,Richard Lopez,Apparel,1438.11,5,Five,Australia,2023-07-05 10:47:27,MISSING_OR_UNPARSEABLE_RATING
TXN-0007374,Charles Martin,Books,1083.65,8,2.9,None,2023-04-22 02:22:28,MISSING_OR_INVALID_COUNTRY
TXN-0011034,William Miller,Automotive,260.24,2,-1.0,United States,2023-05-12 01:27:24,RATING_OUT_OF_BOUNDS
TXN-0012106,Christopher Williams,Home & Kitchen,1424.05,3,6.5,Australia,2023-03-04 09:17:02,RATING_OUT_OF_BOUNDS
TXN-0005404,Patricia Moore,Home & Kitchen,184.38,NULL,1.9,Canada,2024-01-03 14:04:07,MISSING_OR_UNPARSEABLE_QUANTITY
TXN-0007352,Mary Miller,Sports & Outdoors,981.46,7,7.2,Canada,2023-02-25 18:37:47,RATING_OUT_OF_BOUNDS
TXN-0011764,Joseph Perez,Automotive,140.29,2,6.5,United Kingdom,2023-04-09 23:58:33,RATING_OUT_OF_BOUNDS
TXN-0005022,None,Books,1146.95,2,4.8,United States,2023-06-25 07:06:12,MISSING_CUSTOMER_NAME
TXN-0009066,,Home & Kitchen,1399.13,4,3.6,France,2024-11-14 11:41:16,MISSING_CUSTOMER_NAME
TXN-0008653,David Lee,Home & Kitchen,,3,1.7,Germany,2023-04-30 08:04:18,MISSING_OR_UNPARSEABLE_PRICE
TXN-0010984,Linda Lopez,Books,396.76,5,N/A,United States,2024-04-05 09:09:27,MISSING_OR_UNPARSEABLE_RATING
TXN-0010908,Christopher Martinez,Sports & Outdoors,506.34,7,None,France,2023-10-16 02:28:12,MISSING_OR_UNPARSEABLE_RATING
TXN-0006602,Jessica Garcia,Sports & Outdoors,569.28,1,0.0,Australia,2023-03-01 20:42:40,RATING_OUT_OF_BOUNDS
TXN-0007920,Karen Garcia,Electronics,,2,2.1,United States,2024-07-14 03:27:29,MISSING_OR_UNPARSEABLE_PRICE
TXN-0011809,Patricia Hernandez,Automotive,-130.91,6,3.9,Brazil,2023-04-17 09:58:10,INVALID_PRICE_NON_POSITIVE
TXN-0005624,Patricia Martin,Toys & Games,-126.19,3,3.3,Japan,2023-01-17 15:38:20,INVALID_PRICE_NON_POSITIVE
TXN-0002538,Susan Miller,Electronics,450.96,5,7.2,Netherlands,2023-06-14 18:57:47,RATING_OUT_OF_BOUNDS
TXN-0000312,Christopher Thompson,Toys & Games,1054.21,2,,Japan,2024-02-22 14:37:20,MISSING_OR_UNPARSEABLE_RATING
TXN-0000196,Richard Martin,Toys & Games,1444.22,3,NULL,Germany,2024-12-26 06:23:24,MISSING_OR_UNPARSEABLE_RATING
TXN-0008577,Robert Thompson,Automotive,559.16,8,3.4,France,,MISSING_OR_UNPARSEABLE_DATE
TXN-0006414,Robert Moore,Sports & Outdoors,1223.04,7,1.9,Japan,,MISSING_OR_UNPARSEABLE_DATE
TXN-0004751,Susan Jones,Beauty & Personal Care,58.32,5,0.0,Canada,2023-04-03 19:57:39,RATING_OUT_OF_BOUNDS
TXN-0006370,,Apparel,455.57,8,2.5,United States,2024-07-05 00:33:21,MISSING_CUSTOMER_NAME
TXN-0007083,Robert Moore,Electronics,-219.98,4,2.9,Brazil,2023-01-22 11:08:14,INVALID_PRICE_NON_POSITIVE
TXN-0000950,John Brown,Home & Kitchen,None,4,4.0,Australia,2023-04-01 04:22:36,MISSING_OR_UNPARSEABLE_PRICE
TXN-0006570,Jennifer Wilson,Toys & Games,1442.29,8,Five,Netherlands,2024-08-25 10:58:30,MISSING_OR_UNPARSEABLE_RATING
TXN-0002792,David Lee,Electronics,967.4,7,-1.0,Canada,2023-01-29 01:29:30,RATING_OUT_OF_BOUNDS
TXN-0009550,Michael Rodriguez,Electronics,1262.96,8,4.9,Australia,None,MISSING_OR_UNPARSEABLE_DATE
TXN-0003108,Thomas Rodriguez,Apparel,1196.79,None,4.9,Netherlands,2024-04-19 10:29:58,MISSING_OR_UNPARSEABLE_QUANTITY
TXN-0009082,Sarah Perez,Home & Kitchen,,1,3.8,France,2024-03-06 02:00:56,MISSING_OR_UNPARSEABLE_PRICE
TXN-0012294,Charles Moore,Electronics,769.07,1,N/A,Brazil,2024-06-18 19:20:30,MISSING_OR_UNPARSEABLE_RATING
TXN-0001817,Jessica Garcia,Books,697.46,1,Five,Brazil,2024-08-18 16:42:17,MISSING_OR_UNPARSEABLE_RATING
TXN-0009623,Daniel Perez,Toys & Games,1335.98,7,0.0,Germany,2023-09-19 02:28:44,RATING_OUT_OF_BOUNDS
TXN-0006593,Nancy Williams,Home & Kitchen,340.44,4,None,Netherlands,2023-02-18 00:19:05,MISSING_OR_UNPARSEABLE_RATING
TXN-0002917,Robert Anderson,Toys & Games,503.53,4,1.0,Netherlands,None,MISSING_OR_UNPARSEABLE_DATE
TXN-0007075,Barbara Taylor,Apparel,-872.61,5,3.2,France,2024-03-09 17:55:20,INVALID_PRICE_NON_POSITIVE
TXN-0012223,Jennifer Jones,Sports & Outdoors,1298.03,7,N/A,Australia,2024-01-17 00:38:03,MISSING_OR_UNPARSEABLE_RATING
TXN-0008634,Susan Perez,Toys & Games,$94.53,2,4.6,Netherlands,2024-12-31,DUPLICATE_TRANSACTION_ID
TXN-0010928,Mary Smith,Electronics,1425.67,,3.3,Canada,2023-06-09 14:53:45,MISSING_OR_UNPARSEABLE_QUANTITY
TXN-0012445,Robert Miller,Sports & Outdoors,1028.66,6,,Germany,2024-08-07 04:34:16,MISSING_OR_UNPARSEABLE_RATING
TXN-0001107,Susan Lee,Automotive,785.04,4,6.5,Canada,2024-05-28 14:56:49,RATING_OUT_OF_BOUNDS
TXN-0007561,Mary Brown,Automotive,622.55,None,1.7,India,2024-09-01 19:09:35,MISSING_OR_UNPARSEABLE_QUANTITY
TXN-0002308,Jennifer Brown,Toys & Games,-61.89,7,3.4,Netherlands,2024-08-15 23:08:58,INVALID_PRICE_NON_POSITIVE
TXN-0006731,Susan Thomas,Home & Kitchen,1322.46,7,2.9,,2024-06-08 16:28:17,MISSING_OR_INVALID_COUNTRY
TXN-0007165,Michael Lee,Toys & Games,1266.11,6,0.0,France,2023-09-14 18:34:06,RATING_OUT_OF_BOUNDS
TXN-0005372,Barbara Gonzalez,Apparel,$23.52,3,3.4,can,2024-12-31,DUPLICATE_TRANSACTION_ID
TXN-0003835,Barbara Martin,Electronics,228.32,1,-1.0,Brazil,2023-02-15 15:57:54,RATING_OUT_OF_BOUNDS
TXN-0003343,Joseph Williams,Electronics,277.09,4,None,Japan,2023-07-26 13:50:59,MISSING_OR_UNPARSEABLE_RATING
TXN-0011206,David Perez,Sports & Outdoors,598.48,3,0.0,Japan,2024-02-25 20:28:47,RATING_OUT_OF_BOUNDS
TXN-0005228,Barbara Smith,Automotive,-1180.46,7,2.8,Japan,2024-06-28 03:45:55,INVALID_PRICE_NON_POSITIVE
TXN-0001156,NULL,Sports & Outdoors,60.94,2,2.8,Canada,2023-10-18 17:52:11,MISSING_CUSTOMER_NAME
TXN-0006220,Mary Taylor,Beauty & Personal Care,-830.41,4,2.2,Australia,2024-09-06 15:45:57,INVALID_PRICE_NON_POSITIVE
TXN-0008210,Susan Lee,Automotive,517.05,None,1.3,France,2024-02-10 12:54:45,MISSING_OR_UNPARSEABLE_QUANTITY
TXN-0003449,Christopher Lee,Beauty & Personal Care,718.89,,3.3,Canada,2023-10-27 12:53:42,MISSING_OR_UNPARSEABLE_QUANTITY
TXN-0007661,William Williams,Books,1116.4,1,1.8,Australia,None,MISSING_OR_UNPARSEABLE_DATE
TXN-0007330,Karen Johnson,Beauty & Personal Care,755.71,5,1.3,Brazil,2023-06-02 05:26:22,DUPLICATE_TRANSACTION_ID
TXN-0012111,Sarah Johnson,Home & Kitchen,289.5,6,None,France,2023-02-15 10:06:49,MISSING_OR_UNPARSEABLE_RATING
TXN-0000622,Patricia Jackson,Automotive,217.42,5,2.9,Canada,,MISSING_OR_UNPARSEABLE_DATE
TXN-0003437,William Williams,Apparel,$92.51,5,3.0,Brazil,2024-12-31,DUPLICATE_TRANSACTION_ID
TXN-0004838,Barbara Anderson,Beauty & Personal Care,482.42,5,3.1,Australia,,MISSING_OR_UNPARSEABLE_DATE
TXN-0001154,James White,Apparel,149.33,2,-1.0,Germany,2024-06-11 15:29:06,RATING_OUT_OF_BOUNDS
TXN-0011085,Susan Jackson,Sports & Outdoors,,6,2.5,Canada,2023-06-02 10:42:00,MISSING_OR_UNPARSEABLE_PRICE
TXN-0003948,NULL,Electronics,1399.97,4,2.1,Brazil,2024-07-08 02:40:22,MISSING_CUSTOMER_NAME
TXN-0006538,Jennifer Rodriguez,Automotive,1413.58,,2.4,Canada,2023-11-01 04:37:08,MISSING_OR_UNPARSEABLE_QUANTITY
TXN-0005983,Nancy Thompson,Toys & Games,NULL,2,1.4,United States,2023-04-20 05:48:39,MISSING_OR_UNPARSEABLE_PRICE
TXN-0002168,Patricia Jackson,Beauty & Personal Care,30.84,6,2.5,Germany,NULL,MISSING_OR_UNPARSEABLE_DATE
TXN-0007463,James Jackson,Automotive,$84.08,6,2.5,United States,2024-12-31,DUPLICATE_TRANSACTION_ID
TXN-0001281,Joseph Thompson,Books,-584.42,6,4.1,Canada,2023-04-14 17:06:36,INVALID_PRICE_NON_POSITIVE
TXN-0001702,None,Home & Kitchen,225.99,8,1.3,Brazil,2024-07-13 22:55:11,MISSING_CUSTOMER_NAME
TXN-0001007,NULL,Books,579.15,2,1.5,Netherlands,2024-07-30 18:49:59,MISSING_CUSTOMER_NAME
TXN-0001832,Michael Smith,Sports & Outdoors,358.25,7,3.6,France,None,MISSING_OR_UNPARSEABLE_DATE
TXN-0008019,Richard Brown,Electronics,770.26,2,6.5,United Kingdom,2023-03-20 19:19:09,RATING_OUT_OF_BOUNDS
TXN-0006599,William Rodriguez,Electronics,651.02,NULL,4.4,Japan,2024-03-21 13:34:36,MISSING_OR_UNPARSEABLE_QUANTITY
TXN-0006525,William Lopez,Electronics,1083.51,7,3.5,,2024-06-01 12:19:12,MISSING_OR_INVALID_COUNTRY
TXN-0003079,Sarah Taylor,Automotive,NULL,3,1.2,Brazil,2024-07-14 21:02:41,MISSING_OR_UNPARSEABLE_PRICE
TXN-0011180,Elizabeth Garcia,Beauty & Personal Care,-809.16,7,2.7,United Kingdom,2023-01-01 02:49:12,INVALID_PRICE_NON_POSITIVE
TXN-0005728,Thomas Jackson,Toys & Games,1444.38,7,4.2,Japan,None,MISSING_OR_UNPARSEABLE_DATE
TXN-0000376,Nancy Smith,Books,735.74,8,Five,Australia,2024-11-07 02:56:15,MISSING_OR_UNPARSEABLE_RATING
TXN-0002798,Jessica Rodriguez,Electronics,816.41,8,None,Japan,2023-10-09 02:03:46,MISSING_OR_UNPARSEABLE_RATING
TXN-0003320,Daniel Martin,  Apparel  ,$150.37,5,2.9,Canada,2024-12-31,DUPLICATE_TRANSACTION_ID
TXN-0009452,Daniel Perez,Toys & Games,583.64,1,4.7,France,NULL,MISSING_OR_UNPARSEABLE_DATE
TXN-0005369,Susan Lee,Books,1054.41,3,7.2,Germany,2023-03-22 08:55:05,RATING_OUT_OF_BOUNDS
TXN-0006026,Karen Brown,Beauty & Personal Care,$200.49,7,3.3,France,2024-12-31,DUPLICATE_TRANSACTION_ID
TXN-0006691,Michael Martin,Books,568.02,5,6.5,France,2023-07-10 11:15:22,RATING_OUT_OF_BOUNDS
TXN-0003205,,Toys & Games,361.91,4,2.3,Netherlands,2024-04-30 23:26:35,MISSING_CUSTOMER_NAME
TXN-0008836,Robert Moore,Automotive,-665.46,5,4.5,United Kingdom,2023-01-30 08:37:14,INVALID_PRICE_NON_POSITIVE
TXN-0000097,Jessica Jones,Automotive,-729.09,6,3.2,Brazil,2024-02-27 02:16:14,INVALID_PRICE_NON_POSITIVE
TXN-0010780,Patricia Williams,Apparel,710.07,8,,United Kingdom,2024-04-13 22:10:57,MISSING_OR_UNPARSEABLE_RATING
TXN-0009191,Robert Smith,Toys & Games,356.56,7,2.8,Japan,None,MISSING_OR_UNPARSEABLE_DATE
TXN-0002324,Jessica Perez,Electronics,,6,2.2,Germany,2023-06-27 07:16:41,MISSING_OR_UNPARSEABLE_PRICE
TXN-0011577,Susan Anderson,Sports & Outdoors,1155.4,NULL,4.7,United Kingdom,2023-03-04 13:10:03,MISSING_OR_UNPARSEABLE_QUANTITY
TXN-0003143,Barbara Gonzalez,Books,377.17,2,3.0,NULL,2024-12-12 13:26:07,MISSING_OR_INVALID_COUNTRY
TXN-0011172,Jennifer Rodriguez,Electronics,1341.84,4,6.5,Netherlands,2023-04-14 10:59:47,RATING_OUT_OF_BOUNDS
TXN-0003670,Barbara White,Toys & Games,733.71,7,0.0,Brazil,2023-09-05 22:26:45,RATING_OUT_OF_BOUNDS
TXN-0006475,Daniel Martin,Beauty & Personal Care,1096.63,,4.8,Germany,2024-10-12 03:43:49,MISSING_OR_UNPARSEABLE_QUANTITY
TXN-0002864,Jennifer Jones,Home & Kitchen,190.74,5,3.2,India,2023-11-14 20:23:40,DUPLICATE_TRANSACTION_ID
TXN-0009616,David Perez,Electronics,1474.99,,2.2,Australia,2023-12-21 18:08:19,MISSING_OR_UNPARSEABLE_QUANTITY
TXN-0001962,Joseph Johnson,Apparel,70.56,,1.3,Germany,2023-12-01 03:17:05,MISSING_OR_UNPARSEABLE_QUANTITY
TXN-0006392,Patricia Lee,Apparel,175.94,5,1.2,United States,NULL,MISSING_OR_UNPARSEABLE_DATE
TXN-0003495,John Moore,Home & Kitchen,NULL,3,4.5,Canada,2024-07-05 19:51:08,MISSING_OR_UNPARSEABLE_PRICE
TXN-0008882,Karen Gonzalez,Electronics,167.12,4,-1.0,Netherlands,2024-11-18 23:02:16,RATING_OUT_OF_BOUNDS
TXN-0000912,Nancy Thompson,Apparel,267.12,6,6.5,Australia,2024-06-01 14:02:53,RATING_OUT_OF_BOUNDS
TXN-0006922,Charles Taylor,Toys & Games,773.84,,3.8,France,2024-08-29 07:31:08,MISSING_OR_UNPARSEABLE_QUANTITY
TXN-0004666,Michael Moore,Automotive,1289.57,,2.8,United Kingdom,2023-12-13 11:16:24,MISSING_OR_UNPARSEABLE_QUANTITY
TXN-0004852,Patricia Johnson,Sports & Outdoors,358.03,8,2.8,Canada,2023-10-22 21:06:22,DUPLICATE_TRANSACTION_ID
TXN-0000737,Jessica Wilson,Books,$250.98,5,3.0,Australia,2024-12-31,DUPLICATE_TRANSACTION_ID
TXN-0007263,William Wilson,Beauty & Personal Care,"1,313.05",4,3.5,Netherlands,2024-08-26 11:55:27,DUPLICATE_TRANSACTION_ID
TXN-0005689,Christopher Lopez,Beauty & Personal Care,1163.33,8,4.4,NULL,2023-10-25 23:56:50,MISSING_OR_INVALID_COUNTRY
TXN-0008418,Robert Lee,Automotive,846.66,7,2.7,Germany,,MISSING_OR_UNPARSEABLE_DATE
TXN-0007791,Barbara Martinez,Electronics,343.26,1,6.5,Australia,2023-11-24 19:41:01,RATING_OUT_OF_BOUNDS
TXN-0000473,Elizabeth Martin,Toys & Games,287.59,1,7.2,France,2023-04-02 12:29:03,RATING_OUT_OF_BOUNDS
TXN-0002857,Charles Taylor,Automotive,328.59,4,1.0,NULL,2023-08-05 03:57:41,MISSING_OR_INVALID_COUNTRY
TXN-0011024,William Anderson,Toys & Games,1429.27,7,NULL,Australia,2024-06-15 09:58:52,MISSING_OR_UNPARSEABLE_RATING
TXN-0006908,Barbara Wilson,Sports & Outdoors,37.35,5,6.5,Canada,2023-01-25 10:43:47,RATING_OUT_OF_BOUNDS
TXN-0009513,NULL,Home & Kitchen,1034.85,7,3.4,Australia,2024-09-06 06:03:21,MISSING_CUSTOMER_NAME
TXN-0008391,Jennifer Hernandez,Beauty & Personal Care,$421.41,6,2.1,Germany,2024-12-31,DUPLICATE_TRANSACTION_ID
TXN-0002055,Daniel Jones,Apparel,1379.87,1,NULL,United Kingdom,2024-08-08 22:41:13,MISSING_OR_UNPARSEABLE_RATING
TXN-0003088,David Lee,Electronics,-536.49,7,3.7,Canada,2024-03-19 15:03:01,INVALID_PRICE_NON_POSITIVE
TXN-0008761,Jessica Thomas,Electronics,392.3,6,0.0,Australia,2023-03-06 11:26:55,RATING_OUT_OF_BOUNDS
TXN-0001271,Joseph Rodriguez,Electronics,777.96,3,,Canada,2023-12-29 22:06:46,MISSING_OR_UNPARSEABLE_RATING
TXN-0011430,Daniel White,Apparel,-613.33,2,3.3,United Kingdom,2024-01-26 01:27:02,INVALID_PRICE_NON_POSITIVE
TXN-0008847,James Jackson,Sports & Outdoors,-67.57,5,2.0,Germany,2024-08-04 02:26:03,INVALID_PRICE_NON_POSITIVE
TXN-0005126,Robert White,Beauty & Personal Care,544.0,3,None,Japan,2023-06-19 17:44:45,MISSING_OR_UNPARSEABLE_RATING
TXN-0004699,Susan Moore,Electronics,937.33,7,4.8,United States,,MISSING_OR_UNPARSEABLE_DATE
TXN-0000863,Mary Jones,Sports & Outdoors,NULL,6,2.2,Netherlands,2024-11-18 13:43:56,MISSING_OR_UNPARSEABLE_PRICE
TXN-0010150,Robert Wilson,Apparel,1347.49,1,NULL,Canada,2024-01-03 03:46:31,MISSING_OR_UNPARSEABLE_RATING
TXN-0000079,Charles Martinez,Home & Kitchen,182.09,7,3.4,Germany,,MISSING_OR_UNPARSEABLE_DATE
TXN-0004828,Jessica White,Beauty & Personal Care,1172.68,5,7.2,Japan,2023-09-24 03:31:46,RATING_OUT_OF_BOUNDS
TXN-0010565,David Brown,Sports & Outdoors,1372.15,5,Five,France,2024-11-22 14:38:11,MISSING_OR_UNPARSEABLE_RATING
TXN-0001862,Nancy Miller,Toys & Games,-1234.77,8,4.7,United Kingdom,2024-10-13 03:37:01,INVALID_PRICE_NON_POSITIVE
TXN-0010918,Patricia Davis,Electronics,1377.69,,2.7,Australia,2024-10-13 22:07:02,MISSING_OR_UNPARSEABLE_QUANTITY
TXN-0000331,Charles Brown,Apparel,,8,2.3,Canada,2023-04-04 18:41:45,MISSING_OR_UNPARSEABLE_PRICE
TXN-0006985,,Apparel,612.62,6,2.5,United States,2023-04-24 02:59:06,MISSING_CUSTOMER_NAME
TXN-0000989,Patricia Martinez,Sports & Outdoors,None,4,1.0,India,2024-05-05 05:58:54,MISSING_OR_UNPARSEABLE_PRICE
TXN-0012246,Elizabeth Jackson,Home & Kitchen,421.67,6,6.5,India,2023-11-17 10:02:01,RATING_OUT_OF_BOUNDS
TXN-0008920,John Lee,Electronics,1467.17,6,2.7,Canada,,MISSING_OR_UNPARSEABLE_DATE
TXN-0004696,Richard Jackson,Electronics,-417.27,8,3.4,United States,2023-08-25 00:25:55,INVALID_PRICE_NON_POSITIVE
TXN-0005457,Robert Lopez,Sports & Outdoors,677.59,1,Five,Netherlands,2023-06-28 04:32:24,MISSING_OR_UNPARSEABLE_RATING
TXN-0004872,NULL,Apparel,925.54,5,4.7,Brazil,2023-05-08 00:14:05,MISSING_CUSTOMER_NAME
TXN-0009254,Karen Taylor,Home & Kitchen,793.39,,2.1,Canada,2023-06-12 07:03:57,MISSING_OR_UNPARSEABLE_QUANTITY
TXN-0006119,Richard Thompson,Books,22.14,5,,Germany,2024-05-12 23:26:55,MISSING_OR_UNPARSEABLE_RATING
TXN-0001201,Daniel Thomas,Home & Kitchen,1304.84,7,1.1,United Kingdom,2023-05-10 15:54:20,DUPLICATE_TRANSACTION_ID
TXN-0003027,Daniel Perez,Electronics,1371.69,4,NULL,United States,2024-08-24 07:45:00,MISSING_OR_UNPARSEABLE_RATING
TXN-0010733,Sarah Perez,Home & Kitchen,NULL,8,4.7,Japan,2024-05-05 07:55:10,MISSING_OR_UNPARSEABLE_PRICE
TXN-0003886,Robert Rodriguez,Toys & Games,463.25,8,2.7,None,2023-05-11 13:59:46,MISSING_OR_INVALID_COUNTRY
TXN-0009548,Richard Hernandez,Apparel,NULL,7,3.4,Australia,2023-12-11 19:13:47,MISSING_OR_UNPARSEABLE_PRICE
TXN-0006449,Richard Davis,Toys & Games,-682.14,7,1.9,India,2023-10-19 09:34:32,INVALID_PRICE_NON_POSITIVE
TXN-0001714,,Automotive,775.92,7,3.9,Germany,2023-05-26 18:41:00,MISSING_CUSTOMER_NAME
TXN-0007756,Robert Martin,Books,206.65,8,N/A,United Kingdom,2024-06-27 18:01:04,MISSING_OR_UNPARSEABLE_RATING
TXN-0011102,William Martin,Automotive,1062.97,5,7.2,Brazil,2023-06-22 03:04:16,RATING_OUT_OF_BOUNDS
TXN-0006286,James Perez,Beauty & Personal Care,,6,3.5,France,2023-03-26 20:31:56,MISSING_OR_UNPARSEABLE_PRICE
TXN-0011115,Jessica Taylor,Toys & Games,896.64,1,4.1,NULL,2023-01-09 00:54:44,MISSING_OR_INVALID_COUNTRY
TXN-0012396,Charles Thompson,Home & Kitchen,84.15,5,7.2,Japan,2023-08-31 14:49:03,RATING_OUT_OF_BOUNDS
TXN-0008657,Thomas Anderson,Home & Kitchen,798.83,3,3.4,Brazil,,MISSING_OR_UNPARSEABLE_DATE
TXN-0010240,Christopher Taylor,Books,NULL,5,2.5,Japan,2023-11-01 16:13:35,MISSING_OR_UNPARSEABLE_PRICE
TXN-0006635,Jessica Thomas,Apparel,465.49,8,N/A,United States,2024-01-25 22:41:27,MISSING_OR_UNPARSEABLE_RATING
TXN-0008759,Joseph Davis,Books,1081.14,6,6.5,United States,2024-06-22 11:08:06,RATING_OUT_OF_BOUNDS
TXN-0005879,Daniel Gonzalez,Beauty & Personal Care,1494.39,8,1.0,,2024-08-18 06:42:41,MISSING_OR_INVALID_COUNTRY
TXN-0005890,Susan Taylor,Automotive,-180.09,1,1.5,Germany,2023-05-03 04:32:09,INVALID_PRICE_NON_POSITIVE
TXN-0003364,Nancy Taylor,Apparel,594.56,NULL,1.4,Canada,2023-02-22 02:51:17,MISSING_OR_UNPARSEABLE_QUANTITY
TXN-0010215,Karen Miller,Apparel,-598.76,6,4.6,India,2024-07-12 12:35:49,INVALID_PRICE_NON_POSITIVE
TXN-0011592,Robert Taylor,Sports & Outdoors,851.43,None,4.7,Brazil,2023-10-03 06:11:34,MISSING_OR_UNPARSEABLE_QUANTITY
TXN-0006537,,Automotive,219.09,7,3.0,Germany,2023-07-26 16:55:14,MISSING_CUSTOMER_NAME
TXN-0000594,Jennifer Martin,Home & Kitchen,-1059.37,6,3.8,France,2023-07-30 21:04:43,INVALID_PRICE_NON_POSITIVE
TXN-0009833,Richard Wilson,Home & Kitchen,1270.14,1,6.5,United States,2024-06-28 10:32:22,RATING_OUT_OF_BOUNDS
TXN-0007939,Linda Thompson,Apparel,1224.23,5,6.5,France,2023-10-09 05:17:14,RATING_OUT_OF_BOUNDS
TXN-0004516,Nancy Jackson,Beauty & Personal Care,921.69,2,,Netherlands,2023-05-16 13:44:30,MISSING_OR_UNPARSEABLE_RATING
TXN-0003749,Thomas Jackson,Books,973.92,3,4.1,,2023-12-23 20:12:34,MISSING_OR_INVALID_COUNTRY
TXN-0010766,Daniel Miller,Apparel,1090.48,1,0.0,United Kingdom,2024-11-11 01:53:16,RATING_OUT_OF_BOUNDS
TXN-0003487,Mary Lopez,Beauty & Personal Care,-865.5,4,4.3,Canada,2024-03-23 16:39:25,INVALID_PRICE_NON_POSITIVE
TXN-0012485,None,Home & Kitchen,1306.98,3,1.0,Brazil,2024-06-09 21:08:19,MISSING_CUSTOMER_NAME
TXN-0007728,Sarah Garcia,Beauty & Personal Care,395.9,8,3.6,None,2024-03-31 14:03:41,MISSING_OR_INVALID_COUNTRY
TXN-0010532,Sarah Hernandez,Sports & Outdoors,1030.8,3,Five,Canada,2023-07-31 17:13:01,MISSING_OR_UNPARSEABLE_RATING
TXN-0009328,Thomas Williams,Beauty & Personal Care,None,3,1.6,Brazil,2023-12-24 04:06:38,MISSING_OR_UNPARSEABLE_PRICE
TXN-0011794,Elizabeth Davis,Apparel,1136.51,6,3.4,India,,MISSING_OR_UNPARSEABLE_DATE
TXN-0008510,Jessica Davis,Apparel,$137.3,8,1.4,United Kingdom,2024-12-31,DUPLICATE_TRANSACTION_ID
TXN-0001417,Sarah Davis,Automotive,863.52,1,7.2,France,2023-12-07 02:30:22,RATING_OUT_OF_BOUNDS
TXN-0006304,Robert Brown,Beauty & Personal Care,363.63,NULL,2.6,Japan,2023-11-19 17:30:59,MISSING_OR_UNPARSEABLE_QUANTITY
TXN-0002696,,Books,930.4,8,3.4,Australia,2023-03-07 19:54:12,MISSING_CUSTOMER_NAME
TXN-0007022,Richard Martinez,Automotive,-14.3,6,4.4,Japan,2024-12-01 08:30:38,INVALID_PRICE_NON_POSITIVE
TXN-0011799,Nancy Lopez,Apparel,1295.63,2,,United States,2023-12-25 12:00:39,MISSING_OR_UNPARSEABLE_RATING
TXN-0005818,Linda Miller,Beauty & Personal Care,1198.16,5,0.0,Netherlands,2024-10-14 19:38:13,RATING_OUT_OF_BOUNDS
TXN-0009059,Robert Martinez,Toys & Games,-1472.48,8,3.3,United Kingdom,2024-03-14 23:52:27,INVALID_PRICE_NON_POSITIVE
TXN-0004343,Christopher Lopez,Electronics,-1183.82,7,1.8,Germany,2023-06-18 23:08:11,INVALID_PRICE_NON_POSITIVE
TXN-0004893,Lisa Miller,Home & Kitchen,535.61,1,0.0,Netherlands,2024-03-11 02:54:05,RATING_OUT_OF_BOUNDS
TXN-0000848,None,Beauty & Personal Care,424.73,4,1.0,United States,2024-09-29 18:51:03,MISSING_CUSTOMER_NAME
TXN-0006257,Nancy White,aPPAREL,1285.98,2,2.0,Germany,2023-11-16 02:38:24,DUPLICATE_TRANSACTION_ID
TXN-0006567,Nancy Thomas,Beauty & Personal Care,402.98,,1.4,Germany,2024-05-07 03:15:03,MISSING_OR_UNPARSEABLE_QUANTITY
TXN-0007289,Christopher Moore,Beauty & Personal Care,686.94,7,2.2,None,2023-11-29 07:16:57,MISSING_OR_INVALID_COUNTRY
TXN-0001618,Linda Anderson,Apparel,-1047.59,6,2.7,Canada,2023-11-07 13:45:26,INVALID_PRICE_NON_POSITIVE
TXN-0008490,William Davis,Home & Kitchen,1237.01,7,1.5,NULL,2024-12-03 06:55:40,MISSING_OR_INVALID_COUNTRY
TXN-0000052,Robert Lee,Electronics,1168.74,4,0.0,Canada,2024-06-24 12:44:08,RATING_OUT_OF_BOUNDS
TXN-0001922,John Thomas,Beauty & Personal Care,984.31,1,4.2,NULL,2023-02-22 06:01:57,MISSING_OR_INVALID_COUNTRY
TXN-0012488,Lisa Moore,Books,873.15,7,None,Japan,2024-01-04 07:10:32,MISSING_OR_UNPARSEABLE_RATING
TXN-0004004,None,Books,668.15,1,2.9,Japan,2024-07-13 03:44:14,MISSING_CUSTOMER_NAME
TXN-0004916,,Automotive,799.79,3,1.3,Brazil,2023-04-05 22:52:56,MISSING_CUSTOMER_NAME
TXN-0004652,William Thompson,Books,643.98,8,Five,United Kingdom,2024-08-20 07:05:53,MISSING_OR_UNPARSEABLE_RATING
TXN-0000451,David Thomas,Automotive,926.43,5,None,Australia,2023-04-29 08:50:52,MISSING_OR_UNPARSEABLE_RATING
TXN-0004609,Karen Jackson,Automotive,337.74,NULL,3.1,France,2024-07-16 23:13:57,MISSING_OR_UNPARSEABLE_QUANTITY
TXN-0008540,Charles Johnson,Electronics,1216.72,4,3.2,Canada,,MISSING_OR_UNPARSEABLE_DATE
TXN-0010878,Linda Moore,Automotive,480.96,8,N/A,United States,2023-06-04 16:22:38,MISSING_OR_UNPARSEABLE_RATING
TXN-0007948,Karen Hernandez,Toys & Games,1261.47,8,-1.0,Netherlands,2023-01-12 07:17:46,RATING_OUT_OF_BOUNDS
TXN-0010044,William Hernandez,Home & Kitchen,1332.49,1,4.9,Germany,1722733300,DUPLICATE_TRANSACTION_ID
TXN-0000820,Patricia Jones,Toys & Games,127.51,1,7.2,Japan,2023-04-12 00:33:21,RATING_OUT_OF_BOUNDS
TXN-0000764,John Smith,Automotive,-1307.81,7,3.7,United Kingdom,2024-07-08 01:32:45,INVALID_PRICE_NON_POSITIVE
TXN-0006290,,Sports & Outdoors,1357.44,4,4.0,Australia,2023-08-07 14:40:14,MISSING_CUSTOMER_NAME
TXN-0010725,Linda Wilson,Automotive,384.96,,3.3,Netherlands,2024-05-22 14:39:48,MISSING_OR_UNPARSEABLE_QUANTITY
TXN-0000795,Patricia Lee,Toys & Games,1273.68,5,Five,Japan,2023-11-07 10:34:55,MISSING_OR_UNPARSEABLE_RATING
TXN-0012447,Jessica Thompson,Home & Kitchen,108.6,2,-1.0,Germany,2023-06-06 04:44:54,RATING_OUT_OF_BOUNDS
TXN-0000227,Jessica Williams,Automotive,682.88,None,2.8,United States,2023-02-14 20:17:29,MISSING_OR_UNPARSEABLE_QUANTITY
TXN-0000197,Jennifer Thomas,Automotive,1319.22,8,-1.0,India,2023-11-02 10:33:56,RATING_OUT_OF_BOUNDS
TXN-0011066,Patricia Miller,Automotive,1017.12,5,0.0,Germany,2024-08-31 22:56:28,RATING_OUT_OF_BOUNDS
TXN-0001402,James Lee,Beauty & Personal Care,441.95,7,6.5,Canada,2024-07-20 06:36:51,RATING_OUT_OF_BOUNDS
TXN-0002131,Patricia Thompson,Beauty & Personal Care,234.71,7,7.2,Brazil,2024-02-21 03:45:53,RATING_OUT_OF_BOUNDS
TXN-0006363,David Davis,Automotive,212.3,5,Five,France,2024-01-21 04:47:28,MISSING_OR_UNPARSEABLE_RATING
TXN-0011241,Jessica Anderson,Electronics,343.27,1,1.3,India,,MISSING_OR_UNPARSEABLE_DATE
TXN-0001291,Nancy Lopez,Sports & Outdoors,None,5,4.1,Japan,2023-01-19 06:38:14,MISSING_OR_UNPARSEABLE_PRICE
TXN-0005089,Robert Rodriguez,Books,1105.21,8,N/A,United States,2024-04-24 15:36:16,MISSING_OR_UNPARSEABLE_RATING
TXN-0000381,Thomas Martin,Toys & Games,157.96,6,,Netherlands,2024-04-06 04:43:20,MISSING_OR_UNPARSEABLE_RATING
TXN-0007815,James Moore,Books,-1239.8,1,4.6,Germany,2023-08-16 14:07:34,INVALID_PRICE_NON_POSITIVE
TXN-0006187,Lisa Perez,Automotive,686.13,1,2.6,None,2023-11-01 10:13:04,MISSING_OR_INVALID_COUNTRY
TXN-0005494,Susan Anderson,Toys & Games,423.71,3,0.0,India,2024-08-02 02:15:19,RATING_OUT_OF_BOUNDS
TXN-0000399,Nancy Brown,Electronics,1036.18,7,2.8,NULL,2023-04-06 23:58:44,MISSING_OR_INVALID_COUNTRY
TXN-0011644,Elizabeth Lopez,Home & Kitchen,948.39,8,4.3,India,2024-02-08 13:52:34,DUPLICATE_TRANSACTION_ID
TXN-0010222,Robert Martinez,Books,83.94,2,-1.0,Netherlands,2024-06-05 02:17:19,RATING_OUT_OF_BOUNDS
TXN-0008207,Jessica Rodriguez,Apparel,$109.66,2,NULL,Canada,2024-12-31,MISSING_OR_UNPARSEABLE_RATING
TXN-0003949,Michael Garcia,Home & Kitchen,1000.77,NULL,1.1,Japan,2024-10-30 20:27:33,MISSING_OR_UNPARSEABLE_QUANTITY
TXN-0005972,David Jones,Sports & Outdoors,$299.48,7,2.1,France,2024-12-31,DUPLICATE_TRANSACTION_ID
TXN-0001930,Mary Martinez,Beauty & Personal Care,$102.83,3,4.4,India,2024-12-31,DUPLICATE_TRANSACTION_ID
TXN-0008696,Christopher Moore,Apparel,1019.55,,4.2,Australia,2023-08-12 21:22:20,MISSING_OR_UNPARSEABLE_QUANTITY
TXN-0006680,Patricia Rodriguez,Apparel,512.64,4,3.5,NULL,2023-11-29 07:02:58,MISSING_OR_INVALID_COUNTRY
TXN-0007841,Michael Gonzalez,Home & Kitchen,206.95,8,,Germany,2024-07-24 02:51:49,MISSING_OR_UNPARSEABLE_RATING
TXN-0010341,Linda Jones,Books,654.55,NULL,4.8,Canada,2023-10-25 06:28:51,MISSING_OR_UNPARSEABLE_QUANTITY
TXN-0008733,William White,Beauty & Personal Care,579.56,5,Five,India,2023-12-10 18:49:36,MISSING_OR_UNPARSEABLE_RATING
TXN-0005162,Susan Anderson,Electronics,158.24,8,Five,India,2023-07-27 21:43:58,MISSING_OR_UNPARSEABLE_RATING
TXN-0004864,Nancy Smith,Beauty & Personal Care,744.74,8,0.0,Brazil,2024-07-12 21:55:48,RATING_OUT_OF_BOUNDS
TXN-0007302,Mary Rodriguez,Apparel,1180.05,2,2.5,,2023-07-02 23:32:04,MISSING_OR_INVALID_COUNTRY
TXN-0008575,Robert White,Automotive,,7,3.3,India,2023-11-15 16:56:48,MISSING_OR_UNPARSEABLE_PRICE
TXN-0001539,Robert Hernandez,Beauty & Personal Care,678.9,3,N/A,India,2023-09-24 18:26:31,MISSING_OR_UNPARSEABLE_RATING
TXN-0008995,Sarah Martin,Apparel,-228.86,8,2.3,Japan,2024-09-07 14:33:35,INVALID_PRICE_NON_POSITIVE
TXN-0012069,Daniel Anderson,Toys & Games,1158.62,4,0.0,Australia,2024-01-12 09:15:57,RATING_OUT_OF_BOUNDS
TXN-0004205,John Jones,Apparel,-1224.23,7,2.5,United States,2023-12-05 04:56:41,INVALID_PRICE_NON_POSITIVE
TXN-0001276,Thomas Brown,Toys & Games,1162.24,7,6.5,Japan,2023-05-08 09:39:56,RATING_OUT_OF_BOUNDS
TXN-0008874,Patricia White,Sports & Outdoors,NULL,2,3.9,Canada,2023-05-14 19:15:52,MISSING_OR_UNPARSEABLE_PRICE
TXN-0001080,Thomas Garcia,Toys & Games,153.87,3,3.0,None,2024-05-05 10:54:52,MISSING_OR_INVALID_COUNTRY
TXN-0002218,William Williams,Toys & Games,57.27,2,6.5,Canada,2024-06-25 00:57:57,RATING_OUT_OF_BOUNDS
TXN-0004492,Sarah Rodriguez,Toys & Games,1323.54,3,3.6,Germany,,MISSING_OR_UNPARSEABLE_DATE
TXN-0003045,NULL,Automotive,189.46,2,3.9,United States,2023-10-18 07:27:36,MISSING_CUSTOMER_NAME
TXN-0001305,Charles Garcia,Beauty & Personal Care,650.14,1,4.0,NULL,2023-08-09 12:02:59,MISSING_OR_INVALID_COUNTRY
TXN-0012198,David Thomas,Automotive,112.86,6,N/A,Australia,2023-06-09 09:14:50,MISSING_OR_UNPARSEABLE_RATING
TXN-0007663,Jessica Davis,Toys & Games,482.32,4,,Brazil,2024-08-20 12:23:09,MISSING_OR_UNPARSEABLE_RATING
TXN-0011750,Charles Smith,Beauty & Personal Care,1061.34,1,0.0,United States,2024-06-14 13:56:50,RATING_OUT_OF_BOUNDS
TXN-0009327,Robert Moore,Electronics,1426.51,8,Five,India,2024-10-15 15:17:40,MISSING_OR_UNPARSEABLE_RATING
TXN-0010187,Joseph Martin,Sports & Outdoors,-385.82,7,1.3,United States,2023-03-22 17:52:45,INVALID_PRICE_NON_POSITIVE
TXN-0000051,Jessica Martin,Home & Kitchen,624.59,4,-1.0,India,2023-10-26 05:52:38,RATING_OUT_OF_BOUNDS
TXN-0008899,Charles Johnson,Home & Kitchen,736.09,4,-1.0,Brazil,2023-07-10 17:37:32,RATING_OUT_OF_BOUNDS
TXN-0008528,Charles Moore,Electronics,None,7,3.3,France,2023-05-12 16:02:50,MISSING_OR_UNPARSEABLE_PRICE
TXN-0010047,Mary Wilson,Toys & Games,-588.55,7,1.9,France,2024-10-07 15:57:59,INVALID_PRICE_NON_POSITIVE
TXN-0011138,Barbara Lee,Books,$239.5,5,3.0,United States,2024-12-31,DUPLICATE_TRANSACTION_ID
TXN-0001006,Nancy Moore,Apparel,544.05,6,NULL,Australia,2024-04-02 10:05:53,MISSING_OR_UNPARSEABLE_RATING
TXN-0010264,John Anderson,Automotive,645.61,7,6.5,Australia,2024-02-22 17:56:17,RATING_OUT_OF_BOUNDS
TXN-0011597,Jennifer Jones,Books,1419.12,3,0.0,France,2024-06-15 22:59:26,RATING_OUT_OF_BOUNDS
TXN-0001017,None,Sports & Outdoors,615.47,5,2.3,United Kingdom,2023-02-14 11:28:03,MISSING_CUSTOMER_NAME
TXN-0003778,Thomas Wilson,Home & Kitchen,1243.31,,2.1,India,2024-02-23 07:19:01,MISSING_OR_UNPARSEABLE_QUANTITY
TXN-0007798,Mary Moore,Sports & Outdoors,$189.79,3,4.5,India,2024-12-31,DUPLICATE_TRANSACTION_ID
TXN-0001295,Lisa Lee,Home & Kitchen,771.39,2,2.4,Japan,2024-05-09 13:42:49,DUPLICATE_TRANSACTION_ID
TXN-0002018,Barbara Johnson,Sports & Outdoors,-433.97,5,2.2,Netherlands,2023-01-29 02:24:07,INVALID_PRICE_NON_POSITIVE
TXN-0000162,Daniel Taylor,Home & Kitchen,130.39,3,7.2,France,2024-12-04 04:07:51,RATING_OUT_OF_BOUNDS
TXN-0010101,Michael Williams,  Books  ,$196.45,6,1.6,Germany,2024-12-31,DUPLICATE_TRANSACTION_ID
TXN-0012204,Jessica Johnson,Apparel,763.2,NULL,2.3,Netherlands,2023-01-05 06:38:19,MISSING_OR_UNPARSEABLE_QUANTITY
TXN-0005255,David Gonzalez,Books,$221.13,1,2.7,United Kingdom,2024-12-31,DUPLICATE_TRANSACTION_ID
TXN-0000549,Jessica Moore,Books,,4,3.2,India,2024-07-25 09:50:27,MISSING_OR_UNPARSEABLE_PRICE
TXN-0011871,Richard Jones,Books,1374.84,8,2.1,Netherlands,,MISSING_OR_UNPARSEABLE_DATE
TXN-0010909,John Johnson,Books,1102.58,8,Five,United Kingdom,2024-10-15 00:27:44,MISSING_OR_UNPARSEABLE_RATING
TXN-0001024,,Apparel,1156.33,5,1.6,Germany,2024-05-02 07:17:32,MISSING_CUSTOMER_NAME
TXN-0004370,Charles Perez,Apparel,-437.85,4,4.1,Netherlands,2023-06-06 07:38:44,INVALID_PRICE_NON_POSITIVE
TXN-0008630,Jessica Thomas,Books,599.84,6,3.9,United Kingdom,,MISSING_OR_UNPARSEABLE_DATE
TXN-0003179,James Williams,Automotive,1424.78,4,NULL,India,2023-09-01 06:26:44,MISSING_OR_UNPARSEABLE_RATING
TXN-0010850,Michael White,Apparel,-102.39,5,2.7,Netherlands,2024-04-19 00:17:44,INVALID_PRICE_NON_POSITIVE
TXN-0009087,Richard Lopez,Sports & Outdoors,99.16,5,2.2,,2023-10-23 23:28:34,MISSING_OR_INVALID_COUNTRY
TXN-0001733,Elizabeth Brown,Sports & Outdoors,350.87,8,2.4,NULL,2023-01-21 11:41:13,MISSING_OR_INVALID_COUNTRY
TXN-0001128,Christopher Brown,Sports & Outdoors,1349.34,8,None,Brazil,2024-11-11 11:33:15,MISSING_OR_UNPARSEABLE_RATING
TXN-0000392,Charles Garcia,Automotive,-198.46,7,3.5,Canada,2023-11-10 07:47:58,INVALID_PRICE_NON_POSITIVE
TXN-0004389,Jessica Martinez,Beauty & Personal Care,937.43,3,Five,India,2023-05-11 16:11:17,MISSING_OR_UNPARSEABLE_RATING
TXN-0005677,William Perez,Books,327.12,6,0.0,Canada,2024-06-12 19:07:20,RATING_OUT_OF_BOUNDS
TXN-0012376,Joseph Jackson,Toys & Games,1348.21,1,4.7,None,2024-09-07 06:46:46,MISSING_OR_INVALID_COUNTRY
TXN-0006844,Patricia Brown,Beauty & Personal Care,,3,4.3,Australia,2023-07-22 02:52:13,MISSING_OR_UNPARSEABLE_PRICE
TXN-0010697,Elizabeth Martin,Sports & Outdoors,1033.73,8,,Brazil,2024-06-27 23:38:58,MISSING_OR_UNPARSEABLE_RATING
TXN-0006673,Elizabeth Davis,Automotive,1335.4,4,Five,United Kingdom,2024-02-24 20:56:02,MISSING_OR_UNPARSEABLE_RATING
TXN-0007182,,Apparel,783.72,8,1.8,Brazil,2024-05-10 17:02:48,MISSING_CUSTOMER_NAME
TXN-0000784,,Apparel,1263.1,7,2.2,France,2023-02-07 01:43:10,MISSING_CUSTOMER_NAME
TXN-0002743,Linda Davis,Apparel,243.04,7,N/A,France,2023-03-15 05:12:53,MISSING_OR_UNPARSEABLE_RATING
TXN-0001379,Jennifer Gonzalez,Beauty & Personal Care,860.27,8,4.4,United States,,MISSING_OR_UNPARSEABLE_DATE
TXN-0004546,,Apparel,1166.88,2,4.2,India,2023-08-22 02:26:34,MISSING_CUSTOMER_NAME
TXN-0007422,Mary Moore,Toys & Games,1442.84,,1.4,Australia,2023-11-13 09:53:59,MISSING_OR_UNPARSEABLE_QUANTITY
TXN-0005009,Barbara Jackson,Home & Kitchen,626.56,2,7.2,United Kingdom,2024-01-21 06:04:04,RATING_OUT_OF_BOUNDS
TXN-0009292,Jessica Williams,Home & Kitchen,991.64,4,2.9,United States,,MISSING_OR_UNPARSEABLE_DATE
TXN-0004450,Robert White,Apparel,346.08,3,-1.0,United Kingdom,2024-03-09 04:34:40,RATING_OUT_OF_BOUNDS
TXN-0002438,Karen Martin,Toys & Games,880.03,3,2.5,NULL,2023-08-30 02:29:52,MISSING_OR_INVALID_COUNTRY
TXN-0007160,,Sports & Outdoors,170.69,2,2.0,Australia,2024-07-01 00:24:16,MISSING_CUSTOMER_NAME
TXN-0011885,Jennifer Gonzalez,Home & Kitchen,619.52,7,6.5,Brazil,2023-05-13 07:48:52,RATING_OUT_OF_BOUNDS
TXN-0004257,Elizabeth Wilson,Home & Kitchen,-1070.47,8,3.4,Japan,2023-08-14 02:28:16,INVALID_PRICE_NON_POSITIVE
TXN-0009891,Robert Hernandez,Books,23.82,6,6.5,United States,2024-05-08 06:42:24,RATING_OUT_OF_BOUNDS
TXN-0005226,James Perez,Apparel,84.35,,3.3,Japan,2023-11-07 07:14:39,MISSING_OR_UNPARSEABLE_QUANTITY
TXN-0001228,Lisa Davis,Electronics,1269.0,2,-1.0,United States,2024-09-06 15:42:40,RATING_OUT_OF_BOUNDS
TXN-0000628,None,Beauty & Personal Care,395.57,4,2.9,United Kingdom,2024-09-12 21:22:27,MISSING_CUSTOMER_NAME
TXN-0001729,NULL,Home & Kitchen,1169.06,2,3.2,Australia,2024-10-12 13:56:06,MISSING_CUSTOMER_NAME
TXN-0004233,Karen Lopez,Electronics,-356.51,7,2.2,France,2023-03-20 00:05:39,INVALID_PRICE_NON_POSITIVE
TXN-0005631,Elizabeth Martin,Toys & Games,1075.14,,3.0,Canada,2024-12-14 01:41:27,MISSING_OR_UNPARSEABLE_QUANTITY
TXN-0011087,Charles Hernandez,Toys & Games,1299.55,1,4.9,Canada,None,MISSING_OR_UNPARSEABLE_DATE
TXN-0002749,Christopher Anderson,Books,1298.22,3,7.2,Brazil,2024-09-08 05:16:03,RATING_OUT_OF_BOUNDS
TXN-0012426,Robert Martinez,Automotive,,1,4.7,Brazil,2023-01-08 14:16:51,MISSING_OR_UNPARSEABLE_PRICE
TXN-0004974,Richard Miller,Automotive,$38.52,NULL,3.4,France,2024-12-31,MISSING_OR_UNPARSEABLE_QUANTITY
TXN-0004236,,Books,549.29,6,3.0,Netherlands,2023-09-07 00:19:18,MISSING_CUSTOMER_NAME
TXN-0010867,Jennifer Moore,Toys & Games,772.87,4,-1.0,Australia,2024-04-02 18:57:15,RATING_OUT_OF_BOUNDS
TXN-0009906,,Home & Kitchen,958.81,3,1.5,United States,2023-09-26 00:58:58,MISSING_CUSTOMER_NAME
TXN-0009967,Thomas Lee,Home & Kitchen,1071.65,3,4.0,,2023-01-01 21:48:34,MISSING_OR_INVALID_COUNTRY
TXN-0006217,Michael Thomas,Automotive,1400.04,2,0.0,Brazil,2023-11-22 15:24:13,RATING_OUT_OF_BOUNDS
TXN-0000837,None,Beauty & Personal Care,831.92,2,2.9,India,2023-11-13 12:14:05,MISSING_CUSTOMER_NAME
TXN-0002744,Jessica Hernandez,Electronics,1023.57,5,4.7,Canada,NULL,MISSING_OR_UNPARSEABLE_DATE
TXN-0007065,William Davis,Beauty & Personal Care,789.6,3,2.5,United States,17-12-2023,DUPLICATE_TRANSACTION_ID
TXN-0000031,William Miller,Beauty & Personal Care,402.09,3,0.0,Germany,2023-08-22 00:21:03,RATING_OUT_OF_BOUNDS
TXN-0010824,Jessica Anderson,Toys & Games,1379.76,NULL,4.6,Australia,2023-02-10 21:24:40,MISSING_OR_UNPARSEABLE_QUANTITY
TXN-0010942,Sarah Smith,Electronics,1209.67,3,2.4,NULL,2024-08-24 12:24:10,MISSING_OR_INVALID_COUNTRY
TXN-0008109,Nancy Jackson,Apparel,1473.83,1,6.5,Germany,2024-02-13 08:30:24,RATING_OUT_OF_BOUNDS
TXN-0011702,Elizabeth Garcia,Books,493.55,NULL,2.7,Canada,2023-01-02 18:31:49,MISSING_OR_UNPARSEABLE_QUANTITY
TXN-0004919,Susan White,Beauty & Personal Care,NULL,8,4.0,Brazil,2023-12-16 10:00:48,MISSING_OR_UNPARSEABLE_PRICE
TXN-0009786,Nancy Jackson,Apparel,1462.49,1,NULL,France,2024-12-17 11:04:43,MISSING_OR_UNPARSEABLE_RATING
TXN-0000151,Karen Thomas,Apparel,678.53,6,-1.0,United States,2023-03-07 12:00:32,RATING_OUT_OF_BOUNDS
TXN-0005409,Patricia Martin,Automotive,1165.58,2,2.7,,2023-07-18 09:12:31,MISSING_OR_INVALID_COUNTRY
TXN-0007611,Jennifer Anderson,Automotive,291.94,4,7.2,Netherlands,2023-07-15 22:16:44,RATING_OUT_OF_BOUNDS
TXN-0010996,Jennifer Wilson,Toys & Games,-109.99,3,3.7,India,2023-09-02 12:54:50,INVALID_PRICE_NON_POSITIVE
TXN-0005786,Thomas White,Beauty & Personal Care,1416.94,7,-1.0,Canada,2023-07-06 19:44:20,RATING_OUT_OF_BOUNDS
TXN-0010880,David Hernandez,Sports & Outdoors,490.05,None,2.4,United Kingdom,2024-04-10 03:38:00,MISSING_OR_UNPARSEABLE_QUANTITY
TXN-0006785,John Smith,Electronics,$346.21,6,1.2,India,2024-12-31,DUPLICATE_TRANSACTION_ID
TXN-0009512,Michael Anderson,Electronics,$75.69,5,6.5,United States,2024-12-31,RATING_OUT_OF_BOUNDS
TXN-0004410,Jennifer Gonzalez,Home & Kitchen,,2,2.6,Australia,2024-07-19 23:53:04,MISSING_OR_UNPARSEABLE_PRICE
TXN-0011960,Karen Lopez,Apparel,812.14,6,5.0,United Kingdom,2024-07-21 16:23:31,DUPLICATE_TRANSACTION_ID
TXN-0005806,Thomas Thomas,Apparel,-467.74,2,3.0,Brazil,2024-02-20 04:47:53,INVALID_PRICE_NON_POSITIVE
TXN-0012318,Charles Anderson,Sports & Outdoors,1271.11,3,2.8,Japan,,MISSING_OR_UNPARSEABLE_DATE
TXN-0007839,Robert Lopez,Beauty & Personal Care,1320.2,NULL,3.6,France,2023-07-20 03:31:24,MISSING_OR_UNPARSEABLE_QUANTITY
TXN-0007571,Sarah Jackson,Electronics,1117.13,2,0.0,Canada,2023-06-06 08:49:53,RATING_OUT_OF_BOUNDS
TXN-0000597,Lisa Taylor,Sports & Outdoors,219.23,2,-1.0,Australia,2024-12-29 14:01:54,RATING_OUT_OF_BOUNDS
TXN-0010647,Barbara Moore,Sports & Outdoors,1150.78,4,,Brazil,2024-08-08 03:25:26,MISSING_OR_UNPARSEABLE_RATING
TXN-0000453,Robert Perez,Beauty & Personal Care,,6,4.1,India,2024-01-14 05:48:16,MISSING_OR_UNPARSEABLE_PRICE
TXN-0010413,Nancy Jackson,Apparel,634.91,8,,Germany,2024-02-13 16:45:26,MISSING_OR_UNPARSEABLE_RATING
TXN-0006876,Nancy Perez,Automotive,$433.16,6,1.9,United States,2024-12-31,DUPLICATE_TRANSACTION_ID
TXN-0008565,Susan Jackson,Automotive,1162.85,4,N/A,Germany,2024-01-29 18:24:46,MISSING_OR_UNPARSEABLE_RATING
TXN-0004653,Mary Rodriguez,Automotive,724.49,4,7.2,United States,2024-12-19 03:58:33,RATING_OUT_OF_BOUNDS
TXN-0002344,Jennifer Jackson,Sports & Outdoors,652.68,4,4.7,India,,MISSING_OR_UNPARSEABLE_DATE
TXN-0001560,James Garcia,Home & Kitchen,-284.25,4,2.8,Netherlands,2024-02-29 00:39:56,INVALID_PRICE_NON_POSITIVE
TXN-0000990,Christopher Taylor,Electronics,1339.28,8,None,India,2023-01-05 13:49:05,MISSING_OR_UNPARSEABLE_RATING
TXN-0008782,Elizabeth Gonzalez,Beauty & Personal Care,510.77,8,4.9,Brazil,NULL,DUPLICATE_TRANSACTION_ID
TXN-0005100,Thomas Johnson,Beauty & Personal Care,1337.25,None,2.2,Australia,2023-03-02 10:53:48,MISSING_OR_UNPARSEABLE_QUANTITY
TXN-0009427,Charles Wilson,Books,NULL,1,3.3,Canada,2024-07-15 22:41:03,MISSING_OR_UNPARSEABLE_PRICE
TXN-0002955,Linda Johnson,Books,$64.07,,1.0,United States,2024-12-31,MISSING_OR_UNPARSEABLE_QUANTITY
TXN-0010316,Linda Moore,Sports & Outdoors,1063.63,7,,Germany,2023-02-25 00:38:21,MISSING_OR_UNPARSEABLE_RATING
TXN-0002335,William Jones,Apparel,319.04,7,-1.0,India,2023-04-12 03:48:38,RATING_OUT_OF_BOUNDS
TXN-0000422,Charles Thomas,Apparel,264.61,3,,Netherlands,2024-05-25 17:05:41,MISSING_OR_UNPARSEABLE_RATING
TXN-0002052,Richard Johnson,Home & Kitchen,739.63,3,2.6,United States,NULL,MISSING_OR_UNPARSEABLE_DATE
TXN-0002526,Robert Miller,Automotive,966.23,8,,Brazil,2024-05-25 12:17:52,MISSING_OR_UNPARSEABLE_RATING
TXN-0002188,Daniel Miller,Books,1378.07,3,Five,Brazil,2023-01-30 01:49:51,MISSING_OR_UNPARSEABLE_RATING
TXN-0004125,Michael Lee,Automotive,317.63,6,7.2,United States,2023-08-05 18:58:21,RATING_OUT_OF_BOUNDS
TXN-0006163,None,Electronics,842.29,4,2.2,United States,2024-11-28 17:36:28,MISSING_CUSTOMER_NAME
TXN-0001312,Karen Jackson,Toys & Games,490.91,4,0.0,United States,2024-04-30 20:04:27,RATING_OUT_OF_BOUNDS
TXN-0005456,David Garcia,Apparel,1087.47,3,3.8,None,2023-10-07 15:17:26,MISSING_OR_INVALID_COUNTRY
TXN-0008161,Charles Perez,Sports & Outdoors,-25.49,2,4.2,Germany,2023-04-11 13:08:09,INVALID_PRICE_NON_POSITIVE
TXN-0009283,NULL,Apparel,886.52,6,1.4,Japan,2024-10-18 22:20:58,MISSING_CUSTOMER_NAME
TXN-0005000,Nancy Miller,Books,436.77,8,0.0,United Kingdom,2024-11-22 14:30:23,RATING_OUT_OF_BOUNDS
TXN-0004063,,Beauty & Personal Care,932.41,5,1.7,Japan,2024-04-17 05:40:36,MISSING_CUSTOMER_NAME
TXN-0009332,Nancy Taylor,Electronics,965.16,1,N/A,Australia,2023-09-22 01:49:18,MISSING_OR_UNPARSEABLE_RATING
TXN-0009743,Daniel Jones,Books,-1308.84,2,1.4,United States,2024-04-10 19:12:00,INVALID_PRICE_NON_POSITIVE
TXN-0010556,Mary Miller,Electronics,,3,4.5,United Kingdom,2023-12-25 19:54:47,MISSING_OR_UNPARSEABLE_PRICE
TXN-0000575,Jennifer Thompson,Home & Kitchen,175.68,8,3.5,NULL,2023-03-08 06:13:45,MISSING_OR_INVALID_COUNTRY
TXN-0007269,,Books,261.27,3,4.4,Brazil,2024-09-27 00:47:44,MISSING_CUSTOMER_NAME
TXN-0009230,Jennifer Jackson,Beauty & Personal Care,1471.03,1,2.0,France,NULL,MISSING_OR_UNPARSEABLE_DATE
TXN-0010906,Richard Wilson,Home & Kitchen,579.57,None,1.4,United Kingdom,2024-08-03 11:17:07,MISSING_OR_UNPARSEABLE_QUANTITY
TXN-0009136,Lisa Miller,Sports & Outdoors,-1431.72,1,4.4,Germany,2024-05-03 11:33:33,INVALID_PRICE_NON_POSITIVE
TXN-0011219,Michael Johnson,Beauty & Personal Care,208.51,6,3.3,Brazil,,MISSING_OR_UNPARSEABLE_DATE
TXN-0002850,Lisa Perez,Home & Kitchen,753.21,3,4.4,,2023-07-06 19:34:27,MISSING_OR_INVALID_COUNTRY
TXN-0005883,Michael Jones,Books,-819.41,6,4.2,Germany,2023-07-08 12:22:14,INVALID_PRICE_NON_POSITIVE
TXN-0007950,,Apparel,1376.23,4,2.9,India,2024-07-11 08:51:16,MISSING_CUSTOMER_NAME
TXN-0001444,Jennifer Gonzalez,Books,1376.79,7,1.2,Australia,None,MISSING_OR_UNPARSEABLE_DATE
TXN-0005568,Jessica Thomas,Home & Kitchen,465.35,3,2.4,Germany,NULL,MISSING_OR_UNPARSEABLE_DATE
TXN-0002423,,Sports & Outdoors,672.17,1,1.8,United States,2024-02-03 14:19:17,MISSING_CUSTOMER_NAME
TXN-0008848,Susan Thompson,Sports & Outdoors,1291.89,1,Five,India,2024-06-16 17:50:50,MISSING_OR_UNPARSEABLE_RATING
TXN-0003482,John Lee,Electronics,NULL,5,1.5,United States,2024-02-09 18:38:16,MISSING_OR_UNPARSEABLE_PRICE
TXN-0004685,Susan Anderson,Electronics,1395.48,7,Five,Netherlands,2024-03-02 19:30:00,MISSING_OR_UNPARSEABLE_RATING
TXN-0000053,Sarah Davis,Home & Kitchen,204.34,8,3.7,,2024-03-10 03:07:21,MISSING_OR_INVALID_COUNTRY
TXN-0012220,Christopher Jackson,Sports & Outdoors,601.4,None,1.5,United States,2023-09-11 07:37:41,MISSING_OR_UNPARSEABLE_QUANTITY
TXN-0002040,James Thompson,Toys & Games,1313.59,3,-1.0,Australia,2023-12-12 09:59:14,RATING_OUT_OF_BOUNDS
TXN-0001434,Joseph Brown,Home & Kitchen,373.1,3,7.2,Australia,2024-09-27 00:53:54,RATING_OUT_OF_BOUNDS
TXN-0012138,William Thomas,Home & Kitchen,1099.09,3,N/A,Netherlands,2024-07-08 23:28:04,MISSING_OR_UNPARSEABLE_RATING
TXN-0008726,John Jones,Beauty & Personal Care,1414.55,7,3.8,,2023-08-15 17:59:34,MISSING_OR_INVALID_COUNTRY
TXN-0006031,Linda Thompson,Electronics,523.74,,3.3,India,2024-03-22 08:06:08,MISSING_OR_UNPARSEABLE_QUANTITY
TXN-0000825,Charles Wilson,Electronics,1334.14,4,0.0,France,2024-07-28 12:16:04,RATING_OUT_OF_BOUNDS
TXN-0005858,John Gonzalez,Books,-1158.59,6,1.4,France,2024-07-14 04:42:38,INVALID_PRICE_NON_POSITIVE
TXN-0011974,Karen Lee,Automotive,448.35,5,1.3,None,2024-03-31 11:32:47,MISSING_OR_INVALID_COUNTRY
TXN-0012440,Richard Martin,Automotive,369.31,5,-1.0,France,2023-12-25 21:07:51,RATING_OUT_OF_BOUNDS
TXN-0008411,Karen Gonzalez,Automotive,NULL,8,2.3,France,2024-05-15 03:27:03,MISSING_OR_UNPARSEABLE_PRICE
TXN-0005581,Karen Jackson,Sports & Outdoors,$448.63,4,1.7,United Kingdom,2024-12-31,DUPLICATE_TRANSACTION_ID
TXN-0001343,Barbara Jones,Sports & Outdoors,1091.43,6,2.8,,2023-11-27 08:07:39,MISSING_OR_INVALID_COUNTRY
TXN-0007316,Elizabeth Jackson,Sports & Outdoors,1366.17,6,Five,Japan,2024-05-08 14:53:31,MISSING_OR_UNPARSEABLE_RATING
TXN-0006205,Linda Perez,Electronics,-866.97,3,2.3,India,2024-08-30 02:17:24,INVALID_PRICE_NON_POSITIVE
TXN-0009345,Jessica Gonzalez,Toys & Games,$68.95,5,1.6,,2024-12-31,MISSING_OR_INVALID_COUNTRY
TXN-0011866,William Smith,Automotive,NULL,6,1.4,United Kingdom,2023-09-15 10:07:43,MISSING_OR_UNPARSEABLE_PRICE
TXN-0008908,,Apparel,165.65,2,4.5,Australia,2024-06-30 16:20:24,MISSING_CUSTOMER_NAME
TXN-0004965,Karen Martin,Toys & Games,835.99,5,1.1,,2024-06-23 11:04:17,MISSING_OR_INVALID_COUNTRY
TXN-0001515,Thomas Johnson,Apparel,100.5,NULL,1.6,India,2023-03-21 10:08:17,MISSING_OR_UNPARSEABLE_QUANTITY
TXN-0010272,Lisa White,Books,657.95,8,0.0,Australia,2023-06-14 01:11:49,RATING_OUT_OF_BOUNDS
TXN-0011993,Elizabeth Martin,Books,1040.93,NULL,1.4,India,2024-05-15 05:30:11,MISSING_OR_UNPARSEABLE_QUANTITY
TXN-0002180,John Thompson,Automotive,1385.09,3,7.2,Germany,2023-12-26 20:48:25,RATING_OUT_OF_BOUNDS
TXN-0007645,Charles Rodriguez,Automotive,282.89,5,1.8,France,NULL,MISSING_OR_UNPARSEABLE_DATE
TXN-0004614,Jessica Moore,Apparel,342.92,1,2.4,,2024-11-02 02:31:37,MISSING_OR_INVALID_COUNTRY
TXN-0008253,Thomas Perez,Beauty & Personal Care,$363.52,2,1.0,Japan,2024-12-31,DUPLICATE_TRANSACTION_ID
TXN-0010721,Sarah Jones,Books,543.37,4,Five,Australia,2023-05-18 17:05:05,MISSING_OR_UNPARSEABLE_RATING
TXN-0001586,William Miller,Automotive,1185.43,6,7.2,Japan,2024-01-23 14:38:00,RATING_OUT_OF_BOUNDS
TXN-0002892,John Smith,Books,,5,1.7,Australia,2024-03-24 20:58:15,MISSING_OR_UNPARSEABLE_PRICE
TXN-0006432,Patricia Gonzalez,Electronics,374.5,1,7.2,Brazil,2024-10-09 02:27:35,RATING_OUT_OF_BOUNDS
TXN-0005653,Barbara Gonzalez,Toys & Games,1270.43,6,1.1,United States,None,MISSING_OR_UNPARSEABLE_DATE
TXN-0000076,Barbara Garcia,Sports & Outdoors,1063.49,NULL,2.1,United States,2023-02-12 08:26:19,MISSING_OR_UNPARSEABLE_QUANTITY
TXN-0011551,Daniel Thompson,Beauty & Personal Care,-777.79,7,4.2,Canada,2024-08-12 05:48:57,INVALID_PRICE_NON_POSITIVE
TXN-0003727,John Gonzalez,Electronics,509.47,5,None,Netherlands,2023-03-08 17:10:50,MISSING_OR_UNPARSEABLE_RATING
TXN-0003511,Joseph Gonzalez,Home & Kitchen,1139.04,7,1.5,,2024-07-12 14:07:14,MISSING_OR_INVALID_COUNTRY
TXN-0002924,Thomas Martin,Automotive,-401.12,8,4.9,India,2024-10-28 23:08:41,INVALID_PRICE_NON_POSITIVE
TXN-0003937,Sarah Davis,Electronics,NULL,4,2.1,Canada,2023-11-23 20:48:11,MISSING_OR_UNPARSEABLE_PRICE
TXN-0010264,John Anderson,Automotive,$75.39,7,6.5,Australia,2024-12-31,RATING_OUT_OF_BOUNDS
TXN-0011188,Patricia Martin,Apparel,-1101.84,7,2.0,Germany,2023-11-06 00:42:46,INVALID_PRICE_NON_POSITIVE
TXN-0003146,Sarah Thomas,Home & Kitchen,1175.23,NULL,1.4,Netherlands,2023-08-08 22:41:44,MISSING_OR_UNPARSEABLE_QUANTITY
TXN-0001041,Mary Lee,Electronics,-1127.94,3,1.0,Netherlands,2024-10-08 18:16:55,INVALID_PRICE_NON_POSITIVE
TXN-0004060,Charles Thompson,Electronics,734.35,4,4.9,Canada,,MISSING_OR_UNPARSEABLE_DATE
TXN-0008280,William Thomas,Electronics,380.99,6,1.7,India,None,MISSING_OR_UNPARSEABLE_DATE
TXN-0006590,,Home & Kitchen,259.52,4,3.3,Germany,2023-05-21 06:09:43,MISSING_CUSTOMER_NAME
TXN-0002527,Richard Taylor,Electronics,1047.81,4,,Japan,2023-07-18 09:20:00,MISSING_OR_UNPARSEABLE_RATING
TXN-0004734,Thomas Gonzalez,Electronics,NULL,1,2.8,Brazil,2023-08-08 07:16:21,MISSING_OR_UNPARSEABLE_PRICE
TXN-0011902,Patricia Johnson,Automotive,,5,1.8,France,2024-09-03 02:20:47,MISSING_OR_UNPARSEABLE_PRICE
TXN-0005190,Elizabeth Miller,Sports & Outdoors,NULL,4,3.6,Australia,2024-11-26 01:23:23,MISSING_OR_UNPARSEABLE_PRICE
TXN-0010374,Richard Perez,Books,1044.56,6,NULL,Germany,2023-10-24 04:04:53,MISSING_OR_UNPARSEABLE_RATING
TXN-0010603,Richard Thomas,aUTOMOTIVE,$290.2,2,4.3,France,2024-12-31,DUPLICATE_TRANSACTION_ID
TXN-0000565,Lisa Rodriguez,Apparel,164.62,3,1.1,Germany,NULL,MISSING_OR_UNPARSEABLE_DATE
TXN-0005124,,Toys & Games,607.85,1,4.3,India,2024-12-24 10:10:13,MISSING_CUSTOMER_NAME
TXN-0010002,Thomas Lopez,Electronics,104.31,5,,India,2023-11-02 13:38:16,MISSING_OR_UNPARSEABLE_RATING
TXN-0005907,Christopher White,Beauty & Personal Care,1346.51,7,N/A,Japan,2023-10-22 07:08:48,MISSING_OR_UNPARSEABLE_RATING
TXN-0004594,James Smith,Sports & Outdoors,1163.3,7,7.2,Germany,2023-11-30 00:19:06,RATING_OUT_OF_BOUNDS
TXN-0000593,Barbara Williams,Apparel,,6,4.9,France,2024-05-01 15:00:31,MISSING_OR_UNPARSEABLE_PRICE
TXN-0011690,Joseph Jackson,Electronics,1165.28,4,Five,Brazil,2024-09-04 09:49:03,MISSING_OR_UNPARSEABLE_RATING
TXN-0009005,Joseph Thomas,Electronics,-1377.97,7,4.2,Netherlands,2023-10-24 20:02:45,INVALID_PRICE_NON_POSITIVE
TXN-0008024,Richard Rodriguez,Beauty & Personal Care,$485.97,5,4.1,Brazil,2024-12-31,DUPLICATE_TRANSACTION_ID
TXN-0011832,Karen Lee,Home & Kitchen,740.11,1,N/A,France,2023-09-26 08:13:27,MISSING_OR_UNPARSEABLE_RATING
TXN-0001674,Robert Miller,Toys & Games,-286.06,4,3.0,Australia,2023-08-01 17:49:06,INVALID_PRICE_NON_POSITIVE
TXN-0012402,Lisa Jones,Beauty & Personal Care,1457.32,3,7.2,Japan,2024-12-09 05:22:31,RATING_OUT_OF_BOUNDS
TXN-0002467,Lisa White,Electronics,773.04,,3.7,Germany,2023-08-05 11:22:00,MISSING_OR_UNPARSEABLE_QUANTITY
TXN-0007112,Elizabeth Wilson,Books,NULL,3,4.2,Netherlands,2023-12-24 04:53:47,MISSING_OR_UNPARSEABLE_PRICE
TXN-0010972,Daniel Anderson,Toys & Games,$403.13,8,7.2,United Kingdom,2024-12-31,RATING_OUT_OF_BOUNDS
TXN-0005582,David Johnson,Books,1317.95,3,2.0,usa,2023-03-17 01:30:10,DUPLICATE_TRANSACTION_ID
TXN-0000084,William Jones,Home & Kitchen,253.05,5,,United States,2024-10-02 04:57:10,MISSING_OR_UNPARSEABLE_RATING
TXN-0002108,David Rodriguez,Toys & Games,$426.06,3,4.7,Canada,2024-12-31,DUPLICATE_TRANSACTION_ID
TXN-0004034,None,Toys & Games,581.33,5,3.9,United States,2023-09-06 09:59:33,MISSING_CUSTOMER_NAME
TXN-0008569,John Miller,Sports & Outdoors,1178.18,6,1.3,Australia,NULL,MISSING_OR_UNPARSEABLE_DATE
TXN-0005395,James Anderson,Toys & Games,-1480.49,7,1.4,United States,2024-06-04 17:34:26,INVALID_PRICE_NON_POSITIVE
TXN-0002530,Robert Miller,Toys & Games,-80.79,1,3.3,Canada,2023-04-20 07:00:12,INVALID_PRICE_NON_POSITIVE
TXN-0009775,Christopher Perez,Home & Kitchen,1025.9,5,3.4,United Kingdom,,MISSING_OR_UNPARSEABLE_DATE
TXN-0004978,John Rodriguez,Electronics,,7,2.9,Netherlands,2023-09-12 13:37:50,MISSING_OR_UNPARSEABLE_PRICE
TXN-0000150,John Martin,Toys & Games,None,1,2.8,India,2024-09-21 00:03:46,MISSING_OR_UNPARSEABLE_PRICE
TXN-0000287,James Thomas,Apparel,-1223.75,8,2.6,Germany,2024-01-17 22:26:05,INVALID_PRICE_NON_POSITIVE
TXN-0004139,Nancy Johnson,Books,$313.35,2,2.6,Canada,2024-12-31,DUPLICATE_TRANSACTION_ID
TXN-0006988,Joseph Martin,Home & Kitchen,669.79,2,Five,Japan,2023-04-21 13:28:55,MISSING_OR_UNPARSEABLE_RATING
TXN-0000192,William Lee,Books,627.8,None,3.0,Netherlands,2024-05-02 03:11:04,MISSING_OR_UNPARSEABLE_QUANTITY
TXN-0002832,Thomas Brown,Toys & Games,1029.54,2,-1.0,United Kingdom,2024-07-21 21:42:12,RATING_OUT_OF_BOUNDS
TXN-0004725,Barbara Miller,Automotive,408.39,5,2.3,NULL,2023-05-04 03:15:28,MISSING_OR_INVALID_COUNTRY
TXN-0011821,Lisa Williams,Automotive,311.17,2,N/A,Germany,2024-03-19 00:58:37,MISSING_OR_UNPARSEABLE_RATING
TXN-0009609,Elizabeth Davis,Electronics,,5,2.4,United Kingdom,2024-10-12 16:00:28,MISSING_OR_UNPARSEABLE_PRICE
TXN-0004395,David Moore,Books,741.79,1,7.2,Brazil,2024-07-30 01:59:23,RATING_OUT_OF_BOUNDS
TXN-0009233,Jessica Miller,Apparel,,2,3.3,Canada,2023-02-22 02:08:36,MISSING_OR_UNPARSEABLE_PRICE
TXN-0005851,Joseph Moore,Beauty & Personal Care,1233.27,6,NULL,Japan,2024-06-24 05:38:16,MISSING_OR_UNPARSEABLE_RATING
TXN-0010976,,Books,1401.91,4,2.3,Australia,2024-07-21 02:02:16,MISSING_CUSTOMER_NAME
TXN-0010213,Lisa Jackson,Beauty & Personal Care,$96.86,5,2.5,Australia,2024-12-31,DUPLICATE_TRANSACTION_ID
TXN-0007432,,Sports & Outdoors,698.24,8,3.7,United Kingdom,2023-03-12 18:44:36,MISSING_CUSTOMER_NAME
TXN-0008806,Mary Martin,Books,425.85,6,Five,Netherlands,2024-04-26 08:53:45,MISSING_OR_UNPARSEABLE_RATING
TXN-0005326,Richard Miller,Toys & Games,331.01,6,Five,United States,2023-05-05 15:15:39,MISSING_OR_UNPARSEABLE_RATING
TXN-0011350,NULL,Books,1122.2,5,4.0,Brazil,2024-07-07 12:49:02,MISSING_CUSTOMER_NAME
TXN-0009169,Sarah White,Beauty & Personal Care,1014.28,8,7.2,Australia,2023-11-23 10:01:01,RATING_OUT_OF_BOUNDS
TXN-0005388,Patricia Williams,Sports & Outdoors,637.79,4,2.7,Netherlands,,MISSING_OR_UNPARSEABLE_DATE
TXN-0004074,Mary Anderson,Home & Kitchen,$169.41,7,2.3,United Kingdom,2024-12-31,DUPLICATE_TRANSACTION_ID
TXN-0002981,Thomas Hernandez,Toys & Games,1092.6,7,2.9,Brazil,,MISSING_OR_UNPARSEABLE_DATE
TXN-0007299,Jennifer Thomas,Home & Kitchen,189.53,7,None,Brazil,2024-04-07 18:43:04,MISSING_OR_UNPARSEABLE_RATING
TXN-0012441,,Toys & Games,1431.11,3,2.2,Brazil,2024-11-02 09:30:03,MISSING_CUSTOMER_NAME
TXN-0005280,Michael Thomas,Books,1276.17,2,2.4,,2024-05-07 20:16:49,MISSING_OR_INVALID_COUNTRY
TXN-0001347,,Electronics,1033.26,8,2.0,Japan,2024-04-16 05:47:52,MISSING_CUSTOMER_NAME
TXN-0008367,Nancy Jackson,Apparel,1363.0,2,,Germany,2024-04-27 00:09:23,MISSING_OR_UNPARSEABLE_RATING
TXN-0003884,Sarah Thompson,Beauty & Personal Care,None,5,1.3,Brazil,2024-05-22 10:53:07,MISSING_OR_UNPARSEABLE_PRICE
TXN-0011759,Jessica Johnson,Apparel,378.14,2,4.4,Australia,,MISSING_OR_UNPARSEABLE_DATE
TXN-0010456,Daniel Martin,Beauty & Personal Care,1053.4,None,4.7,Japan,2024-05-23 18:23:25,MISSING_OR_UNPARSEABLE_QUANTITY
TXN-0007334,Elizabeth Garcia,Books,123.58,5,2.9,,2024-11-23 13:28:47,MISSING_OR_INVALID_COUNTRY
TXN-0011915,Nancy Thomas,Books,439.56,4,2.4,United Kingdom,20-Sep-2024,DUPLICATE_TRANSACTION_ID
TXN-0012285,Karen Martin,beauty & personal care,1186.96,4,1.0,Brazil,2024-06-11 07:05:12,DUPLICATE_TRANSACTION_ID
TXN-0003303,Christopher Davis,Apparel,127.45,3,Five,United States,2024-11-18 22:34:08,MISSING_OR_UNPARSEABLE_RATING
TXN-0007150,Christopher Lee,Apparel,NULL,4,2.7,Australia,2023-11-19 15:32:22,MISSING_OR_UNPARSEABLE_PRICE
TXN-0001280,James Thomas,Apparel,154.37,7,7.2,Australia,2024-12-10 00:26:28,RATING_OUT_OF_BOUNDS
TXN-0009821,John White,Books,-930.63,4,3.8,France,2024-07-15 16:50:33,INVALID_PRICE_NON_POSITIVE
TXN-0007905,Elizabeth Hernandez,Toys & Games,583.79,7,-1.0,Netherlands,2023-05-05 06:52:04,RATING_OUT_OF_BOUNDS
TXN-0010641,Linda Thompson,Sports & Outdoors,$496.03,6,2.3,Brazil,2024-12-31,DUPLICATE_TRANSACTION_ID
TXN-0012021,Elizabeth Smith,Books,,1,2.3,United States,2023-10-03 08:15:51,MISSING_OR_UNPARSEABLE_PRICE
TXN-0006170,Michael Johnson,Books,100.06,7,,Brazil,2024-12-10 09:20:43,MISSING_OR_UNPARSEABLE_RATING
TXN-0009734,Robert Williams,Beauty & Personal Care,634.54,3,0.0,Netherlands,2024-08-05 14:05:50,RATING_OUT_OF_BOUNDS
TXN-0002441,Sarah White,Automotive,836.19,8,,Japan,2023-12-17 06:07:38,MISSING_OR_UNPARSEABLE_RATING
TXN-0008650,Thomas Lee,Apparel,NULL,6,3.5,Canada,2024-01-23 21:53:58,MISSING_OR_UNPARSEABLE_PRICE
TXN-0010180,,Books,931.34,5,3.6,Germany,2024-06-06 13:17:52,MISSING_CUSTOMER_NAME
TXN-0006184,Mary Miller,Apparel,NULL,2,3.5,United Kingdom,2023-06-29 07:58:15,MISSING_OR_UNPARSEABLE_PRICE
TXN-0008621,Patricia Taylor,Apparel,1386.47,1,4.1,India,2023-11-18 01:49:51,DUPLICATE_TRANSACTION_ID
TXN-0010777,Sarah Martinez,Home & Kitchen,1269.44,3,2.7,NULL,2023-12-18 11:59:59,MISSING_OR_INVALID_COUNTRY
TXN-0008067,Susan Lee,Electronics,1284.21,2,None,Japan,2023-01-05 08:51:25,MISSING_OR_UNPARSEABLE_RATING
TXN-0006285,John Taylor,Toys & Games,None,2,3.3,India,2024-01-20 10:15:31,DUPLICATE_TRANSACTION_ID
TXN-0000285,Thomas Gonzalez,Toys & Games,211.11,NULL,2.7,Netherlands,2024-01-14 00:11:25,MISSING_OR_UNPARSEABLE_QUANTITY
TXN-0010199,Mary Brown,Beauty & Personal Care,-1150.11,6,4.8,France,2024-09-18 15:18:39,INVALID_PRICE_NON_POSITIVE
TXN-0000452,Susan Garcia,Electronics,-373.03,4,3.8,Australia,2024-05-12 18:05:46,INVALID_PRICE_NON_POSITIVE
TXN-0008415,Thomas Brown,Toys & Games,100.03,None,2.7,Canada,2023-05-15 00:58:17,MISSING_OR_UNPARSEABLE_QUANTITY
TXN-0011094,Sarah Davis,Books,$358.8,1,3.6,Canada,2024-12-31,DUPLICATE_TRANSACTION_ID
TXN-0011344,Nancy Moore,Beauty & Personal Care,1183.89,2,1.6,None,2024-04-14 09:53:37,MISSING_OR_INVALID_COUNTRY
TXN-0000397,Richard Smith,Books,,3,1.8,Germany,2023-01-18 00:29:34,MISSING_OR_UNPARSEABLE_PRICE
TXN-0012114,Robert Jackson,Books,398.95,,4.4,India,2023-07-22 11:34:23,MISSING_OR_UNPARSEABLE_QUANTITY
TXN-0010143,Robert Williams,Home & Kitchen,None,3,3.0,Brazil,2024-08-05 23:22:49,MISSING_OR_UNPARSEABLE_PRICE
TXN-0012275,,Sports & Outdoors,582.73,1,2.5,France,2024-05-17 08:34:57,MISSING_CUSTOMER_NAME
TXN-0007039,James Martinez,Electronics,845.05,1,6.5,Brazil,2024-05-21 19:18:25,RATING_OUT_OF_BOUNDS
TXN-0002519,Lisa Jackson,Sports & Outdoors,1185.44,5,0.0,Netherlands,2024-07-02 10:01:07,RATING_OUT_OF_BOUNDS
TXN-0003304,Karen Thomas,Sports & Outdoors,1013.29,6,,India,2024-11-05 07:36:10,MISSING_OR_UNPARSEABLE_RATING
TXN-0006754,Sarah Johnson,Books,286.17,8,1.4,France,NULL,MISSING_OR_UNPARSEABLE_DATE
TXN-0000026,Patricia Johnson,Electronics,1389.92,4,7.2,Canada,2024-01-13 05:00:24,RATING_OUT_OF_BOUNDS
TXN-0002593,David Jones,Sports & Outdoors,NULL,2,2.1,France,2023-01-21 21:29:07,MISSING_OR_UNPARSEABLE_PRICE
TXN-0000510,Daniel Moore,Apparel,898.39,7,,Netherlands,2024-05-11 17:40:14,MISSING_OR_UNPARSEABLE_RATING
TXN-0003573,Barbara Martin,Toys & Games,-1104.35,8,3.6,France,2023-10-28 18:47:18,INVALID_PRICE_NON_POSITIVE
TXN-0002841,John Johnson,Beauty & Personal Care,NULL,5,2.5,Canada,2023-03-20 02:23:19,MISSING_OR_UNPARSEABLE_PRICE
TXN-0005721,Michael Thompson,Home & Kitchen,443.46,6,1.6,,2024-12-30 13:29:26,MISSING_OR_INVALID_COUNTRY
TXN-0001557,Jessica Davis,Automotive,156.8,3,1.5,,2024-04-15 01:51:25,MISSING_OR_INVALID_COUNTRY
TXN-0005347,NULL,Sports & Outdoors,517.26,1,1.8,Japan,2023-08-14 23:48:49,MISSING_CUSTOMER_NAME
TXN-0009284,Jennifer Smith,Beauty & Personal Care,489.65,8,2.0,Brazil,,MISSING_OR_UNPARSEABLE_DATE
TXN-0007243,Robert Rodriguez,Home & Kitchen,901.34,4,-1.0,United Kingdom,2024-04-12 23:20:02,RATING_OUT_OF_BOUNDS
TXN-0006724,Jennifer Perez,Apparel,1444.37,None,2.3,Netherlands,2023-03-18 17:56:53,MISSING_OR_UNPARSEABLE_QUANTITY
TXN-0005927,Jessica Hernandez,Books,,4,1.5,Germany,2023-07-23 09:16:10,MISSING_OR_UNPARSEABLE_PRICE
TXN-0001570,David Moore,Home & Kitchen,945.54,5,6.5,France,2024-04-06 17:02:58,RATING_OUT_OF_BOUNDS
TXN-0009660,Jessica Hernandez,Books,1264.65,1,Five,United States,2024-05-09 01:13:27,MISSING_OR_UNPARSEABLE_RATING
TXN-0005661,Michael Martinez,Toys & Games,1201.3,3,,Germany,2023-07-25 06:20:05,MISSING_OR_UNPARSEABLE_RATING
TXN-0012425,Elizabeth Miller,Toys & Games,1420.51,5,3.6,France,,MISSING_OR_UNPARSEABLE_DATE
TXN-0010170,Barbara Moore,Electronics,134.4,1,0.0,India,2023-09-17 15:59:59,RATING_OUT_OF_BOUNDS
TXN-0008440,Joseph White,Home & Kitchen,,7,2.1,France,2024-02-18 11:13:27,MISSING_OR_UNPARSEABLE_PRICE
TXN-0009326,Jennifer Rodriguez,Apparel,1417.59,3,4.8,None,2024-07-07 11:12:10,MISSING_OR_INVALID_COUNTRY
TXN-0009937,Barbara Martin,Home & Kitchen,-441.47,8,3.6,Japan,2023-08-09 05:04:45,INVALID_PRICE_NON_POSITIVE
TXN-0000193,Jessica Davis,Toys & Games,683.05,1,-1.0,France,2023-11-19 19:45:03,RATING_OUT_OF_BOUNDS
TXN-0005329,Joseph Anderson,Toys & Games,None,7,3.8,Germany,2024-05-25 17:04:18,MISSING_OR_UNPARSEABLE_PRICE
TXN-0011765,Robert Hernandez,Home & Kitchen,467.06,None,2.8,United Kingdom,2023-07-10 16:00:09,MISSING_OR_UNPARSEABLE_QUANTITY
TXN-0003139,Joseph Taylor,Books,1439.34,4,1.2,United States,None,MISSING_OR_UNPARSEABLE_DATE
TXN-0007890,Jessica Thompson,toys & games,$54.77,3,4.8,United Kingdom,2024-12-31,DUPLICATE_TRANSACTION_ID
TXN-0010155,Lisa Davis,Automotive,1318.57,2,N/A,United States,2023-12-01 04:06:14,MISSING_OR_UNPARSEABLE_RATING
TXN-0003068,Joseph Anderson,Automotive,565.0,1,4.0,NULL,2023-06-09 07:43:30,MISSING_OR_INVALID_COUNTRY
TXN-0005403,William Jackson,Home & Kitchen,1099.92,8,0.0,Germany,2024-02-15 16:30:14,RATING_OUT_OF_BOUNDS
TXN-0004562,Charles Rodriguez,Sports & Outdoors,943.93,7,3.4,India,,MISSING_OR_UNPARSEABLE_DATE
TXN-0000187,Lisa Thomas,Toys & Games,1235.89,2,1.5,,2023-09-04 05:49:26,MISSING_OR_INVALID_COUNTRY
TXN-0002053,Sarah Perez,Apparel,1445.67,None,3.7,Canada,2024-10-15 20:33:35,MISSING_OR_UNPARSEABLE_QUANTITY
TXN-0003261,,Toys & Games,1320.84,4,2.3,Canada,2023-01-20 20:06:41,MISSING_CUSTOMER_NAME
TXN-0000584,David Taylor,Toys & Games,318.72,,3.4,Brazil,2023-03-26 21:32:28,MISSING_OR_UNPARSEABLE_QUANTITY
TXN-0012167,NULL,Home & Kitchen,1164.28,6,4.1,Australia,2023-02-06 17:05:12,MISSING_CUSTOMER_NAME
TXN-0004010,Patricia Taylor,Electronics,1282.64,6,Five,United Kingdom,2023-02-17 06:59:03,MISSING_OR_UNPARSEABLE_RATING
TXN-0005401,Barbara Jackson,Toys & Games,None,8,1.8,Netherlands,2023-07-22 15:55:17,MISSING_OR_UNPARSEABLE_PRICE
TXN-0003225,Jennifer Thomas,Toys & Games,945.7,6,1.3,Germany,2024-04-30 05:21:24,DUPLICATE_TRANSACTION_ID
TXN-0002543,Daniel Thomas,Sports & Outdoors,None,1,3.3,Brazil,2024-01-23 00:20:22,MISSING_OR_UNPARSEABLE_PRICE
TXN-0007247,Susan Moore,Books,,4,4.9,United Kingdom,2023-07-17 01:55:54,MISSING_OR_UNPARSEABLE_PRICE
TXN-0008223,James Perez,Home & Kitchen,$316.0,8,3.9,Netherlands,2024-12-31,DUPLICATE_TRANSACTION_ID
TXN-0005678,Thomas Anderson,sPORTS & oUTDOORS,414.43,8,1.8,India,2024-01-06 05:49:41,DUPLICATE_TRANSACTION_ID
TXN-0004376,Jennifer Davis,Toys & Games,808.93,2,N/A,United Kingdom,2023-06-22 11:54:00,MISSING_OR_UNPARSEABLE_RATING
TXN-0011582,Thomas Smith,Sports & Outdoors,47.36,3,4.5,India,2024-02-25 21:54:52,DUPLICATE_TRANSACTION_ID
TXN-0007761,Sarah Taylor,Automotive,1204.91,NULL,3.5,Germany,2024-09-21 17:22:21,MISSING_OR_UNPARSEABLE_QUANTITY
TXN-0000963,Richard Rodriguez,Automotive,22.35,2,1.3,Australia,NULL,MISSING_OR_UNPARSEABLE_DATE
TXN-0003914,William Wilson,Books,279.8,,4.3,Germany,2023-10-02 17:34:38,MISSING_OR_UNPARSEABLE_QUANTITY
TXN-0009996,Karen Jones,Electronics,-1433.25,5,2.3,United Kingdom,2023-12-08 11:37:04,INVALID_PRICE_NON_POSITIVE
TXN-0012112,Elizabeth Hernandez,Sports & Outdoors,883.21,3,3.6,None,2023-09-06 23:47:18,MISSING_OR_INVALID_COUNTRY
TXN-0012159,Lisa Gonzalez,Sports & Outdoors,278.49,5,0.0,France,2024-03-05 23:29:57,RATING_OUT_OF_BOUNDS
TXN-0010599,Charles White,Books,-306.84,7,1.6,Australia,2024-04-27 19:11:11,INVALID_PRICE_NON_POSITIVE
TXN-0010138,Patricia Rodriguez,Electronics,188.93,4,-1.0,France,2024-11-16 12:30:51,RATING_OUT_OF_BOUNDS
TXN-0010420,Mary White,Automotive,1319.15,6,7.2,Germany,2023-03-06 07:13:28,RATING_OUT_OF_BOUNDS
TXN-0001798,Linda Smith,Books,944.05,2,Five,France,2024-11-25 06:53:27,MISSING_OR_UNPARSEABLE_RATING
TXN-0000395,Elizabeth Garcia,Home & Kitchen,450.81,5,,United States,2024-02-09 02:52:44,MISSING_OR_UNPARSEABLE_RATING
TXN-0008051,Susan Jackson,Electronics,703.08,None,4.5,Canada,2024-04-27 20:29:46,MISSING_OR_UNPARSEABLE_QUANTITY
TXN-0010270,Daniel White,Apparel,$143.96,4,4.7,Japan,2024-12-31,DUPLICATE_TRANSACTION_ID
TXN-0002592,Susan Moore,Books,734.89,1,0.0,Japan,2024-11-02 06:40:52,RATING_OUT_OF_BOUNDS
TXN-0001082,Robert Smith,Home & Kitchen,576.7,3,NULL,Netherlands,2024-05-07 19:15:01,MISSING_OR_UNPARSEABLE_RATING
TXN-0000966,Sarah Garcia,Toys & Games,593.73,,1.3,United States,2024-10-12 05:29:38,MISSING_OR_UNPARSEABLE_QUANTITY
TXN-0012009,Joseph Thomas,Toys & Games,45.46,4,NULL,Germany,2023-04-02 05:35:12,MISSING_OR_UNPARSEABLE_RATING
TXN-0008756,,Toys & Games,1201.15,6,4.6,Netherlands,2024-12-04 17:51:13,MISSING_CUSTOMER_NAME
TXN-0008261,Lisa Garcia,Apparel,146.28,6,N/A,Netherlands,2024-10-05 07:34:50,MISSING_OR_UNPARSEABLE_RATING
TXN-0003092,Robert Davis,Apparel,730.71,5,4.0,Japan,2024-02-17 20:20:38,DUPLICATE_TRANSACTION_ID
TXN-0008190,Patricia Perez,Books,-1469.94,8,4.5,Japan,2023-03-13 03:25:45,INVALID_PRICE_NON_POSITIVE
TXN-0007099,James Hernandez,Apparel,-673.8,1,1.5,Brazil,2023-02-07 00:32:08,INVALID_PRICE_NON_POSITIVE
TXN-0010069,Karen Martinez,Electronics,790.64,7,2.7,None,2023-04-02 00:29:01,MISSING_OR_INVALID_COUNTRY
TXN-0002077,Joseph Anderson,Home & Kitchen,-1324.68,6,1.5,Canada,2024-06-24 13:21:47,INVALID_PRICE_NON_POSITIVE
TXN-0007273,Michael Gonzalez,Beauty & Personal Care,250.83,2,N/A,Germany,2024-11-01 07:19:32,MISSING_OR_UNPARSEABLE_RATING
TXN-0008408,Sarah Gonzalez,Electronics,$289.64,5,2.0,Germany,2024-12-31,DUPLICATE_TRANSACTION_ID
TXN-0004117,Linda Moore,Beauty & Personal Care,483.05,7,0.0,Canada,2023-11-23 13:56:21,RATING_OUT_OF_BOUNDS
TXN-0003370,Barbara Thomas,Beauty & Personal Care,854.43,1,6.5,Netherlands,2024-09-26 19:33:57,RATING_OUT_OF_BOUNDS
TXN-0005362,Sarah Lopez,Beauty & Personal Care,1109.92,1,1.3,Australia,2024-06-12 05:54:54,DUPLICATE_TRANSACTION_ID
TXN-0011089,Elizabeth Davis,Home & Kitchen,994.21,4,-1.0,Australia,2023-11-14 06:36:00,RATING_OUT_OF_BOUNDS
TXN-0009074,None,Automotive,560.82,7,4.0,Canada,2024-06-19 15:48:03,MISSING_CUSTOMER_NAME
TXN-0001593,William Garcia,Books,470.84,2,1.9,Japan,NULL,MISSING_OR_UNPARSEABLE_DATE
TXN-0001369,Jennifer Taylor,Apparel,550.78,2,6.5,United Kingdom,2023-01-24 06:52:12,RATING_OUT_OF_BOUNDS
TXN-0009610,William Gonzalez,Toys & Games,1003.44,7,None,United Kingdom,2024-01-05 11:56:03,MISSING_OR_UNPARSEABLE_RATING
TXN-0001447,Robert Perez,Books,958.21,2,-1.0,Canada,2024-09-06 12:51:05,RATING_OUT_OF_BOUNDS
TXN-0005454,David Davis,Beauty & Personal Care,-242.04,4,2.8,France,2023-07-18 13:25:45,INVALID_PRICE_NON_POSITIVE
TXN-0005286,Karen Rodriguez,Beauty & Personal Care,240.92,NULL,4.0,France,2023-04-08 20:05:49,MISSING_OR_UNPARSEABLE_QUANTITY
TXN-0011802,William Johnson,Beauty & Personal Care,-531.85,8,1.7,Germany,2023-09-08 20:04:12,INVALID_PRICE_NON_POSITIVE
TXN-0002586,William Moore,Books,1217.24,NULL,1.1,India,2023-04-10 18:41:44,MISSING_OR_UNPARSEABLE_QUANTITY
TXN-0002818,Robert Thomas,Apparel,-1268.58,7,2.8,Brazil,2023-07-12 04:48:57,INVALID_PRICE_NON_POSITIVE
TXN-0010596,Jessica Martin,Automotive,-729.22,3,2.7,Netherlands,2024-11-03 23:49:09,INVALID_PRICE_NON_POSITIVE
TXN-0011744,Sarah Taylor,Automotive,851.03,2,3.8,NULL,2023-01-29 23:22:13,MISSING_OR_INVALID_COUNTRY
TXN-0010486,David Johnson,Apparel,188.22,6,3.1,,2023-03-25 22:02:37,MISSING_OR_INVALID_COUNTRY
TXN-0002631,Richard Johnson,Automotive,1163.65,1,4.8,,2023-08-01 17:18:03,MISSING_OR_INVALID_COUNTRY
TXN-0003757,Charles Wilson,Books,169.05,2,6.5,Australia,2023-11-16 00:23:40,RATING_OUT_OF_BOUNDS
TXN-0000563,Thomas Jones,Toys & Games,986.07,,2.3,United Kingdom,2024-03-08 21:34:34,MISSING_OR_UNPARSEABLE_QUANTITY
TXN-0004972,Daniel Williams,Electronics,None,3,2.8,India,2023-04-15 03:38:14,MISSING_OR_UNPARSEABLE_PRICE
TXN-0004761,James Gonzalez,Electronics,172.58,8,6.5,Netherlands,2023-01-26 02:55:52,RATING_OUT_OF_BOUNDS
TXN-0001627,Jessica Martin,Books,52.89,6,7.2,France,2024-06-23 18:02:18,RATING_OUT_OF_BOUNDS
TXN-0005552,Mary Smith,Electronics,830.5,3,7.2,Canada,2024-02-03 23:01:48,RATING_OUT_OF_BOUNDS
TXN-0009719,Karen Wilson,Electronics,213.41,8,1.3,,2023-11-20 11:14:05,MISSING_OR_INVALID_COUNTRY
TXN-0004307,Jessica White,Books,656.58,4,,Japan,2024-05-16 09:48:54,MISSING_OR_UNPARSEABLE_RATING
TXN-0002093,Michael Lee,Home & Kitchen,455.38,8,N/A,United States,2023-11-19 20:56:02,MISSING_OR_UNPARSEABLE_RATING
TXN-0008050,Linda Miller,Books,,8,4.9,Brazil,2024-06-04 14:59:33,MISSING_OR_UNPARSEABLE_PRICE
TXN-0000654,Linda Williams,Books,None,7,2.3,Japan,2024-06-15 08:19:54,MISSING_OR_UNPARSEABLE_PRICE
TXN-0009323,Mary Moore,Electronics,355.54,5,1.6,Japan,,MISSING_OR_UNPARSEABLE_DATE
TXN-0006715,Jennifer Davis,Apparel,1408.42,NULL,1.3,Germany,2024-05-24 23:48:07,MISSING_OR_UNPARSEABLE_QUANTITY
TXN-0001877,Joseph Smith,Apparel,1218.75,5,7.2,United States,2023-11-22 06:45:58,RATING_OUT_OF_BOUNDS
TXN-0006156,Karen Garcia,Automotive,-184.1,1,2.8,Brazil,2024-05-05 21:02:43,INVALID_PRICE_NON_POSITIVE
TXN-0009835,Richard Johnson,Electronics,14.02,6,7.2,Germany,2023-06-23 20:29:37,RATING_OUT_OF_BOUNDS
TXN-0008370,William Gonzalez,Toys & Games,461.68,6,N/A,India,2023-10-09 19:30:21,MISSING_OR_UNPARSEABLE_RATING
TXN-0004693,Elizabeth Martin,Home & Kitchen,676.82,NULL,4.2,Germany,2023-02-13 10:44:02,MISSING_OR_UNPARSEABLE_QUANTITY
TXN-0006839,David Garcia,Apparel,-773.79,8,2.6,Brazil,2023-04-06 15:40:35,INVALID_PRICE_NON_POSITIVE
TXN-0006460,Robert Wilson,Sports & Outdoors,1033.33,3,Five,Japan,2023-11-17 16:05:52,MISSING_OR_UNPARSEABLE_RATING
TXN-0002417,None,Electronics,427.0,7,2.8,Canada,2023-10-23 10:49:20,MISSING_CUSTOMER_NAME
TXN-0010346,Patricia Moore,Beauty & Personal Care,NULL,8,2.7,Australia,2023-01-18 20:08:30,MISSING_OR_UNPARSEABLE_PRICE
TXN-0007640,William Martinez,Automotive,$119.69,2,3.8,United States,2024-12-31,DUPLICATE_TRANSACTION_ID
TXN-0010886,Thomas Jackson,Beauty & Personal Care,1374.12,5,NULL,Brazil,2024-08-11 22:32:18,MISSING_OR_UNPARSEABLE_RATING
TXN-0006216,Richard Brown,Apparel,506.94,8,6.5,Japan,2023-09-18 05:01:51,RATING_OUT_OF_BOUNDS
TXN-0004304,David Johnson,Beauty & Personal Care,177.38,5,,United Kingdom,2024-12-06 11:38:12,MISSING_OR_UNPARSEABLE_RATING
TXN-0008466,Thomas Thomas,Home & Kitchen,,5,1.4,Australia,2024-01-27 06:26:42,MISSING_OR_UNPARSEABLE_PRICE
TXN-0001346,Michael Martin,Automotive,164.72,4,N/A,France,2024-07-15 10:53:05,MISSING_OR_UNPARSEABLE_RATING
TXN-0005528,Joseph Thomas,Books,267.69,6,1.6,,2023-10-09 06:58:31,MISSING_OR_INVALID_COUNTRY
TXN-0005177,James Rodriguez,Apparel,None,3,4.0,Netherlands,2023-03-11 13:53:26,MISSING_OR_UNPARSEABLE_PRICE
TXN-0008170,Thomas Perez,Electronics,765.2,4,4.2,,2023-01-07 12:47:04,MISSING_OR_INVALID_COUNTRY
TXN-0004452,Linda Thomas,Electronics,1462.54,8,-1.0,Brazil,2023-06-09 07:22:32,RATING_OUT_OF_BOUNDS
TXN-0001990,Jennifer Hernandez,Beauty & Personal Care,330.86,6,7.2,United States,2023-02-26 14:33:15,RATING_OUT_OF_BOUNDS
TXN-0002301,David Lopez,Electronics,120.18,,2.4,Canada,2023-09-20 07:07:51,MISSING_OR_UNPARSEABLE_QUANTITY
TXN-0010626,David Rodriguez,Toys & Games,608.06,3,-1.0,United States,2024-03-01 07:18:56,RATING_OUT_OF_BOUNDS
TXN-0011116,Karen Garcia,Sports & Outdoors,869.93,1,4.5,United Kingdom,2024-09-16 11:39:20,DUPLICATE_TRANSACTION_ID
TXN-0003337,Thomas Martinez,Apparel,754.74,3,,Brazil,2024-10-14 23:45:31,MISSING_OR_UNPARSEABLE_RATING
TXN-0003278,James White,Home & Kitchen,None,3,1.2,Australia,2023-06-10 22:36:24,MISSING_OR_UNPARSEABLE_PRICE
TXN-0001594,,Automotive,1342.91,4,1.1,Japan,2023-06-01 18:14:25,MISSING_CUSTOMER_NAME
TXN-0008960,Michael Perez,Home & Kitchen,-409.11,8,3.1,Brazil,2024-10-05 10:33:52,INVALID_PRICE_NON_POSITIVE
TXN-0005029,James Hernandez,Toys & Games,523.78,,3.1,Japan,2024-08-17 10:45:59,MISSING_OR_UNPARSEABLE_QUANTITY
TXN-0010529,Christopher Hernandez,Toys & Games,101.76,4,NULL,Australia,2024-06-11 09:12:20,MISSING_OR_UNPARSEABLE_RATING
TXN-0011906,Christopher Lopez,Beauty & Personal Care,682.23,,2.9,Japan,2023-02-17 19:15:22,MISSING_OR_UNPARSEABLE_QUANTITY
TXN-0001610,Mary Perez,Home & Kitchen,$76.85,7,2.3,United Kingdom,2024-12-31,DUPLICATE_TRANSACTION_ID
TXN-0011543,John Miller,Automotive,593.41,4,-1.0,Netherlands,2023-03-17 03:30:20,RATING_OUT_OF_BOUNDS
TXN-0011846,Patricia Moore,Automotive,-216.19,2,2.6,Canada,2024-11-14 10:02:11,INVALID_PRICE_NON_POSITIVE
TXN-0002992,None,Electronics,17.12,4,1.8,France,2023-08-22 00:37:51,MISSING_CUSTOMER_NAME
TXN-0009329,Richard Jones,bEAUTY & pERSONAL cARE,$447.85,7,2.3,Australia,2024-12-31,DUPLICATE_TRANSACTION_ID
TXN-0002884,Jennifer Martinez,Apparel,971.28,NULL,1.4,United Kingdom,2024-04-24 00:40:07,MISSING_OR_UNPARSEABLE_QUANTITY
TXN-0004998,Christopher Brown,Home & Kitchen,161.15,7,3.6,None,2023-06-03 15:41:52,MISSING_OR_INVALID_COUNTRY
TXN-0011156,Joseph Rodriguez,Sports & Outdoors,707.95,6,1.2,Netherlands,2024-12-05 07:21:30,DUPLICATE_TRANSACTION_ID
TXN-0005639,Elizabeth White,Sports & Outdoors,$437.59,4,,France,2024-12-31,MISSING_OR_UNPARSEABLE_RATING
TXN-0004345,Linda Lopez,Home & Kitchen,1307.41,3,2.0,France,,MISSING_OR_UNPARSEABLE_DATE
TXN-0010495,Mary Hernandez,Automotive,NULL,7,2.2,Netherlands,2024-03-02 14:03:33,MISSING_OR_UNPARSEABLE_PRICE
TXN-0008513,Barbara Gonzalez,Books,1092.59,1,N/A,United States,2024-06-07 11:21:37,MISSING_OR_UNPARSEABLE_RATING
TXN-0004408,Joseph Anderson,Sports & Outdoors,998.12,1,-1.0,Canada,2023-03-08 08:54:18,RATING_OUT_OF_BOUNDS
TXN-0006944,NULL,Home & Kitchen,850.01,8,3.9,France,2023-03-25 22:36:46,MISSING_CUSTOMER_NAME
TXN-0007578,Michael Perez,Books,1119.34,1,2.3,Australia,None,MISSING_OR_UNPARSEABLE_DATE
TXN-0001385,Michael White,Beauty & Personal Care,903.4,3,3.3,Brazil,None,MISSING_OR_UNPARSEABLE_DATE
TXN-0002505,Jennifer Davis,Beauty & Personal Care,74.87,4,,United Kingdom,2023-01-17 20:21:04,MISSING_OR_UNPARSEABLE_RATING
TXN-0002987,Barbara Hernandez,Home & Kitchen,1169.08,7,2.2,,2023-03-28 16:13:56,MISSING_OR_INVALID_COUNTRY
TXN-0010827,,Automotive,1102.45,3,3.1,Canada,2024-01-18 19:43:27,MISSING_CUSTOMER_NAME
TXN-0002186,None,Sports & Outdoors,691.9,5,2.2,Netherlands,2024-12-01 01:29:14,MISSING_CUSTOMER_NAME
TXN-0003571,Charles Martinez,Books,1489.32,7,-1.0,Germany,2024-11-17 09:30:45,RATING_OUT_OF_BOUNDS
TXN-0009344,Charles Brown,Books,995.39,8,7.2,France,2024-10-28 10:34:19,RATING_OUT_OF_BOUNDS
TXN-0003970,Richard White,Electronics,-728.49,3,4.2,Canada,2023-12-16 09:49:13,INVALID_PRICE_NON_POSITIVE
TXN-0010239,Thomas Hernandez,Home & Kitchen,299.58,8,3.0,,2023-01-06 06:57:41,MISSING_OR_INVALID_COUNTRY
TXN-0003841,None,Toys & Games,976.19,8,2.3,India,2024-06-14 07:47:18,MISSING_CUSTOMER_NAME
TXN-0006127,Mary Williams,Automotive,703.79,2,7.2,France,2024-06-17 06:06:54,RATING_OUT_OF_BOUNDS
TXN-0010227,Karen Smith,Automotive,361.56,4,NULL,Canada,2023-08-06 11:53:54,MISSING_OR_UNPARSEABLE_RATING
TXN-0009170,Daniel Miller,Electronics,1407.73,6,3.3,,2024-12-12 22:09:32,MISSING_OR_INVALID_COUNTRY
TXN-0012481,Christopher Williams,Sports & Outdoors,772.54,8,NULL,Netherlands,2023-10-14 19:38:45,MISSING_OR_UNPARSEABLE_RATING
TXN-0007649,Jessica Miller,Sports & Outdoors,1046.6,8,7.2,Australia,2023-01-19 02:33:57,RATING_OUT_OF_BOUNDS
TXN-0003951,Robert Lee,Electronics,136.95,None,1.4,United Kingdom,2023-12-29 23:31:18,MISSING_OR_UNPARSEABLE_QUANTITY
TXN-0001079,Mary Jackson,Toys & Games,-1409.39,7,4.9,United Kingdom,2023-05-15 22:19:28,INVALID_PRICE_NON_POSITIVE
TXN-0008819,Michael Taylor,Books,903.93,8,1.0,Germany,NULL,MISSING_OR_UNPARSEABLE_DATE
TXN-0009208,Sarah Garcia,Sports & Outdoors,1001.5,3,3.6,NULL,2023-05-08 15:44:21,MISSING_OR_INVALID_COUNTRY
TXN-0012269,Christopher Davis,Books,-709.09,4,3.1,Canada,2023-06-18 15:39:55,INVALID_PRICE_NON_POSITIVE
TXN-0007281,Nancy Miller,Books,$482.0,3,1.9,Australia,2024-12-31,DUPLICATE_TRANSACTION_ID
TXN-0005459,Mary Brown,Beauty & Personal Care,,4,4.6,Japan,2024-03-15 17:51:07,MISSING_OR_UNPARSEABLE_PRICE
TXN-0010119,James Anderson,Automotive,612.1,2,2.3,United Kingdom,NULL,MISSING_OR_UNPARSEABLE_DATE
TXN-0003574,Charles Lee,Sports & Outdoors,$396.66,6,2.4,India,2024-12-31,DUPLICATE_TRANSACTION_ID
TXN-0012293,Richard Williams,Sports & Outdoors,915.79,2,Five,Netherlands,2023-03-11 03:56:56,MISSING_OR_UNPARSEABLE_RATING
TXN-0010038,Christopher Thomas,Apparel,1439.64,5,7.2,France,2023-05-28 07:38:54,RATING_OUT_OF_BOUNDS
TXN-0003418,Mary Williams,Automotive,700.36,None,1.5,United States,2024-07-07 02:33:30,MISSING_OR_UNPARSEABLE_QUANTITY
TXN-0009130,Susan Moore,Beauty & Personal Care,104.5,4,1.3,NULL,2024-01-12 14:29:44,MISSING_OR_INVALID_COUNTRY
TXN-0000248,Joseph Garcia,Beauty & Personal Care,214.24,,1.7,United Kingdom,2024-11-21 18:57:23,MISSING_OR_UNPARSEABLE_QUANTITY
TXN-0000029,,Beauty & Personal Care,79.96,8,3.0,United States,2024-10-24 07:51:03,MISSING_CUSTOMER_NAME
TXN-0012454,Charles Taylor,Sports & Outdoors,6.2,4,2.9,,2024-05-09 01:46:42,MISSING_OR_INVALID_COUNTRY
TXN-0006256,Jennifer Jones,Beauty & Personal Care,641.31,4,N/A,United States,2023-06-13 19:38:44,MISSING_OR_UNPARSEABLE_RATING
TXN-0010632,Susan Williams,Toys & Games,972.0,6,7.2,France,2023-07-13 05:30:13,RATING_OUT_OF_BOUNDS
TXN-0004900,Sarah Martin,Toys & Games,948.59,,2.6,Australia,2024-09-08 07:20:41,MISSING_OR_UNPARSEABLE_QUANTITY
TXN-0009693,Sarah Davis,Electronics,861.88,,2.7,United States,2023-06-28 16:28:21,MISSING_OR_UNPARSEABLE_QUANTITY
TXN-0005690,Karen Gonzalez,Toys & Games,$10.59,1,3.1,Canada,2024-12-31,DUPLICATE_TRANSACTION_ID
TXN-0008351,Thomas Davis,Toys & Games,1077.9,1,N/A,United States,2024-04-17 00:02:41,MISSING_OR_UNPARSEABLE_RATING
TXN-0009687,Daniel Wilson,Toys & Games,1296.41,2,N/A,Canada,2024-06-20 23:01:41,MISSING_OR_UNPARSEABLE_RATING
TXN-0001765,Lisa Thomas,Automotive,1385.02,3,,Japan,2024-12-25 06:47:00,MISSING_OR_UNPARSEABLE_RATING
TXN-0001400,Linda Lopez,Toys & Games,-1078.84,1,2.4,Japan,2024-09-04 03:55:35,INVALID_PRICE_NON_POSITIVE
TXN-0001475,Robert Brown,Books,442.06,2,Five,Australia,2024-09-12 20:21:40,MISSING_OR_UNPARSEABLE_RATING
TXN-0007416,James Anderson,Beauty & Personal Care,1457.88,5,2.2,India,NULL,MISSING_OR_UNPARSEABLE_DATE
TXN-0004327,Michael Thompson,Electronics,297.72,7,7.2,Australia,2024-05-01 17:42:45,RATING_OUT_OF_BOUNDS
TXN-0006624,Lisa Anderson,Toys & Games,340.93,,1.5,Brazil,2024-01-02 06:45:23,MISSING_OR_UNPARSEABLE_QUANTITY
TXN-0007482,Barbara Lopez,Beauty & Personal Care,886.39,1,N/A,Netherlands,2023-07-28 00:04:03,MISSING_OR_UNPARSEABLE_RATING
TXN-0010652,Jennifer Taylor,Electronics,1005.99,5,2.4,NULL,2023-12-03 02:21:38,MISSING_OR_INVALID_COUNTRY
TXN-0010344,Jessica Rodriguez,Apparel,392.34,2,2.5,India,NULL,MISSING_OR_UNPARSEABLE_DATE
TXN-0002803,Karen Martinez,Books,1160.84,None,4.1,United Kingdom,2024-04-18 20:47:25,MISSING_OR_UNPARSEABLE_QUANTITY
TXN-0012406,Robert Thompson,Apparel,418.62,8,0.0,United States,2023-06-08 02:21:14,RATING_OUT_OF_BOUNDS
TXN-0012304,Lisa Thomas,Electronics,282.01,6,-1.0,United States,2024-05-10 01:58:24,RATING_OUT_OF_BOUNDS
TXN-0006847,,Books,494.49,1,4.3,France,2024-03-03 14:15:53,MISSING_CUSTOMER_NAME
TXN-0007590,David Thomas,Apparel,137.64,7,N/A,France,2024-07-30 07:29:10,MISSING_OR_UNPARSEABLE_RATING
TXN-0011976,Barbara Gonzalez,Home & Kitchen,-684.85,1,3.0,United States,2024-05-03 01:16:59,INVALID_PRICE_NON_POSITIVE
TXN-0007291,Susan Martin,Sports & Outdoors,-279.0,5,4.2,Brazil,2023-12-30 08:39:45,INVALID_PRICE_NON_POSITIVE
TXN-0003093,Barbara Johnson,Home & Kitchen,651.27,8,,Netherlands,2023-01-22 12:31:45,MISSING_OR_UNPARSEABLE_RATING
TXN-0009431,Karen Garcia,Books,801.52,3,6.5,France,2023-08-19 01:07:20,RATING_OUT_OF_BOUNDS
TXN-0002175,Jennifer Garcia,Home & Kitchen,16.83,4,,Netherlands,2024-05-08 09:01:42,MISSING_OR_UNPARSEABLE_RATING
TXN-0007215,Christopher Williams,Books,46.43,4,Five,Australia,2023-11-17 13:23:46,MISSING_OR_UNPARSEABLE_RATING
TXN-0001217,James Wilson,Home & Kitchen,-838.82,4,3.8,India,2023-01-31 03:31:18,INVALID_PRICE_NON_POSITIVE
TXN-0007213,Richard Taylor,Books,1307.42,1,Five,Netherlands,2024-09-12 20:21:13,MISSING_OR_UNPARSEABLE_RATING
TXN-0012317,,Home & Kitchen,1430.8,2,2.9,Netherlands,2024-12-28 23:13:48,MISSING_CUSTOMER_NAME
TXN-0010233,Karen Lee,Automotive,NULL,5,3.6,United States,2024-09-09 11:57:00,MISSING_OR_UNPARSEABLE_PRICE
TXN-0001501,Susan Thomas,Electronics,949.11,6,3.5,France,,MISSING_OR_UNPARSEABLE_DATE
TXN-0012144,,Sports & Outdoors,671.84,7,4.3,United States,2023-12-29 09:25:36,MISSING_CUSTOMER_NAME
TXN-0006596,Linda Brown,Home & Kitchen,660.58,7,-1.0,Brazil,2023-11-16 08:03:37,RATING_OUT_OF_BOUNDS
TXN-0002210,Daniel Brown,Electronics,494.97,3,7.2,France,2024-07-09 01:44:12,RATING_OUT_OF_BOUNDS
TXN-0003823,Jennifer Miller,Books,1294.43,3,6.5,Japan,2023-03-21 12:10:00,RATING_OUT_OF_BOUNDS
TXN-0001355,Charles Williams,Home & Kitchen,,2,3.3,Brazil,2023-12-30 20:28:52,MISSING_OR_UNPARSEABLE_PRICE
TXN-0005846,David Miller,Automotive,180.71,4,3.6,United States,2024-07-04 14:09:42,DUPLICATE_TRANSACTION_ID
TXN-0005981,Michael Smith,Electronics,$254.68,4,N/A,Japan,2024-12-31,MISSING_OR_UNPARSEABLE_RATING
TXN-0010032,David Thomas,Sports & Outdoors,1137.23,8,0.0,United States,2024-12-11 20:01:25,RATING_OUT_OF_BOUNDS
TXN-0008987,Sarah Martinez,Books,1158.91,3,2.0,None,2023-03-25 10:08:35,MISSING_OR_INVALID_COUNTRY
TXN-0008709,Joseph Wilson,Home & Kitchen,700.4,1,7.2,Australia,2024-07-21 07:02:46,RATING_OUT_OF_BOUNDS
TXN-0007290,Karen Perez,Electronics,827.46,3,6.5,United Kingdom,2024-12-31 23:14:47,RATING_OUT_OF_BOUNDS
TXN-0010638,Jennifer Lopez,Books,210.61,,3.6,United Kingdom,2024-12-03 18:26:15,MISSING_OR_UNPARSEABLE_QUANTITY
TXN-0008805,Robert Thompson,Toys & Games,742.63,8,1.9,Brazil,,MISSING_OR_UNPARSEABLE_DATE
TXN-0000327,Robert Thompson,Sports & Outdoors,-70.63,4,4.6,Canada,2024-02-08 17:00:50,INVALID_PRICE_NON_POSITIVE
TXN-0003459,Jennifer Martinez,Apparel,574.79,3,1.4,NULL,2023-10-01 18:30:38,MISSING_OR_INVALID_COUNTRY
TXN-0009248,Elizabeth Anderson,Toys & Games,,3,3.8,United Kingdom,2023-05-16 03:42:19,MISSING_OR_UNPARSEABLE_PRICE
TXN-0008129,Michael Perez,Sports & Outdoors,440.44,8,-1.0,Brazil,2023-11-03 00:01:08,RATING_OUT_OF_BOUNDS
TXN-0005398,Charles Martin,Apparel,626.71,None,4.3,United Kingdom,2023-10-29 21:12:29,MISSING_OR_UNPARSEABLE_QUANTITY
TXN-0008980,Michael Miller,Electronics,1194.95,5,,Germany,2024-02-26 14:01:41,MISSING_OR_UNPARSEABLE_RATING
TXN-0001885,David Brown,Toys & Games,$452.77,6,3.3,United Kingdom,2024-12-31,DUPLICATE_TRANSACTION_ID
TXN-0006851,Mary Anderson,Electronics,307.2,4,N/A,France,2023-03-20 15:33:33,MISSING_OR_UNPARSEABLE_RATING
TXN-0004778,Richard Martinez,Toys & Games,1082.67,8,,France,2023-12-27 00:56:35,MISSING_OR_UNPARSEABLE_RATING
TXN-0002738,Mary Williams,Electronics,1333.42,2,2.6,United Kingdom,NULL,MISSING_OR_UNPARSEABLE_DATE
TXN-0003595,Susan Rodriguez,Electronics,58.54,None,3.1,India,2024-08-14 08:37:36,MISSING_OR_UNPARSEABLE_QUANTITY
TXN-0012446,John Davis,Sports & Outdoors,-569.45,1,3.8,Germany,2024-07-13 05:15:38,INVALID_PRICE_NON_POSITIVE
TXN-0006713,None,Home & Kitchen,195.03,3,3.9,Australia,2024-11-01 23:43:31,MISSING_CUSTOMER_NAME
TXN-0003429,Patricia Garcia,Home & Kitchen,1243.33,3,Five,Brazil,2023-11-12 11:43:26,MISSING_OR_UNPARSEABLE_RATING
TXN-0010735,Jennifer Smith,Toys & Games,1378.17,8,NULL,Germany,2024-05-28 08:03:15,MISSING_OR_UNPARSEABLE_RATING
TXN-0011005,Daniel Thomas,Beauty & Personal Care,57.13,7,0.0,Brazil,2023-05-10 08:01:52,RATING_OUT_OF_BOUNDS
TXN-0001293,Sarah White,Toys & Games,266.97,2,1.5,None,2023-04-23 08:21:55,MISSING_OR_INVALID_COUNTRY
TXN-0007433,Elizabeth Lopez,Apparel,806.51,7,Five,Brazil,2023-12-02 09:07:19,MISSING_OR_UNPARSEABLE_RATING
TXN-0010490,Karen Martin,Toys & Games,NULL,2,2.9,Germany,2023-05-14 21:06:13,MISSING_OR_UNPARSEABLE_PRICE
TXN-0011259,Susan Anderson,Books,101.04,8,4.5,Germany,None,MISSING_OR_UNPARSEABLE_DATE
TXN-0008037,Christopher Rodriguez,Beauty & Personal Care,652.59,4,7.2,Netherlands,2024-05-23 21:02:26,RATING_OUT_OF_BOUNDS
TXN-0001255,Sarah Wilson,Beauty & Personal Care,$258.4,6,4.4,United Kingdom,2024-12-31,DUPLICATE_TRANSACTION_ID
TXN-0005394,Elizabeth Brown,Beauty & Personal Care,-911.29,4,2.8,Canada,2024-10-10 11:55:21,INVALID_PRICE_NON_POSITIVE
TXN-0000108,Richard Rodriguez,Electronics,1298.28,1,6.5,Netherlands,2024-08-01 19:00:56,RATING_OUT_OF_BOUNDS
TXN-0003877,Barbara Thompson,Electronics,1336.16,3,N/A,Japan,2024-02-21 11:40:27,MISSING_OR_UNPARSEABLE_RATING
TXN-0001167,William White,Electronics,58.22,4,-1.0,Canada,2023-12-02 04:01:59,RATING_OUT_OF_BOUNDS
TXN-0008984,Barbara Wilson,Sports & Outdoors,236.37,4,1.8,Germany,,MISSING_OR_UNPARSEABLE_DATE
TXN-0008087,Thomas Lee,Home & Kitchen,None,4,2.0,Germany,2023-06-14 09:29:45,MISSING_OR_UNPARSEABLE_PRICE
TXN-0002496,William White,Beauty & Personal Care,150.13,6,0.0,Germany,2024-12-13 22:54:46,RATING_OUT_OF_BOUNDS
TXN-0004129,Barbara Rodriguez,Beauty & Personal Care,,3,2.3,Australia,2024-11-28 03:22:35,MISSING_OR_UNPARSEABLE_PRICE
TXN-0000243,Lisa Brown,Automotive,1044.96,4,,Germany,2023-07-05 21:27:08,MISSING_OR_UNPARSEABLE_RATING
TXN-0008300,Joseph Taylor,Toys & Games,1383.54,5,N/A,Brazil,2024-02-23 15:39:50,MISSING_OR_UNPARSEABLE_RATING
TXN-0012071,Daniel Davis,Apparel,$112.93,1,1.7,United States,2024-12-31,DUPLICATE_TRANSACTION_ID
TXN-0001574,Jennifer Lee,Automotive,372.22,8,3.9,Australia,None,MISSING_OR_UNPARSEABLE_DATE
TXN-0007722,Karen Thomas,Sports & Outdoors,-1487.36,2,3.3,Japan,2023-08-19 06:04:28,INVALID_PRICE_NON_POSITIVE
TXN-0009428,Lisa Williams,  Toys & Games  ,1197.47,6,3.5,Japan,2023-12-18 13:16:42,DUPLICATE_TRANSACTION_ID
TXN-0007172,William Martinez,Sports & Outdoors,1145.26,5,2.1,,2024-08-01 21:17:18,MISSING_OR_INVALID_COUNTRY
TXN-0009229,NULL,Electronics,1111.34,2,3.4,Netherlands,2023-07-26 08:35:18,MISSING_CUSTOMER_NAME
TXN-0010182,Jennifer White,Electronics,1229.13,2,,Brazil,2024-07-23 22:23:21,MISSING_OR_UNPARSEABLE_RATING
TXN-0007545,Lisa Jackson,Toys & Games,404.87,7,Five,India,2024-04-06 12:28:34,MISSING_OR_UNPARSEABLE_RATING
TXN-0003237,Barbara Garcia,Books,204.07,1,2.3,,2024-10-12 11:15:38,MISSING_OR_INVALID_COUNTRY
TXN-0004826,Christopher Williams,Books,838.21,1,0.0,Japan,2024-08-23 02:23:49,RATING_OUT_OF_BOUNDS
TXN-0012400,Mary Martinez,Automotive,303.88,,2.1,Canada,2023-06-28 05:34:29,MISSING_OR_UNPARSEABLE_QUANTITY
TXN-0008862,Sarah Brown,Apparel,None,2,1.5,United States,2024-08-14 17:25:51,MISSING_OR_UNPARSEABLE_PRICE
TXN-0000477,Nancy Brown,Books,-1175.75,3,1.4,India,2024-01-30 20:12:37,INVALID_PRICE_NON_POSITIVE
TXN-0010679,James Jones,Electronics,606.09,5,0.0,Germany,2024-10-05 02:00:13,RATING_OUT_OF_BOUNDS
TXN-0009888,Richard Hernandez,Sports & Outdoors,664.2,7,4.0,India,2023-03-05 13:34:03,DUPLICATE_TRANSACTION_ID
TXN-0003333,Sarah Johnson,Toys & Games,120.97,5,Five,Japan,2024-10-31 08:29:03,MISSING_OR_UNPARSEABLE_RATING
TXN-0007491,Linda Martin,Books,417.63,7,,Japan,2023-07-27 18:42:43,MISSING_OR_UNPARSEABLE_RATING
TXN-0012282,John Gonzalez,Sports & Outdoors,1381.38,1,6.5,India,2023-10-03 04:22:01,RATING_OUT_OF_BOUNDS
TXN-0003507,Christopher Anderson,Toys & Games,477.71,4,3.7,,2024-05-02 02:00:19,MISSING_OR_INVALID_COUNTRY
TXN-0007858,,Electronics,1258.49,3,2.3,United States,2023-11-02 03:03:21,MISSING_CUSTOMER_NAME
TXN-0008771,Linda Gonzalez,Electronics,596.04,4,1.9,,2023-08-03 07:16:47,MISSING_OR_INVALID_COUNTRY
TXN-0000694,James Williams,Automotive,1463.88,7,1.8,Canada,,MISSING_OR_UNPARSEABLE_DATE
TXN-0009158,William Smith,SPORTS & OUTDOORS,$375.55,1,3.4,Netherlands,2024-12-31,DUPLICATE_TRANSACTION_ID
TXN-0007862,Christopher Garcia,Beauty & Personal Care,-689.56,4,3.4,United Kingdom,2024-12-03 03:11:35,INVALID_PRICE_NON_POSITIVE
TXN-0007168,Richard Brown,  Electronics  ,262.95,1,2.0,France,2024-01-03 05:04:13,DUPLICATE_TRANSACTION_ID
TXN-0005746,Joseph Thomas,Beauty & Personal Care,693.83,6,0.0,Brazil,2023-03-09 02:55:22,RATING_OUT_OF_BOUNDS
TXN-0009729,None,Automotive,379.02,3,3.6,Australia,2024-11-11 19:12:16,MISSING_CUSTOMER_NAME
TXN-0002367,Robert Brown,Home & Kitchen,360.46,1,Five,France,2023-12-10 00:19:48,MISSING_OR_UNPARSEABLE_RATING
TXN-0005540,,Books,1110.86,6,4.5,Australia,2023-04-23 07:48:03,MISSING_CUSTOMER_NAME
TXN-0001740,William Hernandez,Beauty & Personal Care,1227.01,3,7.2,United States,2023-03-26 11:41:18,RATING_OUT_OF_BOUNDS
TXN-0001642,James Wilson,Electronics,1204.57,5,3.1,,2024-11-29 15:46:53,MISSING_OR_INVALID_COUNTRY
TXN-0010524,Thomas Anderson,Apparel,$471.63,4,3.6,Brazil,2024-12-31,DUPLICATE_TRANSACTION_ID
TXN-0003729,None,Beauty & Personal Care,1046.48,6,3.2,Japan,2023-12-08 04:06:59,MISSING_CUSTOMER_NAME
TXN-0011330,Elizabeth Lee,Books,32.39,4,Five,United Kingdom,2024-05-25 05:14:53,MISSING_OR_UNPARSEABLE_RATING
TXN-0011816,Richard Lopez,Electronics,-683.13,7,1.8,Canada,2024-12-02 14:33:18,INVALID_PRICE_NON_POSITIVE
TXN-0006611,Jennifer Smith,Home & Kitchen,1065.6,2,,France,2023-07-04 16:27:30,MISSING_OR_UNPARSEABLE_RATING
TXN-0000566,Karen Davis,Books,542.1,None,1.5,United States,2024-10-19 05:09:35,MISSING_OR_UNPARSEABLE_QUANTITY
TXN-0005210,John Garcia,Books,1465.8,1,1.5,None,2023-12-20 05:16:37,MISSING_OR_INVALID_COUNTRY
TXN-0007700,Daniel Davis,Toys & Games,244.23,4,None,Canada,2023-03-12 15:08:51,MISSING_OR_UNPARSEABLE_RATING
TXN-0010769,Jennifer Williams,Sports & Outdoors,598.88,5,3.8,United Kingdom,2024-06-18 01:28:59,DUPLICATE_TRANSACTION_ID
TXN-0004311,William Taylor,Automotive,556.94,2,4.1,India,,MISSING_OR_UNPARSEABLE_DATE
TXN-0003208,Joseph Brown,Apparel,1332.65,4,2.8,Japan,None,MISSING_OR_UNPARSEABLE_DATE
TXN-0010465,Elizabeth Smith,Apparel,1417.9,,4.3,Germany,2023-10-03 12:57:22,MISSING_OR_UNPARSEABLE_QUANTITY
TXN-0007852,James Jackson,Automotive,126.54,2,1.0,Australia,None,MISSING_OR_UNPARSEABLE_DATE
TXN-0006610,NULL,Home & Kitchen,1179.72,7,1.6,United States,2023-01-13 20:36:41,MISSING_CUSTOMER_NAME
TXN-0000700,None,Electronics,235.27,5,4.8,United States,2024-10-09 23:25:04,MISSING_CUSTOMER_NAME
TXN-0007188,Barbara Johnson,Books,NULL,1,1.0,India,2023-07-19 08:19:53,MISSING_OR_UNPARSEABLE_PRICE
TXN-0000091,NULL,Automotive,86.04,6,3.5,Japan,2024-01-23 04:35:05,MISSING_CUSTOMER_NAME
TXN-0003026,NULL,Automotive,624.0,2,4.8,Netherlands,2023-07-28 04:26:37,MISSING_CUSTOMER_NAME
TXN-0011395,Susan Davis,Apparel,-254.88,3,4.2,Brazil,2023-11-09 13:05:46,INVALID_PRICE_NON_POSITIVE
TXN-0005039,Richard Brown,Automotive,279.77,5,7.2,Japan,2024-06-24 20:35:15,RATING_OUT_OF_BOUNDS
TXN-0004596,Karen Wilson,toys & games,622.92,1,2.4,Germany,2024-01-13 02:57:35,DUPLICATE_TRANSACTION_ID
TXN-0004578,Sarah Martinez,Apparel,464.65,7,0.0,India,2023-05-08 20:33:09,RATING_OUT_OF_BOUNDS
TXN-0006103,Michael Wilson,Sports & Outdoors,647.15,4,6.5,Japan,2023-11-28 00:46:01,RATING_OUT_OF_BOUNDS
TXN-0010178,Barbara Martin,Beauty & Personal Care,1476.79,3,4.6,Japan,11/07/2023,DUPLICATE_TRANSACTION_ID
TXN-0005588,Barbara White,Books,942.26,5,3.2,Brazil,None,MISSING_OR_UNPARSEABLE_DATE
TXN-0011599,Joseph Lee,Toys & Games,-14.92,4,3.4,United States,2024-05-02 13:55:35,DUPLICATE_TRANSACTION_ID
TXN-0004251,Barbara Thomas,Automotive,-1156.09,8,2.8,India,2023-10-09 06:15:23,INVALID_PRICE_NON_POSITIVE
TXN-0002921,Sarah Williams,Apparel,337.41,8,N/A,Germany,2023-03-10 22:55:41,MISSING_OR_UNPARSEABLE_RATING
TXN-0004974,Richard Miller,Automotive,925.57,NULL,3.4,France,2023-02-11 04:17:52,MISSING_OR_UNPARSEABLE_QUANTITY
TXN-0002227,Michael Martinez,Books,758.3,2,3.0,None,2023-06-09 15:39:47,MISSING_OR_INVALID_COUNTRY
TXN-0006493,Christopher Jones,Automotive,640.59,5,3.1,Brazil,2023-12-09 15:36:53,DUPLICATE_TRANSACTION_ID
TXN-0009025,Barbara Davis,Beauty & Personal Care,-379.25,4,1.3,Japan,2024-10-10 12:55:39,INVALID_PRICE_NON_POSITIVE
TXN-0006952,William Perez,Home & Kitchen,1248.99,6,4.7,,2024-02-24 19:54:08,MISSING_OR_INVALID_COUNTRY
TXN-0008131,Jennifer Thomas,Sports & Outdoors,1365.04,,4.9,United States,2023-12-06 09:57:16,MISSING_OR_UNPARSEABLE_QUANTITY
TXN-0007010,Mary Perez,Sports & Outdoors,307.75,1,1.3,Germany,2023-11-04 22:04:23,DUPLICATE_TRANSACTION_ID
TXN-0009527,Richard Davis,Home & Kitchen,$85.62,3,4.6,India,2024-12-31,DUPLICATE_TRANSACTION_ID
TXN-0010716,David Johnson,Beauty & Personal Care,83.37,8,1.5,None,2023-10-21 07:10:40,MISSING_OR_INVALID_COUNTRY
TXN-0010700,Jennifer Anderson,Automotive,$33.72,2,1.7,India,2024-12-31,DUPLICATE_TRANSACTION_ID
TXN-0001950,Patricia Anderson,Automotive,439.73,2,7.2,India,2023-04-18 03:56:32,RATING_OUT_OF_BOUNDS
TXN-0002855,Nancy Martinez,Apparel,565.02,5,3.0,Canada,,MISSING_OR_UNPARSEABLE_DATE
TXN-0006345,Richard Brown,Apparel,-380.75,7,2.4,United States,2023-09-11 15:48:36,INVALID_PRICE_NON_POSITIVE
TXN-0003847,Daniel Gonzalez,Automotive,1453.13,,3.2,France,2024-06-11 05:27:30,MISSING_OR_UNPARSEABLE_QUANTITY
TXN-0008550,Patricia Jackson,Books,1049.57,,4.7,Japan,2023-01-22 14:32:34,MISSING_OR_UNPARSEABLE_QUANTITY
TXN-0001573,Charles Taylor,Apparel,1088.27,None,3.6,Canada,2023-06-09 19:09:23,MISSING_OR_UNPARSEABLE_QUANTITY
TXN-0007050,Linda Lopez,Automotive,1162.75,3,Five,Canada,2023-09-08 15:28:57,MISSING_OR_UNPARSEABLE_RATING
TXN-0002396,William Williams,Electronics,895.45,4,,United States,2023-09-19 22:09:53,MISSING_OR_UNPARSEABLE_RATING
TXN-0008094,Nancy Wilson,Toys & Games,1465.59,2,,France,2023-01-15 05:14:33,MISSING_OR_UNPARSEABLE_RATING
TXN-0004325,Patricia Williams,Automotive,482.63,8,1.7,India,,MISSING_OR_UNPARSEABLE_DATE
TXN-0000881,None,Home & Kitchen,1352.71,5,4.4,Australia,2024-02-03 07:07:00,MISSING_CUSTOMER_NAME
TXN-0002223,Susan Thomas,Toys & Games,1044.28,1,6.5,France,2023-05-15 11:26:13,RATING_OUT_OF_BOUNDS
TXN-0000810,Daniel Taylor,Home & Kitchen,-510.76,7,4.9,Canada,2023-05-08 15:14:02,INVALID_PRICE_NON_POSITIVE
TXN-0002155,Charles Brown,Apparel,None,5,3.5,Australia,2024-04-05 17:36:48,MISSING_OR_UNPARSEABLE_PRICE
TXN-0009342,,Automotive,1452.62,4,4.6,Japan,2023-01-12 14:18:49,MISSING_CUSTOMER_NAME
TXN-0005565,Jessica Miller,Apparel,1138.43,6,4.6,,2024-02-01 05:01:10,MISSING_OR_INVALID_COUNTRY
TXN-0010500,Susan Lee,Home & Kitchen,574.69,3,2.6,Germany,None,MISSING_OR_UNPARSEABLE_DATE
TXN-0002755,Susan Lopez,Toys & Games,1155.65,,2.2,Japan,2024-04-16 16:03:57,MISSING_OR_UNPARSEABLE_QUANTITY
TXN-0008028,Sarah Miller,Apparel,122.57,7,4.8,Canada,None,MISSING_OR_UNPARSEABLE_DATE
TXN-0004458,James Smith,Beauty & Personal Care,1377.74,6,-1.0,Germany,2024-01-30 08:18:57,RATING_OUT_OF_BOUNDS
TXN-0004276,Barbara Miller,Toys & Games,560.71,,4.5,Netherlands,2023-09-11 03:40:39,MISSING_OR_UNPARSEABLE_QUANTITY
TXN-0004208,Thomas White,Toys & Games,$327.95,1,2.5,Canada,2024-12-31,DUPLICATE_TRANSACTION_ID
TXN-0004403,Mary Hernandez,Home & Kitchen,1000.49,,1.1,Netherlands,2023-02-27 04:03:19,MISSING_OR_UNPARSEABLE_QUANTITY
TXN-0011550,Daniel Wilson,Apparel,615.58,None,3.7,United Kingdom,2024-08-05 07:20:36,MISSING_OR_UNPARSEABLE_QUANTITY
TXN-0003276,Susan Jackson,Electronics,-1420.68,3,1.6,United Kingdom,2024-03-14 06:04:47,INVALID_PRICE_NON_POSITIVE
TXN-0002958,Karen Rodriguez,Beauty & Personal Care,87.34,,3.7,United Kingdom,2024-12-27 04:27:46,MISSING_OR_UNPARSEABLE_QUANTITY
TXN-0011323,Patricia Wilson,Beauty & Personal Care,1242.82,None,3.5,India,2024-09-17 09:53:05,MISSING_OR_UNPARSEABLE_QUANTITY
TXN-0003701,Nancy Perez,Beauty & Personal Care,463.81,4,2.5,,2024-04-14 11:01:39,MISSING_OR_INVALID_COUNTRY
TXN-0000165,Jessica Thompson,APPAREL,675.66,1,4.6,India,2023-01-15 18:15:29,DUPLICATE_TRANSACTION_ID
TXN-0000460,Mary Lee,Beauty & Personal Care,1057.09,5,4.3,Canada,NULL,MISSING_OR_UNPARSEABLE_DATE
TXN-0009209,James Lee,Home & Kitchen,,3,3.7,India,2024-07-10 11:35:01,MISSING_OR_UNPARSEABLE_PRICE
TXN-0007503,Karen Lopez,Books,472.09,2,7.2,Japan,2024-10-25 06:57:29,RATING_OUT_OF_BOUNDS
TXN-0002990,Jennifer Rodriguez,Apparel,788.87,4,2.2,,2024-05-29 19:49:57,MISSING_OR_INVALID_COUNTRY
TXN-0009482,Jessica Brown,Books,384.09,4,4.7,,2023-11-16 18:06:20,MISSING_OR_INVALID_COUNTRY
TXN-0005262,Jennifer Garcia,aPPAREL,702.84,6,4.7,Brazil,2024-03-15 22:40:15,DUPLICATE_TRANSACTION_ID
TXN-0009172,David Johnson,Automotive,541.86,4,N/A,Japan,2023-09-03 19:46:32,MISSING_OR_UNPARSEABLE_RATING
TXN-0008396,Jennifer Miller,Automotive,469.2,4,Five,Australia,2023-08-26 13:59:22,MISSING_OR_UNPARSEABLE_RATING
TXN-0007249,Michael Williams,Home & Kitchen,-498.2,2,1.6,Japan,2024-12-13 13:46:15,INVALID_PRICE_NON_POSITIVE
TXN-0003042,Nancy Garcia,Toys & Games,983.24,7,0.0,France,2023-11-30 12:35:27,RATING_OUT_OF_BOUNDS
TXN-0002126,Susan Miller,Electronics,,6,4.0,United Kingdom,2024-06-28 14:02:13,MISSING_OR_UNPARSEABLE_PRICE
TXN-0001032,Christopher Jones,Beauty & Personal Care,588.95,None,4.3,United Kingdom,2023-03-29 21:31:49,MISSING_OR_UNPARSEABLE_QUANTITY
TXN-0006894,Robert Anderson,Home & Kitchen,1432.75,6,Five,Netherlands,2023-03-14 00:48:43,MISSING_OR_UNPARSEABLE_RATING
TXN-0009947,NULL,Electronics,1130.11,2,1.7,United States,2024-06-10 07:22:39,MISSING_CUSTOMER_NAME
TXN-0000043,,Sports & Outdoors,964.02,7,3.7,Australia,2024-10-17 06:59:02,MISSING_CUSTOMER_NAME
TXN-0001012,Lisa Gonzalez,Automotive,1306.03,2,Five,Brazil,2024-08-06 02:34:49,MISSING_OR_UNPARSEABLE_RATING
TXN-0012281,Mary Thomas,Automotive,396.59,6,2.3,,2024-09-24 05:11:35,MISSING_OR_INVALID_COUNTRY
TXN-0001016,William Johnson,Books,804.22,1,None,Germany,2024-05-06 10:03:49,MISSING_OR_UNPARSEABLE_RATING
TXN-0004136,Elizabeth Gonzalez,Electronics,706.29,7,0.0,Canada,2023-04-29 06:07:29,RATING_OUT_OF_BOUNDS
TXN-0011841,Christopher Wilson,Books,$107.8,4,4.9,United Kingdom,2024-12-31,DUPLICATE_TRANSACTION_ID
TXN-0005751,James Miller,Sports & Outdoors,,2,2.4,Netherlands,2023-10-23 22:00:18,MISSING_OR_UNPARSEABLE_PRICE
TXN-0001725,Patricia Moore,Electronics,$31.69,4,3.4,Netherlands,2024-12-31,DUPLICATE_TRANSACTION_ID
TXN-0001495,Susan Anderson,Automotive,1385.55,7,-1.0,Australia,2024-11-29 08:14:39,RATING_OUT_OF_BOUNDS
TXN-0002545,William Rodriguez,Apparel,None,2,2.4,United States,2024-02-17 00:14:00,MISSING_OR_UNPARSEABLE_PRICE
TXN-0001389,Robert Thomas,Apparel,None,3,3.6,Germany,2023-10-31 16:45:43,MISSING_OR_UNPARSEABLE_PRICE
TXN-0005840,,Sports & Outdoors,671.64,2,2.9,Japan,2024-04-08 11:10:23,MISSING_CUSTOMER_NAME
TXN-0003322,William Perez,Automotive,125.5,7,Five,United Kingdom,2023-05-23 06:22:42,MISSING_OR_UNPARSEABLE_RATING
TXN-0009264,Mary Moore,Home & Kitchen,$321.53,4,4.8,France,2024-12-31,DUPLICATE_TRANSACTION_ID
TXN-0003098,Jennifer Martinez,Automotive,876.32,3,2.5,Germany,NULL,MISSING_OR_UNPARSEABLE_DATE
TXN-0008515,William Rodriguez,Books,1043.16,8,N/A,United States,2023-05-14 15:47:38,MISSING_OR_UNPARSEABLE_RATING
TXN-0011058,Patricia Williams,Toys & Games,-224.64,8,2.0,Brazil,2024-11-09 03:04:24,INVALID_PRICE_NON_POSITIVE
TXN-0003064,Nancy White,Beauty & Personal Care,515.42,3,-1.0,Japan,2024-09-05 19:18:23,RATING_OUT_OF_BOUNDS
TXN-0010019,Patricia Martinez,Beauty & Personal Care,24.2,8,,Netherlands,2024-05-03 22:03:51,MISSING_OR_UNPARSEABLE_RATING
TXN-0001502,Karen Jones,Sports & Outdoors,1088.51,3,2.5,Australia,03-Jan-2024,DUPLICATE_TRANSACTION_ID
TXN-0001094,John Anderson,Apparel,1437.36,None,3.3,United States,2023-08-16 22:44:36,MISSING_OR_UNPARSEABLE_QUANTITY
TXN-0006683,Susan Wilson,Books,-907.12,7,2.5,France,2023-02-11 20:05:18,INVALID_PRICE_NON_POSITIVE
TXN-0004300,Joseph Moore,Toys & Games,-294.82,7,4.1,Japan,2023-08-18 15:49:21,INVALID_PRICE_NON_POSITIVE
TXN-0001301,Linda Williams,Sports & Outdoors,1241.33,7,3.5,,2023-09-13 08:22:54,MISSING_OR_INVALID_COUNTRY
TXN-0007510,Thomas Miller,Toys & Games,64.38,3,3.0,,2023-09-25 20:56:04,MISSING_OR_INVALID_COUNTRY
TXN-0008339,Linda Martin,Toys & Games,890.32,6,2.2,,2024-04-05 18:51:52,MISSING_OR_INVALID_COUNTRY
TXN-0012039,Thomas Jackson,Automotive,None,6,2.9,France,2024-05-27 20:04:04,MISSING_OR_UNPARSEABLE_PRICE
TXN-0011292,Daniel Williams,Apparel,1137.19,3,6.5,France,2024-10-27 03:48:34,RATING_OUT_OF_BOUNDS
TXN-0007428,David Davis,Beauty & Personal Care,-945.11,5,1.5,Germany,2024-11-01 10:53:48,INVALID_PRICE_NON_POSITIVE
TXN-0001477,James Thomas,Beauty & Personal Care,-82.76,4,3.8,United Kingdom,2023-07-24 08:47:20,INVALID_PRICE_NON_POSITIVE
TXN-0005807,Karen Jones,Books,-385.34,5,1.2,France,2023-10-15 07:07:22,INVALID_PRICE_NON_POSITIVE
TXN-0005922,,Electronics,445.3,8,1.3,Australia,2024-01-03 09:01:00,MISSING_CUSTOMER_NAME
TXN-0001238,Jessica Rodriguez,Toys & Games,1112.06,3,1.1,,2024-06-19 03:50:46,MISSING_OR_INVALID_COUNTRY
TXN-0008845,Nancy White,Electronics,379.68,3,6.5,Netherlands,2023-08-27 15:23:50,RATING_OUT_OF_BOUNDS
TXN-0010397,Christopher Lee,Books,None,5,2.1,Brazil,2024-08-19 17:18:23,MISSING_OR_UNPARSEABLE_PRICE
TXN-0007513,Daniel Jackson,Sports & Outdoors,1465.32,2,N/A,India,2024-02-01 22:41:06,MISSING_OR_UNPARSEABLE_RATING
TXN-0008887,David Perez,Beauty & Personal Care,1397.93,6,None,Canada,2023-06-28 21:52:34,MISSING_OR_UNPARSEABLE_RATING
TXN-0004068,Michael Lee,Home & Kitchen,145.36,3,Five,Canada,2023-03-03 01:14:55,MISSING_OR_UNPARSEABLE_RATING
TXN-0001364,Lisa Martin,Beauty & Personal Care,625.62,4,7.2,Australia,2024-09-13 05:11:19,RATING_OUT_OF_BOUNDS
TXN-0010013,Sarah Johnson,Beauty & Personal Care,75.29,6,0.0,United States,2023-12-02 04:52:04,RATING_OUT_OF_BOUNDS
TXN-0003048,Robert Garcia,Home & Kitchen,859.22,1,6.5,Japan,2024-02-01 03:54:37,RATING_OUT_OF_BOUNDS
TXN-0007465,Jessica Lopez,Toys & Games,456.07,4,Five,India,2024-07-14 13:18:32,MISSING_OR_UNPARSEABLE_RATING
TXN-0011361,Christopher Thomas,Automotive,130.16,8,1.9,,2023-03-01 12:33:30,MISSING_OR_INVALID_COUNTRY
TXN-0008322,,Books,527.02,5,2.4,France,2024-05-08 00:38:32,MISSING_CUSTOMER_NAME
TXN-0008079,None,Toys & Games,102.9,8,4.1,Brazil,2023-08-28 00:45:23,MISSING_CUSTOMER_NAME
TXN-0002868,,Home & Kitchen,897.04,7,1.9,Japan,2024-12-10 19:30:34,MISSING_CUSTOMER_NAME
TXN-0010644,Lisa Brown,Toys & Games,-1229.11,4,4.4,Netherlands,2023-11-04 05:52:12,INVALID_PRICE_NON_POSITIVE
TXN-0001541,Daniel Gonzalez,Home & Kitchen,$364.39,1,3.1,Japan,2024-12-31,DUPLICATE_TRANSACTION_ID
TXN-0002520,Charles White,Beauty & Personal Care,$99.45,5,3.4,Australia,2024-12-31,DUPLICATE_TRANSACTION_ID
TXN-0005776,Joseph Moore,Automotive,1470.51,None,2.0,Japan,2023-01-06 23:20:07,MISSING_OR_UNPARSEABLE_QUANTITY
TXN-0010628,Lisa Gonzalez,Automotive,485.31,4,2.8,Australia,2024-12-28 08:21:08,DUPLICATE_TRANSACTION_ID
TXN-0010873,,Books,91.13,4,3.8,Australia,2024-12-22 03:45:42,MISSING_CUSTOMER_NAME
TXN-0002826,Barbara Martin,Books,450.18,NULL,4.4,Japan,2023-04-23 10:23:11,MISSING_OR_UNPARSEABLE_QUANTITY
TXN-0009699,William Garcia,Beauty & Personal Care,NULL,5,4.9,Netherlands,2023-07-05 12:03:48,MISSING_OR_UNPARSEABLE_PRICE
TXN-0010875,Linda Thomas,Apparel,611.09,1,2.9,United States,,MISSING_OR_UNPARSEABLE_DATE
TXN-0008326,Michael Thompson,Automotive,190.84,6,6.5,United States,2024-09-22 23:20:37,RATING_OUT_OF_BOUNDS
TXN-0006399,Christopher Johnson,Apparel,843.15,5,1.1,None,2024-06-05 03:53:07,MISSING_OR_INVALID_COUNTRY
TXN-0011018,Linda Brown,Home & Kitchen,853.42,,3.5,Australia,2024-03-07 14:10:18,MISSING_OR_UNPARSEABLE_QUANTITY
TXN-0010688,Mary Perez,Electronics,-713.24,4,1.9,Japan,2023-10-29 06:17:57,INVALID_PRICE_NON_POSITIVE
TXN-0009468,Christopher Rodriguez,Books,909.75,3,,United Kingdom,2023-04-29 15:21:15,MISSING_OR_UNPARSEABLE_RATING
TXN-0005295,Susan Wilson,Electronics,1242.77,6,4.4,None,2024-05-13 04:42:57,MISSING_OR_INVALID_COUNTRY
TXN-0005243,Lisa Martinez,Beauty & Personal Care,696.9,,3.8,United Kingdom,2023-07-08 05:48:05,MISSING_OR_UNPARSEABLE_QUANTITY
TXN-0003388,,Automotive,48.77,2,4.0,United States,2023-09-05 05:05:12,MISSING_CUSTOMER_NAME
TXN-0011697,Lisa Davis,Home & Kitchen,-599.4,6,3.6,United Kingdom,2023-07-04 08:39:27,INVALID_PRICE_NON_POSITIVE
TXN-0009680,Richard Lopez,Books,-357.24,4,4.6,India,2024-10-28 04:32:25,INVALID_PRICE_NON_POSITIVE
TXN-0000821,John Lopez,Toys & Games,840.66,7,7.2,Netherlands,2024-03-29 20:12:42,RATING_OUT_OF_BOUNDS
TXN-0009655,Susan Martinez,Electronics,669.28,1,1.8,United States,2023-05-10 20:28:26,DUPLICATE_TRANSACTION_ID
TXN-0001088,Barbara Thomas,Electronics,785.01,5,4.7,United Kingdom,,MISSING_OR_UNPARSEABLE_DATE
TXN-0002425,Elizabeth Martinez,Beauty & Personal Care,992.47,1,Five,United States,2024-02-06 01:16:40,MISSING_OR_UNPARSEABLE_RATING
TXN-0006766,Nancy Miller,Home & Kitchen,1292.87,8,1.1,Brazil,11-12-2024,DUPLICATE_TRANSACTION_ID
TXN-0008272,None,Books,798.15,6,1.1,India,2024-12-11 01:25:32,MISSING_CUSTOMER_NAME
TXN-0008594,Mary Garcia,Electronics,257.43,2,,Canada,2023-10-03 22:14:24,MISSING_OR_UNPARSEABLE_RATING
TXN-0012127,Sarah Lee,Automotive,732.81,2,2.3,France,NULL,MISSING_OR_UNPARSEABLE_DATE
TXN-0010755,Richard Rodriguez,Home & Kitchen,1274.41,2,3.7,India,None,MISSING_OR_UNPARSEABLE_DATE
TXN-0002575,Linda Lee,Sports & Outdoors,538.95,5,,France,2024-01-03 09:53:39,MISSING_OR_UNPARSEABLE_RATING
TXN-0004641,Susan Anderson,Home & Kitchen,$78.96,8,3.2,United States,2024-12-31,DUPLICATE_TRANSACTION_ID
TXN-0008872,Richard Smith,Automotive,1246.56,8,Five,Canada,2023-06-07 23:09:31,MISSING_OR_UNPARSEABLE_RATING
TXN-0008926,Jennifer Rodriguez,Toys & Games,-785.17,6,4.2,Germany,2024-04-10 22:55:03,INVALID_PRICE_NON_POSITIVE
TXN-0009107,,Toys & Games,1065.45,2,2.3,India,2024-06-05 16:39:02,MISSING_CUSTOMER_NAME
TXN-0011364,,Home & Kitchen,421.22,2,3.4,India,2024-09-20 13:30:13,MISSING_CUSTOMER_NAME
TXN-0002283,Patricia White,Apparel,1003.93,3,7.2,India,2023-01-03 22:42:47,RATING_OUT_OF_BOUNDS
TXN-0009872,Susan Lee,Beauty & Personal Care,-123.32,5,1.1,Netherlands,2024-08-02 03:08:23,INVALID_PRICE_NON_POSITIVE
TXN-0001172,Jennifer Martinez,Electronics,527.75,4,5.0,,2023-04-11 18:05:09,MISSING_OR_INVALID_COUNTRY
TXN-0007344,James Johnson,Apparel,1025.71,8,7.2,Japan,2023-02-23 08:08:33,RATING_OUT_OF_BOUNDS
TXN-0002820,Lisa Garcia,Toys & Games,$317.12,3,Five,France,2024-12-31,MISSING_OR_UNPARSEABLE_RATING
TXN-0005571,Linda Martin,Books,1468.55,8,6.5,Germany,2024-01-14 06:12:26,RATING_OUT_OF_BOUNDS
TXN-0008600,Elizabeth White,Automotive,1005.11,2,NULL,Japan,2023-08-11 04:30:24,MISSING_OR_UNPARSEABLE_RATING
TXN-0003063,Patricia Brown,Electronics,-1430.28,8,2.6,India,2024-11-15 09:08:01,INVALID_PRICE_NON_POSITIVE
TXN-0010671,Karen Miller,Apparel,973.75,5,4.5,None,2023-02-02 10:09:10,MISSING_OR_INVALID_COUNTRY
TXN-0000805,Christopher Brown,Books,239.76,5,N/A,Australia,2024-08-14 20:03:04,MISSING_OR_UNPARSEABLE_RATING
TXN-0005156,Nancy Garcia,Automotive,-464.48,8,1.4,United Kingdom,2023-09-30 14:14:00,INVALID_PRICE_NON_POSITIVE
TXN-0004267,Elizabeth White,Toys & Games,527.61,3,0.0,Japan,2024-09-25 21:26:07,RATING_OUT_OF_BOUNDS
TXN-0001073,Christopher Martinez,Home & Kitchen,1209.88,2,1.4,,2023-01-13 18:12:43,MISSING_OR_INVALID_COUNTRY
TXN-0006749,Robert Smith,Apparel,-1406.15,3,5.0,Brazil,2024-03-25 04:14:08,INVALID_PRICE_NON_POSITIVE
TXN-0006041,Daniel Smith,Electronics,1305.38,3,4.2,None,2023-09-26 03:12:22,MISSING_OR_INVALID_COUNTRY
TXN-0001505,,Automotive,473.62,2,2.5,United States,2023-04-26 05:32:46,MISSING_CUSTOMER_NAME
TXN-0010231,Karen Martinez,Toys & Games,564.8,7,7.2,Brazil,2024-06-27 15:47:24,RATING_OUT_OF_BOUNDS
TXN-0009962,Barbara Garcia,Books,-295.28,6,3.0,Netherlands,2024-07-31 16:41:51,INVALID_PRICE_NON_POSITIVE
TXN-0008057,Charles Anderson,Sports & Outdoors,953.4,8,7.2,United States,2023-12-06 11:17:34,RATING_OUT_OF_BOUNDS
TXN-0008725,None,Electronics,1325.77,1,1.6,Brazil,2023-03-29 23:55:44,MISSING_CUSTOMER_NAME
TXN-0006466,Jennifer Lopez,Sports & Outdoors,867.65,2,1.3,None,2023-05-27 22:50:15,MISSING_OR_INVALID_COUNTRY
TXN-0006135,William Lopez,Books,662.0,6,4.5,Netherlands,,MISSING_OR_UNPARSEABLE_DATE
TXN-0005826,Susan Rodriguez,bOOKS,$104.51,7,1.3,Japan,2024-12-31,DUPLICATE_TRANSACTION_ID
TXN-0000117,Mary Johnson,Sports & Outdoors,-178.6,4,4.5,India,2023-04-16 08:57:40,INVALID_PRICE_NON_POSITIVE
TXN-0003020,Joseph White,Electronics,692.72,NULL,3.3,Japan,2024-01-15 17:24:22,MISSING_OR_UNPARSEABLE_QUANTITY
TXN-0000019,Robert Jones,Automotive,251.86,NULL,4.9,Brazil,2024-12-22 12:12:09,MISSING_OR_UNPARSEABLE_QUANTITY
TXN-0003585,Charles Martinez,Home & Kitchen,-1316.3,1,1.7,United States,2024-01-15 23:57:53,INVALID_PRICE_NON_POSITIVE
TXN-0009250,Charles Jackson,Books,949.25,8,3.6,Brazil,None,DUPLICATE_TRANSACTION_ID
TXN-0009637,Patricia Lopez,Automotive,$52.75,3,4.6,usa,2024-12-31,DUPLICATE_TRANSACTION_ID
TXN-0011633,Sarah Anderson,Books,1380.89,5,7.2,United States,2023-06-16 01:44:15,RATING_OUT_OF_BOUNDS
TXN-0003218,John Williams,Automotive,None,8,1.0,Germany,2024-07-05 20:22:54,MISSING_OR_UNPARSEABLE_PRICE
TXN-0001801,Joseph Brown,Beauty & Personal Care,,4,3.9,Australia,2023-10-12 08:47:14,MISSING_OR_UNPARSEABLE_PRICE
TXN-0009749,Jessica White,Apparel,706.52,4,1.9,None,2024-09-13 21:44:22,MISSING_OR_INVALID_COUNTRY
TXN-0000796,Lisa Martin,Automotive,1072.86,1,,Germany,2023-09-03 07:52:24,MISSING_OR_UNPARSEABLE_RATING
TXN-0006159,James Williams,Home & Kitchen,485.16,6,6.5,India,2023-11-01 01:15:07,RATING_OUT_OF_BOUNDS
TXN-0011748,,Home & Kitchen,488.57,4,1.5,Australia,2024-01-03 06:08:31,MISSING_CUSTOMER_NAME
TXN-0005647,Lisa Brown,Home & Kitchen,980.65,,2.1,United Kingdom,2024-07-20 15:55:48,MISSING_OR_UNPARSEABLE_QUANTITY
TXN-0006905,Daniel Gonzalez,Home & Kitchen,$279.35,2,1.5,Brazil,2024-12-31,DUPLICATE_TRANSACTION_ID
TXN-0006751,Elizabeth Perez,Apparel,NULL,2,1.2,France,2023-04-09 02:59:13,MISSING_OR_UNPARSEABLE_PRICE
TXN-0010230,Sarah Davis,Apparel,-119.15,8,2.5,Japan,2023-09-19 04:07:44,INVALID_PRICE_NON_POSITIVE
TXN-0002292,Thomas Taylor,Apparel,794.71,5,3.3,,2023-11-23 01:10:53,MISSING_OR_INVALID_COUNTRY
TXN-0010561,Richard Martin,Books,431.35,,2.9,Canada,2023-07-14 16:46:42,MISSING_OR_UNPARSEABLE_QUANTITY
TXN-0008497,Elizabeth Lee,Apparel,-120.2,1,1.8,India,2024-09-28 02:53:05,INVALID_PRICE_NON_POSITIVE
TXN-0000878,Linda Miller,Automotive,596.87,5,None,Germany,2023-10-20 21:20:09,MISSING_OR_UNPARSEABLE_RATING
TXN-0006039,Thomas Moore,Home & Kitchen,972.0,2,0.0,Canada,2023-12-08 15:52:21,RATING_OUT_OF_BOUNDS
TXN-0006675,,Toys & Games,292.2,8,2.3,Netherlands,2024-01-13 07:35:43,MISSING_CUSTOMER_NAME
TXN-0012131,Linda Rodriguez,Beauty & Personal Care,1044.9,7,7.2,India,2024-02-27 03:58:13,RATING_OUT_OF_BOUNDS
TXN-0001864,,Electronics,607.46,7,1.4,France,2023-09-14 13:49:48,MISSING_CUSTOMER_NAME
TXN-0004948,Sarah Thompson,Electronics,-471.69,5,3.1,Brazil,2023-04-30 21:34:21,INVALID_PRICE_NON_POSITIVE
TXN-0001474,Nancy Jackson,Beauty & Personal Care,1481.78,,1.3,Australia,2023-04-15 19:31:38,MISSING_OR_UNPARSEABLE_QUANTITY
TXN-0001875,James White,Sports & Outdoors,-50.65,2,4.9,Brazil,2024-12-21 20:35:08,INVALID_PRICE_NON_POSITIVE
TXN-0012237,Sarah Thomas,Home & Kitchen,684.42,8,7.2,Netherlands,2024-04-18 05:29:21,RATING_OUT_OF_BOUNDS
TXN-0000308,Karen White,Sports & Outdoors,1272.6,5,N/A,United States,2024-04-16 09:56:12,MISSING_OR_UNPARSEABLE_RATING
TXN-0005220,Jennifer Jackson,Electronics,$124.43,3,3.5,United Kingdom,2024-12-31,DUPLICATE_TRANSACTION_ID
TXN-0009050,Lisa Martinez,Electronics,640.89,1,Five,Germany,2023-05-25 21:52:10,MISSING_OR_UNPARSEABLE_RATING
TXN-0002403,Jennifer Jackson,Home & Kitchen,1166.72,5,Five,United States,2024-06-25 18:25:21,MISSING_OR_UNPARSEABLE_RATING
TXN-0002599,Michael Rodriguez,Sports & Outdoors,1313.13,7,2.9,France,NULL,MISSING_OR_UNPARSEABLE_DATE
TXN-0002954,John Martinez,Toys & Games,298.98,2,2.3,CAN,2024-05-12 23:13:06,DUPLICATE_TRANSACTION_ID
TXN-0008676,None,Beauty & Personal Care,464.36,4,4.6,Japan,2024-11-12 20:11:33,MISSING_CUSTOMER_NAME
TXN-0006046,Karen Anderson,Books,-1464.35,1,2.8,Netherlands,2023-11-10 13:29:44,INVALID_PRICE_NON_POSITIVE
TXN-0004544,Richard Jones,Beauty & Personal Care,-528.16,5,1.7,India,2023-08-29 11:38:50,INVALID_PRICE_NON_POSITIVE
TXN-0001321,Michael Rodriguez,Home & Kitchen,964.84,2,-1.0,Australia,2024-07-04 18:15:46,RATING_OUT_OF_BOUNDS
TXN-0012141,Christopher Jackson,Automotive,-332.4,6,4.0,United States,2024-12-06 02:48:19,INVALID_PRICE_NON_POSITIVE
TXN-0003052,Robert Moore,Books,134.74,6,2.5,,2024-05-08 01:16:06,MISSING_OR_INVALID_COUNTRY
TXN-0002107,Lisa Wilson,Sports & Outdoors,696.54,,4.3,Brazil,2024-01-05 22:38:03,MISSING_OR_UNPARSEABLE_QUANTITY
TXN-0001855,Patricia Johnson,Books,-1210.11,7,3.2,United States,2023-03-19 23:09:59,INVALID_PRICE_NON_POSITIVE
TXN-0009448,Joseph Wilson,Sports & Outdoors,1410.1,4,1.7,United Kingdom,,MISSING_OR_UNPARSEABLE_DATE
TXN-0004609,Karen Jackson,Automotive,$391.11,NULL,3.1,France,2024-12-31,MISSING_OR_UNPARSEABLE_QUANTITY
TXN-0009093,Joseph Lee,Sports & Outdoors,-946.1,1,1.6,Netherlands,2024-05-14 14:22:50,INVALID_PRICE_NON_POSITIVE
TXN-0001921,Christopher Lee,Apparel,258.73,NULL,4.5,India,2024-03-07 03:36:21,MISSING_OR_UNPARSEABLE_QUANTITY
TXN-0007505,Sarah Jackson,Electronics,-1141.82,3,1.1,Netherlands,2024-04-09 19:12:10,INVALID_PRICE_NON_POSITIVE
TXN-0007201,David Wilson,Toys & Games,$484.55,1,4.4,Germany,2024-12-31,DUPLICATE_TRANSACTION_ID
TXN-0002106,John Anderson,Apparel,-994.57,3,2.2,United Kingdom,2024-11-15 08:31:20,INVALID_PRICE_NON_POSITIVE
TXN-0002406,James Gonzalez,Automotive,-824.25,3,1.7,Canada,2023-05-23 11:00:38,INVALID_PRICE_NON_POSITIVE
TXN-0003158,,Apparel,793.17,5,4.1,India,2024-01-13 10:05:48,MISSING_CUSTOMER_NAME
TXN-0000410,Lisa Jones,  Automotive  ,$241.26,7,2.8,India,2024-12-31,DUPLICATE_TRANSACTION_ID
TXN-0001152,William Perez,Sports & Outdoors,None,8,2.5,Japan,2024-01-02 10:06:01,MISSING_OR_UNPARSEABLE_PRICE
TXN-0003909,Susan Jackson,Home & Kitchen,,1,3.5,France,2023-12-26 22:11:18,MISSING_OR_UNPARSEABLE_PRICE
TXN-0005292,Linda Jones,BEAUTY & PERSONAL CARE,1166.83,7,3.5,United States,2024-03-25 07:26:39,DUPLICATE_TRANSACTION_ID
TXN-0002400,John Moore,Automotive,1318.31,5,N/A,Australia,2024-10-21 11:59:31,MISSING_OR_UNPARSEABLE_RATING
TXN-0005312,,Home & Kitchen,629.34,2,4.0,Brazil,2024-05-30 14:19:16,MISSING_CUSTOMER_NAME
TXN-0002943,David Martin,Sports & Outdoors,$150.68,3,4.7,France,2024-12-31,DUPLICATE_TRANSACTION_ID
TXN-0004565,Jennifer Thompson,Electronics,-1078.81,8,1.2,Japan,2024-12-01 05:42:39,INVALID_PRICE_NON_POSITIVE
TXN-0006327,Thomas Jackson,Books,$16.56,2,1.2,India,2024-12-31,DUPLICATE_TRANSACTION_ID
TXN-0001536,Sarah Thompson,Automotive,1074.78,1,2.1,,2023-03-10 16:11:37,MISSING_OR_INVALID_COUNTRY
TXN-0008740,Michael Miller,home & kitchen,$431.41,5,2.9,France,2024-12-31,DUPLICATE_TRANSACTION_ID
TXN-0001158,Linda Miller,Apparel,1221.69,,1.3,Japan,2023-01-19 19:55:23,MISSING_OR_UNPARSEABLE_QUANTITY
TXN-0003159,Michael Wilson,Home & Kitchen,215.1,7,None,Australia,2024-10-06 00:03:43,MISSING_OR_UNPARSEABLE_RATING
TXN-0006461,William Thomas,Home & Kitchen,908.27,2,3.8,NULL,2023-11-15 07:01:13,MISSING_OR_INVALID_COUNTRY
TXN-0002860,Mary Rodriguez,Electronics,NULL,3,3.3,Japan,2023-03-05 15:46:14,MISSING_OR_UNPARSEABLE_PRICE
TXN-0005838,Jennifer Williams,Electronics,486.21,7,N/A,Netherlands,2023-03-21 00:16:38,MISSING_OR_UNPARSEABLE_RATING
TXN-0003411,Jessica Anderson,Electronics,1038.09,None,4.2,United States,2024-12-21 18:17:21,MISSING_OR_UNPARSEABLE_QUANTITY
TXN-0010808,David Gonzalez,Books,311.79,NULL,2.0,Japan,2023-03-08 02:43:52,MISSING_OR_UNPARSEABLE_QUANTITY
TXN-0007051,Robert Williams,Books,,7,3.0,Brazil,2024-02-17 06:03:02,MISSING_OR_UNPARSEABLE_PRICE
TXN-0005816,Barbara Jackson,Toys & Games,-948.56,3,4.2,India,2024-11-17 18:29:39,INVALID_PRICE_NON_POSITIVE
TXN-0011345,Mary Johnson,Home & Kitchen,1237.95,6,3.2,Australia,,MISSING_OR_UNPARSEABLE_DATE
TXN-0007072,None,Sports & Outdoors,1024.43,4,4.1,Germany,2024-02-04 04:04:15,MISSING_CUSTOMER_NAME
TXN-0004772,James Garcia,Apparel,258.85,6,4.6,Australia,2023-06-07 00:25:14,DUPLICATE_TRANSACTION_ID
TXN-0005005,Thomas Perez,Automotive,,6,3.1,India,2023-02-13 07:30:23,MISSING_OR_UNPARSEABLE_PRICE
TXN-0004225,Sarah White,Home & Kitchen,511.96,4,N/A,United States,2024-05-13 07:46:52,MISSING_OR_UNPARSEABLE_RATING
TXN-0011135,Susan Taylor,Toys & Games,1405.91,1,,Japan,2024-10-31 12:36:37,MISSING_OR_UNPARSEABLE_RATING
TXN-0003753,Christopher Smith,Automotive,565.56,5,3.3,India,,MISSING_OR_UNPARSEABLE_DATE
TXN-0008355,Thomas Rodriguez,Sports & Outdoors,741.94,5,-1.0,Brazil,2023-03-09 13:57:03,RATING_OUT_OF_BOUNDS
TXN-0011449,Sarah Brown,Home & Kitchen,89.73,8,1.4,,2024-01-20 11:57:21,MISSING_OR_INVALID_COUNTRY
TXN-0005074,Lisa Taylor,Automotive,-478.16,7,2.7,Brazil,2024-08-21 16:07:42,INVALID_PRICE_NON_POSITIVE
TXN-0000758,,Toys & Games,276.92,7,4.8,Australia,2024-11-17 21:19:08,MISSING_CUSTOMER_NAME
TXN-0006233,Patricia Lopez,bOOKS,$477.59,6,4.9,Australia,2024-12-31,DUPLICATE_TRANSACTION_ID
TXN-0005585,Jennifer Thompson,Automotive,455.03,6,1.8,,2023-11-26 10:53:39,MISSING_OR_INVALID_COUNTRY
TXN-0008225,NULL,Automotive,1357.32,8,1.7,Canada,2024-11-14 02:13:16,MISSING_CUSTOMER_NAME
TXN-0009561,Barbara Thompson,Toys & Games,1211.04,6,-1.0,Netherlands,2024-03-31 18:30:34,RATING_OUT_OF_BOUNDS
TXN-0012286,Nancy Thompson,Books,,8,2.4,India,2024-07-10 20:22:58,MISSING_OR_UNPARSEABLE_PRICE
TXN-0005980,Jennifer Thompson,Sports & Outdoors,$282.73,3,3.0,Netherlands,2024-12-31,DUPLICATE_TRANSACTION_ID
TXN-0011716,Robert Thompson,Home & Kitchen,$476.48,1,1.1,Australia,2024-12-31,DUPLICATE_TRANSACTION_ID
TXN-0000073,Elizabeth Perez,Beauty & Personal Care,832.44,6,,India,2024-08-02 09:14:39,MISSING_OR_UNPARSEABLE_RATING
TXN-0011096,Christopher Perez,Home & Kitchen,NULL,1,1.2,Brazil,2023-01-23 06:43:57,MISSING_OR_UNPARSEABLE_PRICE
TXN-0000993,Linda Thomas,Toys & Games,$77.95,7,4.6,Australia,2024-12-31,DUPLICATE_TRANSACTION_ID
TXN-0001175,Daniel Moore,Home & Kitchen,523.22,7,0.0,United States,2024-04-28 00:31:48,RATING_OUT_OF_BOUNDS
TXN-0008271,Richard Jones,Books,169.66,2,7.2,Japan,2024-04-06 01:56:09,RATING_OUT_OF_BOUNDS
TXN-0002912,Jennifer Moore,Toys & Games,-710.09,3,4.6,Canada,2024-09-14 13:44:17,INVALID_PRICE_NON_POSITIVE
TXN-0006236,Mary Brown,Automotive,1132.98,5,,India,2023-01-16 07:46:15,MISSING_OR_UNPARSEABLE_RATING
TXN-0012222,Lisa Martinez,Electronics,102.09,4,4.0,,2023-08-29 15:21:00,MISSING_OR_INVALID_COUNTRY
TXN-0007781,David Johnson,Automotive,$81.72,3,1.8,India,2024-12-31,DUPLICATE_TRANSACTION_ID
TXN-0001445,Susan Perez,Sports & Outdoors,-1410.71,5,2.6,Germany,2023-01-08 22:39:09,INVALID_PRICE_NON_POSITIVE
TXN-0007929,Michael Jones,Beauty & Personal Care,764.65,7,Five,Japan,2023-08-29 20:20:59,MISSING_OR_UNPARSEABLE_RATING
TXN-0011674,Richard Thompson,Automotive,NULL,8,2.1,Australia,2024-07-11 21:50:10,MISSING_OR_UNPARSEABLE_PRICE
TXN-0007518,Thomas Martin,Apparel,1338.09,2,6.5,Germany,2023-04-23 14:46:03,RATING_OUT_OF_BOUNDS
TXN-0005056,Patricia Rodriguez,Books,1431.44,7,4.5,NULL,2023-02-02 02:37:46,MISSING_OR_INVALID_COUNTRY
TXN-0004557,James Anderson,Automotive,379.38,5,0.0,Brazil,2023-10-09 15:09:35,RATING_OUT_OF_BOUNDS
TXN-0004067,Nancy Thompson,Beauty & Personal Care,$313.88,7,4.9,Brazil,2024-12-31,DUPLICATE_TRANSACTION_ID
TXN-0012058,,Apparel,652.73,4,1.6,Australia,2023-03-12 23:49:08,MISSING_CUSTOMER_NAME
TXN-0002302,James Thomas,Apparel,795.08,8,7.2,Brazil,2023-01-03 16:33:25,RATING_OUT_OF_BOUNDS
TXN-0002158,James Moore,Electronics,1173.86,8,Five,Brazil,2024-06-11 22:49:06,MISSING_OR_UNPARSEABLE_RATING
TXN-0003390,James Gonzalez,Beauty & Personal Care,1168.58,5,2.1,Brazil,NULL,MISSING_OR_UNPARSEABLE_DATE
TXN-0003352,NULL,Toys & Games,1120.44,4,1.7,India,2023-05-19 12:02:51,MISSING_CUSTOMER_NAME
TXN-0004229,Mary Anderson,Sports & Outdoors,766.33,5,3.3,Netherlands,2024-06-20 03:02:58,DUPLICATE_TRANSACTION_ID
TXN-0004141,,Beauty & Personal Care,924.91,7,1.6,India,2024-11-26 05:12:42,MISSING_CUSTOMER_NAME
TXN-0004683,Linda Wilson,Automotive,500.83,1,Five,United States,2023-04-03 21:58:10,MISSING_OR_UNPARSEABLE_RATING
TXN-0012060,Richard Thomas,Home & Kitchen,-1476.7,7,1.8,France,2023-12-09 16:15:36,INVALID_PRICE_NON_POSITIVE
TXN-0008071,John Brown,Books,841.44,,2.4,France,2023-12-17 02:59:13,MISSING_OR_UNPARSEABLE_QUANTITY
TXN-0002595,Mary Brown,Toys & Games,736.98,3,,Germany,2023-02-21 15:21:30,MISSING_OR_UNPARSEABLE_RATING
TXN-0006901,James Williams,Electronics,1453.48,2,0.0,Japan,2024-07-31 08:10:16,RATING_OUT_OF_BOUNDS
TXN-0011197,Nancy Wilson,Sports & Outdoors,358.4,1,None,France,2023-09-09 07:39:55,MISSING_OR_UNPARSEABLE_RATING
TXN-0007256,James Martin,Toys & Games,818.19,7,4.2,France,,MISSING_OR_UNPARSEABLE_DATE
TXN-0000521,,Books,586.74,5,4.7,India,2023-05-04 04:43:53,MISSING_CUSTOMER_NAME
TXN-0008957,Jennifer Brown,Home & Kitchen,794.04,7,-1.0,Netherlands,2023-07-30 20:21:16,RATING_OUT_OF_BOUNDS
TXN-0002620,None,Apparel,1472.85,7,2.5,Japan,2023-09-16 06:32:25,MISSING_CUSTOMER_NAME
TXN-0003360,John Hernandez,Toys & Games,914.19,6,None,Australia,2024-12-12 21:08:54,MISSING_OR_UNPARSEABLE_RATING
TXN-0007353,Nancy Perez,Books,227.21,,1.7,India,2024-10-11 21:10:31,MISSING_OR_UNPARSEABLE_QUANTITY
TXN-0008563,Jennifer Anderson,Home & Kitchen,211.63,7,0.0,Netherlands,2023-01-15 08:02:41,RATING_OUT_OF_BOUNDS
TXN-0002945,Jessica Thomas,Sports & Outdoors,309.66,4,-1.0,Canada,2023-03-01 07:21:28,RATING_OUT_OF_BOUNDS
TXN-0007851,Richard Martin,Apparel,206.77,,1.1,India,2023-05-24 06:07:23,MISSING_OR_UNPARSEABLE_QUANTITY
TXN-0010655,James Wilson,Sports & Outdoors,592.73,3,4.6,None,2024-08-26 09:10:10,MISSING_OR_INVALID_COUNTRY
TXN-0004011,Christopher Davis,Beauty & Personal Care,563.38,6,1.6,,2023-08-03 16:50:19,MISSING_OR_INVALID_COUNTRY
TXN-0004819,Charles Taylor,Apparel,1419.9,3,1.2,Germany,,MISSING_OR_UNPARSEABLE_DATE
TXN-0009088,Barbara Garcia,Beauty & Personal Care,334.32,5,6.5,India,2024-07-27 05:51:48,RATING_OUT_OF_BOUNDS
TXN-0003645,James Jones,Toys & Games,-1139.71,7,2.1,Netherlands,2024-04-02 14:33:01,DUPLICATE_TRANSACTION_ID
TXN-0003758,Patricia Perez,Books,347.92,6,3.9,Japan,2023-01-08 14:59:28,DUPLICATE_TRANSACTION_ID
TXN-0012239,Karen Thompson,Books,$427.3,5,2.6,Germany,2024-12-31,DUPLICATE_TRANSACTION_ID
TXN-0009831,Daniel Martin,Apparel,1095.13,2,1.0,France,,MISSING_OR_UNPARSEABLE_DATE
TXN-0006752,Patricia Smith,Books,710.27,None,4.3,Japan,2023-01-28 14:27:09,MISSING_OR_UNPARSEABLE_QUANTITY
TXN-0004253,Elizabeth Taylor,Sports & Outdoors,1492.94,4,3.8,Japan,,MISSING_OR_UNPARSEABLE_DATE
TXN-0008707,Jennifer Jones,Apparel,497.26,6,3.6,,2024-03-12 15:27:05,MISSING_OR_INVALID_COUNTRY
TXN-0001902,Karen Johnson,Toys & Games,None,1,3.4,India,2024-05-20 21:37:18,MISSING_OR_UNPARSEABLE_PRICE
TXN-0006955,Elizabeth Jones,Home & Kitchen,$357.71,8,7.2,United States,2024-12-31,RATING_OUT_OF_BOUNDS
TXN-0004365,David Smith,Beauty & Personal Care,1354.41,1,3.0,Japan,NULL,MISSING_OR_UNPARSEABLE_DATE
TXN-0007690,Susan Thompson,Electronics,973.84,4,3.9,Japan,10/07/2023,DUPLICATE_TRANSACTION_ID
TXN-0012371,,Home & Kitchen,165.25,5,2.5,Japan,2024-10-06 21:25:39,MISSING_CUSTOMER_NAME
TXN-0000475,Charles Lopez,Sports & Outdoors,1133.68,7,6.5,Japan,2024-03-09 01:43:17,RATING_OUT_OF_BOUNDS
TXN-0005655,Karen Martinez,Automotive,342.5,NULL,4.5,France,2024-10-17 00:50:43,MISSING_OR_UNPARSEABLE_QUANTITY
TXN-0010425,NULL,Electronics,14.79,5,1.7,Australia,2024-12-30 11:18:15,MISSING_CUSTOMER_NAME
TXN-0009541,John Anderson,Electronics,1007.48,2,4.2,United States,None,MISSING_OR_UNPARSEABLE_DATE
TXN-0002752,Daniel Rodriguez,Apparel,$184.71,5,3.0,Germany,2024-12-31,DUPLICATE_TRANSACTION_ID
TXN-0000749,Charles Johnson,Automotive,565.18,2,-1.0,Brazil,2023-11-26 03:51:22,RATING_OUT_OF_BOUNDS
TXN-0001617,Mary Jackson,Sports & Outdoors,$374.64,3,3.2,France,2024-12-31,DUPLICATE_TRANSACTION_ID
TXN-0006938,Michael Miller,Books,1297.04,4,-1.0,France,2024-08-18 13:24:25,RATING_OUT_OF_BOUNDS
TXN-0012460,Michael Miller,Books,1234.37,NULL,2.1,Canada,2023-06-16 01:57:39,MISSING_OR_UNPARSEABLE_QUANTITY
TXN-0009245,Daniel Rodriguez,Sports & Outdoors,1402.23,NULL,2.9,India,2024-05-18 21:34:58,MISSING_OR_UNPARSEABLE_QUANTITY
TXN-0009829,Michael Jackson,Beauty & Personal Care,733.3,6,2.9,,2024-01-27 07:00:14,MISSING_OR_INVALID_COUNTRY
TXN-0011499,Patricia Brown,Sports & Outdoors,1337.88,8,6.5,India,2023-11-30 07:29:58,RATING_OUT_OF_BOUNDS
TXN-0002239,Jennifer Johnson,Apparel,-52.54,6,4.1,United States,2023-07-03 15:40:02,INVALID_PRICE_NON_POSITIVE
TXN-0000173,Mary Hernandez,Sports & Outdoors,600.34,8,None,Brazil,2024-08-08 02:21:37,MISSING_OR_UNPARSEABLE_RATING
TXN-0002837,Jennifer Smith,Apparel,None,4,3.2,Japan,2024-03-07 01:02:48,MISSING_OR_UNPARSEABLE_PRICE
TXN-0011732,Elizabeth Taylor,Automotive,None,3,4.5,Japan,2024-08-05 04:21:00,MISSING_OR_UNPARSEABLE_PRICE
TXN-0003292,Joseph Smith,Electronics,$412.02,8,1.3,Australia,2024-12-31,DUPLICATE_TRANSACTION_ID
TXN-0000756,James Gonzalez,Books,474.01,2,N/A,France,2023-07-13 20:56:51,MISSING_OR_UNPARSEABLE_RATING
TXN-0009185,Jennifer Thomas,Electronics,NULL,6,1.7,United Kingdom,2023-10-14 11:39:23,MISSING_OR_UNPARSEABLE_PRICE
TXN-0004809,Thomas White,Electronics,512.35,NULL,1.0,France,2024-11-28 13:47:19,MISSING_OR_UNPARSEABLE_QUANTITY
TXN-0006355,Sarah Smith,Electronics,-1409.79,4,4.3,Germany,2024-12-13 21:34:02,INVALID_PRICE_NON_POSITIVE
TXN-0004196,Patricia Miller,Home & Kitchen,1024.71,8,0.0,Japan,2023-04-25 16:34:18,RATING_OUT_OF_BOUNDS
TXN-0001786,Joseph Gonzalez,Automotive,$443.26,3,7.2,Germany,2024-12-31,RATING_OUT_OF_BOUNDS
TXN-0002436,Thomas Moore,Apparel,531.66,8,6.5,Canada,2023-07-13 05:24:10,RATING_OUT_OF_BOUNDS
TXN-0010021,William Lee,Sports & Outdoors,870.17,None,4.8,Brazil,2023-02-02 01:15:00,MISSING_OR_UNPARSEABLE_QUANTITY
TXN-0007604,Barbara Lee,Apparel,NULL,5,1.5,Germany,2023-01-18 05:06:53,MISSING_OR_UNPARSEABLE_PRICE
TXN-0009929,Christopher Wilson,Books,,7,3.6,Canada,2023-03-10 08:05:00,MISSING_OR_UNPARSEABLE_PRICE
TXN-0011021,Christopher Thomas,Electronics,513.15,7,1.8,None,2024-08-27 10:21:40,MISSING_OR_INVALID_COUNTRY
TXN-0010026,,Home & Kitchen,1226.21,3,2.9,Germany,2023-01-12 13:47:03,MISSING_CUSTOMER_NAME
TXN-0005718,Thomas Johnson,Home & Kitchen,NULL,2,1.8,Canada,2023-11-25 08:01:01,MISSING_OR_UNPARSEABLE_PRICE
TXN-0009324,Joseph Garcia,Toys & Games,517.62,8,2.7,NULL,2023-04-13 15:40:07,MISSING_OR_INVALID_COUNTRY
TXN-0002559,Michael Anderson,Home & Kitchen,876.86,6,None,Australia,2023-02-15 02:39:17,MISSING_OR_UNPARSEABLE_RATING
TXN-0008285,Charles Taylor,Home & Kitchen,1411.45,NULL,2.0,Brazil,2023-04-16 14:35:42,MISSING_OR_UNPARSEABLE_QUANTITY
TXN-0008970,Thomas Thompson,Toys & Games,1317.47,2,Five,United Kingdom,2023-07-05 00:29:29,MISSING_OR_UNPARSEABLE_RATING
TXN-0000413,Jessica Garcia,Home & Kitchen,484.35,6,Five,India,2023-02-09 02:36:19,MISSING_OR_UNPARSEABLE_RATING
TXN-0012326,John Moore,Electronics,474.02,5,7.2,United Kingdom,2023-09-17 03:47:13,RATING_OUT_OF_BOUNDS
TXN-0004465,Jessica Miller,Home & Kitchen,387.17,1,1.9,,2024-01-18 20:13:13,MISSING_OR_INVALID_COUNTRY
TXN-0006285,John Taylor,Toys & Games,$486.81,2,3.3,India,2024-12-31,DUPLICATE_TRANSACTION_ID
TXN-0004702,James Hernandez,Beauty & Personal Care,234.6,1,N/A,Brazil,2024-05-17 22:53:39,MISSING_OR_UNPARSEABLE_RATING
TXN-0011567,William Jones,Beauty & Personal Care,1426.97,8,-1.0,Japan,2024-04-02 00:20:23,RATING_OUT_OF_BOUNDS
TXN-0012367,Christopher Garcia,Beauty & Personal Care,143.59,8,N/A,Japan,2024-07-13 22:45:10,MISSING_OR_UNPARSEABLE_RATING
TXN-0010131,Christopher Taylor,Books,1344.87,2,7.2,United Kingdom,2023-09-10 17:26:27,RATING_OUT_OF_BOUNDS
TXN-0009862,Mary Thomas,Books,-173.79,6,2.7,Germany,2024-07-25 18:13:41,INVALID_PRICE_NON_POSITIVE
TXN-0004457,Charles Rodriguez,Toys & Games,-462.77,6,2.3,United Kingdom,2023-01-25 05:06:59,INVALID_PRICE_NON_POSITIVE
TXN-0001195,Thomas Johnson,Automotive,None,6,2.1,Brazil,2024-10-11 08:20:10,MISSING_OR_UNPARSEABLE_PRICE
TXN-0008137,Susan Smith,Electronics,None,5,4.4,Japan,2023-01-02 17:41:49,MISSING_OR_UNPARSEABLE_PRICE
TXN-0009653,David Williams,Automotive,502.38,3,None,Netherlands,2023-03-20 14:27:36,MISSING_OR_UNPARSEABLE_RATING
TXN-0010366,Richard Martin,Beauty & Personal Care,None,5,2.9,Canada,2023-09-07 13:41:50,MISSING_OR_UNPARSEABLE_PRICE
TXN-0005023,Barbara Lee,Apparel,548.87,3,0.0,India,2023-02-10 00:05:53,RATING_OUT_OF_BOUNDS
TXN-0005523,,Apparel,36.89,2,2.2,Canada,2024-04-04 11:18:58,MISSING_CUSTOMER_NAME
TXN-0000201,William Martin,Home & Kitchen,1462.75,7,NULL,United Kingdom,2023-09-21 09:00:29,MISSING_OR_UNPARSEABLE_RATING
TXN-0006088,Daniel Thomas,Beauty & Personal Care,NULL,2,4.0,Germany,2024-08-31 07:14:25,MISSING_OR_UNPARSEABLE_PRICE
TXN-0012170,Michael Martinez,Electronics,402.12,5,,Netherlands,2024-02-19 13:21:05,MISSING_OR_UNPARSEABLE_RATING
TXN-0011924,Charles Brown,Sports & Outdoors,1182.78,1,1.7,,2024-02-17 23:06:05,MISSING_OR_INVALID_COUNTRY
TXN-0000116,NULL,Books,954.93,8,4.6,Canada,2023-08-23 17:13:59,MISSING_CUSTOMER_NAME
